0,1,2
0.0,-0.0,-0.0
522.424304699,0.0648188743829,0.111123953092
0.00275187901796,0.00218294716587,-0.0161259107099
522.424299231,0.0644820821203,0.113612384939
0.0119845983364,0.00946972922478,-0.0702363078321
522.424280887,0.063354101986,0.121990139309
0.0230030908178,0.0180936972082,-0.134831447952
522.424258995,0.0620090131257,0.132066618226
0.0413612416526,0.0324009342911,-0.242462746527
522.424222519,0.0597731934542,0.148889062008
0.0672825180848,0.0524917110141,-0.394425522283
522.424171016,0.0566389435579,0.172600244489
0.105344645438,0.0818209633973,-0.617796861467
522.424095391,0.0519371308901,0.208407593782
0.159681414058,0.123515355366,-0.936973834119
522.42398743,0.0450866522023,0.260839484465
0.235864857271,0.181854115223,-1.3844163571
522.423836062,0.0355319165498,0.334122701777
0.350557414894,0.26948920185,-2.05817877408
522.42360818,0.0210914206368,0.445150280458
0.531908332995,0.407594796687,-3.123812208
522.423247855,-0.00183716330254,0.622076759387
0.837726695379,0.639330025419,-4.92044771833
522.422640226,-0.0401006932634,0.918770436597
1.37196224442,1.04279806711,-8.06043818971
522.421578751,-0.107583372483,1.44399132707
2.25445868646,1.70754053233,-13.2503820798
522.419825307,-0.220638238469,2.32668684684
3.50489912035,2.64526843223,-20.6057575296
522.41734077,-0.38121758795,3.5862878009
5.38596656988,4.04448317474,-31.6695117246
522.413603179,-0.620431809636,5.47790972164
8.34532789179,6.22674598482,-49.0740951365
522.407713044,-0.993956712649,8.45719303218
12.0621629492,8.93514658278,-70.9331034245
522.398894191,-1.54887792909,12.9242955835
16.2352519724,11.9263535631,-95.4629570003
522.385787588,-2.35834799892,19.5109821145
21.0052070031,15.2568876423,-123.444104196
522.366032025,-3.51683585209,29.0963686271
26.4013128849,18.8693160663,-154.96921727
522.336637313,-5.08700602265,42.4306117817
32.2023526715,22.5516811555,-188.665267465
522.295498122,-7.03398449458,59.5115717631
38.2005996442,26.108519502,-223.244688742
522.241162072,-9.25009701335,79.7767934764
44.6829206574,29.6136658552,-260.258811283
522.167243682,-11.7678346701,104.12497862
51.6665019155,32.9711141246,-299.671112966
522.067822226,-14.5217920836,132.717518096
59.0187723799,36.0037430606,-340.588384397
521.93842219,-17.3607134054,164.99219606
66.5385910684,38.5114857758,-381.781897063
521.776979034,-20.0958843789,200.022686839
74.1923674146,40.3561712618,-422.94461278
521.579375159,-22.5527044035,237.211107475
82.0293428472,41.4103768223,-464.195025964
521.338945591,-24.5662774754,276.293131231
89.9151180498,41.5388649727,-504.699951623
521.054658091,-25.9484199562,316.268224245
97.8386672694,40.6450633179,-544.262118857
520.722647301,-26.5392376202,356.472485967
105.842667544,38.6348984781,-582.909343591
520.336389597,-26.1877283802,396.34566875
113.868845328,35.4665952776,-620.163824024
519.893917471,-24.7892726065,434.890360136
121.92843704,31.0903566643,-655.780015882
519.390130227,-22.2409886436,470.840223247
130.081921707,25.4041441016,-689.615703479
518.815754334,-18.4457512842,502.921962221
138.454520943,18.2427469376,-721.787151628
518.153787534,-13.3413407146,531.035005934
147.123171386,9.43663720993,-752.116111944
517.386442405,-6.88720489916,555.245304286
156.10199906,-1.16615286469,-780.100722474
516.498108405,0.938490993442,575.515032298
165.203235901,-13.4730180893,-804.71912732
515.494372711,9.98412535871,591.749110459
174.379135012,-27.4290222357,-825.535753839
514.37052255,20.1520128092,604.257654161
183.716770215,-43.1168794567,-842.468254176
513.10438448,31.4774376112,613.61252532
193.437947334,-60.9744305493,-855.476523633
511.646812802,44.2870136677,620.354506535
203.677127829,-81.3959668279,-864.116904301
509.947992118,58.9257089765,624.842008321
214.468466237,-104.588929115,-867.716718422
507.963916282,75.672206447,627.269184576
225.866512383,-130.77320171,-865.585528332
505.637529875,94.9022689976,627.749100229
237.84287576,-159.891073322,-857.088874132
502.91901706,116.896573099,626.312680702
250.304802526,-191.554221835,-841.848113817
499.76908374,141.792637399,622.926650767
263.141519872,-225.14298345,-819.86331223
496.154026851,169.642517173,617.591078989
276.217372763,-259.836239766,-791.587726145
492.052121752,200.399188418,610.397001386
289.362327247,-294.644059966,-757.957204949
487.46360265,233.86864429,601.539127446
302.515486808,-328.846349138,-719.894487604
482.36201332,270.063364974,591.166583707
315.599626881,-361.702004608,-678.434611711
476.731468355,308.909866744,579.398901561
328.522235057,-392.501586185,-634.660222165
470.571002077,350.227279151,566.313495944
341.060994816,-420.436998652,-590.094192479
463.963802002,393.368592482,552.133183391
353.065587272,-445.01442209,-545.985022194
456.993411509,437.713458945,537.07616276
364.539213548,-466.152382412,-502.912327554
449.675867787,483.067450297,521.226525726
375.54227022,-483.884762234,-461.098148942
441.987546732,529.436371965,504.585258832
386.114569946,-498.218503104,-420.72605053
433.90818091,576.778501385,487.161968067
396.254088543,-509.10805061,-382.054037477
425.444293488,624.857473436,469.025843726
405.90795622,-516.498586351,-345.464571899
416.652285084,673.131811932,450.352726437
415.037381622,-520.403414892,-311.226085589
407.593087143,721.002441566,431.329964926
423.66302162,-520.919366922,-279.332841117
398.278355262,768.122652432,412.040299176
431.801750077,-518.148088562,-249.758384897
388.72220719,814.09280405,392.573177062
439.470103283,-512.199704008,-222.452486348
378.93820288,858.476002394,373.020241438
446.671700917,-503.21809919,-197.391319671
368.957514324,900.732090627,353.51101352
453.457795423,-491.290092906,-174.374308934
358.741759064,940.570384408,334.044933306
459.86966891,-476.495256322,-153.233781777
348.250012992,977.657338082,314.623253489
465.910175478,-458.980499497,-133.927498697
337.494318555,1011.38535688,295.356360319
471.515722783,-439.198136315,-116.603807495
326.623782947,1040.79897257,276.583863896
476.634237115,-417.692754169,-101.348762659
315.814129082,1064.94653872,258.677632565
481.288069259,-394.857301215,-88.0038512198
305.117628977,1083.41357624,241.766679237
485.569522404,-370.674697839,-76.2249770836
294.40792372,1096.03972549,225.711756537
489.570445501,-345.059755234,-65.6879184658
283.499343569,1102.76980479,210.280144513
493.290661037,-318.471543471,-56.3198287742
272.415166533,1103.46595132,195.519448142
496.728089241,-291.365296067,-48.0550531934
261.193323757,1097.97971882,181.500437312
499.881053998,-264.198949368,-40.8264407402
249.884041077,1086.23274279,168.300643745
502.762812571,-237.390946302,-34.5218393205
238.493782612,1068.54162521,155.876171278
505.378375425,-211.386895606,-29.0557779262
227.065399048,1045.34561936,144.219209115
507.734845293,-186.565720036,-24.3456362977
215.645917785,1017.16558956,133.319799656
509.848280498,-163.173314985,-20.2962770673
204.247099182,984.561866307,123.111441312
511.718850055,-141.57576134,-16.8508077175
192.979654571,948.441941461,113.603082712
513.347563247,-122.074988522,-13.9583503668
181.994387389,909.869488551,104.831975718
514.752788289,-104.714934785,-11.5453418396
171.362673681,869.671002836,96.7699802642
515.968149315,-89.27664051,-9.52324829155
161.028094172,828.043535616,89.3144320511
517.030250411,-75.4454622837,-7.80778537048
150.843484778,784.709298442,82.3129118076
517.953247249,-63.1593576912,-6.35733917059
140.815800593,739.993426539,75.7263980849
518.744122447,-52.4291741087,-5.14510391699
131.035664605,694.610261988,69.5678744817
519.408148213,-43.2705540389,-4.14971619728
121.656410817,649.594463059,63.8850487516
519.960967273,-35.5429911867,-3.33645859541
112.716831534,605.525524443,58.6417806186
520.420424499,-29.0492489223,-2.67125846174
104.191842913,562.583487642,53.7783060214
520.804116473,-23.5748991092,-2.12347238651
95.9978051058,520.546745808,49.2179495907
521.121775381,-19.0070035551,-1.67531071708
88.1603288295,479.732181248,44.9470760529
521.383050919,-15.2266380093,-1.31021299468
80.6857201163,440.357905143,40.9413526743
521.59686579,-12.1189423089,-1.01360296187
73.566645008,402.558212026,37.1709032936
521.770390189,-9.58699151106,-0.774390376393
66.8173497285,366.48448683,33.6319137131
521.909836465,-7.54502243151,-0.583240236386
60.4606580027,332.306670149,30.3291581131
522.02064541,-5.91744367313,-0.432076713998
54.5266563904,300.244109011,27.2696315619
522.109466581,-4.60888065446,-0.311471411877
48.9234066545,269.818542738,24.4031564212
522.179848991,-3.56882163144,-0.216339367999
43.6748292942,241.172916776,21.7400111862
522.233460266,-2.77433635976,-0.144182997623
38.9497059587,215.256736821,19.3615865402
522.273716184,-2.17655211024,-0.0901682268444
34.7785523679,192.297659652,17.2741999964
522.304313832,-1.72166489179,-0.0491868397309
31.0768420822,171.881929399,15.4278268276
522.328599758,-1.36029224004,-0.0167044108797
27.6592137085,153.003891055,13.7275128146
522.34813254,-1.06945981405,0.0093940121129
24.4608619979,135.317174173,12.1392771274
522.363997457,-0.83319159949,0.030583272171
21.4309166107,118.555057456,10.6356702504
522.37685068,-0.641788115085,0.0477500930698
18.5569254298,102.656389183,9.20935254309
522.387276166,-0.486540729795,0.0616737873062
15.814546381,87.4855820749,7.84838276564
522.395592518,-0.36270435133,0.072780401
13.2283656351,73.1789213704,6.56492115376
522.401860557,-0.269370581632,0.0811512811634
10.9247590321,60.4354343256,5.42169702527
522.406526009,-0.199901085215,0.0873818383464
8.91257731307,49.3041065519,4.42309925458
522.410067473,-0.147168597656,0.0921112919643
7.1654047665,39.6388011896,3.55601924701
522.412994632,-0.103583513082,0.096020337358
5.69223578032,31.4892759449,2.82492054862
522.415419398,-0.0674792817271,0.0992584417497
4.47189739925,24.7384013259,2.21929572949
522.417407967,-0.0378701023755,0.101914020211
3.47108021419,19.201911368,1.72261402446
522.419010594,-0.0140075859632,0.104054193182
2.66449618645,14.7399127675,1.3223256804
522.420297994,0.00516123791947,0.105773399871
2.01655900178,11.1555437034,1.00076997138
522.421315537,0.020311951699,0.107132231838
1.50443658357,8.32249794068,0.746615865428
522.422074052,0.0316058416297,0.108145154371
1.12267981093,6.21063103147,0.557159105507
522.422637421,0.039994097862,0.108897477397
0.839138240625,4.64208762745,0.416444205677
522.423055427,0.0462179689931,0.109455681652
0.628757017711,3.47826494027,0.312037053795
522.423358537,0.0507311028311,0.109860453915
0.476202314335,2.63433682987,0.236327817956
522.423574993,0.0539540021577,0.110149508205
0.367260420185,2.03167356838,0.182262560436
522.423733866,0.0563195245802,0.110361666387
0.287299866024,1.58933421725,0.142580046883
522.423875319,0.058425666682,0.110550561389
0.216106938493,1.19549713693,0.107248692967
522.424001553,0.0603052155323,0.110719133638
0.152573401505,0.844031466275,0.0757185275147
522.424115964,0.0620087325271,0.110871918058
0.0949901367247,0.525482566203,0.0471413331807
522.424194509,0.0631782140676,0.110976806111
0.0554586198747,0.306795406569,0.0275227871904
522.424276866,0.0644044513185,0.111086784455
0.0140085902925,0.0774950949601,0.00695212883824
522.424304699,0.0648188743829,0.111123953092
0.0,-0.0,-0.0
0.0,-0.0,-0.0
522.424304699,0.0648188743829,0.111123953092
0.00923271931849,0.00728681036292,-0.0541103917882
522.424286355,0.063690896063,0.119501694018
0.0202512117998,0.0159108858658,-0.118705507035
522.424264462,0.0623458093758,0.129578156767
0.0386093626346,0.0302182569264,-0.226336778199
522.424227987,0.0601099933246,0.146400573559
0.0645306390669,0.0503091364927,-0.378299547074
522.424176484,0.0569757485167,0.170111717996
0.10259276642,0.0796389521198,-0.601670692654
522.424100859,0.0522739435072,0.205919009855
0.15692953504,0.121334298569,-0.920847176042
522.423992898,0.0454234760005,0.258350816463
0.233112978253,0.179673764177,-1.36828932979
522.42384153,0.035868755961,0.331633916257
0.347805535876,0.267309589313,-2.04205134017
522.423613648,0.0214282836737,0.442661316904
0.529156453977,0.405416057669,-3.10768428821
522.423253323,-0.00150026268576,0.619587512136
0.834974816361,0.63715203049,-4.90431956758
522.422645693,-0.0397637297683,0.916280713539
1.3692103654,1.0406211943,-8.04430950481
522.421584219,-0.107246297883,1.44150076172
2.25170680744,1.70536513718,-13.2342524936
522.419830775,-0.220300977425,2.32419486587
3.50214724133,2.64309439528,-20.5896271857
522.417346238,-0.38088006138,3.58379379927
5.38321469086,4.0423104623,-31.6533809677
522.413608647,-0.620093885652,5.47541268378
8.34265323367,6.2246323565,-49.0584182358
522.407718512,-0.993618164837,8.45469120828
12.0601499635,8.93353151876,-70.9213145852
522.398899659,-1.54853844893,12.9217865745
16.2337264794,11.9251095937,-95.4540292209
522.385793056,-2.35800714849,19.5084624903
21.0040494532,15.2559247127,-123.437332264
522.366037493,-3.51649301727,29.0938335062
26.4004312226,18.8685621241,-154.964057562
522.336642782,-5.08666044839,42.4280550014
32.2016704561,22.5510756271,-188.661268862
522.295503592,-7.03363544233,59.5089870606
38.200060074,26.108016704,-223.241516015
522.241167544,-9.24974388056,79.7741753819
44.6824902082,29.6132372334,-260.256265227
522.167249155,-11.7674767095,104.122320014
51.6661557318,32.9707379473,-299.669045146
522.067827701,-14.5214285609,132.714811355
59.0184907274,36.0034018845,-340.58667665
521.938427667,-17.3603437524,164.989434236
66.5383583992,38.5111657926,-381.780456466
521.776984515,-20.0955082748,200.019864302
74.1921725589,40.3558616829,-422.943371881
521.579380644,-22.5523217327,237.208219376
82.0291779018,41.4100688844,-464.193935933
521.338951081,-24.5658882863,276.290172922
89.9149767516,41.5385515005,-504.698973534
521.054663587,-25.9480245827,316.265192641
97.8385449564,40.6447382124,-544.261222753
520.722652804,-26.538836626,356.469378996
105.842560773,38.6345562069,-582.908505808
520.336395107,-26.1873225437,396.342485181
113.868751346,35.4662309987,-620.163024536
519.89392299,-24.7888629445,434.887100484
121.928353721,31.0899654887,-655.7792368
519.390135756,-22.2405764396,470.836890324
130.081847429,25.4037205108,-689.61492757
518.815759876,-18.4453380797,502.918561199
138.4544545,18.2422849706,-721.786362111
518.153793089,-13.3409281295,531.031542099
147.123111817,9.4361307574,-752.115291899
517.386447976,-6.88679459149,555.241782687
156.101945544,-1.16670982948,-780.099854614
516.498113995,0.938897329968,575.511457948
165.203187626,-13.4736302053,-804.71819579
515.494378322,9.98452612563,591.745488772
174.379091278,-27.4296931582,-825.534744021
514.370528185,20.1524065161,604.253989994
183.716730475,-43.117612377,-842.467151834
513.104390142,31.4778227944,613.60882215
193.437911198,-60.9752292911,-855.475313233
511.646818495,44.2873886148,620.350766013
203.677094983,-81.396835128,-864.115569865
509.947997849,58.9260716522,624.83823056
214.468436395,-104.58986962,-867.715245111
507.963922055,75.6725544926,627.265368518
225.866485287,-130.77421578,-865.583902884
505.6375357,94.9025995821,627.745243539
237.842851161,-159.892160104,-857.087086765
502.919022947,116.896882927,626.308779994
250.304780175,-191.555377631,-841.84615974
499.769089698,141.792922765,622.922701866
263.14149953,-225.144201661,-819.861192338
496.154032894,169.642773958,617.587076899
276.217354201,-259.837511169,-791.585447365
492.052127893,200.399412099,610.392940236
289.362310248,-294.645373342,-757.954779998
487.463608904,233.868830002,601.535000576
302.515471184,-328.847692476,-719.891932583
482.362019702,270.06350716,591.162383166
315.599612466,-361.703365748,-678.431945011
476.731474883,308.90995909,579.394618236
328.522221703,-392.502953486,-634.657463193
470.571008773,350.227314545,566.30911981
341.060982383,-420.438361783,-590.091361112
463.963808883,393.368563576,552.128704797
353.065575635,-445.01577253,-545.982136934
456.993418594,437.713358169,537.071572496
364.539202602,-466.153713317,-502.909404312
449.675875097,483.067269179,521.221813927
375.542259881,-483.88606803,-461.095201054
441.987554289,529.436100564,504.580414184
386.114560143,-498.219779258,-420.723089176
433.908188741,576.778128044,487.156977645
396.254079217,-509.109293531,-382.051071996
425.444301622,624.856984837,469.020693253
405.907947315,-516.49979344,-345.461609931
416.652293552,673.131193608,450.347401087
415.037373091,-520.404584391,-311.223133159
407.593095977,721.00167802,431.32444938
423.66301342,-520.920497585,-279.32990287
398.278364498,768.121726295,412.034576513
431.801742173,-518.149179552,-249.755464339
388.722216867,814.091695934,392.567228565
439.470095643,-512.2007548,-222.44958605
378.938213043,858.474690689,373.014046299
446.671693512,-503.219109585,-197.388441405
368.957525021,900.730551691,353.504548986
453.457788231,-491.291062698,-174.37145397
358.741770352,940.568590682,334.038172313
459.869661911,-476.496185311,-153.230951005
348.250024939,977.655257109,314.616163644
465.910168652,-458.981387675,-133.924692591
337.49433124,1011.38295198,295.348904491
471.515716114,-439.198984362,-116.601025867
326.623796449,1040.79620696,276.576004609
476.634230583,-417.693563401,-101.346004719
315.814143479,1064.94337854,258.669333829
481.288062849,-394.858073106,-88.0011159385
305.117644349,1083.40998762,241.757902539
485.569516103,-370.675433403,-76.2222636188
294.407940171,1096.03566748,225.702451591
489.5704393,-345.060455033,-65.6852262355
283.49936124,1102.76522276,210.270242554
493.290654926,-318.472208415,-56.3171570099
272.415185589,1103.46078288,195.50886936
496.728083212,-291.365927387,-48.0524009562
261.193344386,1097.97389385,181.489089429
499.881048042,-264.199548589,-40.8238069399
249.884063499,1086.2261836,168.288420533
502.762806681,-237.391515157,-34.5192227974
238.493807085,1068.53423996,155.862947022
505.378369594,-211.38743607,-29.0531774281
227.065425877,1045.33730171,144.204837814
507.734839514,-186.566234259,-24.3430505122
215.645947324,1017.15621632,133.304111755
509.848274766,-163.173805159,-20.2937046918
204.247131858,984.551289574,123.094234983
511.718844363,-141.576229845,-16.848247374
192.979690866,948.429994885,113.584132805
513.34755759,-122.075437867,-13.9558006219
181.994427823,909.855994803,104.811042578
514.752782662,-104.715367378,-11.5428013308
171.362718834,869.655766807,96.7468007302
515.968143713,-89.2770584338,-9.52071584268
161.028144751,828.026322709,89.2886879246
517.030244832,-75.4458672399,-7.80526002214
150.84354172,784.689800168,82.2841835573
517.953241689,-63.1597512616,-6.35482003696
140.81586505,739.971270232,75.6941772499
518.744116903,-52.4295578338,-5.1425901417
131.035737922,694.585022566,69.5315784987
519.408142683,-43.2709294313,-4.14720694518
121.656494466,649.565690715,63.8440560436
519.960961755,-35.5433595975,-3.33395312537
112.716927205,605.492713247,58.595394631
520.42041899,-29.0496115,-2.66875614629
104.191952637,562.54604252,53.7257097724
520.804110972,-23.5752567932,-2.12097271365
95.9979314724,520.503923521,49.1581213262
521.121769886,-19.0073571721,-1.67281323766
88.1604749283,479.68312372,44.8788355804
521.38304543,-15.2269882714,-1.307717323
80.6858896774,440.301608845,40.8633258565
521.596860306,-12.1192898204,-1.01110877166
73.566842595,402.493487017,37.0814769629
521.770384708,-9.58733678636,-0.771897390001
66.8175808327,366.409967781,33.5292395127
521.909830987,-7.54536590659,-0.580748218532
60.4609291306,332.220835555,30.211172409
522.020639934,-5.91778571536,-0.42958546657
54.526975062,300.145326769,27.1341220798
522.109461107,-4.60922154607,-0.308980782654
48.9237827054,269.704802607,24.2473812832
522.179843518,-3.56916160942,-0.213849229188
43.675274403,241.042080893,21.5610214435
522.233454794,-2.7746756404,-0.141693232764
38.9502309075,215.10728421,19.1572277284
522.273710713,-2.1768908665,-0.0876787429909
34.7791671001,192.128617731,17.0430526574
522.304308362,-1.72200324919,-0.0466975695526
31.0775572873,171.692506975,15.1687284376
522.328594288,-1.36063028068,-0.0142153103531
27.6600452649,152.792748817,13.4385263811
522.34812707,-1.06979759983,0.011882976161
24.4618302114,135.08290674,11.8183415096
522.363991989,-0.833529178262,0.0330721253627
21.4320479107,118.296294758,10.2807471053
522.376845212,-0.64212552618,0.0502388564548
18.5582527171,102.372302108,8.81910436955
522.387270698,-0.486878004903,0.0641624778494
15.8161123349,87.1762507,7.42262054896
522.39558705,-0.363041517975,0.0752690334394
13.2302209396,72.846561584,6.10626656036
522.401855089,-0.269707666536,0.0836398698106
10.926945348,60.0860822021,4.93795791281
522.406520541,-0.200238109281,0.0898703943991
8.9151310137,48.946631576,3.92592084293
522.410062005,-0.147505575543,0.0945998232749
7.16815664552,39.281735581,3.05801775169
522.412989164,-0.103920452803,0.0985088482179
5.69498765934,31.1332264514,2.32828202771
522.41541393,-0.0678161898321,0.101746935671
4.47464927827,24.3836917072,1.72445444909
522.417402499,-0.0382069845533,0.10440250024
3.47383209321,18.8489880305,1.2301687753
522.419005126,-0.0143444472462,0.106542662015
2.66724806547,14.3893773199,0.833083410225
522.420292527,0.00482439342124,0.10826185971
2.0193108808,10.8082576452,0.515886244535
522.421310069,0.0199751204668,0.109620684568
1.50718846259,7.97966125925,0.267700282028
522.422068584,0.0312690202862,0.110633601802
1.12543168995,5.87357745322,0.0860006545811
522.422631953,0.0396572838635,0.111385920892
0.841890119643,4.31244038626,-0.0447797998641
522.423049959,0.0458811604442,0.111944122227
0.631508896729,3.15794588325,-0.136674667022
522.42335307,0.0503942982337,0.112348892371
0.478954193353,2.32520050581,-0.197384037058
522.423569525,0.0536172003823,0.112637945149
0.370012299203,1.73519823633,-0.234466558543
522.423728398,0.055982724876,0.112850102223
0.290051745042,1.30693881354,-0.25526305085
522.423869851,0.0580888688219,0.113038996237
0.218858817511,0.93204999798,-0.26517826128
522.423996085,0.0599684193178,0.113207567602
0.155325280523,0.60731478216,-0.260853738954
522.424110497,0.0616719378043,0.113360351224
0.0977420157426,0.329818581806,-0.234365188415
522.424189041,0.0628414203689,0.113465238728
0.0582104988927,0.159609317316,-0.188958248069
522.424271398,0.0640676586935,0.113575216496
0.0167604693104,0.0252060870777,-0.0822393653654
522.424299231,0.0644820821203,0.113612384939
0.00275187901796,0.00218294716587,-0.0161259107099
0.0,-0.0,-0.0
522.424304699,0.0648188743829,0.111123953092
0.0110184924814,0.0086243214429,-0.0645950511314
522.424282807,0.0634737949924,0.121200361412
0.0293766433161,0.0229319728291,-0.172226265943
522.424246331,0.0612379910964,0.13802268734
0.0552979197484,0.0430230561406,-0.324189033621
522.424194828,0.0581037633754,0.1617337037
0.0933600471017,0.0723544121135,-0.54755961332
522.424119203,0.0534019840759,0.197540802207
0.147696815721,0.114052453119,-0.866734564279
522.424011242,0.0465515541134,0.249972325777
0.223880258934,0.172393909394,-1.31417558081
522.423859874,0.0369968864973,0.323255029951
0.338572816558,0.260031841604,-1.98793633601
522.423631992,0.0225564935344,0.434281831237
0.519923734658,0.398140853234,-3.05356777147
522.423271667,-0.000371926648037,0.611207071407
0.825742097043,0.629879055026,-4.85020235693
522.422664038,-0.0386351826118,0.907898671001
1.35997764608,1.03335160328,-7.99019061354
522.421602564,-0.106117377686,1.43311588363
2.24247408812,1.6981000298,-13.180130723
522.41984912,-0.219171431236,2.31580522208
3.49291452201,2.63583347193,-20.5355029828
522.417364583,-0.379749623684,3.57539735292
5.37398197154,4.0350537177,-31.5992554412
522.413626992,-0.618962113641,5.46700601592
8.33367529828,6.21757038645,-49.0057902008
522.407736858,-0.992484298352,8.44626842822
12.0533941647,8.92814182145,-70.8817444547
522.398918005,-1.54740145216,12.9133396058
16.2286073034,11.920962236,-95.4240649113
522.385811403,-2.35686555117,19.4999797855
21.0001652745,15.2527169199,-123.414604616
522.366055842,-3.51534475763,29.0852986318
26.3974729249,18.8660523079,-154.946741018
522.336661132,-5.08550299177,42.4194472104
32.1993814415,22.5490610757,-188.647848957
522.295521945,-7.03246630959,59.5002852695
38.1982497051,26.1063447161,-223.230867531
522.2411859,-9.24856104939,79.7653611763
44.6810459805,29.6118123798,-260.247719553
522.167267517,-11.7662776725,104.113369427
51.6649942389,32.9694876134,-299.662104101
522.067846069,-14.5202108541,132.705698725
59.0175457511,36.0022677957,-340.580943677
521.938446045,-17.3591054707,164.980136167
66.5375777704,38.5101018183,-381.775619723
521.777002903,-20.0942483444,200.010361841
74.1915188,40.3548317723,-422.939205005
521.579399046,-22.551039769,237.198496202
82.0286244958,41.4090437364,-464.190275039
521.338969499,-24.564584457,276.280213385
89.9145026851,41.53750712,-504.695687973
521.054682025,-25.946700015,316.25498636
97.838134587,40.6436541959,-544.258211979
520.722671265,-26.5374932188,356.458918994
105.842202548,38.6334140346,-582.905690373
520.336413595,-26.1859629193,396.331767314
113.868436032,35.4650144596,-620.16033719
519.893941508,-24.7874905242,434.876126487
121.92807418,31.088658209,-655.776617455
519.390154309,-22.239195542,470.825669659
130.081598222,25.4023039955,-689.612318305
518.815778469,-18.4439538887,502.907111279
138.454231578,18.2407392197,-721.783706502
518.153811728,-13.3395460942,531.019880724
147.122911959,9.43443525815,-752.112533045
517.386466669,-6.88542028902,555.229926849
156.101765996,-1.16857532338,-780.096934372
516.49813275,0.940258201425,575.499424528
165.203025662,-13.4756812827,-804.71506083
515.494397148,9.98586818896,591.733295988
174.37894455,-27.4319421073,-825.531345185
514.370547091,20.153724757,604.241654205
183.716597147,-43.1200699329,-842.463441238
513.104409139,31.4791122877,613.596355053
193.437789959,-60.9779083241,-855.47123861
511.646837596,44.2886435944,620.338173172
203.676984783,-81.3997482233,-864.111077455
509.948017074,58.9272852634,624.825512353
214.468336273,-104.593025701,-867.710284983
507.963941426,75.6737187898,627.252521384
225.86639438,-130.777619447,-865.578430422
505.637555245,94.903705028,627.732259613
237.842768629,-159.895808513,-857.081069067
502.919042696,116.897918421,626.295647879
250.304705186,-191.559258371,-841.839580703
499.76910969,141.793875818,622.909407507
263.14143128,-225.148292548,-819.854055
496.154053169,169.643630693,617.573603475
276.217291922,-259.841781197,-791.577775071
492.052148497,200.400157277,610.37926798
289.362253215,-294.649784775,-757.946615583
487.463629884,233.869447229,601.521107067
302.515418765,-328.852204916,-719.88333027
482.362041114,270.063977714,591.148241641
315.599564102,-361.707938282,-678.422966726
476.731496788,308.910261693,579.380198008
328.522176899,-392.507546944,-634.64817428
470.571031235,350.227425238,566.294387132
341.06094067,-420.442941404,-590.081828494
463.963831968,393.368457596,552.113627177
353.065536592,-445.020309635,-545.972422903
456.993442365,437.713010018,537.056118931
364.539165878,-466.158184863,-502.899562435
449.67589962,483.066650311,521.205951204
375.542225192,-483.890455253,-461.085276231
441.987579643,529.435177491,504.564104214
386.114527254,-498.224066893,-420.713119043
433.908215013,576.776861496,487.140176918
396.254047925,-509.113469484,-382.041087992
425.444328912,624.855329952,469.003353701
405.90791744,-516.503848955,-345.451637777
416.652321962,673.129101652,450.329472795
415.037344467,-520.408513539,-311.213193133
407.593125615,720.999096788,431.305880785
423.662985909,-520.924296165,-279.320010611
398.278395484,768.11859728,412.01531064
431.801715652,-518.152844733,-249.745631647
388.722249334,814.087953831,392.547202407
439.470070008,-512.20428481,-222.439821583
378.938247138,858.470262706,372.993189807
446.671668669,-503.222503739,-197.378751124
368.957560907,900.725358192,353.48278556
453.457764101,-491.294320301,-174.36184215
358.741808221,940.562538833,334.015410848
459.869638426,-476.499305676,-153.221420641
348.250065021,977.648237582,314.592295086
465.910145753,-458.984370767,-133.915245276
337.494373798,1011.3748412,295.323803841
471.515693738,-439.20183247,-116.59166097
326.623841751,1040.78688106,276.549545704
476.63420867,-417.696280937,-101.33671958
315.814191781,1064.93272342,258.64139552
481.288041344,-394.860665023,-87.9919070887
305.117695922,1083.39788926,241.728355172
485.569494964,-370.677903115,-76.213128223
294.407995364,1096.02198785,225.671125891
489.570418494,-345.062804417,-65.6761623334
283.499420527,1102.74977786,210.236907037
493.290634423,-318.474440535,-56.3081620139
272.41524952,1103.44336252,195.473255359
496.728062983,-291.368046382,-48.0434717046
261.193413599,1097.95426179,181.450886321
499.88102806,-264.201559584,-40.8149397617
249.884138725,1086.20407809,168.247270739
502.76278692,-237.393423982,-34.5104137888
238.493889196,1068.5093517,155.818427365
505.37835003,-211.38924937,-29.0444223722
227.065515891,1045.30927241,144.156456861
507.734820126,-186.567959264,-24.3343449907
215.646046431,1017.12463101,133.251298798
509.848255533,-163.17544925,-20.2850443192
204.247241488,984.515650037,123.036310712
511.718825267,-141.577801023,-16.8396275102
192.979812637,948.389740813,113.520339454
513.347538611,-122.076944577,-13.9472164412
181.994563481,909.810528945,104.740573626
514.752763783,-104.716817719,-11.5342482459
171.362870325,869.604432083,96.6687706146
515.968124921,-89.2784594135,-9.51218989379
161.028314445,827.968329115,89.2020259621
517.030226114,-75.4472245858,-7.79675797902
150.843732763,784.624108927,82.1874781897
517.953223036,-63.1610702952,-6.34633891728
140.816081308,739.896626626,75.5857179147
518.744098306,-52.4308437392,-5.13412706226
131.035983905,694.499995655,69.4094056901
519.408124132,-43.272187298,-4.13875909421
121.656775111,649.468766749,63.7060795917
519.960943241,-35.5445939717,-3.32551800766
112.717248186,605.382190111,58.4392729443
520.420400509,-29.0508262465,-2.66033164931
104.192320766,562.419918889,53.5486973471
520.804092517,-23.5764550729,-2.1125571136
95.9983554379,520.359700672,48.9567857454
521.121751453,-19.0085417664,-1.6644050224
88.1609650954,479.517918578,44.6492144967
521.383027015,-15.2281615769,-1.29931519394
80.686458561,440.11205216,40.6008092171
521.596841905,-12.1204538702,-1.00271163035
73.5675055047,402.275587452,36.7806579931
521.770366319,-9.58849331148,-0.763504301624
66.818356192,366.159151916,33.1839314789
521.909812607,-7.54651637404,-0.572358390984
60.461838767,331.932016619,29.8144810467
522.020621562,-5.91893136139,-0.421198232852
54.5280442031,299.813063457,26.6786768821
522.109442741,-4.61036332031,-0.300595630281
48.9250443471,269.322411061,23.7240710147
522.179825157,-3.57030030935,-0.205465727907
43.6767677214,240.602490305,20.9600955817
522.233436437,-2.7758119938,-0.133310990478
38.9519920688,214.605540079,18.4716616094
522.273692359,-2.17802545539,-0.0792974467834
34.7812294546,191.561653281,16.2683500248
522.30429001,-1.72313649594,-0.038316992735
31.0799566845,171.057923635,14.3013345449
522.328575937,-1.36176246154,-0.00583530470876
27.6628349553,152.086425675,12.4724465878
522.348108721,-1.0709289231,0.0202625223164
24.4650782876,134.300658849,10.7473767569
522.36397364,-0.834659804964,0.041451298293
21.4358429905,117.434289149,9.09908806866
522.376826864,-0.64325558866,0.0586177270278
18.5627051011,101.428825482,7.52369980392
522.387252351,-0.488007609794,0.072541103182
15.8213650784,86.1530670997,6.01484246846
522.395568703,-0.364170757892,0.0836474631512
13.2364438774,71.7530082736,4.59745683271
522.401836743,-0.270836631397,0.0920181520862
10.9342779764,58.9441203773,3.35658740106
522.406502196,-0.201366869425,0.098248566936
8.92369501049,47.787223353,2.31264867468
522.41004366,-0.148634180298,0.102977912513
7.17738936484,38.1343911565,1.45629126286
522.412970819,-0.105048929127,0.106886868606
5.70422037866,30.0027344248,0.749146973426
522.415395585,-0.0689445597724,0.110124899026
4.48388199759,23.274935663,0.174457446668
522.417384154,-0.0393352672494,0.112780416823
3.48306481253,17.7683808898,-0.282093396603
522.418986782,-0.0154726596325,0.114920540903
2.67648078479,13.3449886887,-0.630626404101
522.420274182,0.00369623751477,0.116639708318
2.02854360012,9.81072019364,-0.885017819454
522.421291725,0.0188470092,0.117998509243
1.51642118191,7.04208907201,-1.05281831399
522.42205024,0.0301409422956,0.119011408636
1.13466440927,5.00745028162,-1.13874383248
522.422613609,0.0385292305874,0.119763714477
0.851122838962,3.52844733296,-1.15942170476
522.423031615,0.0447531255062,0.12032190598
0.640741616047,2.46470216934,-1.12966600128
522.423334725,0.0492662765925,0.120726668995
0.488186912672,1.72535038234,-1.06518134781
522.423551181,0.0524891882366,0.121015716682
0.379245018522,1.22471939285,-0.982463189895
522.423710054,0.0548547197004,0.121227870019
0.29928446436,0.879582777708,-0.891836702847
522.423851507,0.0569608698511,0.121416760706
0.228091536829,0.595533777214,-0.779987247908
522.423977741,0.0588404258851,0.121585329102
0.164557999841,0.368483317941,-0.644727719909
522.424092152,0.0605439493906,0.121738110033
0.106974735061,0.193618845041,-0.480683073928
522.424170697,0.0617134354009,0.12184299569
0.0674432182112,0.0973930840531,-0.336131136893
522.424253054,0.0629396773379,0.121952971521
0.0259931886289,0.0253255758853,-0.145917123345
522.424280887,0.063354101986,0.121990139309
0.0119845983364,0.00946972922478,-0.0702363078321
0.0,-0.0,-0.0
522.424304699,0.0648188743829,0.111123953092
0.0183581508348,0.0143076958426,-0.107631209038
522.424268224,0.0625830850421,0.127946169743
0.044279427267,0.0343987827747,-0.259593980765
522.424216721,0.0594488777818,0.151657032073
0.0823415546203,0.0637312023528,-0.482964185885
522.424141096,0.0547471292691,0.187463898051
0.13667832324,0.105431402419,-0.802137672037
522.424033135,0.0478967442619,0.239895081229
0.212861766453,0.163774510369,-1.24957759189
522.423881766,0.0383421394178,0.313177309616
0.327554324076,0.251414252555,-1.9233371162
522.423653885,0.0239018414385,0.424203390092
0.508905242177,0.389525551979,-2.98896703255
522.42329356,0.000973572340688,0.601127481675
0.814723604562,0.621265883419,-4.78560096202
522.42268593,-0.0372894308337,0.897817154883
1.3489591536,1.02474170586,-7.9255874849
522.421624456,-0.104771179239,1.42303095738
2.23145559564,1.68949453366,-13.1155245307
522.419871012,-0.217824483244,2.30571456445
3.48189602953,2.62723220695,-20.4708941696
522.417386476,-0.378401608238,3.56529851432
5.36296347906,4.02645685712,-31.534645202
522.413648886,-0.617612500563,5.45689488462
8.32295219127,6.20919892399,-48.9429161646
522.407758752,-0.991132177508,8.43613791986
12.0453274124,8.921765286,-70.8344809055
522.398939899,-1.5460455834,12.9031800074
16.2224958579,11.9160630798,-95.3882792382
522.385833299,-2.35550417423,19.4897772099
20.9955287585,15.248932537,-123.387463109
522.366077739,-3.51397540419,29.0750333153
26.3939418992,18.8630946456,-154.926061561
522.336683032,-5.08412262765,42.4090942024
32.1966494059,22.5466892012,-188.631822186
522.295543848,-7.03107196748,59.4898192143
38.1960890201,26.104377488,-223.218149482
522.241207808,-9.24715030943,79.7547599285
44.6793223234,29.6101366144,-260.237511685
522.16728943,-11.7648475349,104.102604163
51.6636080403,32.96801721,-299.65381148
522.067867991,-14.5187583725,132.694738583
59.0164179682,36.0009336784,-340.574092758
521.938467977,-17.3576283687,164.968953012
66.5366461347,38.5088493043,-381.769838161
521.777024848,-20.0927453422,199.998932882
74.1907385801,40.3536181035,-422.934222498
521.579421007,-22.549510414,237.186801808
82.027964043,41.4078341172,-464.185895858
521.33899148,-24.56302896,276.268234739
89.91393692,41.5362730493,-504.691756083
521.054704029,-25.945119737,316.242710976
97.8376448409,40.6423714169,-544.254607262
520.722693296,-26.5358904469,356.446338481
105.841775034,38.6320605028,-582.902317871
520.336435658,-26.184340809,396.31887669
113.868059728,35.4635708738,-620.157116496
519.893963608,-24.7858531885,434.862927837
121.927740569,31.0871050586,-655.773476659
519.390176451,-22.2375481684,470.812174365
130.081300813,25.4006192106,-689.609188008
518.815800657,-18.4423027012,502.893340283
138.453965539,18.2388988904,-721.780519042
518.153833972,-13.3378976364,531.005855428
147.122673444,9.43241482927,-752.109220143
517.386488977,-6.88378125993,555.21566769
156.10155172,-1.17080011014,-780.093426242
516.498155133,0.941880956874,575.484951806
165.202832369,-13.4781291132,-804.711293485
515.494419615,9.98746821235,591.718631612
174.378769442,-27.4346277205,-825.527259633
514.370569653,20.1552960249,604.226817847
183.71643803,-43.1230062177,-842.458980002
513.104431809,31.4806488801,613.58136078
193.43764527,-60.9811107498,-855.466338918
511.646860392,44.2901385755,620.323027673
203.676853268,-81.4032319322,-864.105674728
509.948040017,58.9287303841,624.810216082
214.468216785,-104.59680145,-867.70431925
507.963964544,75.6751044851,627.237070058
225.866285889,-130.781692806,-865.571848099
505.637578569,94.9050198152,627.71664377
237.842670134,-159.900176114,-857.07383066
502.919066266,116.899148933,626.279853811
250.304615694,-191.563905356,-841.831666924
499.769133548,141.795007016,622.89341831
263.141349829,-225.15319231,-819.845469576
496.154077365,169.644645866,617.55739892
276.217217597,-259.84689652,-791.568546141
492.052173085,200.40103807,610.362824289
289.362185152,-294.655070349,-757.936794717
487.463654923,233.870173902,601.504397275
302.515356206,-328.85761222,-719.872982727
482.362066668,270.064527716,591.131233558
315.599506383,-361.713418173,-678.412167015
476.731522929,308.910609398,579.362854729
328.522123429,-392.513052357,-634.637001017
470.571058042,350.227541794,566.276668069
341.06089089,-420.448430562,-590.070362179
463.963859518,393.368313183,552.095493251
353.065489997,-445.02574806,-545.960738462
456.993470733,437.712573936,537.037532855
364.53912205,-466.163544846,-502.887724299
449.675928887,483.065888192,521.186873032
375.542183793,-483.895714227,-461.073338399
441.9876099,529.434049015,504.544488136
386.114488004,-498.229206495,-420.701126779
433.908246368,576.775319384,487.119970607
396.254010582,-509.118475162,-382.029079107
425.44436148,624.853320198,468.982499344
405.907881786,-516.508710164,-345.4396432
416.652355867,673.12656559,450.307910363
415.037310308,-520.413223132,-311.201237251
407.593160986,720.995971574,431.283548261
423.662953076,-520.928849073,-279.308112225
398.278432464,768.114812486,411.992139505
431.801684002,-518.157237531,-249.733804947
388.72228808,814.08343085,392.523116884
439.470039415,-512.208515349,-222.428076977
378.938287828,858.464913915,372.96810565
446.671639021,-503.226571179,-197.367095778
368.957603734,900.719087731,353.456610648
453.457735304,-491.298223787,-174.350281202
358.741853415,940.555234956,333.988035611
459.8696104,-476.503044369,-153.209957691
348.250112856,977.639768686,314.563588374
465.910118425,-458.98794461,-133.903882235
337.494424588,1011.36505854,295.293615329
471.515667035,-439.205244198,-116.580397079
326.623895816,1040.77563552,276.517723668
476.634182519,-417.699535837,-101.325551634
315.814249425,1064.91987765,258.607794268
481.28801568,-394.863769034,-87.9808309144
305.11775747,1083.38330599,241.69281879
485.569469736,-370.680860327,-76.2021404085
294.408061233,1096.00550093,225.633450817
489.570393664,-345.065617079,-65.6652605194
283.499491281,1102.73116576,210.196814902
493.290609954,-318.47711232,-56.2973430869
272.415325818,1103.42237216,195.430423088
496.728038841,-291.370582256,-48.0327318606
261.193496199,1097.93060878,181.404940393
499.881004212,-264.203965701,-40.8042745842
249.884228501,1086.1774473,168.197781185
502.762763336,-237.395707341,-34.4998185814
238.493987188,1068.47937072,155.764885355
505.378326683,-211.391417953,-29.0338920622
227.065623314,1045.27550992,144.098271518
507.734796989,-186.570021757,-24.3238742634
215.646164706,1017.08658747,133.187783964
509.848232581,-163.177414517,-20.2746278988
204.247372323,984.472725723,122.966649711
511.718802477,-141.579678679,-16.8292598157
192.97995796,948.341261335,113.443621369
513.347515962,-122.078744768,-13.9368916676
181.994725378,909.755775535,104.655829049
514.752741253,-104.718550175,-11.5239608754
171.363051116,869.542614084,96.5749352863
515.968102494,-89.280132557,-9.50193516324
161.028516961,827.898496037,89.0978133037
517.030203776,-75.448845297,-7.786532003
150.843960758,784.545011114,82.0711922083
517.953200776,-63.1626449685,-6.33613810853
140.816339393,739.806754954,75.4553037871
518.744076111,-52.4323786036,-5.12394795274
131.036277465,694.39762958,69.2625102681
519.408101992,-43.2736884694,-4.12859830184
121.657110037,649.352087,63.5401939582
519.960921147,-35.5460669127,-3.31537253111
112.717631249,605.249152103,58.2515878324
520.420378452,-29.0522756015,-2.65019894759
104.192760095,562.268120011,53.3359207914
520.804070492,-23.5778846399,-2.10243511327
95.9988614016,520.186143052,48.7148046588
521.121729454,-19.009954888,-1.65429190462
88.1615500636,479.319146716,44.3732854977
521.383005038,-15.2295611327,-1.28920939675
80.687137468,439.884033007,40.2854205599
521.596819945,-12.1218423036,-0.992611832516
73.5682966201,402.013551023,36.4193559584
521.770344373,-9.58987270267,-0.753409378726
66.8192815006,365.857645195,32.769348286
521.909790673,-7.54788848579,-0.562267390263
60.4629243149,331.584994451,29.3384328503
522.020599637,-5.92029767928,-0.411110352031
54.5293200927,299.414090316,26.132455898
522.109420823,-4.61172498549,-0.290510252933
48.9265499488,268.863618664,23.0969610503
522.179803245,-3.57165828016,-0.195382336517
43.6785497764,240.075630784,20.2407276771
522.233414529,-2.7771671448,-0.123229113429
38.9540937226,214.004989087,17.6520466199
522.273670454,-2.17937848598,-0.0692167076924
34.7836904862,190.884137985,15.3436452708
522.304268108,-1.72448791368,-0.0282371189364
31.0828198479,170.301086864,13.2679785349
522.328554037,-1.36311259842,0.00424388207431
27.6661637552,151.246079142,11.3242703452
522.348086822,-1.0722780294,0.0303411564191
24.4689539175,133.372841705,9.47837562319
522.363951743,-0.836008074199,0.0515294834744
21.4403710997,116.415904757,7.7043177189
522.376804968,-0.644603179871,0.0686955485291
18.5680171549,100.319873959,6.00226356379
522.387230455,-0.48935465112,0.0826186297052
15.8276315277,84.9584673865,4.3721476122
522.395546808,-0.365517360631,0.093724754379
13.2438669774,70.4873862455,2.85169279739
522.401814848,-0.272182903601,0.102095265976
10.9430236442,57.6366281662,1.54564123734
522.406480302,-0.202712895621,0.10832554883
8.93390774077,46.4765943528,0.487383084607
522.410021766,-0.149980019763,0.113054794213
7.18840785732,36.8567959475,-0.330295090934
522.412948926,-0.106394614258,0.116963667493
5.71523887114,28.7677404648,-0.980378222022
522.415373692,-0.0702901170623,0.120201629314
4.49490049007,22.0932072003,-1.48372327755
522.417362261,-0.040680719698,0.122857090852
3.49408330501,16.6529228695,-1.85151165994
522.418964889,-0.0168180275898,0.124997169593
2.68749927727,12.3105092084,-2.09158394865
522.420252289,0.00235093742861,0.126716300586
2.0395620926,8.87425061778,-2.21470602069
522.421269832,0.017501762758,0.128075072724
1.52743967439,6.22077872105,-2.22827281166
522.422028347,0.0287957358413,0.129087950659
1.14568290175,4.30959181714,-2.14886490754
522.422591716,0.0371840538327,0.129840240561
0.862141331443,2.95589106239,-2.00174049837
522.423009722,0.0434079707875,0.130398420239
0.651760108529,2.01218973398,-1.81123618072
522.423312833,0.0479211378532,0.130803174679
0.499205405153,1.37850542235,-1.60526759445
522.423529288,0.0511440609081,0.131092216242
0.390263511003,0.963901148397,-1.40737744868
522.423688161,0.0535096007471,0.131304365084
0.310302956842,0.686884142938,-1.2255663682
522.423829614,0.0556157583549,0.13149325177
0.239110029311,0.465404956205,-1.02997809627
522.423955848,0.0574953210433,0.131661816595
0.175576492323,0.293005387081,-0.821601312424
522.42407026,0.0591988505807,0.131814594289
0.117993227542,0.162511836121,-0.598228006838
522.424148804,0.0603683407313,0.131919477724
0.0784617106925,0.0902548097257,-0.421664162796
522.424231161,0.0615945870097,0.132029451225
0.0370116811103,0.0327196484721,-0.212109385088
522.424258995,0.0620090131257,0.132066618226
0.0230030908178,0.0180936972082,-0.134831447952
0.0,-0.0,-0.0
522.424304699,0.0648188743829,0.111123953092
0.0259212764322,0.0200910083658,-0.151962764681
522.424253196,0.0616847012046,0.134834558285
0.0639834037855,0.0494249229399,-0.37533231343
522.424177571,0.0569830039738,0.170641036078
0.118320172405,0.0911281527304,-0.694503152477
522.42406961,0.0501326938506,0.223071651007
0.194503615618,0.149473474987,-1.14194136333
522.423918242,0.040578193567,0.296353085116
0.309196173242,0.237115667433,-1.81569900234
522.423690361,0.0261380538043,0.407377962274
0.490547091342,0.375230178211,-2.88132657234
522.423330036,0.00321003636928,0.584300136404
0.796365453727,0.606973644127,-4.6779596075
522.422722406,-0.0350525457313,0.880986593707
1.33060100277,1.01045431299,-7.81794342255
522.421660932,-0.102533550119,1.40619470333
2.2130974448,1.67521369508,-13.0078755587
522.419907489,-0.21558560561,2.28886874245
3.4635378787,2.61295780771,-20.3632409889
522.417422953,-0.376160952555,3.54843903502
5.34460532822,4.01218938648,-31.4269897503
522.413685363,-0.615369183743,5.44001488388
8.30506516013,6.19529091179,-48.8380298787
522.40779523,-0.988884683592,8.41922557111
12.0318769042,8.91118547967,-70.7556671265
522.398976378,-1.54379184676,12.8862190958
16.2123082932,11.9079427152,-95.3286200514
522.38586978,-2.35324126295,19.4727445521
20.9878011759,15.2426651552,-123.342221916
522.366114222,-3.51169920713,29.0578959181
26.3880574732,18.8581999581,-154.891594936
522.336719519,-5.0818280914,42.3918104132
32.1920968138,22.5427663439,-188.605111487
522.295580341,-7.02875415043,59.4723467043
38.192488673,26.1011254727,-223.196953516
522.241244308,-9.24480518212,79.7370617284
44.6764502831,29.6073674368,-260.220499052
522.167325941,-11.7624701028,104.084632155
51.6612983383,32.9655878919,-299.639990418
522.067904515,-14.5163437312,132.676441248
59.0145388693,35.9987295421,-340.56267397
521.938504519,-17.3551727304,164.950283381
66.5350938694,38.5067795723,-381.76020109
521.777061412,-20.0902465804,199.979852906
74.1894386088,40.3516117869,-422.925916663
521.579457597,-22.5469677813,237.167278718
82.0268636285,41.4058334235,-464.178595058
521.339028104,-24.560442816,276.248237119
89.9129942731,41.5342306365,-504.685200272
521.054740691,-25.9424923589,316.222217985
97.8368288548,40.6402469823,-544.248596249
520.722730003,-26.5332256558,356.425336111
105.841062736,38.6298174032,-582.896693376
520.336472418,-26.181643874,396.297356624
113.867432755,35.4611770238,-620.151744479
519.894000429,-24.7831309748,434.840893559
121.927184729,31.0845280176,-655.768237219
519.390213341,-22.234809331,470.789644873
130.08080529,25.3978222635,-689.603965399
518.815837627,-18.4395576223,502.870350537
138.453522283,18.235842228,-721.775200383
518.153871033,-13.3351572318,530.982441158
147.122276048,9.4290575431,-752.103691515
517.386526145,-6.88105670594,555.191863013
156.101194708,-1.17449845183,-780.087571199
516.498192424,0.944578239424,575.460790609
165.20251032,-13.4821996627,-804.705005264
515.494457048,9.99012744854,591.69415047
174.378477689,-27.4390950589,-825.520439808
514.370607245,20.1579071646,604.2020496
183.716172921,-43.1278918508,-842.451532664
513.104469581,31.4832020433,613.556328912
193.4374042,-60.986440501,-855.458159309
511.646898373,44.2926221821,620.29774335
203.676634147,-81.4090310912,-864.096655068
509.948078244,58.9311306576,624.78468006
214.468017704,-104.603087998,-867.694359456
507.96400306,75.6774054497,627.211275188
225.866105129,-130.78847608,-865.56085875
505.63761743,94.9072022897,627.690574256
237.842506029,-159.907450541,-857.061745861
502.919105535,116.901190588,626.253486771
250.304466588,-191.571646184,-841.818454507
499.769173298,141.796882728,622.866725521
263.141214121,-225.161355184,-819.831135797
496.154117678,169.646327717,617.530346611
276.217093763,-259.855419374,-791.55313801
492.052214052,200.402495397,610.335372769
289.36207175,-294.663877599,-757.920398356
487.46369664,233.871373723,601.476501528
302.515251977,-328.86662292,-719.855707101
482.362109244,270.065432359,591.102839847
315.599410217,-361.722550322,-678.394136534
476.731566483,308.911176052,579.333901444
328.522034342,-392.522227424,-634.618346935
470.571102707,350.227722255,566.247087452
341.060807949,-420.457578821,-590.051218897
463.963905421,393.36805764,552.065220066
353.065412364,-445.034811961,-545.941231071
456.993517998,437.711831103,537.006504857
364.539049028,-466.172478134,-502.867960361
449.67597765,483.064600661,521.155023538
375.542114817,-483.904479225,-461.053408067
441.987660314,529.432149438,504.511740673
386.114422608,-498.237772544,-420.681105617
433.908298608,576.772728793,487.086237821
396.253948363,-509.126817959,-382.009030234
425.444415743,624.849948383,468.947684728
405.907822382,-516.516812092,-345.419618251
416.652412357,673.122314565,450.271913708
415.037253393,-520.421072247,-311.181276934
407.593219918,720.990736376,431.246266044
423.662898373,-520.936436893,-279.288247928
398.278494076,768.10847549,411.953457345
431.80163127,-518.164558326,-249.714060353
388.722352636,814.075860765,392.482908288
439.469988443,-512.215565515,-222.408469462
378.938355622,858.455964397,372.926229992
446.671589623,-503.233349298,-197.347637302
368.957675089,900.708598683,353.412914151
453.457687324,-491.304728419,-174.330980339
358.741928713,940.543019743,333.94233538
459.869563704,-476.5092741,-153.190820451
348.250192555,977.625607514,314.515665489
465.910072893,-458.993899332,-133.884911807
337.494509211,1011.34870298,295.243218866
471.515622544,-439.210928462,-116.561592191
326.623985893,1040.75683654,276.464600376
476.634138947,-417.704958455,-101.306906937
315.814345467,1064.89840586,258.551700974
481.28797292,-394.868939905,-87.9623394374
305.117860017,1083.35893214,241.633495261
485.569427703,-370.685786266,-76.1837964548
294.408170978,1095.97794752,225.570557297
489.570352293,-345.070301832,-65.6470601493
283.499609166,1102.70006278,210.129886783
493.290569186,-318.481562011,-56.2792811013
272.415452938,1103.38729697,195.358921157
496.727998618,-291.374805164,-48.0148019083
261.19363382,1097.89108641,181.328241268
499.880964479,-264.207972093,-40.7864692912
249.884378078,1086.13295147,168.115167309
502.762724043,-237.399508892,-34.4821301065
238.494150454,1068.42927956,155.675507602
505.378287783,-211.39502798,-29.016311936
227.065802293,1045.21910316,144.001143906
507.734758438,-186.573454749,-24.3063936124
215.646361767,1017.02303103,133.081761612
509.84819434,-163.180685269,-20.2572379151
204.24759031,984.401018329,122.850370078
511.718764507,-141.58280323,-16.8119511811
192.980200086,948.260277205,113.315564884
513.347478224,-122.08174005,-13.9196546907
181.994995117,909.664315027,104.514378867
514.752703716,-104.721432425,-11.5067863438
171.363352335,869.439357839,96.4183167189
515.968065128,-89.282915828,-9.48481512492
161.028854376,827.781858278,88.9238813273
517.030166559,-75.451541071,-7.76945997102
150.844340623,784.412907299,81.8771196853
517.953163687,-63.1652639159,-6.31910809382
140.816769392,739.656668499,75.2376664605
518.744039131,-52.4349311188,-5.10695416534
131.036766569,694.226692654,69.0173884872
519.408065104,-43.2761847584,-4.11163509527
121.65766806,649.157269318,63.26341139
519.960884336,-35.5485160913,-3.2984348946
112.718269473,605.027050667,57.9384716853
520.420341704,-29.0546854198,-2.6332826389
104.193492063,562.014739308,52.9809999608
520.804033796,-23.5802614365,-2.08553667074
95.9997043887,519.896502221,48.3112494739
521.121692801,-19.0123042405,-1.63740829166
88.1625246772,478.987513109,43.9132311714
521.38296842,-15.2318878469,-1.27233800564
80.6882685887,439.503728362,39.7597453293
521.596783357,-12.1241504566,-0.975750457423
73.5696146838,401.576695444,35.8174047779
521.770307809,-9.59216576606,-0.736556142422
66.8208231315,365.355261102,32.0789980063
521.909754127,-7.55016940127,-0.545420702098
60.4647329017,331.007177839,28.5462817721
522.020563106,-5.92256892599,-0.39426887259
54.5314457779,298.750372786,25.224344448
522.109384305,-4.61398846775,-0.27367295308
48.9290583095,268.101290357,22.0555798581
522.179766736,-3.57391559725,-0.178548352253
43.6815186608,239.201552774,19.0479521498
522.233378027,-2.77941975619,-0.106397657381
38.9575949769,213.010579268,16.2956288973
522.273633958,-2.18162755883,-0.0523871514805
34.787790335,189.76491983,13.8168286108
522.304231616,-1.726734295,-0.011409007344
31.0875894538,169.054362372,11.5664779593
522.328517548,-1.36535684223,0.0210708466815
27.6717088145,149.866640932,9.44018552616
522.348050336,-1.07452055339,0.0471671983191
24.4754095409,131.856531178,7.40497897165
522.363915259,-0.838249201289,0.0683547758938
21.4479130497,114.760947101,5.43791119737
522.376768486,-0.64684317547,0.0855202337781
18.5768640593,98.530764742,3.54737444987
522.387193975,-0.491593729071,0.0994428224834
15.8380667184,83.0492942411,1.74567155873
522.395510329,-0.367755706665,0.110548554328
13.2562264029,68.4892616292,0.0929510774598
522.40177837,-0.274420698039,0.118918769856
10.9575823946,55.6027815934,-1.27603685498
522.406443824,-0.20495027952,0.125148832343
8.95090483578,44.4728833066,-2.31075974393
522.409985288,-0.152217092045,0.129877910449
7.20676600815,34.9424151656,-3.01825957622
522.412912449,-0.108631428986,0.133786645472
5.73359702198,26.9626963365,-3.52198835552
522.415337215,-0.0725267184488,0.137024492764
4.5132586409,20.4192305515,-3.8498939499
522.417325784,-0.0429171461263,0.139679860379
3.51244145584,15.1336441331,-4.01061722928
522.418928412,-0.0190543130179,0.141819863424
2.70585742811,10.9683149593,-4.01366711024
522.420215813,0.000114765263829,0.143538933611
2.05792024344,7.72987631525,-3.87202421863
522.421233356,0.0152656801148,0.14489765769
1.54579782522,5.28733346883,-3.60329738238
522.421991871,0.026559719929,0.145910499798
1.16404105259,3.57836985143,-3.25326914841
522.42255524,0.0349480874835,0.146662763092
0.880499482278,2.4064883086,-2.86285630866
522.422973247,0.0411720412122,0.147220923027
0.670118259363,1.61627033488,-2.46700920599
522.423276357,0.045685234944,0.14762566315
0.517563555988,1.10175439954,-2.10163772077
522.423492813,0.0489081770418,0.14791469449
0.408621661838,0.773464515201,-1.78831875805
522.423651686,0.0512737308571,0.148126835828
0.328661107677,0.558007038529,-1.52420785675
522.423793138,0.0533799009097,0.148315715832
0.257468180145,0.387666243398,-1.26027904553
522.423919373,0.0552594747034,0.148484274696
0.193934643157,0.255451285156,-0.998233973004
522.424033784,0.0569630143057,0.148637046986
0.136351378377,0.154138640123,-0.735933222932
522.424112329,0.0581325113663,0.148741926712
0.0968198615273,0.096080526601,-0.540470498009
522.424194685,0.0593587648901,0.148851896322
0.055369831945,0.0463972917875,-0.320535029413
522.424222519,0.0597731934542,0.148889062008
0.0413612416526,0.0324009342911,-0.242462746527
0.0,-0.0,-0.0
522.424304699,0.0648188743829,0.111123953092
0.0380621273533,0.0293357194107,-0.223367051085
522.424229074,0.0601172492351,0.146929883744
0.0923988959728,0.0710422971325,-0.542532786531
522.424121113,0.0532670443699,0.199359697738
0.168582339186,0.129389918979,-0.989968894679
522.423969745,0.0437126910593,0.272640012326
0.283274896809,0.217034742751,-1.66372412744
522.423741863,0.0292727736867,0.383663193431
0.46462581491,0.355152959352,-2.72934856277
522.423381539,0.00634510999044,0.560582664947
0.770444177295,0.586900466027,-4.52598071789
522.422773909,-0.0319168802508,0.857264589491
1.30467972633,0.990387202897,-7.66596080641
522.421712435,-0.0993968388547,1.38246467512
2.18717616837,1.65515468945,-12.8558859425
522.419958992,-0.212447139454,2.26512522839
3.43761660226,2.59290704992,-20.2112454033
522.417474457,-0.373019987214,3.52467627124
5.31868405179,3.99214805066,-31.2749910018
522.413736867,-0.612224478003,5.41622319554
8.27976417357,6.17572338354,-48.6896770834
522.407846735,-0.985734106734,8.39538828884
12.0128630953,8.89632824529,-70.6442626698
522.399027886,-1.54063249553,12.8623133651
16.1979127098,11.8965558093,-95.2443254353
522.38592129,-2.35006901655,19.4487376964
20.9768845099,15.2338874404,-123.278316489
522.366165736,-3.50850828757,29.0337414341
26.3797460194,18.8513524191,-154.842918181
522.336771039,-5.07861139688,42.3674495924
32.1856671959,22.53728389,-188.567393136
522.295631868,-7.02550473678,59.4477198852
38.1874042529,26.0965845824,-223.167025331
522.241295846,-9.24151738805,79.7121168032
44.6723945668,29.6035037604,-260.196479527
522.167377492,-11.7591369121,104.059301302
51.6580368251,32.9622004813,-299.620478411
522.067956086,-14.5129582557,132.650651852
59.0118854655,35.9956572846,-340.546554611
521.938556114,-17.3517296537,164.92396924
66.5329020079,38.5038949502,-381.746597963
521.777113039,-20.0867429227,199.952960392
74.187603016,40.3488151021,-422.914193627
521.579509262,-22.5434025038,237.139761642
82.025309827,41.4030435059,-464.168291512
521.339079814,-24.5568164395,276.220051203
89.9116632492,41.5313809942,-504.675949052
521.054792457,-25.9388081017,316.193333851
97.8356766819,40.6372810092,-544.240114719
520.722781833,-26.5294889097,356.395734018
105.840056974,38.6266836264,-582.888758107
520.336524322,-26.1778620691,396.267024848
113.866547474,35.4578303761,-620.14416628
519.894052419,-24.7793137858,434.809837009
121.926399888,31.0809229387,-655.760846885
519.390265429,-22.230968949,470.75789033
130.080105618,25.3939071787,-689.596599637
518.815889827,-18.4357086666,502.837947274
138.452896412,18.2315611728,-721.767699976
518.153923363,-13.3313150747,530.949439537
147.12171493,9.42435297006,-752.095895799
517.386578625,-6.87723708914,555.158311123
156.100690613,-1.17968344759,-780.079315961
516.49824508,0.948359228656,575.426736214
165.202055592,-13.4879089463,-804.696139936
515.494509903,9.99385463421,591.659645122
174.378065739,-27.4453632603,-825.510825584
514.370660324,20.1615663902,604.167139587
183.715798592,-43.1347492856,-842.441034295
513.104522914,31.486779387,613.521047335
193.437063815,-60.9939235835,-855.44662909
511.646952001,44.296101318,620.262105949
203.676324753,-81.4171755038,-864.08394104
509.948132219,58.9344921577,624.748687904
214.467736606,-104.611919144,-867.680320508
507.964057445,75.6806267802,627.174918198
225.865849901,-130.798007199,-865.545368806
505.6376723,94.9102563922,627.653830175
237.842274316,-159.917673875,-857.044712005
502.919160982,116.90404596,626.216323345
250.304256054,-191.582526954,-841.799831366
499.769229425,141.799503927,622.829102976
263.141022506,-225.172830984,-819.810932162
496.1541746,169.648675353,617.492217352
276.216918912,-259.867402832,-791.531420117
492.052271896,200.404526209,610.296680853
289.361911629,-294.67626228,-757.89728758
487.463755544,233.873041177,601.43718351
302.515104807,-328.879294818,-719.831357019
482.36216936,270.066683301,591.062819992
315.599274432,-361.735393931,-678.368722493
476.731627981,308.911950079,579.29309292
328.521908552,-392.535132107,-634.592053936
470.571165771,350.227951362,566.205394763
341.060690839,-420.470446329,-590.024236376
463.963970234,393.367671552,552.022551272
353.065302749,-445.047561186,-545.913735342
456.993584736,437.710757474,536.96277223
364.538945923,-466.185043874,-502.840103034
449.676046501,483.06275851,521.110133098
375.542017426,-483.916808363,-461.025316211
441.987731496,529.429443766,504.465584645
386.11433027,-498.249821853,-420.65288574
433.908372369,576.769048207,487.038693094
396.253860512,-509.138553163,-381.980771305
425.44449236,624.845165644,468.898615294
405.907738504,-516.528208338,-345.391393047
416.65249212,673.116291467,450.22117834
415.037173032,-520.432112669,-311.153142834
407.593303129,720.983324878,431.19371885
423.662821134,-520.947109507,-279.260249174
398.278581071,768.099509692,411.89893713
431.801556812,-518.174855025,-249.686230327
388.722443788,814.065155499,392.426236792
439.469916471,-512.225481191,-222.380832652
378.938451346,858.443313266,372.867209038
446.671519875,-503.242881923,-197.320210568
368.957775841,900.693775897,353.351327037
453.457619577,-491.313875937,-174.303775766
358.742035033,940.525762083,333.87792437
459.869497771,-476.518034494,-153.163846508
348.250305088,977.605604997,314.448122083
465.910008602,-459.002272429,-133.858172991
337.494628696,1011.32560525,295.172189475
471.515559723,-439.218920648,-116.535086708
326.62411308,1040.73029237,276.389728145
476.634077425,-417.712582124,-101.280627246
315.814481076,1064.86809177,258.472643262
481.287912544,-394.876208983,-87.9362757149
305.118004811,1083.32452483,241.549885406
485.569368353,-370.69271034,-76.15794067
294.408325935,1095.93905564,225.481916594
489.57029388,-345.076886164,-65.6214067489
283.499775617,1102.65616451,210.035560613
493.290511622,-318.487815216,-56.2538227573
272.415632428,1103.33779628,195.258149826
496.727941823,-291.3807389,-47.9895296681
261.193828138,1097.8353135,181.220146545
499.880908377,-264.213600811,-40.7613727612
249.884589278,1086.07016421,167.99873835
502.762668563,-237.404849036,-34.4571982342
238.494380981,1068.3586011,155.549548308
505.378232858,-211.400098305,-28.9915327838
227.066055008,1045.13951805,143.864265537
507.734704006,-186.578275666,-24.2817546726
215.646640012,1016.93336342,132.932351805
509.848140345,-163.185277615,-20.2327267728
204.247898101,984.29985692,122.68651019
511.718710893,-141.587189604,-16.7875547023
192.980541962,948.146035503,113.135115584
513.34742494,-122.085944302,-13.8953592149
181.995375981,909.535302924,104.315064497
514.752650713,-104.72547743,-11.482578886
171.363777648,869.293717143,96.1976402308
515.968012367,-89.2868213834,-9.46068447659
161.029330795,827.617356198,88.678825421
517.030114008,-75.4553233533,-7.74539698866
150.844876981,784.22660953,81.6037085699
517.953111318,-63.1689379579,-6.2951043357
140.817376537,739.445034221,74.9310868105
518.743986917,-52.4385115647,-5.08300147038
131.037457166,693.98568965,68.6721343353
519.40801302,-43.2796859871,-4.08772550465
121.658455968,648.882641438,62.8736221074
519.960832358,-35.551950946,-3.27456134552
112.719170619,604.714023756,57.497597393
520.420289816,-29.0580648196,-2.60943915183
104.19452557,561.657715147,52.48138149
520.803981982,-23.5835943113,-2.06171836641
96.0008946451,519.488511657,47.7433386772
521.121641049,-19.0155984491,-1.61361088992
88.1639007777,478.52055324,43.2660570457
521.382916718,-15.2351501598,-1.24855783087
80.6898656593,438.968502722,39.0206194352
521.596731696,-12.1273866186,-0.951984400435
73.5714756926,400.962274306,34.9715600684
521.770256181,-9.59538066793,-0.712801557231
66.8229997803,364.649257008,31.1097193072
521.909702526,-7.55336718771,-0.521675346647
60.4672864378,330.196027396,27.4352264937
522.020511526,-5.92575308988,-0.370530858944
54.534446977,297.819898317,23.952343684
522.109332742,-4.61716169216,-0.249940830653
48.9325997257,267.034465853,20.5994438542
522.179715186,-3.57708013541,-0.154820903219
43.6857101527,237.981165214,17.3839013889
522.233326488,-2.78257766436,-0.0826737719207
38.9625379058,211.626187752,14.4086287803
522.273582426,-2.18478048146,-0.0286659438814
34.7935780981,188.212212843,11.7000371923
522.30418009,-1.72988342547,0.012310164033
31.09432238,167.332004511,9.21716106526
522.328466027,-1.36850296111,0.0447884013608
27.6795359105,147.970802938,6.85191609104
522.347998819,-1.07766424917,0.0708834524207
24.4845212238,129.786080335,4.5746159274
522.363863745,-0.841390928942,0.092069973588
21.4585569352,112.519750721,2.36877352035
522.376716974,-0.649983308939,0.109234575655
18.5893479762,96.1332698577,0.256689903694
522.387142465,-0.494732569641,0.123156470211
15.852789324,80.5253870957,-1.72934433128
522.395458821,-0.37089351602,0.134261648354
13.2736598587,65.8931390172,-3.49717823352
522.401726863,-0.277557730235,0.142631446566
10.9781122686,53.0144188271,-4.87701929516
522.406392318,-0.208086733298,0.14886119844
8.97486497212,41.9827774214,-5.80392699524
522.409933783,-0.155353106777,0.153590040768
7.23268728458,32.626692032,-6.29172738897
522.412860944,-0.111767080845,0.157498580912
5.75951829841,24.8493077512,-6.52485456658
522.41528571,-0.0756620697238,0.160736266776
4.53917991733,18.5357853588,-6.54524717562
522.41727428,-0.0460522508979,0.163391502001
3.53836273227,13.5046405863,-6.36571349202
522.418876909,-0.0221892191313,0.165531398353
2.73177870454,9.60905774848,-6.00806664753
522.42016431,-0.00301998126921,0.167250382833
2.08384151987,6.64609044964,-5.49810903628
522.421181853,0.0121310597093,0.168609039169
1.57171910166,4.4686135856,-4.87502985002
522.421940368,0.0234251935435,0.16962183078
1.18996232902,2.9870989303,-4.22099631341
522.422503737,0.0318136309285,0.170374056569
0.90642075871,1.99797913082,-3.58636985168
522.422921744,0.0380376364692,0.170932188675
0.696039535796,1.34607480569,-3.00576623786
522.423224854,0.0425508677717,0.17133690862
0.54348483242,0.92863845323,-2.51077620086
522.42344131,0.0457738366991,0.17162592555
0.43454293827,0.664749233395,-2.11151935897
522.423600183,0.0481394102063,0.171838056311
0.354582384109,0.491954419272,-1.79051750305
522.423741636,0.0502455977922,0.172026926899
0.283389456578,0.35476969436,-1.48241580685
522.42386787,0.0521251872323,0.172195477358
0.21985591959,0.246944989939,-1.18792393019
522.423982281,0.0538287410156,0.172348242031
0.162272654809,0.162228102037,-0.903604635178
522.424060826,0.0549982478118,0.172453116528
0.12274113796,0.11180083862,-0.69807037295
522.424143183,0.0562245115437,0.172563080656
0.0812911083773,0.0661608280991,-0.472880549393
522.424171016,0.0566389435579,0.172600244489
0.0672825180848,0.0524917110141,-0.394425522283
0.0,-0.0,-0.0
522.424304699,0.0648188743829,0.111123953092
0.0543367686195,0.0417082942909,-0.319162838455
522.424196738,0.0579688278814,0.163552558026
0.130520211833,0.100056941935,-0.766598575642
522.42404537,0.0484146956951,0.236831182633
0.245212769456,0.187703301657,-1.44035268233
522.423817489,0.0339751129139,0.347851803444
0.426563687557,0.325824181483,-2.50597516013
522.423457164,0.0110479814231,0.524767195209
0.732382049941,0.557574572278,-4.30260706498
522.422849535,-0.0272131183636,0.82144227729
1.26661759898,0.961066527401,-7.44258436872
522.421788061,-0.0946915035896,1.34663025024
2.14911404102,1.62584202592,-12.6325034517
522.420034618,-0.207739163968,2.22927044583
3.39955447491,2.56360288707,-19.9878573567
522.417550084,-0.368308251748,3.48879243014
5.28062192444,3.96285353726,-31.0515999623
522.413812495,-0.607507115231,5.38029569116
8.24251702538,6.14704803928,-48.4710770553
522.407922365,-0.981007911159,8.35939195788
11.9848968484,8.87459299849,-70.4802164452
522.399103518,-1.53589309948,12.8262137075
16.1767512527,11.8799160483,-95.1202447686
522.385996925,-2.34531022081,19.4124853854
20.9608430708,15.2210689168,-123.184263162
522.366241378,-3.50372140016,28.9972662708
26.3675357857,18.8413545683,-154.771275984
522.336846689,-5.07378573515,42.3306629541
32.1762230016,22.5292771312,-188.511869393
522.29570753,-7.02062985629,59.410531711
38.1799366933,26.0899483763,-223.122955142
522.241371522,-9.23658477548,79.6744484362
44.6664382758,29.5978504843,-260.161093037
522.16745319,-11.7541360183,104.021050366
51.653247134,32.957235546,-299.591713461
522.068031811,-14.5078787272,132.611708734
59.0079889363,35.9911445766,-340.522770741
521.938631876,-17.3465635044,164.884234012
66.5296833246,38.4996475697,-381.726505963
521.777188846,-20.0814856848,199.912352105
74.1849075439,40.3446866141,-422.896857486
521.579585125,-22.538052634,237.098210583
82.023028176,41.3989143013,-464.15303309
521.339155745,-24.5513747468,276.177490536
89.9097087479,41.527153035,-504.66222772
521.054868468,-25.9332794569,316.149719239
97.8339848188,40.6328706305,-544.227513929
520.722857939,-26.5238814579,356.351035666
105.83858011,38.6220145074,-582.87694798
520.336600538,-26.172187028,396.221225067
113.865247528,35.452835633,-620.132867103
519.89412876,-24.7735857511,434.762943213
121.925247432,31.0755347698,-655.749807678
519.390341913,-22.2252063031,470.709942944
130.079078225,25.3880485681,-689.585577162
518.815966476,-18.429933446,502.789020675
138.45197739,18.2251483184,-721.756456298
518.154000202,-13.3255504536,530.899609742
147.120890993,9.41729956268,-752.084190349
517.386655685,-6.87150680183,555.107650712
156.099950408,-1.18746283481,-780.066902585
516.498322398,0.954030924318,575.375317278
165.201387878,-13.4964801416,-804.682793175
515.494587513,9.99944485706,591.607545468
174.37746084,-27.4547782371,-825.496337549
514.370738263,20.167053794,604.114429074
183.715248935,-43.14505358,-842.425202186
513.104601227,31.492142971,613.467775917
193.436564,-61.0051719967,-855.429230993
511.647030747,44.3013164422,620.20829737
203.675870446,-81.4294217849,-864.06474852
509.948211474,58.9395294895,624.694343762
214.467323848,-104.625201578,-867.659121503
507.964137302,75.6854522922,627.120023266
225.865475129,-130.812345758,-865.521973934
505.637752871,94.914829219,627.59835083
237.841934073,-159.933056887,-857.018981959
502.919242399,116.908318522,626.160210882
250.303946911,-191.598902002,-841.771698602
499.769311839,141.803422688,622.772297329
263.140741142,-225.19010399,-819.780410849
496.154258182,169.652180816,617.434646646
276.216662165,-259.885442063,-791.498611063
492.052356834,200.407553025,610.238260616
289.36167651,-294.694907245,-757.862374717
487.463842036,233.875519054,601.377817942
302.514888707,-328.898373601,-719.794572758
482.362257632,270.068531948,591.002394734
315.599075048,-361.754732346,-678.33033199
476.731718282,308.913078254,579.231476865
328.521723845,-392.554563296,-634.552336806
470.571258374,350.22825634,566.142443724
341.060518877,-420.489822104,-589.983478822
463.964065403,393.367047192,551.958126425
353.065141792,-445.066759192,-545.872203671
456.993682731,437.70909451,536.89674112
364.538794526,-466.203965742,-502.798026195
449.6761476,483.059934643,521.042353828
375.541874418,-483.935373953,-460.982886066
441.987836018,529.425315524,504.395894491
386.114194683,-498.267965935,-420.610263086
433.908480679,576.763447371,486.966906177
396.253731513,-509.156224011,-381.938090439
425.444604863,624.837900066,468.824526265
405.907615341,-516.545368428,-345.348763809
416.652609242,673.107152446,450.144573977
415.03705503,-520.448736519,-311.110651804
407.593425314,720.97208887,431.114378885
423.662707717,-520.963179006,-279.217963097
398.278708812,768.085926191,411.816618201
431.801447481,-518.190357905,-249.644199553
388.722577632,814.048944907,392.340669773
439.46981079,-512.24040971,-222.339094107
378.938591904,858.424163936,372.778094743
446.671417459,-503.257232986,-197.278789658
368.957923782,900.671346901,353.258338317
453.4575201,-491.327646408,-174.262690698
358.74219115,940.499655986,333.780672138
459.869400957,-476.531221302,-153.12311003
348.250470328,977.57535375,314.346140629
465.9099142,-459.014875279,-133.817791858
337.494804144,1011.29067985,295.064945035
471.515467479,-439.230949147,-116.495058175
326.624299838,1040.69016254,276.276682054
476.633987088,-417.724054932,-101.240939892
315.8146802,1064.82226913,258.353278352
481.28782389,-394.887147078,-87.8969146751
305.118217422,1083.27252126,241.423648285
485.569281206,-370.703128156,-76.1188937925
294.408553471,1095.88028028,225.348084776
489.570208106,-345.086791621,-65.5826656296
283.500020029,1102.58982954,209.893146134
493.290427097,-318.497221293,-56.2153763129
272.415895987,1103.26300186,195.106006213
496.727858428,-291.389663162,-47.9513643643
261.194113468,1097.75104852,181.056948548
499.880825998,-264.222065048,-40.7234728885
249.884899397,1085.97530845,167.822960757
502.762587096,-237.412878036,-34.41954709
238.494719481,1068.2518311,155.359386586
505.378152207,-211.40772035,-28.9541123303
227.066426087,1045.01930138,143.657624805
507.734624079,-186.585521535,-24.2445460126
215.647048579,1016.79792594,132.706800275
509.848061059,-163.192178734,-20.1957111499
204.248350051,984.147069596,122.439154706
511.718632168,-141.593780053,-16.7507122753
192.981043961,947.973505723,112.862731144
513.347346699,-122.092260054,-13.8586693483
181.995935228,909.340482835,104.014221976
514.752572886,-104.731552986,-11.4460219654
171.364402163,869.073806753,95.8645785866
515.967934895,-89.2926866038,-9.42424357097
161.030030352,827.368992436,88.3090018353
517.030036845,-75.4610026356,-7.70905828672
150.845664548,783.945374352,81.1911393513
517.953034421,-63.1744539761,-6.25885508638
140.818268044,739.1256,74.4685325944
518.743910248,-52.4438864069,-5.04682934669
131.03847121,693.621995527,68.1513222065
519.40793654,-43.2849413411,-4.05161848531
121.659612896,648.468299789,62.2857592979
519.960756036,-35.5571061837,-3.23850876273
112.720493817,604.241881566,56.8328734392
520.420213624,-29.0631364108,-2.57343197406
104.196043111,561.11940046,51.7283458388
520.8039059,-23.5885957257,-2.02574922401
96.0026423406,518.873623538,46.8877451872
521.121565056,-19.0205415402,-1.5776733182
88.1659213418,477.817187703,42.2915900982
521.382840799,-15.2400451405,-1.21264627821
80.6922106606,438.162889759,37.9084884622
521.596655837,-12.1322421536,-0.916094170812
73.5742082094,400.038310966,33.7000152844
521.770180371,-9.60020413465,-0.676928654204
66.8261957075,363.588834291,29.6543314692
521.909626756,-7.55816483787,-0.485816383885
60.4710356748,328.979540756,25.7694845984
522.020435788,-5.93053019206,-0.334682984967
54.5388533969,296.427201654,22.0490043379
522.109257028,-4.62192229341,-0.214101854543
48.9377991491,265.44177242,18.4260780881
522.179639493,-3.58182763446,-0.118988985614
43.6918637637,236.165272409,14.908352045
522.233250809,-2.78731516284,-0.0468472365896
38.9697943632,209.574797711,11.6128541662
522.273506759,-2.18951045983,0.00715654692042
34.802074309,185.922910319,8.57920733448
522.304104431,-1.7346076838,0.0481295794108
31.104205346,164.807714135,5.77378008027
522.328390375,-1.3732226768,0.080605374947
27.6910239334,145.212628455,3.08553145671
522.347923172,-1.08238030988,0.106698461673
24.4978931536,126.801294292,0.49256229471
522.363788103,-0.846104020957,0.127883387286
21.4741751859,109.32578678,-2.00835350005
522.376641335,-0.654693996307,0.14504669676
18.6076627204,92.7657922944,-4.37088829597
522.387066829,-0.499441306818,0.158967542906
15.874382982,77.0450906002,-6.53024038366
522.395383187,-0.375600697725,0.170071884762
13.2992211231,62.3950038962,-8.34914547875
522.401651231,-0.282263739685,0.178441052677
11.0082012955,49.6196089136,-9.62194448869
522.406316687,-0.212791870269,0.184670335414
9.00996431897,38.8139147746,-10.2812310753
522.409858154,-0.160057581498,0.189398821635
7.27074941194,29.7765850566,-10.3632456905
522.412785315,-0.116471008212,0.193307067444
5.79758042576,22.3481542053,-10.1297846382
522.415210083,-0.0803655436958,0.196544509491
4.57724204469,16.407056688,-9.65222504742
522.417198653,-0.0507553530469,0.199199544762
3.57642485963,11.7591004435,-8.96037483742
522.418801282,-0.026892021628,0.201339279968
2.76984083189,8.23765090173,-8.10255422346
522.420088683,-0.00772254305642,0.203058134999
2.12190364722,5.62354904384,-7.12624904297
522.421106227,0.00742868817157,0.20441668902
1.60978122901,3.75053275229,-6.09623650025
522.421864742,0.0187229638243,0.205429404364
1.22802445637,2.50574067564,-5.12586572138
522.422428112,0.0271115065402,0.206181573505
0.944482886063,1.68991920895,-4.25971526336
522.422846118,0.0333355902339,0.206739663582
0.734101663149,1.158545667,-3.51813799594
522.423149228,0.037848878207,0.207144353049
0.581546959773,0.819748798932,-2.91816737301
522.423365685,0.0410718876034,0.207433348214
0.472605065624,0.60500007724,-2.45334551838
522.423524558,0.0434374908147,0.207645463001
0.392644511462,0.463250188448,-2.09094976595
522.42366601,0.0455437048466,0.207834319365
0.321451583931,0.349235799402,-1.7519811274
522.423792245,0.0474233178875,0.208002857132
0.257918046943,0.257826029626,-1.43565214698
522.423906656,0.0491268930617,0.208155610301
0.200334782163,0.18390751799,-1.13700380379
522.423985201,0.0502964145433,0.2082604769
0.160803265313,0.138327567964,-0.925068520196
522.424067558,0.0515226936725,0.208370432748
0.119353235731,0.0952531980362,-0.69653730282
522.424095391,0.0519371308901,0.208407593782
0.105344645438,0.0818209633973,-0.617796861467
0.0,-0.0,-0.0
522.424304699,0.0648188743829,0.111123953092
0.0761834432131,0.058348483433,-0.447435673611
522.424153331,0.0552650650552,0.184400104018
0.190876000837,0.145995074994,-1.12118984075
522.42392545,0.0408259708022,0.295416977243
0.372226918937,0.284116983333,-2.18681202795
522.423565125,0.0178996163675,0.472326397341
0.678045281322,0.51586803062,-3.98344394124
522.422957496,-0.0203601833012,0.768991463885
1.21228083036,0.919363279706,-7.12342029426
522.421896023,-0.0878362713085,1.29416170711
2.0947772724,1.58414585768,-12.313335998
522.420142581,-0.200880076829,2.17677210452
3.34521770629,2.52191460066,-19.6686859736
522.417658047,-0.361443674866,3.4362515549
5.22628515582,3.92117376565,-30.7324263036
522.413920461,-0.600634322295,5.32769090461
8.18914454715,6.10609707674,-48.1575728912
522.408030333,-0.974122222137,8.30668642775
11.9448756488,8.84361031743,-70.2452077765
522.399211489,-1.52898813764,12.7733569351
16.1464932425,11.8562240877,-94.9426035293
522.386104902,-2.33837693546,19.35940517
20.9379184612,15.2028293266,-123.049656659
522.366349362,-3.49674710165,28.9438598607
26.3500924838,18.827130609,-154.66875431
522.336954685,-5.06675482839,42.2768006308
32.1627342302,22.5178824026,-188.432406613
522.295815542,-7.0135270951,59.3560816523
38.1692725791,26.080497311,-223.059868654
522.241479557,-9.22939773444,79.6192955126
44.657933161,29.5897896181,-260.110416481
522.167561254,-11.7468493025,103.965044731
51.6464082868,32.9501444108,-299.550495186
522.068139915,-14.5004772304,132.554689952
59.0024256237,35.9846863072,-340.488663541
521.938740032,-17.3390355799,164.826055822
66.5250879585,38.4935555124,-381.697665897
521.777297067,-20.0738248262,199.852896032
74.1810592601,40.3387514476,-422.871945552
521.579693426,-22.5302566092,237.037374592
82.0197707505,41.3929645521,-464.131078666
521.339264143,-24.5434447641,276.115176814
89.9069184139,41.5210480832,-504.642456958
521.05497698,-25.9252226595,316.085862898
97.8315694601,40.6264902115,-544.209330091
520.722966585,-26.5157097744,356.285593105
105.836471704,38.6152485996,-582.859877718
520.336709341,-26.1639168781,396.154170401
113.863391705,35.4455877399,-620.116508556
519.894237743,-24.7652384887,434.6942873
121.923602174,31.067706826,-655.733799179
519.390451101,-22.2168088118,470.639744957
130.077611514,25.3795288454,-689.569566865
518.816075899,-18.421517945,502.717389475
138.450665392,18.215814961,-721.740099021
518.154109896,-13.3171508281,530.826656586
147.119714741,9.40702690692,-752.067136469
517.386765695,-6.86315775995,555.033481825
156.098893694,-1.19879926209,-780.048794022
516.498432775,0.962293906386,575.300038166
165.200434652,-13.5089762193,-804.66330226
515.494698307,10.0075883192,591.531270001
174.37659729,-27.4685096631,-825.475162101
514.370849527,20.1750465184,604.037259489
183.714464249,-43.1600867173,-842.402047103
513.104713025,31.4999542361,613.389785316
193.435850469,-61.0215868401,-855.403772813
511.647143164,44.3089101887,620.129520491
203.675221882,-81.4472968486,-864.036654088
509.948324618,58.9468627802,624.614782925
214.466734599,-104.644592797,-867.62808164
507.964251304,75.6924753102,627.03965616
225.864940109,-130.833282315,-865.487712652
505.637867893,94.9214821311,627.517128221
237.841448348,-159.955521704,-856.981296583
502.919358629,116.91453166,626.078061454
250.303505582,-191.622818414,-841.730491501
499.769429493,141.809117661,622.689133136
263.140339471,-225.215334397,-819.735703943
496.154377502,169.657270502,617.350362455
276.216295638,-259.911793789,-791.450552988
492.052478089,200.411941731,610.152732751
289.36134086,-294.722145552,-757.811235644
487.463965511,233.879103849,601.290906148
302.514580205,-328.926247036,-719.740693654
482.362383648,270.071195255,590.913931594
315.598790412,-361.782986134,-678.274101588
476.731847195,308.914686464,579.14127044
328.521460162,-392.58295337,-634.494164854
470.571390571,350.228659035,566.050282928
341.060273388,-420.518131695,-589.923784577
463.964201265,393.366088956,551.863808034
353.064912013,-445.094809308,-545.81137714
456.993822627,437.706615362,536.800071228
364.538578394,-466.231612474,-502.736402619
449.676291927,483.055755524,520.943124713
375.541670263,-483.962500049,-460.920746343
441.987985231,529.419226384,504.293867944
386.114001122,-498.294475955,-420.547842605
433.9086353,576.75520193,486.861810097
396.253547356,-509.182042265,-381.875585772
425.444765469,624.82721702,468.716060055
405.907439516,-516.570439992,-345.2863357
416.652776442,673.093726268,450.03242552
415.036886574,-520.473024089,-311.048426937
407.593599743,720.955592315,430.998225762
423.662545806,-520.986656051,-279.156039114
398.278891172,768.065992551,411.696104193
431.801291402,-518.213006446,-249.582650098
388.722768706,814.025164897,392.215400962
439.469659922,-512.262218386,-222.27797317
378.938792562,858.396081364,372.647633223
446.671271251,-503.278197235,-197.21813437
368.95813498,900.638462728,353.122205272
453.457378089,-491.347761612,-174.202527656
358.74241402,940.461388466,333.638298114
459.869262746,-476.550482938,-153.063457847
348.250706221,977.531017792,314.196844047
465.909779432,-459.03328289,-133.758660375
337.495054611,1011.23950117,294.907944756
471.515335793,-439.248516752,-116.436443325
326.62456645,1040.63136503,276.111189828
476.633858124,-417.740809801,-101.182824902
315.814964466,1064.75513804,258.178537471
481.287697329,-394.903119869,-87.8392777387
305.118520941,1083.19634229,241.238849106
485.569156796,-370.718339963,-76.0617170839
294.408878295,1095.79418879,225.152170282
489.570085658,-345.101254009,-65.5259368172
283.500368946,1102.49267267,209.684670938
493.290306431,-318.510953232,-56.1590791451
272.416272238,1103.15346298,194.883293196
496.727739374,-291.402690333,-47.8954790022
261.194520799,1097.62764831,180.8180593
499.880708395,-264.234419311,-40.6679763103
249.885342116,1085.83640824,167.56566472
502.762470796,-237.424595646,-34.3644148222
238.495202716,1068.09549524,155.081045124
505.378037071,-211.418842668,-28.8993179459
227.06695583,1044.84328902,143.355175371
507.734509977,-186.59609358,-24.1900618279
215.647631838,1016.59964346,132.376688696
509.847947872,-163.202246472,-20.1415096897
204.248995244,983.923405441,122.077153721
511.718519783,-141.603393335,-16.6967644767
192.981760601,947.72096462,112.464130668
513.347235004,-122.101471499,-13.804944986
181.996733594,909.055344941,103.574016797
514.752461782,-104.740413063,-11.392492311
171.365293701,868.751986841,95.3772826936
515.967824298,-89.3012389915,-9.37088382641
161.031029018,827.005586738,87.7679928276
517.029926688,-75.4692830235,-7.65584822366
150.846788851,783.533944435,80.5876991697
517.952924644,-63.182495532,-6.20577602954
140.819540724,738.65838977,73.79212418
518.743800795,-52.4517214418,-4.99386324222
131.039918815,693.090194787,67.389921882
519.407827359,-43.292601581,-3.99874772731
121.661264469,647.862644743,61.4266160416
519.960647081,-35.5646199666,-3.18571772774
112.722382741,603.552024418,55.8617958231
520.420104855,-29.0705278297,-2.5207074351
104.198209459,560.333264086,50.6288161616
520.803797286,-23.595884485,-1.97308038802
96.005137223,517.976249651,45.6392743233
521.121456571,-19.0277449799,-1.52505071751
88.168805725,476.791542142,40.870827674
521.38273242,-15.2471782004,-1.16006178241
80.6955581428,436.989393208,36.288712167
521.596547544,-12.1393175095,-0.863540902533
73.5781088094,398.694252092,31.8505497871
521.770072147,-9.60723257861,-0.62440076065
66.8307577249,362.048976243,27.5411289125
521.909518589,-7.56515551534,-0.433308905762
60.4763873772,327.217041287,23.3562299727
522.020327664,-5.93749081033,-0.282191746293
54.5451429643,294.415218539,19.299366467
522.109148941,-4.62885877282,-0.161623646722
48.9452203046,263.149477111,15.2979307677
522.179531433,-3.58874494693,-0.0665211149093
43.7006463437,233.564404622,11.3622614779
522.233142772,-2.79421784566,0.00561275182696
38.9801502251,206.654287461,7.63170167608
522.273398737,-2.19640214162,0.0596106121686
34.8141984159,182.687170422,4.16658203944
522.303996422,-1.74149099784,0.100579140735
31.1183068982,161.27029768,0.945777711411
522.328282376,-1.38009934549,0.133051360294
27.7074135555,141.387674504,-2.14170411035
522.347815181,-1.08925163178,0.159141570275
24.5169673784,122.715016777,-5.10225602218
522.363680117,-0.852971,0.180324159218
21.4964489706,105.022518179,-7.91533314361
522.376533355,-0.661557457634,0.197485575708
18.6337749592,88.3179627603,-10.4975385164
522.386958853,-0.506301915246,0.211404886466
15.9051590729,72.5605763959,-12.7380193473
522.395275215,-0.382459030682,0.22250800359
13.3356347973,58.0219548994,-14.4466729654
522.401543261,-0.28912035777,0.230876248445
11.0510399971,45.5193214682,-15.3990019255
522.406208719,-0.219647212021,0.237104844137
9.05990141515,35.1268270567,-15.5547163736
522.409750187,-0.166911954457,0.241832808839
7.32508618056,26.5906459108,-14.9969793202
522.41267735,-0.123324580457,0.245740623599
5.85191719438,19.675875679,-14.0766943701
522.415102118,-0.0872184526763,0.248977708581
4.63157881331,14.2459232302,-12.9156943686
522.417090689,-0.0576077180945,0.251632451021
3.63076162825,10.0846916531,-11.5730809418
522.418693319,-0.033743948318,0.253771950231
2.82417760051,7.00047642725,-10.1306976516
522.419980721,-0.0145741176185,0.255490615685
2.17624041584,4.76008152026,-8.65479879834
522.420998264,0.000577391922747,0.25684901987
1.66411799763,3.1856745207,-7.22562729484
522.42175678,0.0118718750386,0.257861623518
1.28236122499,2.15435573258,-5.96993995863
522.42232015,0.0202605718413,0.258613709701
0.998819654683,1.48354495902,-4.91001144608
522.422738156,0.0264847698629,0.259171738224
0.788438431768,1.04675120231,-4.04207746362
522.423041267,0.0309981407389,0.259576383057
0.635883728393,0.766483753873,-3.36393714752
522.423257723,0.0342212093381,0.259865346348
0.526941834243,0.586826308308,-2.85226698225
522.423416596,0.0365868560011,0.260077437741
0.446981280082,0.46655777825,-2.46120629169
522.423558049,0.0386931087214,0.260266273276
0.37578835255,0.368168400529,-2.10140063287
522.423684283,0.0405727562882,0.260434792454
0.312254815562,0.287579540734,-1.7706554763
522.423798695,0.042276362754,0.260587528775
0.254671550782,0.220649470094,-1.46271325103
522.42387724,0.0434459057177,0.260692383809
0.215140033932,0.178177232668,-1.24665886599
522.423959596,0.0446722073719,0.260802327529
0.17369000435,0.136770962896,-1.01593672989
522.42398743,0.0450866522023,0.260839484465
0.159681414058,0.123515355366,-0.936973834119
0.0,-0.0,-0.0
522.424304699,0.0648188743829,0.111123953092
0.114692557623,0.0876470634058,-0.673753807484
522.424076818,0.0503804621762,0.222135588717
0.296043475724,0.225770593236,-1.73937490144
522.423716494,0.0274551926077,0.399036662853
0.601861838109,0.45752310746,-3.53600703484
522.423108865,-0.0108027919417,0.695687731748
1.13609738715,0.861023068983,-6.67598141638
522.422047392,-0.0782756727638,1.22083319601
2.01859382919,1.5258150329,-11.8658912251
522.420293951,-0.19131409646,2.10340194768
3.26903426308,2.46359442906,-19.2212349566
522.417809419,-0.351870030204,3.36282195293
5.15010171261,3.86286581084,-30.2849718846
522.414071834,-0.591049207146,5.2541719806
8.11391413238,6.04851380666,-47.7157213756
522.40818171,-0.964519102753,8.23302670516
11.8885697275,8.80014728255,-69.914616921
522.399362871,-1.51935811155,12.6994858373
16.1039735187,11.823042977,-94.6930146023
522.386256291,-2.32870736723,19.2852217896
20.9057287732,15.1773154744,-122.860683189
522.366500762,-3.48702027577,28.8692205928
26.3256116939,18.8072531133,-154.524901279
522.337106102,-5.05694897377,42.2015241816
32.1438094226,22.5019711569,-188.320948089
522.295966982,-7.0036209285,59.2799837879
38.1543137703,26.0673087747,-222.97140206
522.241631028,-9.21937391156,79.5422153289
44.6460044567,29.5785475974,-260.039366295
522.167712766,-11.7366863351,103.886772804
51.6368174794,32.9402597592,-299.49271568
522.068291483,-14.4901540358,132.475002057
58.9946241323,35.9756873254,-340.440859975
521.938891673,-17.3285359073,164.744747548
66.5186441148,38.4850689628,-381.657250984
521.777448799,-20.0631396033,199.769801798
74.1756631798,40.3304844833,-422.837041039
521.579845269,-22.5193827343,236.952351797
82.0152032779,41.3846773657,-464.100323363
521.339416123,-24.5323839437,276.028088754
89.9030059489,41.5125440447,-504.614765798
521.055129121,-25.9139848879,315.996618889
97.8281828083,40.6176011949,-544.183866503
520.723118914,-26.504311731,356.194132212
105.833515469,38.6058208349,-582.835978293
520.336861889,-26.1523815167,396.060456449
113.860789639,35.4354863775,-620.09361019
519.894390543,-24.7535956529,434.598335469
121.921295357,31.0567948621,-655.711395291
519.39060419,-22.2050960658,470.541637946
130.075555046,25.3676502113,-689.547164865
518.816229316,-18.4097803028,502.617279433
138.448825855,18.2027994181,-721.717215833
518.154263693,-13.3054356337,530.724699009
147.118065536,9.39269886809,-752.043282914
517.386919936,-6.85151350939,554.929825176
156.097412095,-1.21461374517,-780.023469156
516.49858753,0.973817641928,575.194829904
165.199098156,-13.5264111645,-804.636047643
515.494853648,10.0189447877,591.424669277
174.375386528,-27.4876709005,-825.445554968
514.371005527,20.186192099,603.929409194
183.713364063,-43.1810670414,-842.369674657
513.104869772,31.5108459958,613.280787621
193.434850047,-61.0444981063,-855.368182682
511.647300778,44.3194977242,620.019423954
203.674312549,-81.4722488577,-863.997380394
509.948483252,58.9570860674,624.503590801
214.465908431,-104.671663807,-867.584692032
507.964411142,75.7022647031,626.927337281
225.864189976,-130.862513205,-865.439821192
505.638029159,94.9307539759,627.403613793
237.84076733,-159.986888698,-856.92861983
502.919521589,116.923188551,625.963251826
250.302886811,-191.656214459,-841.672892863
499.76959445,141.817049995,622.572905419
263.139776302,-225.250567262,-819.673213955
496.154544797,169.664356466,617.232569604
276.215781742,-259.948594258,-791.383379328
492.052648095,200.418047532,610.03320195
289.360870256,-294.7601856,-757.73975589
487.464138631,233.884085568,601.169441412
302.514147666,-328.965175269,-719.665384358
482.36256033,270.074888499,590.790298983
315.598391334,-361.822446496,-678.195506077
476.732027938,308.916904429,579.015201752
328.52109046,-392.622604766,-634.412855838
470.57157592,350.229191416,565.921483213
341.059929196,-420.55767116,-589.840348052
463.964391752,393.364718469,551.731993327
353.064589848,-445.133986665,-545.726358217
456.99401877,437.703118351,536.664970596
364.538275364,-466.270226571,-502.65026986
449.676494282,483.049881665,520.804447923
375.541384025,-484.000386994,-460.833892356
441.988194438,529.410682034,504.151282171
386.113729738,-498.331502339,-420.460596385
433.908852087,576.743642806,486.71493517
396.253289157,-509.218102276,-381.788222059
425.444990649,624.812249886,468.564475996
405.907192998,-516.605456846,-345.199079157
416.653010867,673.074924041,449.875696275
415.036650388,-520.506945616,-310.96145462
407.593844302,720.93249757,430.835900899
423.662318796,-521.019445142,-279.069487483
398.279146853,768.038092713,411.52768608
431.801072569,-518.244637946,-249.496622073
388.723036603,813.991887896,392.040339321
439.469448396,-512.292676391,-222.192544204
378.939073897,858.356789588,372.46531635
446.671066258,-503.307475342,-197.13335635
368.958431092,900.592458706,352.931964353
453.45717898,-491.375853344,-174.118437748
358.742726496,940.407859156,333.439337753
459.869068967,-476.577381949,-152.980082059
348.251036958,977.469005755,313.988212278
465.90959048,-459.05898852,-133.676012453
337.49540578,1011.16792436,294.688550622
471.515151161,-439.273048573,-116.354517576
326.624940256,1040.54913899,275.879932564
476.633677309,-417.7642059,-101.101597877
315.815363023,1064.66126416,257.934360521
481.287519882,-394.925423073,-87.7587189482
305.118946492,1083.08982275,240.98062213
485.568982366,-370.739579736,-75.981801608
294.409333717,1095.67381577,224.878417613
489.569913977,-345.121446501,-65.4466474158
283.500858147,1102.35683582,209.393374768
493.29013725,-318.530124941,-56.080393099
272.416799762,1103.00032343,194.572112544
496.727572454,-291.42087714,-47.8173685785
261.1950919,1097.4551404,180.484288924
499.880543509,-264.251665733,-40.5904093273
249.885962833,1085.64224433,167.206192298
502.762307737,-237.440952341,-34.2873570697
238.495880237,1067.8769737,154.69218978
505.377875643,-211.434367437,-28.8227324833
227.067698559,1044.59728321,142.932666153
507.734349999,-186.610849333,-24.1139099586
215.648449598,1016.32253587,131.91557084
509.847789177,-163.216297445,-20.0657530083
204.249899838,983.610857933,121.571536577
511.718362211,-141.616809194,-16.6213623588
192.982765365,947.368107015,111.907454845
513.3470784,-122.11432578,-13.7298551833
181.997852941,908.656998634,102.959317862
514.752306006,-104.752776295,-11.3176746668
171.366543678,868.302470019,94.6969345217
515.967669233,-89.3131722177,-9.29630367855
161.032429188,826.498085184,87.0127974228
517.029772241,-75.4808361199,-7.58147729715
150.848365167,782.959518593,79.7455573672
517.95277073,-63.1937148512,-6.1315882204
140.821325065,738.006286309,72.8484331562
518.743647337,-52.4626521396,-4.91983331511
131.041948397,692.348225635,66.3280537746
519.407674281,-43.3032879952,-3.92485107309
121.663580009,647.018037061,60.228993056
519.960494318,-35.575101701,-3.11193250828
112.725031034,602.590562575,54.5089247152
520.419952354,-29.0808385548,-2.44701516204
104.201246678,559.238424303,49.0980997486
520.803645002,-23.6060517386,-1.89946597508
96.0086350122,516.727656813,43.9028031181
521.121304468,-19.0377929954,-1.45150093103
88.172849536,475.366163367,38.8970217123
521.382580464,-15.2571278571,-1.0865652579
80.7002511255,435.361001043,34.0417658751
521.596395709,-12.149186522,-0.790088027003
73.5835771152,396.832787841,29.289861912
521.769920411,-9.6170360294,-0.550983353209
66.8371531039,359.921635683,24.622430526
521.909366931,-7.57490618567,-0.359920034446
60.4838895273,324.789873605,20.0335449977
522.020176069,-5.94719947148,-0.208825574026
54.553959431,291.655731242,15.5286317628
522.108997395,-4.63853369873,-0.0882756886186
48.9556223593,260.022040815,11.0302298816
522.179379928,-3.59839308611,0.00681239426274
43.7129557037,230.039955684,6.55641457458
522.232991296,-2.80384553919,0.0789352433589
38.9946632053,202.729617297,2.28017170433
522.273247285,-2.20601446066,0.132924824461
34.8311874125,178.381904601,-1.70762247089
522.303844986,-1.75109162254,0.173887057571
31.1380639272,156.618293066,-5.40867752001
522.328130954,-1.38969068298,0.20635427873
27.7303721216,136.427911673,-8.92813992244
522.34766377,-1.09883549685,0.232440467677
24.5436803939,117.506273565,-12.2467972501
522.363528715,-0.862548795719,0.25361979049
21.527633677,99.6507071476,-15.3084779373
522.37638196,-0.671130337171,0.270778561018
18.6703197299,82.905263975,-17.9820382867
522.386807464,-0.515870807715,0.284695725658
15.9482092936,67.269621873,-20.1044113674
522.395123831,-0.392024743066,0.295797130885
13.3865372537,53.0491130479,-21.4417959778
522.401391881,-0.298683673536,0.304164085511
11.110874939,41.0420208279,-21.7932280084
522.406057341,-0.229208744047,0.31039172087
9.12958288874,31.2686922321,-21.1892174356
522.409598811,-0.176472132545,0.315118956612
7.40126962377,23.4013801252,-19.7823647977
522.412525975,-0.132883639508,0.31902616886
5.92810063759,17.1258767123,-18.0077362698
522.414950745,-0.0967765847838,0.322262754746
4.70776225652,12.2886263567,-16.0546824338
522.416939317,-0.0671650900277,0.324917087878
3.70694507146,8.6511706275,-14.0121934914
522.418541948,-0.0433007076262,0.327056257218
2.90036104373,6.00283968566,-11.9874541014
522.41982935,-0.0241303848093,0.328774657688
2.25242385905,4.10776780296,-10.0502760053
522.420846895,-0.00897848631185,0.330132852432
1.74030144084,2.78986268337,-8.27855828401
522.421605411,0.00231628674381,0.331145299957
1.3585446682,1.93017071758,-6.79375066422
522.422168781,0.010705198891,0.331897270183
1.0750030979,1.36955413924,-5.58678171448
522.422586788,0.016929556692,0.332455212669
0.864621874981,1.00136115598,-4.62736446848
522.422889898,0.0214430434285,0.332859795114
0.712067171606,0.761996770566,-3.89472074592
522.423106355,0.0246661947648,0.333148713853
0.603125277456,0.606174163899,-3.35132205688
522.423265228,0.0270319021559,0.333360772545
0.523164723295,0.500186914728,-2.94127319275
522.423406681,0.0291382089442,0.333549578965
0.451971795764,0.412005279203,-2.56791717333
522.423532915,0.0310179047622,0.333718072162
0.388438258776,0.338375387362,-2.2279573738
522.423647327,0.0327215549605,0.333870784934
0.330854993995,0.275878174055,-1.91417172433
522.423725872,0.0338911279468,0.333975623801
0.291323477145,0.235357729719,-1.69556623104
522.423808228,0.0351174610801,0.334085550569
0.249873447563,0.194996283157,-1.46350956669
522.423836062,0.0355319165498,0.334122701777
0.235864857271,0.181854115223,-1.3844163571
0.0,-0.0,-0.0
522.424304699,0.0648188743829,0.111123953092
0.181350918101,0.138124855848,-1.06562027198
522.423944375,0.0418952460577,0.288012385512
0.487169280485,0.369877853039,-2.86225292043
522.423336747,0.00364000751004,0.584642252024
1.02140482952,0.773382808385,-6.00222566196
522.422275275,-0.0638280213326,1.10975018336
1.90390127156,1.43818621233,-11.1921289406
522.420521836,-0.176858303166,1.99225585379
3.15434170545,2.37597884254,-18.5474652069
522.418037306,-0.337402642052,3.2515858169
5.03540915498,3.77526547883,-29.6111981503
522.414299724,-0.576564466049,5.1428005476
7.99976311476,5.96133462001,-47.0451306609
522.408409604,-0.950007124348,8.12144200323
11.8033710865,8.73455119946,-69.4142533134
522.399590773,-1.50480542812,12.5875809634
16.039747757,11.7730661279,-94.3158938356
522.386484204,-2.31409486386,19.1728438986
20.8571617153,15.1389387258,-122.57546042
522.366728692,-3.47232115288,28.7561521655
26.2887028873,18.7773802009,-154.307926248
522.337334056,-5.04213029752,42.087490612
32.1152904348,22.4780707686,-188.152898584
522.296194972,-6.98865050434,59.164706017
38.1317780032,26.0475024193,-222.838043851
522.241859063,-9.20422550532,79.4254496366
44.6280371903,29.5616641657,-259.932269476
522.167940865,-11.7213274469,103.768201978
51.6223735905,32.9254113797,-299.40561932
522.068519666,-14.4745527823,132.35428647
58.9828760903,35.9621637381,-340.36879263
521.939119966,-17.3126677193,164.621577582
66.5089411462,38.4723084279,-381.596311091
521.777677229,-20.0469907747,199.643926656
74.1675382773,40.3180461694,-422.784397001
521.580073867,-22.5029485971,236.823555491
82.0083262418,41.3722000668,-464.053923243
521.339644925,-24.5156671104,275.896164229
89.8971152707,41.4997315884,-504.572974153
521.055358165,-25.8970005145,315.861428797
97.8230838957,40.6042002165,-544.145422308
520.723348242,-26.487085092,356.055584265
105.829064649,38.5915994339,-582.799881206
520.337091547,-26.1349473851,395.918495866
113.856872087,35.4202411533,-620.059010901
519.894620581,-24.735999227,434.452985248
121.917822347,31.040319032,-655.677529189
519.390834661,-22.1873942246,470.393023362
130.072458968,25.3497080156,-689.513287759
518.816460282,-18.3920411968,502.465630945
138.446056387,18.1831334998,-721.682597384
518.154495232,-13.2877309434,530.570252146
147.115582631,9.37104366816,-752.007183254
517.387152141,-6.83391666438,554.772804817
156.095181531,-1.2385213793,-779.985130453
516.498820511,0.991231581877,575.035459402
165.197086052,-13.5527739679,-804.594776547
515.49508751,10.0361050345,591.263189693
174.373563723,-27.5166489744,-825.400712075
514.371240381,20.2030326032,603.766036959
183.711707732,-43.212800796,-842.320635487
513.105105751,31.5273017393,613.115677494
193.433343915,-61.0791568729,-855.314262607
511.647538063,44.33549236,619.852649487
203.672943554,-81.5099988948,-863.93787427
509.948722072,58.9725286635,624.335156924
214.464664642,-104.712623624,-867.51894555
507.964651774,75.7170497436,626.757196794
225.863060657,-130.906744718,-865.36725038
505.638271943,94.9447547166,627.231662506
237.839742063,-160.034355909,-856.848796052
502.919766923,116.936257408,625.789338811
250.301955258,-191.706755234,-841.585609984
499.76984279,141.829020901,622.396844555
263.138928458,-225.30389046,-819.578519024
496.154796654,169.675044856,617.054138188
276.215008079,-260.004292132,-791.281587717
492.052904036,200.427250683,609.852138247
289.360161768,-294.817761334,-757.631440283
487.464399259,233.89158542,600.985448605
302.513496486,-329.024096654,-719.551267269
482.362826321,270.08043597,590.60302277
315.597790529,-361.882174266,-678.076411071
476.732300042,308.920216484,578.824235953
328.520533881,-392.682622311,-634.289650875
470.571854958,350.229949419,565.726381139
341.059411021,-420.617519619,-589.713921103
463.964678526,393.362593227,551.532324945
353.064104835,-445.193287124,-545.597535211
456.994314058,437.697771031,536.460325623
364.537819157,-466.328674365,-502.519760691
449.676798924,483.040933045,520.594386863
375.540953099,-484.05773389,-460.702291806
441.988509393,529.397687274,503.935301039
386.113321174,-498.387546272,-420.328402842
433.909178456,576.726080368,486.492458305
396.252900443,-509.272682978,-381.655851694
425.445329653,624.789524093,468.334867481
405.906821869,-516.658458004,-345.066872257
416.653363789,673.046387972,449.638295884
415.036294814,-520.558288198,-310.829679333
407.59421248,720.897458371,430.590026679
423.661977038,-521.069072922,-278.938350463
398.279531773,767.995774028,411.272584652
431.80074312,-518.292512802,-249.366279162
388.723439915,813.941423291,391.775177647
439.469129947,-512.338774209,-222.063109634
378.93949744,858.297213409,372.189168458
446.670757646,-503.351786402,-197.004908654
368.958876881,900.522714699,352.643817891
453.456879225,-491.418367809,-173.991033166
358.743196922,940.326716104,333.137988833
459.868777236,-476.61809019,-152.853759936
348.251534873,977.375013854,313.672220114
465.909306017,-459.097889511,-133.550793561
337.495934456,1011.05944526,294.356264215
471.514873201,-439.310171933,-116.230393234
326.62550301,1040.42453088,275.529686357
476.633405096,-417.799609289,-100.978532503
315.815963041,1064.51901557,257.5645562
481.28725274,-394.959171332,-87.6366663029
305.119587148,1082.92842362,240.589550057
485.568719765,-370.771717467,-75.8607238978
294.410019343,1095.49143846,224.463845904
489.569655516,-345.151998149,-65.3265184917
283.501594626,1102.15104371,208.952251699
493.289882551,-318.559130625,-55.9611785133
272.417593936,1102.76833472,194.100898354
496.727321159,-291.448391192,-47.6990262892
261.195951676,1097.19383104,179.978894086
499.880295276,-264.277755563,-40.4728905544
249.886897303,1085.34815577,166.661913322
502.762062254,-237.465694666,-34.1706099622
238.496900223,1067.54602292,154.103465819
505.377632617,-211.457849791,-28.7067010552
227.068816712,1044.22474699,142.29304773
507.734109155,-186.633166991,-23.9985355652
215.649680707,1015.90295242,131.217579861
509.847550265,-163.237547692,-19.9509774483
204.25126167,983.137681317,120.806287849
511.71812499,-141.637097538,-16.5071240701
192.984277998,946.833995043,111.065063484
513.346842637,-122.133763594,-13.6160901438
181.999538069,908.054154022,102.029301804
514.752071489,-104.771470395,-11.2043220254
171.36842546,867.622349903,93.6678319558
515.967435787,-89.3312150554,-9.18331091072
161.034537073,825.730457413,85.8708013886
517.029539723,-75.4983032342,-7.46880155715
150.850738221,782.090975559,78.4725270404
517.952539017,-63.2106764446,-6.01918995263
140.824011275,737.020734842,71.4225197745
518.743416308,-52.4791766019,-4.80767428057
131.045003783,691.227484274,64.7244563629
519.407443824,-43.3194424782,-3.81289398192
121.667065859,645.743146288,58.4216171256
519.960264337,-35.5909461858,-3.00014426968
112.729017777,601.14053525,52.4689868056
520.419722766,-29.0964240375,-2.33536776113
104.205818857,557.589014021,46.7924338635
520.803415743,-23.6214199261,-1.7879365521
96.0139004477,514.849164047,41.2907105113
521.12107548,-19.0529805905,-1.34006943351
88.1789368156,473.225385911,35.9329474109
521.382351699,-15.2721664823,-0.975214465711
80.7073154525,432.920669757,30.6747887528
521.596167126,-12.1641030074,-0.67880337396
73.5918082747,394.05098006,25.4633284783
521.769691975,-9.63185321811,-0.439752443195
66.8467793492,356.753893833,20.2762943949
521.909138613,-7.58964343551,-0.248732363784
60.4951810802,321.192224783,15.1081305263
522.019947845,-5.96187309612,-0.0976722980695
54.5672282804,287.58927058,9.97095324079
522.108769247,-4.65315622951,0.0228499883582
48.9712761516,255.44778176,4.7861718951
522.179151839,-3.6129750469,0.117916177528
43.7314776184,224.93419163,-0.409293603645
522.232763253,-2.81839653391,0.190022332174
39.0164977535,197.110195492,-5.38826324384
522.273019275,-2.22054216986,0.243999368183
34.8567425893,172.301820671,-10.0128115473
522.303617003,-1.76560161999,0.28495206212
31.1677765177,150.152551225,-14.2546452796
522.327902991,-1.40418661443,0.317411709471
27.7648903592,129.663874246,-18.2038529698
522.347435824,-1.11332011091,0.34349180556
24.5838300084,110.561389949,-21.8022315559
522.363300782,-0.877024217399,0.364666179381
21.5744840754,92.6793359133,-24.9452545896
522.376154039,-0.685598313016,0.381820940626
18.7251922434,76.1023132419,-27.4487217106
522.386579551,-0.53033274492,0.395734853365
16.0128025105,60.8662190035,-29.1038802486
522.394895925,-0.406481863854,0.406833664647
13.4628388709,47.2861725907,-29.6658582868
522.40116398,-0.313137164511,0.415198664258
11.2004601582,36.0865493988,-29.0296857601
522.405829444,-0.243659533448,0.421424844478
9.23376374689,27.1928066032,-27.3508942329
522.409370917,-0.190920871333,0.426150975662
7.51596218139,20.1873261302,-24.8649688741
522.412298084,-0.147330683451,0.43005727496
6.04279319522,14.6789508152,-22.0654011517
522.414722856,-0.111222224817,0.433293104592
4.82245481414,10.5059802777,-19.2249065171
522.41671143,-0.0816095787361,0.435946817519
3.82163762908,7.41651983288,-16.450420613
522.418314062,-0.0577442684783,0.438085487026
3.01505360135,5.19461637564,-13.8561699852
522.419601465,-0.0385732003232,0.439803485979
2.36711641668,3.6165895707,-11.4956655064
522.42061901,-0.0234207127283,0.441161363371
1.85499399847,2.5208498797,-9.42740445541
522.421377527,-0.0121255005431,0.44217357433
1.47323722583,1.80248150446,-7.75404484041
522.421940898,-0.00373626224482,0.442925368853
1.18969565552,1.32892983309,-6.43098461482
522.422358905,0.00248833755047,0.443483180972
0.979314432605,1.01318605557,-5.40168764489
522.422662016,0.00700199976465,0.443887668883
0.826759729229,0.804313125101,-4.6284609507
522.422878472,0.0102252764125,0.444176520114
0.71781783508,0.665930152907,-4.06188047569
522.423037346,0.0125910757783,0.444388529258
0.637857280918,0.570253184503,-3.63814780034
522.423178799,0.014697464456,0.444577291562
0.566664353387,0.48936579154,-3.2551307582
522.423305033,0.0165772333532,0.444745745388
0.503130816399,0.420668080117,-2.90865934248
522.423419445,0.0182809497863,0.444898422479
0.445547551619,0.361296627787,-2.59077047733
522.42349799,0.0194505682429,0.445003236848
0.406016034769,0.322153543662,-2.37037611822
522.423580347,0.0206769490542,0.445113137932
0.364566005187,0.282542155839,-2.13737232578
522.42360818,0.0210914206368,0.445150280458
0.350557414894,0.26948920185,-2.05817877408
0.0,-0.0,-0.0
522.424304699,0.0648188743829,0.111123953092
0.305818362384,0.231750572586,-1.79663190377
522.423697072,0.0265680023683,0.407720043734
0.840053911424,0.635259943572,-4.93660519889
522.422635602,-0.0408923111616,0.932768184268
1.72255035346,1.30007617933,-10.1265027176
522.420882164,-0.153909646342,1.81517336491
2.97299078735,2.23788418833,-17.481830677
522.418397637,-0.314435547914,3.07435988892
4.85405823688,3.63718893502,-28.5455592783
522.414660061,-0.553569778674,4.96535908863
7.81841219665,5.82327885498,-45.9794902228
522.408769949,-0.926969126709,7.9436608023
11.6675803525,8.63041670516,-68.6165051465
522.39995113,-1.48170270549,12.409289722
15.9376659131,11.6939826793,-93.716258472
522.386844579,-2.29089702234,18.9937991316
20.7801056645,15.0783420046,-122.122725391
522.367089093,-3.44898558038,28.5760073615
26.2302111734,18.7302776198,-153.963890325
522.337694496,-5.01860463059,41.9058083202
32.0701273362,22.440417581,-187.886605147
522.296555467,-6.96488355803,58.981041695
38.0961062972,26.0163125838,-222.626792442
522.242219631,-9.18017557578,79.2394150395
44.5996057473,29.5350797889,-259.762642999
522.168301532,-11.6969428746,103.57929179
51.5995224339,32.9020264608,-299.267670707
522.068880466,-14.4497828968,132.16195967
58.9642926682,35.9408550502,-340.254634143
521.93948094,-17.2874734888,164.425340961
66.4935942345,38.4521882781,-381.49975835
521.778038419,-20.0213504498,199.443380712
74.15468826,40.2984178411,-422.700963626
521.580435323,-22.4768548123,236.618356171
81.9974503597,41.3524922835,-463.980358688
521.340006704,-24.4891240942,275.685981717
89.8877996416,41.4794759464,-504.506688308
521.055720328,-25.8700324516,315.64604432
97.8150206051,40.5829957689,-544.084417866
520.723710853,-26.4597322706,355.834850835
105.822026386,38.5690788632,-582.742573145
520.337454681,-26.1072652119,395.69232624
113.850677204,35.3960822209,-620.004053115
519.894984314,-24.7080596912,434.221416087
121.912330496,31.0141938791,-655.623708746
519.391199079,-22.1592878913,470.156254241
130.067563209,25.3212424247,-689.45942276
518.816825483,-18.3638765555,502.224028995
138.441677125,18.1519185631,-721.627526935
518.15486134,-13.2596221107,530.324192571
147.111656527,9.33665718895,-751.949730717
517.387519303,-6.80598055146,554.522645848
156.091654464,-1.27649793049,-779.92409031
516.499188899,1.01887546193,574.781556842
165.193904438,-13.5946630204,-804.529046222
515.49545729,10.0633439779,591.005927548
174.370681447,-27.5627051752,-825.329274764
514.37161173,20.2297614442,603.505760004
183.709088699,-43.263247539,-842.242497835
513.105478879,31.5534169313,612.852632256
193.430962388,-61.1342637299,-855.228335041
511.647913255,44.3608722757,619.586953143
203.670778876,-81.5700306288,-863.843034447
509.949099693,58.9970284124,624.066817346
214.462697946,-104.777768995,-867.414152212
507.96503226,75.7405011795,626.486138815
225.861274966,-130.977102379,-865.251574433
505.638655829,94.9669558496,626.957720185
237.838120903,-160.109868565,-856.721556043
502.920154843,116.956973028,625.512271766
250.300482281,-191.787164667,-841.446479091
499.770235462,141.847986337,622.116356355
263.137587845,-225.388732944,-819.427573865
496.155194889,169.691965951,616.769874135
276.213784762,-260.092918195,-791.119332385
492.053308728,200.441804339,609.563681489
289.359041508,-294.909379616,-757.458788721
487.46481136,233.903424097,600.692326416
302.51246684,-329.117859424,-719.369371944
482.363246903,270.089162691,590.304670885
315.596840537,-361.977222554,-677.886585225
476.732730291,308.925380166,578.520007489
328.51965382,-392.778133235,-634.093278247
470.572296171,350.231042264,565.415564728
341.058591685,-420.712762274,-589.512417055
463.96513197,393.359090644,551.214235774
353.063337933,-445.287657939,-545.392216024
456.994780964,437.689133103,536.134310372
364.537097805,-466.421688036,-502.311757604
449.677280619,483.026555524,520.259745723
375.54027172,-484.148994999,-460.49255255
441.989007397,529.376861385,503.591231546
386.112675153,-498.47673294,-420.117721492
433.909694506,576.697975159,486.138043899
396.252285811,-509.359539895,-381.444891268
425.445865681,624.753190536,467.969095725
405.906235043,-516.742799864,-344.856174817
416.653921824,673.000795466,449.260115722
415.035732583,-520.639989065,-310.619671968
407.594794639,720.841503215,430.198352564
423.66143665,-521.148043188,-278.729362275
398.280140405,767.928219577,410.866217429
431.800222198,-518.368691687,-249.15855829
388.724077628,813.860889504,391.352791478
439.468626418,-512.412123249,-221.856837924
378.94016714,858.202162318,371.749289735
446.670269669,-503.422290052,-196.800211081
368.959581757,900.411464194,352.184835717
453.456405255,-491.486010347,-173.787999196
358.743940752,940.197305581,332.657987678
459.868315952,-476.682856221,-152.652452133
348.25232217,977.225134822,313.168907732
465.908856224,-459.15977735,-133.351244899
337.496770391,1010.88648934,293.827014286
471.514433693,-439.369228701,-116.032589758
326.626392829,1040.22588476,274.971850095
476.632974673,-417.855926768,-100.782417384
315.816911779,1064.29227413,256.975592647
481.286830336,-395.012852748,-87.4421657487
305.120600143,1082.67118479,239.966741985
485.568304542,-370.822833816,-75.6677775957
294.411103443,1095.20079534,223.803646216
489.569246839,-345.200588329,-65.1350847054
283.502759134,1101.82312111,208.24981064
493.289479822,-318.605258504,-55.7712022869
272.418849668,1102.39870999,193.350592404
496.726923812,-291.492143282,-47.5104405697
261.197311136,1096.77753955,179.174228862
499.879902771,-264.319239212,-40.285617555
249.888374865,1084.87970436,165.795422981
502.761674098,-237.505032051,-33.9845670079
238.498513001,1067.01893,153.166328272
505.377248346,-211.495180319,-28.5217988862
227.070584705,1043.63151995,141.27503811
507.733728334,-186.668642406,-23.8146806886
215.6516273,1015.23493445,130.106852457
509.847172499,-163.27132294,-19.7680770821
204.253414953,982.384506849,119.588781454
511.717749897,-141.669340669,-16.3250800789
192.986669717,945.984053893,109.725157166
513.346469849,-122.164651996,-13.4348004748
182.002202522,907.095140876,100.550463646
514.751700673,-104.801174205,-11.0236896821
171.37140084,866.540812753,92.0320248662
515.967066663,-89.3598815277,-9.00325216997
161.037869941,824.510317203,84.0563405634
517.029172069,-75.5260526863,-7.28924812465
150.854490337,780.711202481,76.4509728593
517.952172632,-63.2376206946,-5.840078779
140.828258501,735.456172555,69.1597328402
518.743051006,-52.5054245812,-4.62894441579
131.049834676,689.449857325,62.1818756784
519.407079428,-43.3451011463,-3.63448598938
121.672577294,643.723201502,55.5589741706
519.959900692,-35.6161110818,-2.82200540612
112.735321078,598.846171097,49.242242914
520.419359744,-29.1211763886,-2.15745337395
104.21304764,554.983506654,43.1513358565
520.80305324,-23.6458261638,-1.6102102056
96.0222251005,511.888012249,37.1742331966
521.120713405,-19.0770991758,-1.16249916654
88.1885605202,469.859743425,31.2739894016
521.381989976,-15.2960477844,-0.797772831618
80.7184834018,429.097009796,25.4001084036
521.595805691,-12.1877897617,-0.501467156222
73.60482023,389.710995952,19.4940572101
521.769330773,-9.65538180978,-0.262501884098
66.8619957247,351.838867124,13.5329835076
521.908777599,-7.61304469822,-0.0715507219267
60.5130283901,315.648998688,7.51828949983
522.01958698,-5.98517301476,0.0794545236516
54.5881986975,281.378612036,1.48049547177
522.1084085,-4.67637476431,0.199932821362
48.9960124158,248.539557056,-4.64850184213
522.178791187,-3.63612896058,0.29496411519
43.7607408966,217.331951949,-10.7892825833
522.232402672,-2.84150112386,0.36704366136
39.050987034,188.884943248,-16.6265601764
522.272658749,-2.2436096699,0.421000702359
34.8970978903,163.576705214,-21.9525227598
522.303256517,-1.7886409082,0.46193819228
31.2146815706,141.080694232,-26.6979005676
522.327542538,-1.42720349788,0.494385768112
27.8193594528,120.418889451,-30.9275926327
522.347075397,-1.13631896764,0.520456153098
24.6471526074,101.354055407,-34.5355245815
522.362940377,-0.900008432215,0.541622638964
21.6483259966,83.7583989686,-37.3679922779
522.37579365,-0.708570667867,0.558771010011
18.8116039644,67.7435022562,-39.2066007061
522.386219177,-0.553295481233,0.572679739708
16.114408,53.3533697174,-39.8358900043
522.394535561,-0.429436928424,0.583774416632
13.5826860074,40.8605908401,-39.070771905
522.400803625,-0.336086447399,0.592136300243
11.3409189869,30.8410334025,-37.0000974682
522.405469096,-0.266604513184,0.598360161188
9.39675935558,23.0928760918,-33.9463874801
522.409010573,-0.213862584786,0.603084531872
7.69731309949,17.116322876,-30.2127849854
522.411937744,-0.170269697301,0.606989376063
6.22414411332,12.4589864626,-26.276732506
522.414362519,-0.134159002476,0.610224000341
5.00380573224,8.97669885869,-22.5140402978
522.416351096,-0.104544522527,0.612876724753
4.00298854718,6.4224995376,-19.025026852
522.41795373,-0.0806777343509,0.615014597602
3.19640451945,4.59348623825,-15.9064512926
522.419241135,-0.0615054789965,0.616731956596
2.54846733478,3.29249806225,-13.1763733766
522.420258681,-0.0463520530699,0.618089328178
2.03634491657,2.38202927375,-10.8610915914
522.421017199,-0.0350561414239,0.619101162087
1.65458814393,1.77700382199,-9.03672384958
522.421580571,-0.026666383622,0.619852676564
1.37104657362,1.37116518573,-7.62353717927
522.421998578,-0.02044139837,0.620410280898
1.16066535071,1.09526425665,-6.54127780459
522.42230169,-0.0159274566497,0.620814618137
1.00811064733,0.909156884503,-5.73783994757
522.422518146,-0.0127039804025,0.621103361771
0.89916875318,0.783639903194,-5.15422108823
522.42267702,-0.0103380345367,0.62131529194
0.819208199019,0.69551031111,-4.7205184857
522.422818473,-0.00823151542269,0.62150398393
0.748015271488,0.619936339768,-4.33050573593
522.422944708,-0.00635163012249,0.621672375007
0.6844817345,0.554823764685,-3.97933821893
522.42305912,-0.00464780818835,0.621824995225
0.62689846972,0.497730673893,-3.65849174856
522.423137665,-0.0034781173042,0.621929770551
0.58736695287,0.459603695188,-3.43679990196
522.423220022,-0.0022516605504,0.622039630697
0.545916923287,0.420568139513,-3.20309044497
522.423247855,-0.00183716330254,0.622076759387
0.531908332995,0.407594796687,-3.123812208
0.0,-0.0,-0.0
522.424304699,0.0648188743829,0.111123953092
0.53423554904,0.403515443205,-3.13996680642
522.423243231,-0.00262853663787,0.63607186031
1.41673199108,1.06834663594,-8.32984370718
522.421489798,-0.115624220875,1.51830857981
2.66717242497,2.00617707349,-15.6851525937
522.419005277,-0.276119289518,2.77725464246
4.5482398745,3.40551527555,-26.748873705
522.415267709,-0.515207376219,4.66789252595
7.51259383427,5.5916461764,-44.1828030329
522.40937761,-0.888534297348,7.64562469616
11.4355251471,8.45362282874,-67.2535376141
522.400558811,-1.44315963877,12.110398584
15.7640286279,11.5604813091,-92.6965939939
522.387452289,-2.2521948932,18.6936447836
20.6494271936,14.9764541589,-121.35519524
522.367696848,-3.41005313462,28.2740089125
26.1312059517,18.6513103732,-153.381790036
522.338302318,-4.97935431351,41.6012324299
31.9937744432,22.3774306374,-187.436613222
522.297163381,-6.9252297929,58.673143136
38.0358450789,25.9642261521,-222.270109187
522.242827668,-9.14004864914,78.9275429634
44.5516002993,29.490746922,-259.476415681
522.168909736,-11.6562564426,103.262599093
51.5609527036,32.8630732695,-299.035008645
522.069488895,-14.40845229,131.839539399
58.9329339118,35.9053894194,-340.062173955
521.940089661,-17.2454335218,164.09636632
66.4677012618,38.4187169851,-381.337038195
521.778647506,-19.9785648598,199.107181992
74.1330105282,40.2657704568,-422.560401607
521.581044858,-22.4333114212,236.274356631
81.9791045116,41.3197099879,-463.856465566
521.340616785,-24.4448301543,275.333628487
89.8720866585,41.4457729357,-504.395092432
521.056331055,-25.825028615,315.284970683
97.8014206092,40.5476997668,-543.981749883
520.724322335,-26.4140861525,355.464810417
105.810155675,38.5315742529,-582.646160789
520.338067044,-26.0610697488,395.313172829
113.840229219,35.3558290907,-619.911627954
519.89559769,-24.6614355625,433.833211183
121.903068406,30.9706431584,-655.533228316
519.391813609,-22.1123868469,469.759332458
130.059306575,25.2737675052,-689.368898595
518.817441334,-18.3168803259,501.819005828
138.434291661,18.0998344897,-721.535007285
518.155478718,-13.2127218701,529.911697054
147.105035373,9.27925647833,-751.853238252
517.388138458,-6.75937218068,554.103278574
156.08570632,-1.33991683516,-779.821599715
516.499810122,1.06499170681,574.355914332
165.188538919,-13.664640807,-804.418704908
515.496080862,10.1087792692,590.574653604
174.365820768,-27.6396690193,-825.209374445
514.372237947,20.2743395688,603.069432656
183.704671978,-43.3475722972,-842.111370113
513.106108097,31.5969643321,612.411664857
193.426946214,-61.226401765,-855.084150695
511.648545954,44.4031849967,619.141542226
203.667128407,-81.6704263453,-863.683909633
509.949736485,59.0378634185,623.616976243
214.459381362,-104.886739439,-867.238339349
507.965673884,75.7795763842,626.03174168
225.858263633,-131.094813555,-865.057514364
505.639303189,95.0039323536,626.498489049
237.835387039,-160.236224991,-856.508105255
502.920809003,116.991456174,625.047803916
250.297998312,-191.921733895,-841.213089147
499.770897637,141.879532029,621.64615516
263.135327093,-225.530737849,-819.174373249
496.155866446,169.720080609,616.293345347
276.211721817,-260.241270098,-790.847166752
492.053991172,200.465945822,609.08012672
289.357152355,-295.062751836,-757.169191227
487.4655063,233.923009256,600.200953678
302.510730497,-329.274830702,-719.064275841
482.363956143,270.103525437,589.804534824
315.595238519,-362.136352738,-677.568193367
476.733455833,308.933763656,578.010024363
328.518169731,-392.938042641,-633.763911605
470.573040201,350.232594545,564.894542814
341.057210001,-420.872225372,-589.174449439
463.965896625,393.352931678,550.681027938
353.062044674,-445.445662644,-545.047854892
456.995568323,437.674357236,535.587822344
364.535881357,-466.577420551,-501.962899981
449.678092917,483.002149274,519.698805453
375.539122682,-484.301792243,-460.140787657
441.989847195,529.341636015,503.014495127
386.111585743,-498.62605513,-419.764380815
433.910564737,576.650537104,485.543976448
396.251249331,-509.504958856,-381.091086472
425.446769602,624.691948338,467.356001955
405.905245453,-516.884004763,-344.502814674
416.654862854,672.92402105,448.626235911
415.034784469,-520.77676859,-310.267472417
407.595776351,720.747346154,429.541869528
423.660525374,-521.280246933,-278.378874934
398.281166758,767.814606747,410.185124048
431.799343745,-518.496217581,-248.810199015
388.72515302,813.725507643,390.644868904
439.467777296,-512.534906634,-221.510911416
378.941296473,858.042433753,371.012072183
446.669446776,-503.540304694,-196.456926679
368.960770408,900.224570077,351.415628183
453.45560598,-491.59922973,-173.447506725
358.745195092,939.979960772,331.853585919
459.867538071,-476.791254386,-152.314856323
348.253649808,976.973471817,312.325477918
465.908097722,-459.263351328,-133.016600876
337.498180047,1010.59613911,292.940164868
471.513692534,-439.468057338,-115.700873934
326.627893352,1039.89247163,274.03715386
476.632248835,-417.950163783,-100.453534282
315.818511657,1063.91177319,255.988805035
481.28611802,-395.102671056,-87.1159914554
305.122308377,1082.23957824,238.923325941
485.567604335,-370.908352324,-75.3442108403
294.412931581,1094.71322209,222.697679443
489.56855767,-345.281872151,-64.8140553997
283.504722863,1101.2731018,207.073196707
493.288800686,-318.682414633,-55.4526181786
272.420967227,1101.77885397,192.093948118
496.726253751,-291.565316679,-47.1941891241
261.19960361,1096.07955639,177.826724907
499.879240876,-264.388609783,-39.9715682419
249.890866494,1084.09442943,164.344619852
502.761019536,-237.57080457,-33.6725811066
238.501232638,1066.13555916,151.59753944
505.376600335,-211.557588464,-28.211726638
227.073566075,1042.63757816,139.571261026
507.733086141,-186.727940544,-23.5063652405
215.654909834,1014.11602874,128.248416502
509.846535458,-163.327770813,-19.4613627805
204.257046015,981.123429539,117.552373836
511.717117364,-141.723219994,-16.0198022946
192.990702831,944.561575827,107.484940398
513.345841202,-122.21626015,-13.1307880112
182.006695519,905.490948878,98.0791831276
514.751075351,-104.850796413,-10.7207798283
171.376418114,864.732782824,89.3000541117
515.966444195,-89.4077646515,-8.70130448275
161.043489987,822.472094849,81.0281782301
517.028552079,-75.5723984329,-6.98814804261
150.860817278,778.408425275,73.0801994881
517.951554784,-63.2826165229,-5.53972054022
140.835420225,732.847968822,65.3909332627
518.742434984,-52.5492531114,-4.32922578087
131.057980461,686.490682629,57.9529766288
519.406464933,-43.3879416943,-3.33530725848
121.681870421,640.366567526,50.8059764208
519.959287464,-35.6581238177,-2.5232781074
112.745949156,595.04182009,43.8961787984
520.418747566,-29.1624974893,-1.85910260729
104.225235818,550.674919148,37.1348207453
520.802441937,-23.686567002,-1.31217485398
96.0362604502,507.00798085,30.3949963993
521.120102825,-19.1173577614,-0.86472561877
88.2047852823,464.336903308,23.6337722085
521.381379989,-15.3359085616,-0.500215049137
80.7373104637,422.856603931,16.7963145345
521.595196189,-12.2273243768,-0.204086196132
73.6267541872,382.676596098,9.82307924839
521.768721665,-9.69465126299,0.0347353947278
66.8876429773,343.941722098,2.70134435001
521.908168806,-7.65210068254,0.225570957226
60.5431060848,306.840071366,-4.54205412579
522.018978438,-6.02405909415,0.376484249227
54.623533646,271.643720294,-11.8305752137
522.107800159,-4.71512440236,0.49688876167
49.0376834429,237.896883148,-19.1920289769
522.178183005,-3.67477026019,0.591861523188
43.8100237671,205.869236536,-26.4583079023
522.231794612,-2.88005973133,0.663896437179
39.109049817,176.7935924,-33.1787819015
522.272050779,-2.28210609542,0.717819939217
34.9650058506,151.113546277,-39.0577151041
522.302648617,-1.82709003605,0.758731926431
31.2935687606,128.52834075,-43.9898876737
522.326934692,-1.46561506368,0.791159253907
27.9109070559,108.078919039,-48.0183142873
522.346467595,-1.17470031131,0.817213349817
24.7534910043,89.5520026866,-51.0076815156
522.362332611,-0.938365228426,0.838366604696
21.7721961209,72.8307969638,-52.7923212957
522.375185913,-0.746907580613,0.855504257046
18.9563588817,58.0044789601,-53.1870038164
522.385611464,-0.591616268312,0.869404292886
16.284306922,45.0651517441,-52.0521089141
522.393927867,-0.467744853676,0.880492034977
13.782616493,34.1707309276,-49.3601013117
522.400195945,-0.374384679549,0.888848691914
11.5745625498,25.6840747727,-45.4759750927
522.404861426,-0.304895531014,0.895068662588
9.66697890691,19.281126621,-40.879702952
522.408402911,-0.252148126631,0.899790080272
8.00313105338,14.4274501479,-35.894077639
522.411330089,-0.208550713209,0.903692483715
6.5299624757,10.6291296226,-30.8131230704
522.413754869,-0.172436269366,0.906925086173
5.30962409463,7.80441368304,-26.1744412051
522.41574345,-0.142818714901,0.909576152486
4.30880690957,5.73295344287,-22.04276207
522.417346088,-0.118949448967,0.911712689047
3.50222288183,4.24142371869,-18.4752923723
522.418633496,-0.0997752032501,0.913428974597
2.85428569716,3.16846524529,-15.4422701147
522.419651045,-0.0846202041923,0.914785497748
2.34216327895,2.40504023243,-12.9319601008
522.420409565,-0.0733231198871,0.915796699205
1.96040650631,1.88735695724,-10.9920105138
522.420972937,-0.0649324911274,0.916547743946
1.676864936,1.53253584337,-9.51151450251
522.421390946,-0.0587068596501,0.917104999746
1.46648371309,1.28615798037,-8.39045898083
522.421694058,-0.0541924493317,0.917509084252
1.31392900971,1.11672321938,-7.56522422261
522.421910515,-0.0509686384533,0.917797647405
1.20498711556,1.00055799537,-6.96945718868
522.422069389,-0.0486024469765,0.918009445107
1.1250265614,0.917890824198,-6.5287130839
522.422210843,-0.0464957091833,0.918198019155
1.05383363387,0.846155450925,-6.13380196575
522.422337077,-0.0446156287318,0.918366304978
0.990300096884,0.783635531559,-5.77937737111
522.42245149,-0.0429116299232,0.9185188298
0.932716832104,0.728200366314,-5.45650446141
522.422530035,-0.041741817613,0.918623539637
0.893185315254,0.690824508515,-5.23393922394
522.422612392,-0.0405152335409,0.918733331113
0.851735285672,0.652233360591,-4.99977304558
522.422640226,-0.0401006932634,0.918770436597
0.837726695379,0.639330025419,-4.92044771833
0.0,-0.0,-0.0
522.424304699,0.0648188743829,0.111123953092
0.882496442037,0.66484168822,-5.18985865456
522.422551273,-0.0481385854217,0.993062698225
2.13293687593,1.60269457626,-12.5451509335
522.420066761,-0.20857921917,2.25158343246
4.01400432546,3.00206853041,-23.6088686351
522.416329208,-0.447585840062,4.14158221953
6.97835828523,5.18824090182,-41.0427995079
522.410439133,-0.820784894796,7.11830698135
11.0204606381,8.13865012475,-64.814328029
522.401620368,-1.37521914948,11.5815684902
15.4560634773,11.3247018877,-90.8869292712
522.388513898,-2.18397359074,18.162580329
20.4188821983,14.7974907858,-120.000076989
522.368758535,-3.34142523028,27.7396826256
25.9571282519,18.5130722767,-152.357378773
522.339364121,-4.91016524995,41.0623471956
31.8598073038,22.2673751292,-186.646213002
522.298225346,-6.85532851488,58.1283808265
37.9302508155,25.8732973069,-221.644285372
522.243889848,-9.0693121188,78.3757524011
44.4675562546,29.4133676539,-258.974509811
522.169972207,-11.5845322869,102.702281989
51.4934692026,32.7950579162,-298.627124543
522.070551759,-14.3355911201,131.269091631
58.8780900922,35.8434139937,-339.724749975
521.941153037,-17.1713203755,163.514325573
66.4224296537,38.3601640594,-381.051677716
521.77971152,-19.9031358638,198.512363831
74.0951165577,40.2085891839,-422.313790729
521.582109654,-22.3565452624,235.66574108
81.9470395686,41.2622192075,-463.638971867
521.341682534,-24.3667398758,274.710237815
89.844626378,41.3865953558,-504.199050504
521.057397933,-25.7456862584,314.646156436
97.7776549099,40.4856561613,-543.8012522
520.725390534,-26.3336114026,354.810137004
105.789413121,38.4655833641,-582.47651966
520.339136782,-25.979627039,394.642381826
113.821973549,35.2849423853,-619.748862581
519.896669194,-24.5792383165,433.146411538
121.886885431,30.8938946928,-655.373749241
519.392887131,-22.0297033444,469.05711615
130.044880782,25.1900530164,-689.209204466
518.818517163,-18.2340317772,501.1024616
138.421388264,18.0079453931,-721.371656494
518.156557215,-13.1300461979,529.181937577
147.093467558,9.17794363608,-751.682741249
517.389220061,-6.67721565686,553.361366202
156.075314493,-1.45189253433,-779.640380828
516.500895336,1.14627505785,573.602904217
165.179165106,-13.7882340306,-804.223495459
515.497170178,10.1888556527,589.81168449
174.357329028,-27.775633866,-824.997160442
514.373331885,20.3528974718,602.297526964
183.696955918,-43.4965705535,-841.879206634
513.107207277,31.6736968649,611.631553763
193.419929969,-61.3892326785,-854.828806338
511.649651215,44.4777313984,618.353573485
203.660751094,-81.8478751858,-863.402056098
509.950848898,59.1097937183,622.821173649
214.453587377,-105.079366049,-866.926890311
507.966794737,75.8483914713,625.227882938
225.853002941,-131.302910399,-864.713717796
505.640434062,95.0690325534,625.686082895
237.830611096,-160.459621669,-856.129945913
502.921951756,117.052143132,624.22613855
250.293658943,-192.159663612,-840.799605958
499.77205439,141.935019902,620.814352785
263.131377687,-225.781823866,-818.725803657
496.157039586,169.769496003,615.450355633
276.208117978,-260.503584509,-790.365017403
492.055183331,200.508329422,608.224715298
289.353852128,-295.333945869,-756.656184882
487.466720289,233.957329223,599.331720783
302.507697226,-329.552388573,-718.523842159
482.365195114,270.128603217,588.919809679
315.592439909,-362.417725607,-677.004237734
476.734723281,308.948260189,577.107891709
328.515577138,-393.220789036,-633.180546895
470.574339946,350.235002608,563.972896727
341.054796305,-421.154176985,-588.575880298
463.9672324,393.341694546,549.737841587
353.05978545,-445.725029116,-544.437989987
456.996943757,437.647873078,534.621162644
364.533756321,-466.852762482,-501.345097511
449.679511917,482.958625708,518.706602173
375.537115406,-484.571936937,-459.517860405
441.991314236,529.278970873,501.994374704
386.109682631,-498.890048053,-419.138684968
433.912084939,576.566266219,484.493228334
396.249438686,-509.762042933,-380.464588802
425.448348656,624.583257935,466.271632795
405.903516723,-517.133630521,-343.877122523
416.656506736,672.787856279,447.505139301
415.033128195,-521.018562599,-309.643851631
407.597491296,720.580436429,428.380838464
423.658933452,-521.513943456,-277.758300512
398.282959687,767.613288449,408.980617086
431.797809164,-518.721636346,-248.193405694
388.727031613,813.485693515,389.392971945
439.466293954,-512.751933506,-220.898437247
378.943269296,857.759570279,369.708436675
446.668009252,-503.74889348,-195.84914098
368.962846851,899.893678967,350.055502861
453.454209716,-491.799333681,-172.844673614
358.747386285,939.595241493,330.431322987
459.866179181,-476.982827713,-151.717160223
348.255969043,976.528097298,310.834321663
465.906772685,-459.446388885,-132.424138469
337.500642557,1010.08239979,291.37237992
471.512397793,-439.642698714,-115.113602541
326.63051459,1039.30265104,272.384947873
476.63098086,-418.116681016,-99.8712839671
315.821306455,1063.23878024,254.244714604
481.284873667,-395.261370123,-86.5385420509
305.125292456,1081.47634092,237.079379368
485.566381135,-371.059443631,-74.7713824286
294.416125112,1093.85118781,220.743472454
489.567353754,-345.425470918,-64.2457234137
283.508153248,1100.30087385,204.994507995
493.287614294,-318.818710179,-54.8886188489
272.424666327,1100.68344536,189.874311448
496.725083214,-291.6945655,-46.6343228058
261.203608253,1094.84641741,175.447157589
499.878084603,-264.511130196,-39.4156034604
249.895219019,1082.70750234,161.783346359
502.759876075,-237.686958899,-33.1202719284
238.505983445,1064.57594242,148.828889614
505.375468317,-211.667790169,-27.6628076177
227.078774069,1040.88349115,136.565575185
507.731964287,-186.832639686,-22.9605584021
215.660643884,1012.14240432,124.971463383
509.845422604,-163.427426966,-18.9183923027
204.263388846,978.900378162,113.96369575
511.716012386,-141.818331608,-15.4793764839
192.997747923,942.055832036,103.539884084
513.344743013,-122.307353383,-12.5926035624
182.014543868,902.667576023,93.7309181702
514.749982969,-104.938375916,-10.1845484855
171.385182169,861.553978219,84.4980059381
515.965356799,-89.4922672021,-8.16677744653
161.053306817,818.893098744,75.7120940758
517.027469012,-75.6541809108,-6.45512236887
150.87186869,774.371195759,67.1717152138
517.950475458,-63.362010599,-5.00800887837
140.847929506,728.284167776,58.7974172775
518.741358849,-52.6265818957,-3.79864702559
131.072208205,681.325338469,50.5722152175
519.405391466,-43.4635224493,-2.80568480746
121.698101618,634.525037047,42.5350322229
519.95821621,-35.7322399316,-1.99445524975
112.764511188,588.445648191,34.6271467153
520.417678147,-29.2353898993,-1.33094667351
104.246521477,543.238732747,26.7504737232
520.801374045,-23.7584327587,-0.784577589421
96.0607704356,498.633962032,18.7604514584
521.119036196,-19.1883702729,-0.337592064472
88.2331162801,454.928150296,10.6146253664
521.380314397,-15.4062172345,0.0265363401119
80.7701819759,412.321539588,2.26558699079
521.594131445,-12.2970559745,0.32235200476
73.6650449838,370.936005282,-6.3277304796
521.767657607,-9.76391371243,0.560919107424
66.9324082421,330.948584787,-15.135507945
521.9071053,-7.72098544366,0.751549920175
60.5955923098,292.602599333,-24.0590260542
522.01791537,-6.09264324421,0.902300344537
54.6851757382,256.249590351,-32.9170429693
522.106737443,-4.78346714814,1.02257416911
49.110350904,221.514304792,-41.6352632351
522.177120566,-3.74292132382,1.11744325879
43.8959219031,188.791027833,-49.8864073472
522.230732385,-2.94806448854,1.18939912079
39.2101874152,159.439936949,-57.0542118608
522.270988711,-2.35000083465,1.24326321906
35.0832022638,133.943409393,-62.7894523573
522.301586669,-1.89490109194,1.28413003624
31.4307491342,111.976006484,-67.0171280114
522.325872841,-1.53335966139,1.31652150011
28.0699222715,92.5627398628,-69.8069379018
522.34540582,-1.24239143725,1.34254674506
24.9379337502,75.4555482576,-71.0741790237
522.361270899,-1.00601292276,1.36367656542
21.9866566236,60.4791728771,-70.7359319856
522.374124252,-0.814520095315,1.38079523297
19.2063935241,47.6192308108,-68.7506070991
522.384549843,-0.659200252016,1.39467987039
16.5768854537,36.7503273088,-65.1454327475
522.392866279,-0.535306081068,1.40575532961
14.1255722794,27.8688243965,-60.114485967
522.399134382,-0.441928757026,1.41410272915
11.9734684448,21.1195861298,-54.2980906535
522.403799881,-0.372426844263,1.42031580943
10.1258229362,16.1159798719,-48.2486510232
522.407341381,-0.319669751269,1.42503199681
8.52576503443,12.3614039958,-42.2373859987
522.41026857,-0.276064330149,1.42893007724
7.06419802474,9.35901580331,-36.17600362
522.41269336,-0.239943253203,1.43215909868
5.84385964367,7.10217783581,-30.7812254196
522.414681949,-0.210320259029,1.43480722819
4.84304245861,5.42976628449,-26.1186193338
522.416284593,-0.18644660922,1.43694139794
4.03645843087,4.20681946152,-22.1941513267
522.417572006,-0.167268841973,1.43865578223
3.3885212462,3.30961594268,-18.9278248662
522.418589559,-0.152111059589,1.44001080265
2.87639882799,2.65659144544,-16.2712317087
522.419348082,-0.140811900509,1.44102088392
2.49464205535,2.20317474408,-14.2463387319
522.419911456,-0.132419730772,1.44177109667
2.21110048504,1.8853608914,-12.7170893536
522.420329467,-0.126192955934,1.44232773515
2.00071926213,1.66020233545,-11.5681996901
522.42063258,-0.12167771653,1.44273137202
1.84816455875,1.50269331396,-10.7274076877
522.420849038,-0.11845331359,1.44301961551
1.7392226646,1.3932104595,-10.1229823284
522.421007913,-0.116086687557,1.44323117859
1.65926211044,1.31445461995,-9.67721096402
522.421149367,-0.113979562857,1.44341954374
1.58806918291,1.24548241998,-9.27878521649
522.421275602,-0.112099137126,1.44358764314
1.52453564592,1.18484853096,-8.92199916044
522.421390015,-0.110394825375,1.443739999
1.46695238114,1.13064458068,-8.59762507972
522.42146856,-0.109224798227,1.44384459284
1.42742086429,1.09384808991,-8.37438463613
522.421550918,-0.107997988891,1.44395426269
1.38597083471,1.05562993817,-8.13982389467
522.421578751,-0.107583372483,1.44399132707
1.37196224442,1.04279806711,-8.06043818971
0.0,-0.0,-0.0
522.424304699,0.0648188743829,0.111123953092
1.25044043389,0.937863535532,-7.35528821339
522.421820204,-0.0955305414404,1.3689308238
3.13150788342,2.33724894624,-18.4190069811
522.418082675,-0.334400648888,3.25785696355
6.09586184319,4.52342605858,-35.8529393407
522.412192638,-0.707385437452,6.2328909117
10.3054832413,7.59783249168,-60.6096863408
522.403373931,-1.26149948961,10.6936140778
14.9337173604,10.9260373145,-87.8149376445
522.390267546,-2.06978337822,17.2708758231
20.0315267964,14.4976847576,-117.720980147
522.370512312,-3.22655369255,26.8425035605
25.6663666456,18.2827617135,-150.644272503
522.341118089,-4.79435342138,40.1575165657
31.6368517513,22.0845662717,-185.328897593
522.299979583,-6.738323315,57.2136863911
37.7549098744,25.7224664639,-220.603286057
522.245644438,-8.95090743461,77.4492621597
44.3282111195,29.2850522968,-258.140567343
522.17172728,-11.4644728884,101.761481422
51.3816976333,32.6822173182,-297.949758407
522.07230748,-14.213626822,130.311288664
58.7873179643,35.7404909926,-339.164435582
521.942909603,-17.0472587261,162.537066212
66.347536986,38.2627993426,-380.577693204
521.781469141,-19.7768700633,197.513660525
74.032450113,40.1133706804,-421.903955876
521.583868568,-22.2280398874,234.643882359
81.8940258949,41.1663489374,-463.277260641
521.343443022,-24.2360171516,273.663583181
89.79923388,41.2877828465,-503.872726427
521.059160284,-25.6128673199,313.573618052
97.7383749141,40.3819388087,-543.500502514
520.727155066,-26.1988972754,353.71098431
105.755133295,38.3551589433,-582.193553746
520.340903857,-25.8432937956,393.516181617
113.791806005,35.1662294914,-619.477062051
519.898439189,-24.4416441322,431.993347138
121.86014467,30.7652800268,-655.107135322
519.394660458,-21.8912983101,467.878181469
130.021044767,25.0496883202,-688.941930469
518.820294301,-18.0953546718,499.899484139
138.400068592,17.8538052921,-721.09796512
518.15833876,-12.9916638576,527.956784961
147.074355247,9.00793369003,-751.396789129
517.391006736,-6.53970896215,552.1158216
156.058145626,-1.63985042033,-779.33617752
516.502687977,1.28231219816,572.338738696
165.163678507,-13.9957398842,-803.895569599
515.498969596,10.3228633102,588.530809344
174.343299978,-28.0039508905,-824.640467423
514.375138937,20.4843530722,601.001658264
183.684208557,-43.7468070213,-841.488814856
513.109022988,31.8020854871,610.321918891
193.408338901,-61.6627281568,-854.399299043
511.651476971,44.6024475583,617.030756541
203.650215686,-82.1459455283,-862.927853604
509.952686467,59.2301156505,621.485215265
214.444015733,-105.402947726,-866.402821855
507.968646248,75.9634812807,623.878410965
225.844312375,-131.652489979,-864.13517667
505.642302125,95.1778834705,624.322274076
237.822721388,-160.834907335,-855.493566588
502.923839442,117.153582707,622.846799834
250.28649049,-192.559361066,-840.103796868
499.773965203,142.027728828,619.418012861
263.124853472,-226.203614018,-817.970988441
496.158977469,169.852008029,614.035254024
276.202164651,-260.94422277,-789.553752275
492.057152632,200.579034128,606.788783107
289.348400372,-295.789481628,-755.793067823
487.468725648,234.014494548,597.872612013
302.502686479,-330.01859185,-717.614655954
482.367241739,270.170250955,587.434724221
315.58781682,-362.890312243,-676.055560888
476.736816946,308.972142923,575.593619992
328.511294384,-393.69565662,-632.199302526
470.576486961,350.238590964,562.425910152
341.050809082,-421.627683539,-587.569141175
463.969438933,393.322376521,548.15474494
353.05605341,-446.194168649,-543.412327504
456.999215801,437.602961491,532.998718723
364.530245949,-467.315119017,-500.306155499
449.681855924,482.88511414,517.041344852
375.533799568,-485.025542624,-458.470364678
441.9937376,529.17333372,500.282330643
386.106538869,-499.333301543,-418.086593055
433.914596119,576.424371334,482.729860954
396.246447672,-510.193674572,-379.41120303
425.45095705,624.400387758,464.451933541
405.900661026,-517.552719387,-342.825140454
416.659222213,672.55889032,445.623912516
415.030392189,-521.424483382,-308.595396527
407.60032416,720.299894149,426.432722652
423.656303751,-521.906251546,-276.715006934
398.285921367,767.275032311,406.959693794
431.795274187,-519.100030489,-247.156504593
388.730134799,813.082878348,387.292702627
439.46384362,-513.116223358,-219.868829259
378.946528131,857.284572712,367.521560289
446.665634607,-504.099002653,-194.827443374
368.96627685,899.338168089,347.77409032
453.451903228,-492.135184673,-171.831327281
358.75100583,938.949514115,328.045952627
459.863934431,-477.304344476,-150.712472468
348.25980009,975.780738043,308.33372869
465.904583858,-459.753563538,-131.428269322
337.504710267,1009.22052579,288.743674947
471.510259014,-439.935766443,-114.126477773
326.63484449,1038.3133819,269.615163298
476.628886295,-418.396099407,-98.8926154935
315.82592304,1062.11029902,251.321451566
481.282818123,-395.527653668,-85.5679576356
305.130221694,1080.19688145,233.989411748
485.564360535,-371.312946156,-73.8085779502
294.421400319,1092.40653189,217.469541847
489.565365009,-345.666386285,-63.2904881812
283.513819684,1098.67208386,201.513031334
493.285654498,-319.047356681,-53.9406763738
272.430776611,1098.84897736,186.158026426
496.723149608,-291.911374241,-45.6933363833
261.210223214,1092.78218784,171.464696184
499.876174561,-264.71663609,-38.4811829657
249.902408585,1080.38700648,157.498809919
502.757987195,-237.881770746,-32.1920030425
238.513830849,1061.96806392,144.200069143
505.373598342,-211.852602641,-26.7402433051
227.087376595,1037.95249917,131.543868071
507.730111102,-187.008208905,-22.0432306414
215.670115262,1008.84735285,119.501009877
509.843584286,-163.594525009,-18.0058367839
204.273865682,975.192669142,107.978791395
511.714187077,-141.977795831,-14.5711022619
193.009384575,937.881760852,96.9685355227
513.342928919,-122.460067663,-11.6881002165
182.027507087,897.971316145,86.4983886202
514.748178469,-105.085187986,-9.28333096196
171.399657597,856.275821817,76.5245139511
515.963560534,-89.6339107671,-7.26842710826
161.069520721,812.96310619,66.9035655849
517.025679899,-75.7912554586,-5.55929774727
150.890121162,767.699546918,57.4069456251
517.948692525,-63.4950732651,-4.11439475739
140.868589046,720.767037183,47.9356650402
518.739581186,-52.7561754294,-2.90693871115
131.095704795,672.852070179,38.4624293972
519.40361821,-43.5901797736,-1.9155851935
121.724905334,624.990638835,29.0318014804
519.95644661,-35.8564370662,-1.1057007021
112.795161839,577.745872636,19.5862570157
520.415911577,-29.357531555,-0.443314007374
104.281666471,531.267837141,10.0255775543
520.79961,-23.8788499279,0.102115305163
96.1012346793,485.280572431,0.196018116574
521.117274237,-19.3073542337,0.548320799537
88.2798821658,440.100672927,-9.91969421211
521.378554151,-15.5240189485,0.911806348028
80.8244331173,395.96052486,-20.3256526585
521.592372599,-12.4138883686,1.20709518721
73.7282254935,353.031152251,-30.9945515291
521.765899896,-9.87995807342,1.44523420743
67.0062496999,311.572401472,-41.7873778984
521.9053485,-7.83639539803,1.63552060525
60.6821363726,271.94218076,-52.4562009127
522.016159294,-6.20754825956,1.78599706628
54.7867666202,234.627939149,-62.6415959696
522.104981946,-4.89796667469,1.90605105828
49.2300352385,199.38531037,-72.1037735305
522.175365528,-3.8570988803,2.00074575987
44.0372786006,166.752634491,-80.3340823677
522.228977697,-3.06199629293,2.07256864746
39.3764481973,138.144219334,-86.6486501593
522.269234285,-2.46374784097,2.12633282195
35.2772597684,113.954948585,-90.8106293428
522.299832443,-2.00850753467,2.16712365813
31.6556328364,93.7193192064,-92.9273714638
522.324118773,-1.64685447378,2.19945479552
28.3301115051,76.3829368681,-93.1824836696
522.34365188,-1.35579643271,2.22543151
25.2390217177,61.5846727104,-91.6480797503
522.359517062,-1.11934496583,2.24652191096
22.3357075385,49.0302747095,-88.4075223115
522.372370499,-0.927793046887,2.26360864403
19.6118095276,38.5634186705,-83.6165201354
522.382796158,-0.772425279864,2.27746737963
17.0489895108,29.9434771726,-77.4695161677
522.391112648,-0.648492884973,2.28852217774
14.6755690369,23.043157,-70.331645914
522.397380791,-0.555086754094,2.29685400534
12.608536885,17.8696731576,-62.9991256305
522.402046321,-0.485563401168,2.30305549524
10.8502730194,14.0572570984,-55.9766305184
522.405587844,-0.432790034145,2.30776288468
9.34327766837,11.1957501431,-49.4156035808
522.408515052,-0.38917116244,2.31165369334
7.94669446678,8.85584620269,-42.9188487306
522.410939858,-0.353038943825,2.31487669112
6.7263560857,7.01181807203,-36.974197514
522.41292846,-0.323406812531,2.31751988062
5.72553890064,5.62044322929,-31.9374578975
522.414531114,-0.299525799097,2.31965006914
4.91895487291,4.58169563771,-27.767960681
522.415818536,-0.280342116712,2.32136125529
4.27101768824,3.80246505366,-24.3448651396
522.416836095,-0.265179659155,2.32271374796
3.75889527003,3.22232175833,-21.5915618774
522.417594623,-0.253877015063,2.32372194495
3.37713849739,2.81083773355,-19.5111338001
522.418158001,-0.245482256934,2.32447075821
3.09359692708,2.51700523067,-17.9502043687
522.418576014,-0.239253561587,2.3250263583
2.88321570417,2.30556198671,-16.7832558983
522.41887913,-0.234736929563,2.3254292422
2.73066100079,2.15577173333,-15.9323428163
522.419095589,-0.231511532133,2.32571694798
2.62171910664,2.05063471759,-15.3222474968
522.419254465,-0.229144176172,2.32592811639
2.54175855248,1.97444221737,-14.8731511443
522.41939592,-0.227036401583,2.32611613015
2.47056562495,1.90730162018,-14.4723669057
522.419522156,-0.225155395881,2.32628391596
2.40703208796,1.84794088477,-14.1139587787
522.419636569,-0.22345055848,2.32643598761
2.34944882318,1.79459424256,-13.7885106921
522.419715115,-0.222280170467,2.32654038633
2.30991730633,1.75822203704,-13.5647523253
522.419797473,-0.221052982755,2.3266498516
2.26846727675,1.72030438266,-13.3298413574
522.419825307,-0.220638238469,2.32668684684
2.25445868646,1.70754053233,-13.2503820798
0.0,-0.0,-0.0
522.424304699,0.0648188743829,0.111123953092
1.88106744953,1.39937338049,-11.0637177004
522.420567205,-0.173857235249,1.99852219252
4.8454214093,3.58552368223,-28.4976480259
522.414677222,-0.546537535589,4.9711477141
9.22048515511,6.78197713575,-54.2274172439
522.405858596,-1.10019656088,9.42825522261
14.161922382,10.340656774,-83.2744642863
522.392752333,-1.90781177445,16.0001752843
19.4679794559,14.0643629462,-114.403929319
522.372997281,-3.06361391649,25.5640050126
25.2472937155,17.9530510189,-148.173979721
522.343603329,-4.63007752254,38.8681191175
31.3173187227,21.8243408117,-183.439794537
522.302465203,-6.57235174272,55.9102390178
37.5044870019,25.5084703848,-219.115360424
522.24813056,-8.78294742382,76.1290130759
44.1296589071,29.1033488904,-256.951098268
522.174214085,-11.2941619642,100.420849203
51.222686743,32.5225748958,-296.984877607
522.074795204,-14.0406097781,128.946439108
58.6583211807,35.5949094409,-338.366880461
521.945398524,-16.8712625002,161.144504374
66.2411850803,38.1250403485,-379.903253118
521.783959557,-19.5977434069,196.090555971
73.9435061516,39.9785670815,-421.320837087
521.586360814,-22.0457331174,233.187798017
81.8188104827,41.0305158977,-462.762547954
521.345937499,-24.0505626886,272.172183208
89.7348488702,41.1476634388,-503.40824683
521.061657403,-25.4244382499,312.045353862
97.682671198,40.2347434127,-543.072270589
520.729655276,-26.0077803466,352.14481627
105.706527918,38.1983251939,-581.79047143
520.343407668,-25.6498825509,391.911493683
113.749036516,34.9975095155,-619.089704792
519.900947136,-24.2464488167,430.350401381
121.822236968,30.5823786368,-654.726985068
519.397173127,-21.6949597818,466.198394389
129.987257343,24.8499727283,-688.560649596
518.82281237,-17.8986398096,498.185459387
138.369849911,17.6343883057,-720.707338987
518.160863074,-12.7953795367,526.211183315
147.047266664,8.76582880296,-750.988478612
517.393538318,-6.34468214376,550.341183582
156.033812583,-1.90760672819,-778.901633575
516.505228013,1.4752359517,570.537587609
165.141730461,-14.2914283658,-803.42698891
515.501519235,10.5128869123,586.705868098
174.32341818,-28.3293712717,-824.130657227
514.377699392,20.6707325597,599.155371733
183.666143583,-44.1035374956,-840.930743526
513.111595711,31.9840875556,608.456036129
193.391912909,-62.0526769076,-853.785241298
511.654063927,44.7792095335,615.146110854
203.635285963,-82.5709860221,-862.249853976
509.955290161,59.4006089016,619.581866419
214.43045197,-105.864410505,-865.653513494
507.971269698,76.1265115165,621.955831333
225.831997334,-132.151061908,-863.308003108
505.644949026,95.3320155773,622.379294236
237.811541341,-161.370162798,-854.583749107
502.926514148,117.297145374,620.88172442
250.276332593,-193.129442634,-839.109094076
499.776672678,142.15884145,617.428750975
263.115608558,-226.805201463,-816.892038622
496.161723298,169.968580631,612.019303824
276.193728756,-261.572675852,-788.394238472
492.059942977,200.678771394,604.743204496
289.340675253,-296.439154429,-754.559585364
487.471567085,234.09492803,595.794071287
302.495586306,-330.683442018,-716.315487172
482.370141645,270.228561698,585.319242528
315.581265981,-363.564222678,-674.700118343
476.739783504,309.005128775,573.436637196
328.505225816,-394.372772193,-630.797484202
470.579529111,350.242648653,560.222413887
341.045159291,-422.302809041,-586.131050924
463.972565411,393.293786057,545.899914179
353.05076522,-446.863018369,-541.947346926
457.002435103,437.537896918,530.687958941
364.525271869,-467.974249929,-498.822338318
449.685177191,482.779295919,514.669738232
375.529101144,-485.672151293,-456.974452182
441.997171306,529.021744198,497.844241098
386.102084276,-499.965107477,-416.584228523
433.918154249,576.221130877,480.218855362
396.242209524,-510.808870506,-377.907093381
425.454652922,624.138785602,461.860912394
405.896614622,-518.149995557,-341.323128269
416.663069811,672.231645275,442.945515558
415.026515388,-522.002951548,-307.098504125
407.604338081,719.899216442,423.659359941
423.652577582,-522.46528085,-275.225559403
398.290117804,766.792201837,404.082991607
431.79168224,-519.639194191,-245.676251376
388.73453173,812.508174125,384.303415698
439.46037161,-513.635252562,-218.399048846
378.951145598,856.607174386,364.409428822
446.662269847,-504.597790711,-193.369010258
368.971136831,898.546258874,344.527920038
453.448635046,-492.613622975,-170.384865035
358.756134373,938.029338734,324.652449727
459.860753731,-477.762326202,-149.278414694
348.265228299,974.716124844,304.777009705
465.901482398,-460.191078904,-130.006839795
337.51047379,1007.99324169,285.005584947
471.507228469,-440.353152281,-112.717565846
326.640979492,1036.90522753,265.677473214
476.625918401,-418.794009642,-97.4958053554
315.832464223,1060.50461992,247.166777786
481.279905521,-395.906823187,-84.1827138936
305.137205846,1078.37713568,229.599247668
485.561497447,-371.673880436,-72.4344632992
294.42887464,1090.35275429,212.819746265
489.562547059,-346.009362457,-61.9271994208
283.521848289,1096.35770088,196.570630549
493.282877568,-319.372829322,-52.5878165634
272.439434047,1096.24383589,180.884995678
496.720409788,-292.219958786,-44.3504227875
261.219595647,1089.85269345,165.817413934
499.873468131,-265.009095992,-37.1476567463
249.912595069,1077.09634833,151.427534484
502.755310751,-238.1589748,-30.8672710309
238.524949287,1058.27320211,137.646550278
505.370948686,-212.115542077,-25.4236657803
227.099564777,1033.80427806,124.441386178
507.727485236,-187.257962564,-20.7341380704
215.683534267,1004.18981736,111.773380624
509.840979485,-163.832194439,-16.7035650962
204.288708976,969.95988424,99.5370721496
511.71160071,-142.204575653,-13.2749494516
193.025870741,932.001673231,87.7163809145
513.340358444,-122.67721882,-10.397336555
182.045872224,891.370245111,76.3374019471
514.745621587,-105.293919823,-7.99726306504
171.420164514,848.876435715,65.3516141003
515.961015323,-89.8352699436,-5.98645657482
161.092489691,804.676395755,54.5992258886
517.023144822,-75.9860971574,-4.28093650312
150.9159769,758.412979418,43.8194955797
517.946166205,-63.6841922408,-2.83919228028
140.897852966,710.35449947,32.8941736069
518.737062333,-52.9403459044,-1.63445954426
131.128985097,661.185835217,21.7921501814
519.401105601,-43.7701619435,-0.645404747138
121.762866612,611.960235528,10.5783054826
519.953939182,-36.0329099514,0.162557765105
112.838566867,563.254246842,-0.786736451406
520.413408443,-29.5310724539,0.82334140998
104.331429517,515.232508944,-12.3839839608
520.797110443,-24.0499309808,1.36742790135
96.1585199261,467.63501723,-24.3481798383
521.114777635,-19.4763909299,1.81251883412
88.346074666,420.831779867,-36.6271253907
521.376059977,-15.6913692667,2.17508583125
80.9011995368,375.128642565,-49.1266915098
521.589880408,-12.5798560334,2.46962191436
73.8175961281,330.793392642,-61.6876672403
521.763409313,-10.0448016762,2.70714927029
67.1106538523,288.217226102,-73.9988079696
521.902859209,-8.00033407452,2.89694355361
60.8044302314,247.90730764,-85.6192993498
522.013671027,-6.37076668451,3.04702856548
54.9302169448,210.487739874,-96.013019196
522.102494501,-5.06060670537,3.16676845318
49.3988718606,175.82168103,-104.809284705
522.172878734,-4.01927964892,3.26121398371
44.2364392869,144.49974529,-111.442632995
522.226491398,-3.22382651773,3.33284687371
39.610333174,117.809213663,-115.400977081
522.266748358,-2.62531446754,3.38646827452
35.5497369658,95.9059309507,-116.758396026
522.297346799,-2.16987365962,3.42715054718
31.9706897413,78.1124150527,-115.898910567
522.321633353,-1.80806136788,3.45939548865
28.6936340449,63.2874193301,-113.132133125
522.34116664,-1.51687521086,3.4853028617
25.6582602561,50.9552362734,-108.690253839
522.357031968,-1.28031968382,3.50633693933
22.8196652778,40.7285326087,-102.7904082
522.369885524,-1.08868347609,3.52337804372
20.1709189065,32.3606697878,-95.7174988049
522.380311279,-0.933247350113,3.53719977023
17.6956832799,25.5638411332,-87.7427719827
522.388627846,-0.809260432159,3.54822504731
15.4226476002,20.1671183927,-79.2919861477
522.394896048,-0.715813210886,3.55653462536
13.4627978098,16.1302782586,-71.1830886386
522.399561621,-0.646259275472,3.56271955469
11.8142986147,13.1478966075,-63.8110463466
522.403103176,-0.593462694995,3.56741437344
10.4184201091,10.8965028092,-57.2031074105
522.406030411,-0.549824637225,3.57129479203
9.14193880108,9.0410439121,-50.8889892297
522.408455239,-0.513676526011,3.57450918309
7.9767965196,7.50379468029,-44.9169275784
522.41044386,-0.484031361431,3.5771453142
6.97597933454,6.28083316565,-39.6570372969
522.412046529,-0.460139844441,3.57926981424
6.1693953068,5.35078725281,-35.3437977053
522.413333962,-0.44094772464,3.58097643083
5.52145812213,4.64038080207,-31.8299388136
522.414351531,-0.425778598364,3.5823253118
5.00933570392,4.10243053664,-29.0211988166
522.415110066,-0.414470983211,3.5833308165
4.62757893128,3.71513302818,-26.9091506618
522.415673449,-0.406072532975,3.58407763012
4.34403736097,3.43513662448,-25.3302495221
522.416091466,-0.39984109819,3.58463174653
4.13365613806,3.23163884989,-24.153065929
522.416394584,-0.395322479717,3.58503355457
3.98110143468,3.08635492758,-23.2964074906
522.416611046,-0.392095663736,3.58532049206
3.87215954053,2.98378300242,-22.6830814187
522.416769923,-0.3897272666,3.58553109657
3.79219898637,2.9091242451,-22.2320798652
522.416911379,-0.387618565,3.58571860825
3.72100605884,2.84309909324,-21.8299333991
522.417037616,-0.385736732023,3.58588594601
3.65747252185,2.78453384493,-21.4705766602
522.417152031,-0.384031144828,3.58603761156
3.59988925707,2.73174453904,-21.1444873763
522.417230578,-0.382860242075,3.5861417315
3.56035774022,2.6956645307,-20.9204095869
522.417312936,-0.381632514641,3.58625090445
3.51890771064,2.65797394068,-20.6852696264
522.41734077,-0.38121758795,3.5862878009
3.50489912035,2.64526843223,-20.6057575296
0.0,-0.0,-0.0
522.424304699,0.0648188743829,0.111123953092
2.96435395977,2.18613498335,-17.4339293127
522.418414798,-0.307407156215,3.08014168354
7.40253579827,5.42898823775,-43.5349068965
522.409596295,-0.860387333591,7.53183299457
12.9205394398,9.41016524193,-75.9723880517
522.396490213,-1.66700498128,14.0957513214
18.5848748136,13.3941578693,-109.206704548
522.376735436,-2.82136280009,23.6478998396
24.6003516075,17.4512446262,-144.360967085
522.347341892,-4.38583328171,36.9356877878
30.8283486702,21.4321172781,-180.549241088
522.306204338,-6.32557820015,53.9567615943
37.1232945912,25.1878619582,-216.850551109
522.25187045,-8.53320814498,74.1503677947
43.8284786485,28.8322038421,-255.146777425
522.177955001,-11.0409167403,98.4116717317
50.982056257,32.2849575542,-295.524578214
522.078537504,-13.7833294978,126.900986729
58.4634244122,35.378534838,-337.161644975
521.949142624,-16.6095408608,159.057542832
66.0806773299,37.9204149429,-378.885078334
521.787705905,-19.3313560908,193.957846646
73.8093733332,39.7783266357,-420.441110527
521.590109917,-21.7746076863,231.005691764
81.7054437793,40.828652968,-461.986371939
521.349689958,-23.7747496689,269.937182808
89.6378450031,40.9392804958,-502.708033962
521.065413835,-25.1441983179,309.755141485
97.5987717956,40.0156519837,-542.426835415
520.733416356,-25.7235441092,349.797836592
105.633336475,37.9646808782,-581.183028099
520.347174168,-25.3622403408,389.506826017
113.684644189,34.7459422271,-618.506015667
519.904719858,-23.9561651693,427.888440299
121.765172196,30.309446861,-654.154191298
519.400952952,-21.4029941008,463.681263477
129.936400633,24.5517257589,-687.986170559
518.826600318,-17.606139505,495.617060148
138.324368927,17.3064911274,-720.118786845
518.164660416,-12.5035520307,523.59550285
147.006499697,8.40379601991,-750.373284594
517.397346592,-6.05476516885,547.682028972
155.997194832,-2.30822662575,-778.246918305
516.509049003,1.76197667256,567.838740244
165.10870347,-14.7340605537,-802.721002352
515.50535467,10.7952584647,583.971408112
174.293501688,-28.8167173657,-823.362573835
514.381551098,20.9476213912,596.388962864
183.638961852,-44.6379650021,-840.089985588
513.115465873,32.2543954443,605.660300397
193.36719804,-62.6370484187,-852.860192753
511.657955499,45.0416434659,612.322299728
203.612823,-83.2081100741,-861.228560486
509.959206912,59.6536263779,616.730073945
214.410044669,-106.55627691,-864.5249162
507.975216166,76.3683211923,619.075272961
225.813469161,-132.898690103,-862.062272863
505.648930771,95.5604645675,619.468225755
237.794721073,-162.172897415,-853.213741398
502.930537719,117.509726362,617.937615586
250.261050366,-193.984474617,-837.611488709
499.780745543,142.352733223,614.448480912
263.10170006,-227.707523182,-815.267850568
496.16585386,170.140648066,608.999138213
276.18103752,-262.515297807,-786.649061177
492.064140503,200.825571655,601.678754906
289.329053435,-297.413579761,-752.703385829
487.475841467,234.212759118,592.680362117
302.484904748,-331.68058265,-714.360760768
482.37450398,270.31319657,582.150335544
315.571410909,-364.574883256,-672.66104885
476.744246101,309.051766757,570.205727788
328.496096322,-395.388156042,-628.688972744
470.584105417,350.24588911,556.92202489
341.03665984,-423.315116375,-583.968292913
463.977268572,393.248055679,542.522857998
353.042809783,-447.865819353,-539.744439717
457.007277893,437.437466166,527.227390361
364.517788995,-468.96238196,-496.591376703
449.690173363,482.617758123,511.118333924
375.522032981,-486.641412725,-454.725555133
442.002336616,528.791589773,494.193611156
386.095382939,-500.912082066,-414.325862692
433.923506724,575.913562994,476.459427575
396.235833813,-511.730852578,-375.646316379
425.460212594,623.743768065,457.982129386
405.890527373,-519.045026368,-339.065696885
416.668857716,671.738294922,438.936442003
415.02068329,-522.869704805,-304.848941732
407.610376175,719.295897477,419.508730783
423.646972098,-523.30281588,-272.987342568
398.296430445,766.065896525,399.778388741
431.786278679,-520.446875996,-243.45199276
388.741145959,811.644380506,379.831141219
439.455148482,-514.412682378,-216.190654665
378.958091561,855.589763124,359.754297117
446.657208065,-505.344812702,-191.177780743
368.978447587,897.357632467,339.673383081
453.443718555,-493.330077657,-168.211725174
358.763849097,936.649030324,319.578872604
459.855968846,-478.448056221,-147.124005516
348.273393778,973.120095813,299.460956471
465.896816723,-460.846072176,-127.871487894
337.519143641,1006.15442742,279.420310067
471.502669477,-440.977916814,-110.60109529
326.650208107,1034.79667957,259.796200694
476.62145366,-419.389529143,-95.3975819023
315.842303796,1058.10176993,240.964073901
481.27552396,-396.474202505,-82.1019247492
305.147711701,1075.65567065,223.048115941
485.557190375,-372.213879618,-70.3704448229
294.440117761,1087.28338152,205.884986194
489.558307891,-346.522398501,-59.8794909938
283.533925102,1092.90147137,189.20419314
493.278700108,-319.859585523,-50.5558170917
272.452456655,1092.35672287,173.031673571
496.716288157,-292.681359817,-42.3334025993
261.233693627,1085.48589082,157.414154584
499.86939673,-265.446288623,-35.144772134
249.927917371,1072.19672565,142.402828224
502.751284461,-238.573263851,-28.877627126
238.541673188,1052.77901738,127.917161254
505.366962693,-212.508416086,-23.4462980746
227.117897447,1027.64559099,113.912736827
507.723535033,-187.631041497,-18.7680375569
215.703717869,997.287818669,100.33854169
509.837060973,-164.187132267,-14.7477313161
204.31103433,962.222725493,87.0726304105
511.707709929,-142.543165998,-11.3283251203
193.050666377,923.330711155,74.0910153678
513.336491571,-123.001354783,-8.45882289363
182.073492925,881.667209512,61.4204408603
514.741775163,-105.605416982,-6.06581618049
171.45100511,838.041309555,49.0103054261
515.957186456,-90.1356996016,-4.061175656
161.127031244,792.597344083,36.6838329902
517.019331198,-76.2767431437,-2.36108686609
150.954857224,744.952204672,24.1446933867
517.942365755,-63.9662476467,-0.924095825127
140.941854828,695.365755597,11.2617402339
518.733273117,-53.2149729783,0.276539098005
131.179021108,644.534883195,-1.98261699676
519.397325779,-44.0385018615,1.26213504951
121.819933294,593.553715983,-15.4730907748
519.950167153,-36.2959820239,2.06720564707
112.903807052,543.037847654,-29.1968407404
520.409642873,-29.7897432857,2.72557729323
104.406211818,493.19736802,-43.1748676898
520.793350255,-24.3049093163,3.26764336044
96.2445854262,443.827265304,-57.4720561578
521.111021894,-19.7283004692,3.71105732913
88.4454917236,395.40180463,-71.900261098
521.372307887,-15.9407473783,4.07224229031
81.016452501,348.353135763,-86.1976099189
521.586131302,-12.8271586424,4.36564579783
73.9517044428,303.093046755,-100.010925018
521.759662627,-10.2904169566,4.60225286613
67.2672191755,260.170973411,-112.824259797
521.899114464,-8.24459097194,4.7913067356
60.9876695148,220.228458512,-124.027931443
522.009927826,-6.61394241439,4.94080279261
55.1449259745,183.952832184,-133.010408649
522.098752535,-5.30291420942,5.06007009628
49.6512266797,151.21642146,-139.405376367
522.169137747,-4.2608977561,5.15414073888
44.5335837679,122.503358316,-142.803811323
522.222751155,-3.46491842455,5.22548777064
39.95850977,98.7823393489,-143.115828868
522.263008675,-2.86601068771,5.27889436368
35.9542850781,79.8820929488,-140.838079858
522.293607541,-2.41026890734,5.31941329912
32.4369841924,64.9267788779,-136.610683159
522.317894432,-2.0482175946,5.35152855625
29.2296008063,52.7454227762,-130.796670402
522.337427991,-1.75683912308,5.37733160312
26.2734748969,42.8009515995,-123.718873745
522.35329354,-1.52012739164,5.39828094072
23.5257357815,34.6729221613,-115.650205479
522.366147274,-1.32836465828,5.41525339547
20.9807977517,28.0872684796,-106.920300317
522.376573174,-1.17282591894,5.4290194408
18.6241503544,22.7646502112,-97.8016069742
522.384889857,-1.04875715662,5.44000030266
16.4837522777,18.5397844802,-88.7070146106
522.391158145,-0.955248254724,5.44827640569
14.66154769,15.3683066786,-80.3972035563
522.395823783,-0.885648412063,5.45443641918
13.1496839546,13.011558359,-73.1364287868
522.399365387,-0.832816985967,5.45911232498
11.8876319967,11.2206576711,-66.8400829799
522.402292663,-0.789150128077,5.46297711145
10.75085561,9.73494039965,-60.9988089665
522.404717525,-0.752978160553,5.46617855346
9.73014219842,8.49648470692,-55.6264582633
522.406706173,-0.723313431761,5.46880406502
8.82814228703,7.47207022675,-50.7855751724
522.408308864,-0.699406147931,5.4709200066
8.05035702286,6.63792915285,-46.5457139106
522.409596315,-0.680201362761,5.47261974817
7.40252557166,5.97278384822,-42.9747456723
522.410613898,-0.665022226104,5.47396319523
6.89040315345,5.46256402729,-40.1310399312
522.411372443,-0.653707148914,5.4749646493
6.50864638081,5.09125079414,-37.9991899723
522.411935835,-0.645303156471,5.47570845442
6.2251048105,4.82048940773,-36.4091050085
522.412353858,-0.639067609529,5.47626033861
6.01472358759,4.62237212533,-35.2255897314
522.41265698,-0.634546009207,5.47666052798
5.86216888421,4.48019802497,-34.3653979106
522.412873444,-0.631317063846,5.47694630955
5.75322699006,4.37943661673,-33.7500967722
522.413032324,-0.628947103803,5.47715606565
5.6732664359,4.30588809435,-33.29793771
522.413173782,-0.626837010674,5.47734282196
5.60207350837,4.2406950704,-32.8949695933
522.413300021,-0.624953935879,5.47750948561
5.53853997138,4.18274764345,-32.5350463311
522.413414437,-0.623247223171,5.47766054018
5.4809567066,4.13041633382,-32.2085798211
522.413492985,-0.622075547743,5.47776424068
5.44142518975,4.0945944832,-31.9843182367
522.413575345,-0.620847010136,5.47787297383
5.39997516017,4.05712528576,-31.7490514262
522.413603179,-0.620431809636,5.47790972164
5.38596656988,4.04448317474,-31.6695117246
0.0,-0.0,-0.0
522.424304699,0.0648188743829,0.111123953092
4.4381818385,3.24284254006,-26.100977295
522.415486389,-0.487100918124,4.5543181185
10.7151892042,7.7774078814,-63.0014562542
522.402380594,-1.29216037071,11.105683061
17.0940184748,12.2780355362,-100.43364716
522.382626248,-2.44426225189,20.6395058386
23.5368989388,16.6383255621,-138.093396995
522.353233348,-4.00561980619,33.9016812106
30.0363940695,20.8065045841,-175.867420356
522.312096694,-5.94141469882,50.8897382243
36.5112319188,24.6811143689,-213.21350587
522.257763996,-8.14441351814,71.0438621449
43.3476039067,28.4060956837,-252.265071305
522.183850167,-10.6466482024,95.2572694617
50.5993023493,31.9128618007,-293.200652471
522.084434848,-13.3827620632,123.689680525
58.154201784,35.0403748283,-335.248073595
521.955042805,-16.2020418484,155.78112372
65.8264533634,37.6008940563,-377.270900176
521.793609629,-18.9165775399,190.609668155
73.5971780453,39.4656841821,-419.04774064
521.596017982,-21.3524395047,227.580032768
81.5262546135,40.5133494476,-460.757743539
521.35560331,-23.3452746785,266.428561206
89.4846150804,40.6135699429,-501.600044614
521.071333449,-24.7078281016,306.159925677
97.4663035444,39.6729253575,-541.405726185
520.739343295,-25.280956297,346.113591474
105.517815768,37.5988792553,-580.222110783
520.353109647,-24.9143627373,385.732112362
113.583039035,34.3517599262,-617.582693131
519.910665141,-23.5041978144,424.023881978
121.675148365,29.8814635973,-653.248072634
519.406909428,-20.9484413864,459.73019614
129.856184076,24.0837125663,-687.077314312
518.832569594,-17.1507994295,491.585607684
138.252641477,16.7916105058,-719.18757038
518.170644495,-12.049316901,519.489923457
146.942214055,7.83497341564,-749.399812647
517.403347901,-5.60357521562,543.508298735
155.939457646,-2.93801140565,-777.210816661
516.51507035,2.20813710336,563.602795164
165.056632128,-15.4302053545,-801.603699182
515.51139878,11.2345196351,579.679652225
174.24633751,-29.5834752222,-822.146970926
514.387620848,21.3782377258,592.04714718
183.596111425,-45.4790575323,-838.759387839
513.121564704,32.6746443216,601.272543115
193.328238298,-63.5569746706,-851.396276291
511.664088069,45.4494949021,607.890571832
203.577414529,-84.2112774792,-859.612486292
509.965379159,60.0466574253,612.254533809
214.377877684,-107.645793139,-862.739283858
507.981435243,76.7437173265,614.554703726
225.784265048,-134.076123584,-860.091649727
505.655205438,95.9148427196,614.899909201
237.768209668,-163.437167142,-851.046959404
502.936878296,117.839146447,613.317604722
250.236963708,-195.331098198,-835.243436639
499.787163797,142.652762203,609.771906636
263.079778993,-229.128550848,-812.700270259
496.172363033,170.406360204,604.260174182
276.161035299,-263.999659914,-783.890919215
492.070755198,201.051558611,596.870554338
289.310736942,-298.947840839,-749.770536063
487.482577271,234.393206763,587.795162938
302.468070342,-333.250387419,-711.273025665
482.381378382,270.441467716,577.178874582
315.555879218,-366.165721207,-669.440887388
476.751278496,309.120325808,565.137393197
328.481708267,-396.986159168,-625.359944477
470.591316994,350.246261943,551.745161444
341.023264825,-424.908003379,-580.554383892
463.984680044,393.171502345,537.22627181
353.030272201,-449.443478526,-536.26787338
457.014909393,437.275007476,521.800432105
364.505996219,-470.516702647,-493.071201722
449.698046559,482.359358599,505.549619002
375.51089382,-488.165799275,-451.177696379
442.010476335,528.4254912,488.470104198
386.084821921,-502.401176281,-410.763634396
433.931941374,575.425998228,470.566266302
396.225785997,-513.180415536,-372.080806599
425.468973737,623.119040072,451.902937274
405.880934187,-520.451995562,-335.505938079
416.677978499,670.959396395,432.654279875
415.011492231,-524.232012767,-301.302019941
407.619891193,718.344662862,413.006176427
423.638138185,-524.619000276,-269.458695843
398.306378078,764.922021282,393.0362613
431.777763001,-521.715953761,-239.945699983
388.751568813,810.285268871,372.828313555
439.446917168,-515.634040452,-212.709684114
378.969037133,853.990314161,352.467384558
446.649231032,-506.518218833,-187.724148085
368.989967964,895.490501703,332.076952645
453.435970501,-494.455291839,-164.786858986
358.776006003,934.482456706,311.642787028
459.848428203,-479.524840208,-143.72889044
348.286260926,970.616832413,291.149301347
465.889463952,-461.874415351,-124.506615014
337.532805502,1003.27263053,270.692199433
471.495484838,-441.958626871,-107.266163493
326.664750374,1031.49484386,250.610890623
476.614417559,-420.324161944,-92.091568201
315.857808688,1054.34227843,231.283103395
481.268618948,-397.364503468,-78.8235274762
305.164266369,1071.40151269,212.830852166
485.550402755,-373.061049946,-67.1186017744
294.457834023,1082.49009027,195.0784818
489.551627286,-347.327098334,-56.6534637197
283.552954845,1087.51001352,177.736241813
493.272116755,-320.622893949,-47.3546466409
272.472976457,1086.30077003,160.819788962
496.709792788,-293.404735597,-39.1559281692
261.255907574,1078.69249738,144.364790139
499.862980522,-266.131539829,-31.9896539445
249.952060038,1064.5873097,128.410804619
502.744939346,-239.222447047,-25.7434457919
238.568023745,1044.26314992,112.861234355
505.360681086,-213.123876772,-20.3315251973
227.146782096,1018.1221825,97.6569146948
507.71730983,-188.215331786,-15.6710753243
215.735517856,986.644838987,82.7315431152
509.830885713,-164.74285751,-11.6669962259
204.346207435,950.331955602,67.9431300929
511.701578373,-143.07315117,-8.2621445261
193.089729619,910.058441293,53.2621580152
513.330397691,-123.50858124,-5.40545913936
182.117004461,866.886257775,38.7241850503
514.735713512,-106.092743804,-3.02361880258
171.499585886,821.629429671,24.2854314725
515.951152472,-90.6056010883,-1.02872061967
161.181437578,774.425269124,9.75788777309
517.013321239,-76.7312408585,0.662787132968
151.01609158,724.868430617,-5.18573210237
517.936376557,-64.4072202056,2.0922688568
141.011146852,673.227869962,-20.6670630577
518.727301623,-53.6442503695,3.28643012162
131.257803339,620.24415861,-36.649646752
519.391369089,-44.4578808403,4.26656204037
121.909768262,567.097532455,-52.9102476115
519.944222746,-36.7070674403,5.06706433543
113.006484524,514.489221056,-69.3224502644
520.403708646,-30.1938995434,5.72162588526
104.52387225,462.72597797,-85.7802315393
520.787424508,-24.7032522666,6.26050046876
96.379947845,411.71614516,-102.203372488
521.105103155,-20.121812059,6.7012655314
88.6017789378,362.096014366,-118.193673282
521.366394902,-16.330273628,7.06026747992
81.1975245621,314.463829175,-133.270938451
521.58022302,-13.2134173454,7.35188203213
74.1622362315,269.38256569,-146.881077852
521.753758158,-10.6740192371,7.58703547655
67.5127603834,227.514276058,-158.369589837
521.893213056,-8.62605470475,7.77491984727
61.2746763043,189.524258409,-167.110487104
522.004028848,-6.99370403145,7.92348564376
55.4806765361,155.996960999,-172.64101419
522.092855505,-5.68130895274,8.04200649992
50.0450164839,126.662329283,-174.804632477
522.163242259,-4.63820716193,8.13548500908
44.9960141038,101.735194493,-173.565144339
522.216856842,-3.84139941806,8.20638053112
40.4985618648,81.7492302495,-169.40032154
522.257115244,-3.24186874052,8.2594478389
36.5793075125,66.2305738788,-163.187836506
522.28771478,-2.78565313083,8.29970878644
33.1540920853,54.2024551502,-155.690646558
522.312002203,-2.42322552071,8.33161921003
30.049310288,44.5587296554,-147.204523562
522.331536189,-2.13154428325,8.3572574762
27.2081268652,36.7735898915,-138.047160996
522.347402085,-1.89458663505,8.37807296905
24.5897658175,30.4532106443,-128.468248165
522.3602561,-1.70262470907,8.39493699346
22.1894008884,25.3451120722,-118.77284947
522.370682229,-1.54692442283,8.40861509182
19.993552269,21.2117268732,-109.184661555
522.378999093,-1.42272681084,8.41952580102
18.0273912509,17.9172758761,-100.057683568
522.385267519,-1.32912080356,8.42774903115
16.3796765834,15.4300001982,-92.0444006654
522.389933259,-1.25944868796,8.43386969074
15.0346504236,13.5708056382,-85.2751140645
522.393474941,-1.20656240353,8.43851572407
13.9299005192,12.1508222365,-79.5724172971
522.39640228,-1.16285020489,8.44235582002
12.9509823161,10.9681115967,-74.4186165134
522.398827195,-1.12664067978,8.44553680935
12.0868023033,9.97949013072,-69.7949866392
522.400815887,-1.09694515057,8.44814554764
11.3361632523,9.16059841135,-65.7257540706
522.402418613,-1.07301304461,8.45024797138
10.6997382859,8.49381748827,-62.2390219156
522.403706093,-1.05378832004,8.45193685402
10.165593898,7.95277558312,-59.2878903571
522.404723698,-1.03859342379,8.45327171839
9.72743883239,7.52110651362,-56.8509161113
522.40548226,-1.02726659893,8.45426677461
9.39084165065,7.19666999051,-54.9692324838
522.406045664,-1.01885388125,8.45500582788
9.13494218313,6.95407250306,-53.5332690308
522.406463695,-1.01261186044,8.45555418632
8.94164844411,6.77309886281,-52.445585771
522.406766824,-1.00808556572,8.45595181906
8.79958781096,6.64131885041,-51.6445627963
522.406983293,-1.00485326803,8.4562357749
8.69713499817,6.54691689994,-51.0660242717
522.407142176,-1.00248084746,8.45644419096
8.62139283227,6.47746642356,-50.6378647807
522.407283637,-1.00036856361,8.45662975417
8.55356137883,6.41551294826,-50.2540990811
522.407409879,-0.998483533794,8.45679535308
8.49270959706,6.36012885149,-49.9095626205
522.407524298,-0.996775049163,8.45694544263
8.43729450372,6.30985213767,-49.5955960135
522.407602848,-0.995602157294,8.45704848063
8.39910547781,6.27529211782,-49.3791104019
522.407685209,-0.994372344212,8.45715651913
8.3589342832,6.23901540137,-49.1512855455
522.407713044,-0.993956712649,8.45719303218
8.34532789179,6.22674598482,-49.0740951365
0.0,-0.0,-0.0
522.424304699,0.0648188743829,0.111123953092
6.59576849648,4.76569372139,-38.7746124527
522.411199333,-0.737928998054,6.64377909735
14.5726499177,10.4168248451,-85.5968587158
522.391445635,-1.8866843645,16.1502891375
21.8287708888,15.3516629208,-128.025308859
522.362053698,-3.44342448742,29.3742920458
28.7971169903,19.8420197369,-168.539036964
522.320918392,-5.37336085447,46.3131425342
35.5672719497,23.9110576266,-207.601341057
522.266587475,-7.56949184028,66.4084256458
42.6127349094,27.7641464839,-247.857719419
522.192676069,-10.063610253,90.550454471
50.0178888199,31.3551413107,-289.666434404
522.093264012,-12.7903866435,118.898067075
57.6863601067,34.534931371,-332.348324312
521.963876216,-15.5993938876,150.89248318
65.4428541872,37.1239171471,-374.83027997
521.802448344,-18.3031451481,185.614101859
73.2775911728,38.9991163189,-416.943852884
521.604863195,-20.7280647542,222.469022461
81.2567381989,40.0426727769,-458.904090127
521.36445644,-22.7100872638,261.193946448
89.2543661394,40.1270692493,-499.929103905
521.080195954,-24.0624462607,300.796304566
97.2673941415,39.1606407637,-539.866064457
520.748216766,-24.6263939477,340.617345951
105.344448377,37.0516968836,-578.773200906
520.361995902,-24.2520060306,380.101109179
113.430618955,33.7617116087,-616.190308636
519.919566075,-22.8358368956,418.259061998
121.540145681,29.2404024762,-651.881361547
519.415827119,-20.2763177355,453.836540164
129.735919971,23.3822615513,-685.706113368
518.841506447,-16.4775898643,485.57224981
138.145127459,16.0194761617,-717.782221948
518.17960351,-11.3778390386,513.366197988
146.845871722,6.98151087027,-747.930275106
517.412332709,-4.93671869316,537.283120165
155.852941928,-3.88335922058,-775.646352284
516.524085157,2.86741659406,557.285018745
164.978615738,-16.4755439408,-799.916328659
515.520447664,11.8834379589,573.278829297
174.175680335,-30.7351778771,-820.310963492
514.396708116,22.0141952979,585.57185632
183.531922057,-46.7426860336,-836.749644197
513.130695511,33.295073949,594.728932655
193.26988129,-64.9392492659,-849.18526779
511.673269385,46.0513682689,601.281596543
203.524380192,-85.7187632771,-857.17195199
509.974619875,60.6263578874,605.580454135
214.329701006,-109.283079525,-860.043185257
507.990746066,77.2970426827,607.813737549
225.740527939,-135.845464123,-857.116970315
505.664599484,96.4367412148,608.0880462
237.728506872,-165.336813674,-847.777160609
502.946371014,118.323734706,606.429013092
250.200893411,-197.354179742,-831.671138242
499.796772802,143.09342167,602.799390386
263.046952694,-231.262986597,-808.828424205
496.182108149,170.795738132,597.19512226
276.131083183,-266.228695601,-779.733339864
492.080658287,201.381583972,589.702847789
289.283309681,-301.251195825,-745.351359833
487.492661669,234.655206076,580.513331903
302.44286282,-335.606430214,-706.622306134
482.391670269,270.625543209,569.769232512
315.532622707,-368.552621719,-664.592577057
476.761806906,309.215245065,557.584267169
328.460164463,-399.383087048,-620.349577148
470.60211365,350.239400678,544.031349922
341.00320815,-427.296549216,-575.418046308
463.99577595,393.049851336,529.335276684
353.011499547,-451.808516357,-531.038932228
457.026334688,437.025213884,513.716583519
364.488338902,-472.846120183,-487.778215452
449.70983368,481.966509516,497.256184506
375.494215266,-490.449759817,-445.844512245
442.022662448,527.872124482,479.947941569
386.069009102,-504.631699999,-405.410166391
433.944569,574.691682888,461.793573146
396.210741658,-515.351201612,-366.723614929
425.482090126,622.180502664,442.85572453
405.866570612,-522.558507832,-330.158485242
416.691633266,669.791452859,423.307787565
414.997730795,-526.271205054,-295.974841407
407.634136122,716.92045402,403.335001064
423.624911534,-526.588728556,-264.159857943
398.321270616,763.211566726,383.012490498
431.765012863,-523.614787548,-234.6812347
388.767172734,808.255258603,362.421271162
439.434592825,-517.461099149,-207.483963045
378.98542353,851.603813649,341.643199687
446.637287436,-508.273188583,-182.54011879
369.007214795,892.707367935,320.798899117
453.424369764,-496.137842108,-159.646597867
358.794205649,931.256157571,299.867434559
459.83713803,-481.134639057,-138.633815955
348.305523709,966.892926228,278.825021079
465.878455084,-463.411469363,-119.457409511
337.553257843,998.990162792,257.760439094
471.48472772,-443.424168048,-102.262319879
326.686520509,1026.59370877,237.013723245
476.603882848,-421.720541926,-87.1314969831
315.881019649,1048.76850145,216.966385806
481.258280521,-398.694355003,-73.905227202
305.189048556,1065.10247322,197.737809297
485.540240099,-374.32618642,-62.2404405563
294.484354738,1075.40284227,179.135195017
489.541624864,-348.52851944,-51.8143043376
283.581441342,1079.55118671,160.842038988
493.26225995,-321.762226411,-42.5530229981
272.50369291,1077.37757797,142.860712683
496.700067722,-294.484174261,-34.390073048
261.289159275,1068.7041839,125.213049274
499.853373984,-267.153802131,-27.2575332309
249.988197849,1053.42715634,107.924708434
502.735439255,-240.190621889,-21.0429082695
238.607465169,1031.81028396,90.8800081154
505.351276084,-214.041485253,-15.660257747
227.19001489,1004.24440445,74.0040505736
507.707989282,-189.086203837,-11.026662306
215.783111962,971.199697231,57.2159877985
509.821639944,-165.570902032,-7.04704541284
204.398847046,933.161411871,40.3554791385
511.692398042,-143.862605588,-3.66413085739
193.148187189,891.006247807,23.3978722654
513.321273772,-124.263916754,-0.826760874899
182.18211351,845.816799293,6.40596053832
514.726637849,-106.818247729,1.53825333623
171.572273196,798.427969634,-10.6363567415
515.942118236,-91.3049834662,3.51847268936
161.262831438,748.9864258,-27.9075877165
517.004322974,-77.4075327379,5.19705248328
151.107686795,697.084680026,-45.7398251216
517.927409378,-65.0632381229,6.61522172707
141.11477554,643.038976782,-64.1961497538
518.718360952,-54.2827377828,7.79963132033
131.375597452,587.686561372,-83.1185460533
519.382450583,-45.0815312415,8.77153287914
122.044049309,532.353476507,-102.100804183
519.935322632,-37.3182865532,9.56515434298
113.159906689,477.879978778,-120.833985293
520.394823773,-30.7947326,10.2139772928
104.699603237,424.716621749,-139.025014636
520.778552333,-25.2953718874,10.7480451526
96.5820027102,372.925713332,-156.398486428
521.096241472,-20.7066901174,11.1848207752
88.8349002082,323.310377291,-172.344064071
521.357541836,-16.909178233,11.5405350202
81.4673680981,276.592180067,-186.223872139
521.571376995,-13.7874243929,11.8294553787
74.4756150319,233.388153647,-197.416056932
521.744917841,-11.2440447269,12.0624196732
67.877703731,194.318415812,-205.337900647
521.884377323,-9.19287485997,12.248542805
61.7004340576,159.884523228,-209.599006971
521.995196755,-7.55797299915,12.3957076631
55.9775376283,130.39344968,-210.11674972
522.084026327,-6.24352920865,12.5131044058
50.6259587147,105.338116625,-207.070342375
522.154415391,-5.19880068329,12.6056911975
45.6755235627,84.6211356503,-200.849262479
522.208031733,-4.40075129267,12.6759067773
41.2883237516,68.3930395796,-192.41628315
522.248291455,-3.80028693544,12.7284631474
37.4881993753,56.0153519686,-182.836205103
522.278891994,-3.34336113853,12.7683355861
34.1901555788,46.5401812922,-172.818043723
522.303180213,-2.98036952482,12.7999375477
31.2245981011,39.0021110199,-162.49391335
522.322714839,-2.6882344946,12.8253276685
28.5361831405,32.9401122079,-152.103190014
522.338581255,-2.45090826073,12.8459416031
26.0856148764,28.0209727829,-141.823339165
522.351435692,-2.25864778041,12.8626423411
23.8674275883,24.0365196373,-131.895213382
522.361862162,-2.10270536417,12.8761879992
21.8675243714,20.799222484,-122.471486879
522.370179299,-1.97831462952,12.8869930649
20.1057199992,18.2061771538,-113.825210971
522.37644793,-1.88456307866,12.8951366733
18.6544050995,16.2392001785,-106.47765312
522.381113822,-1.81478263887,12.9011980695
17.4895451419,14.7635635874,-100.443098372
522.38465562,-1.76181413164,12.9057991176
16.5479690943,13.633900579,-95.4812566017
522.387583056,-1.71803397537,12.9096020319
15.7264162047,12.6919157655,-91.0937676496
522.39000805,-1.68176815818,12.9127522214
15.0121252595,11.9044418231,-87.237150298
522.391996807,-1.65202646467,12.9153357007
14.400755515,11.2527272884,-83.9065560887
522.393599586,-1.62805715481,12.9174177678
13.8895126594,10.7229308428,-81.1012199398
522.394887108,-1.60880254465,12.9190902979
13.4657828096,10.293954942,-78.7626080165
522.395904746,-1.59358402761,12.9204122375
13.1220376471,9.95250877095,-76.8567162956
522.396663333,-1.58223959511,12.9213976592
12.8604163505,9.696479826,-75.4010451982
522.397226755,-1.57381379988,12.9221295566
12.6629885348,9.50542992449,-74.29967726
522.397644801,-1.56756207591,12.9226726056
12.5147248086,9.36315857837,-73.4709746279
522.397947939,-1.56302874512,12.9230663883
12.4062414749,9.25970629431,-72.8637593811
522.398164416,-1.55979142288,12.9233475948
12.3282615859,9.18567757647,-72.4268359383
522.398323304,-1.55741531444,12.9235539929
12.2707519794,9.13126025304,-72.1043707065
522.39846477,-1.5552997471,12.9237377594
12.2193506348,9.08275028225,-71.8159857039
522.398591016,-1.55341178704,12.9239017549
12.17332073,9.03941137578,-71.5576014702
522.398705438,-1.55170064662,12.9240503912
12.131471453,9.00009186476,-71.3225740678
522.39878399,-1.55052593153,12.9241524315
12.1026692446,8.97307662314,-71.1607585072
522.398866354,-1.54929420674,12.924259424
12.0724056886,8.94473090929,-70.990679338
522.398894191,-1.54887792909,12.9242955835
12.0621629492,8.93514658278,-70.9331034245
0.0,-0.0,-0.0
522.424304699,0.0648188743829,0.111123953092
9.8024315744,6.95479412702,-57.5443539554
522.404551963,-1.07907188633,9.57771374674
18.9621590808,13.2300023245,-111.137384355
522.375161457,-2.62910064623,22.745925096
26.8177878664,18.3287853852,-156.838478165
522.334028154,-4.55052284539,39.61285918
34.0970584872,22.7328372186,-198.861857469
522.279699883,-6.73667450048,59.6221484078
41.4853185009,26.7962539759,-241.095674099
522.205792079,-9.21900217035,83.6598647414
49.1344237063,30.521694045,-284.294425776
522.106384868,-11.9322175775,111.88355982
56.9799058445,33.7836234644,-327.9669756
521.977003385,-14.7263111387,143.736197763
64.8660059167,36.4170992723,-371.156888977
521.815583394,-17.4144126911,178.301585664
72.7983697355,38.308860206,-413.785431999
521.618007902,-19.8234631288,214.987843191
80.8534172884,39.3468604167,-456.126252483
521.37761291,-21.7898177702,253.532198127
88.9103110069,39.4080273978,-497.428159417
521.093366353,-23.1274218854,292.946114305
96.9704895113,38.4034419765,-537.563639224
520.761403462,-23.6781046707,332.573449405
105.085880952,36.2427386577,-576.607889842
520.375201595,-23.2924849077,371.860413468
113.203435683,32.8891345963,-614.110481882
519.93279358,-21.8677044232,409.822965902
121.339021565,28.2920796727,-649.840612455
519.429079525,-19.3028500816,445.212343787
129.556822896,22.3442205394,-683.65916179
518.854787329,-15.5026954962,476.773319041
137.985068746,14.876396361,-715.684651987
518.192917323,-10.4056326577,504.406191574
146.70248239,5.71757166077,-745.737190959
517.42568485,-3.97142132355,528.175084824
155.724206134,-5.28382789641,-773.311896482
516.537481876,3.82148685868,548.041915801
164.862547893,-18.0245473112,-797.39883197
515.533895021,12.8222152929,563.914634381
174.070576642,-32.4421251342,-817.572171827
514.410212513,22.9338828405,576.099124405
183.436451176,-48.6157511305,-833.752313517
513.144264604,34.1919189224,585.156673786
193.183094315,-66.9882940477,-845.888619877
511.686913534,46.9209382454,591.614167465
203.445516266,-87.9533769598,-853.534225746
509.988352292,61.4633555592,595.818289153
214.258066367,-111.709873814,-856.026043171
508.004582659,78.0953112789,597.954300923
225.675499132,-138.467540391,-852.686691548
505.678559745,97.1888781997,598.12556593
237.669479915,-168.151303725,-842.909761956
502.960477899,119.021119524,596.355076321
250.147269763,-200.350607597,-826.356311777
499.811052487,143.726358667,592.603612317
262.99815388,-234.423167584,-803.071225687
496.196590091,171.353459358,586.865074964
276.086558735,-269.527562174,-773.554912116
492.095374972,201.852274291,579.223927338
289.24253977,-304.658526753,-738.78806116
487.507647771,235.026175252,569.868988377
302.405393488,-339.090075807,-699.719152786
482.406964689,270.882317446,558.939720296
315.498054199,-372.080216582,-657.400220647
476.777452786,309.341409838,546.546988311
328.42814233,-402.923822665,-612.920854412
470.618158127,350.216522496,532.761528979
340.973396918,-430.823282746,-567.80642358
464.012265095,392.858958007,517.809199869
352.983597188,-455.299016973,-523.293699508
457.043313279,436.646858496,501.911782732
364.462094593,-476.282632298,-479.941470543
449.727349914,481.378995816,485.148709483
375.469425942,-493.817893322,-437.951348205
442.040771545,527.050070339,467.510427893
386.04550671,-507.91980692,-397.489836671
433.963334138,573.605421888,448.994901918
396.188381605,-518.550112441,-358.800394087
425.501581504,620.796286974,429.66172994
405.845222491,-525.66165799,-322.252047077
416.711924596,668.072832428,409.683319925
414.977277724,-529.274223618,-288.100525647
407.655304339,714.828639615,389.244130981
423.60525338,-529.488563754,-256.329367946
398.343401065,760.703349858,368.415858144
431.746063005,-526.409428762,-226.903282213
388.790360155,805.282746101,347.275765245
439.416275868,-520.149335936,-199.764822293
379.00977353,848.11404693,325.901395756
446.619536417,-510.854637018,-174.883973733
369.03284318,888.642985381,304.409611643
453.407128362,-498.612082183,-152.056367837
358.821249642,926.550868793,282.770321233
459.82035824,-483.501239517,-131.111466899
348.334147177,961.469442713,260.948614057
465.862093415,-465.67049205,-112.003830539
337.583648554,992.762385882,239.02415685
471.468740236,-445.577479117,-94.8766428037
326.718868912,1019.47749255,217.33873723
476.588225939,-423.771654405,-79.8112575565
315.915508436,1040.68934597,196.280155717
481.242915355,-400.647189489,-66.6473665385
305.225871342,1055.98877393,175.965161431
485.525136189,-376.183447008,-55.0424674938
294.523759919,1065.16951472,156.178353323
489.526759115,-350.291704166,-44.6744771184
283.623766318,1068.08591869,136.568069439
493.247610632,-323.433755598,-35.4691186894
272.549329841,1064.55721315,117.121296068
496.68561421,-296.067303582,-27.3594280208
261.338561299,1054.39765802,97.8448273497
499.839096642,-268.652555457,-20.2770934676
250.041885636,1037.49942874,78.7506201517
502.721320127,-241.609568391,-14.1094519542
238.666058161,1014.11234781,59.7043211917
505.33729829,-215.38582924,-8.77032768153
227.254236579,984.619245261,40.619603447
507.694137011,-190.36160293,-4.17665348296
215.853807476,949.486358708,21.4092072899
509.807898818,-166.783128332,-0.233391578758
204.477030562,909.191336025,1.90617711168
511.678754176,-145.01791402,3.11692832606
193.235003118,864.630209182,-17.8854778969
513.307713753,-125.368905475,5.9256048363
182.278795844,816.932484058,-37.8420594057
514.713149551,-107.87924236,8.2656277009
171.680192903,766.982929496,-57.9148399632
515.928691511,-92.3274572801,10.2240482032
161.383656363,714.969272373,-78.2328046506
516.990949713,-78.3959569756,11.8834317089
151.243625082,660.522188228,-99.080789264
517.91408232,-66.0217671656,13.2848052691
141.268530414,604.063162914,-120.390025065
518.705073293,-55.2154178209,14.4547378723
131.550309149,546.590436384,-141.801112872
519.369195869,-45.9923344346,15.4144218941
122.243128718,489.626868609,-162.664330365
519.922095251,-38.2107604807,16.1978297888
113.387242713,434.17853217,-182.456822826
520.381619046,-31.6718931184,16.8381350973
104.959822972,380.840604496,-200.701792868
520.76536648,-26.1596853298,17.3650687935
96.8809518008,329.804601834,-216.966680619
521.083071213,-21.5603267411,17.7959234892
89.179448067,281.950439448,-230.553356904
521.344384383,-17.754007802,18.1467584358
81.8656549173,237.982902347,-240.855706962
521.558230008,-14.6250332314,18.4316804211
74.9373685458,198.401585278,-247.414750245
521.731779339,-12.075783382,18.6613959263
68.4142653743,163.605898695,-249.958387192
521.871245633,-10.0198877765,18.8449053498
62.3246811634,133.793421899,-248.515999505
521.982070474,-8.38122462502,18.9899912199
56.7035114088,108.931585734,-243.462381342
522.07090438,-7.06376036815,19.1057198016
51.4710506258,88.3058159718,-235.271410147
522.141296877,-6.01663351351,19.1969833172
46.6585350857,71.5879519945,-224.643530611
522.194915832,-5.21675353984,19.2661898968
42.4232825776,58.6875231068,-212.819918651
522.235177516,-4.61491264296,19.3179880661
38.7844518174,48.9434879688,-200.850533597
522.265779546,-4.15693980625,19.3572839835
35.6551497505,41.5232237269,-189.269598659
522.290068948,-3.79311667418,19.3884282095
32.870130003,35.6303735037,-178.011252882
522.309604526,-3.50031261147,19.4134501013
30.3746565025,30.8876529965,-167.205868609
522.325471715,-3.26244296734,19.433764939
28.1296941438,27.0290373993,-156.942121259
522.338326778,-3.06974232506,19.4502233729
26.1272120191,23.8922538564,-147.381576203
522.348753756,-2.91344293406,19.4635725003
24.3505853314,21.3338308975,-138.60084793
522.357071298,-2.7887674768,19.4742207995
22.8120997942,19.2776332297,-130.785386767
522.363340234,-2.69480134967,19.4822462556
21.5663834396,17.7142759187,-124.32220913
522.368006354,-2.62486120657,19.4882197098
20.582518016,16.5401795543,-119.136999198
522.371548324,-2.57177147754,19.4927540036
19.7987326962,15.6413242636,-114.957780112
522.374475902,-2.52789113073,19.4965017434
19.1239694943,14.8923540149,-111.326839685
522.376901015,-2.49154232168,19.4996062285
18.5447040065,14.2670816866,-108.186255583
522.378889868,-2.46173256776,19.5021522255
18.0547119877,13.7505376362,-105.513248647
522.380492725,-2.43770840788,19.504204085
17.6492985772,13.3314882849,-103.290559985
522.38178031,-2.41840973717,19.5058523494
17.3164038282,12.9929069718,-101.458132875
522.382797998,-2.40315639581,19.5071551097
17.0485012158,12.7239660895,-99.9787540185
522.383556621,-2.39178600422,19.5081262345
16.8459334282,12.5226749255,-98.8574188833
522.384120071,-2.38334092865,19.5088475132
16.6938476999,12.3726999691,-98.0140009224
522.384538137,-2.37707489922,19.5093826834
16.5800824867,12.2611536835,-97.3822454325
522.38484129,-2.37253119512,19.509770753
16.4970877559,12.1801208166,-96.9209070834
522.385057777,-2.36928646515,19.5100478796
16.4375593427,12.1221768797,-96.589774019
522.385216673,-2.36690491964,19.5102512831
16.3937275818,12.0796061164,-96.3458298716
522.385358146,-2.36478451141,19.5104323835
16.3546018802,12.0416734,-96.1279875848
522.385484398,-2.3628922313,19.5105939997
16.3196054911,12.0077978002,-95.9330649022
522.385598826,-2.36117717542,19.5107404795
16.2878211042,11.9770751925,-95.7559741211
522.385677382,-2.35999977233,19.5108410394
16.2659645092,11.9559729113,-95.6341651667
522.38575975,-2.3587652291,19.5109464796
16.2430153407,11.9338369359,-95.506239053
522.385787588,-2.35834799892,19.5109821145
16.2352519724,11.9263535631,-95.4629570003
0.0,-0.0,-0.0
522.424304699,0.0648188743829,0.111123953092
13.456016732,9.27375707344,-78.7744213381
522.39491635,-1.47564708561,13.1991559593
23.4341536272,15.822393572,-136.885354931
522.353786066,-3.38494013851,29.962741577
31.7028788004,20.8771001618,-184.666838872
522.299461783,-5.55687902215,49.8484585082
39.6974996318,25.3139638388,-230.402569744
522.225559407,-8.02241983643,73.7362884295
47.7557403734,29.2671944525,-275.937002766
522.1261595,-10.7163364341,101.781940396
55.8885541192,32.6652417701,-321.222153273
521.996787529,-13.4892178237,133.430891819
63.9807029946,35.3724704238,-365.542049704
521.835379415,-16.1550760432,167.771852821
72.0661580039,37.2934119557,-408.982549868
521.637818475,-18.5415926787,204.215852136
80.2391063348,38.3262113342,-451.91901226
521.397441211,-20.485728631,242.500880789
88.3874447748,38.3551415546,-493.652640901
521.113215646,-21.8024468626,281.644201424
96.5200219519,37.2957604747,-534.09751262
520.781277313,-22.3344029944,320.993423477
104.694067176,35.05988895,-573.356288074
520.395104073,-21.9329942888,359.997880602
112.859506446,31.6134459097,-610.994274261
519.952728928,-20.4962002888,397.679984936
121.03476832,26.9055227274,-646.789189836
519.449052398,-17.9240415421,432.799448392
129.286050952,20.8260424156,-680.604087453
518.874803114,-14.1221917872,464.109751773
137.743196647,13.2039092915,-712.559213949
518.212982736,-9.02934053359,491.511616978
146.48588632,3.86741044003,-742.474279435
517.445808021,-2.60540279619,515.068291594
155.529809231,-7.33475710491,-769.8432006
516.557672225,5.17102901554,534.741572874
164.687327692,-20.2938926322,-793.66238939
515.55416168,14.1494442348,550.440862279
173.9119437,-34.9436578291,-813.511253942
514.430565129,24.2333465861,562.470004347
183.292383903,-51.3613529815,-829.311899912
513.164714716,35.4582215896,571.385207173
193.052152195,-69.9922533062,-841.008718691
511.707476752,48.1476943451,577.706698332
203.326544831,-91.2294866315,-848.153652519
510.009048525,62.642925224,581.775557095
214.150013882,-115.267451217,-850.088919617
508.025435883,79.2188110307,583.772809433
225.577421119,-142.310647609,-846.144215073
505.699599329,98.2456245836,583.797210595
237.580462162,-172.275161373,-835.727707258
502.981738439,119.998672287,581.868002503
250.066407,-204.739241447,-818.520732613
499.832573427,144.610730436,577.943177541
262.924571719,-239.049320285,-794.590827141
496.218415821,172.129122517,572.013753106
276.019425538,-274.353970483,-764.461981892
492.117554444,202.502200965,564.161123365
289.181070509,-309.640520015,-729.137042982
487.530233235,235.532090638,554.571369655
302.348902799,-344.180309637,-689.576970752
482.430014765,271.223394386,543.379453498
315.445938692,-377.231195972,-646.841777285
476.801032483,309.494051516,530.69224663
328.37986711,-408.090494643,-602.023936295
470.64233847,350.154261302,516.577473654
340.928455826,-435.966134046,-556.649351928
464.037115502,392.554602004,501.262585873
352.941534595,-460.385834542,-511.948377078
457.06890122,436.072590803,484.971226137
364.422532157,-481.287785132,-468.46912396
449.753748006,480.503829608,467.780841799
375.432057378,-498.720671415,-426.402892298
442.068062988,525.837802252,449.677196124
386.010078558,-512.703501113,-385.907606823
433.991614118,572.013802316,430.653131523
396.154675802,-523.201627419,-347.219411215
425.530955784,618.777349077,410.764171959
405.813042382,-530.17169666,-310.700568588
416.742504227,665.574910367,390.181600391
414.946447053,-533.636675162,-276.600464723
407.687205218,711.79692852,369.089078999
423.575621161,-533.699214359,-244.897355861
398.376751757,757.076982972,347.553850243
431.717498625,-530.465557178,-215.551614064
388.825303368,800.994491891,325.64836547
439.388665647,-524.049363368,-188.502268806
379.046468339,843.089862486,303.444682521
446.592779392,-514.598168666,-163.716283877
369.071464004,882.803076185,281.055077323
453.381139615,-502.19864659,-140.987492105
358.862003152,919.803427692,258.437577108
459.795065394,-486.93032959,-120.144003573
348.377280159,953.707977729,235.542981929
465.8374309,-468.942305872,-101.138828838
337.629443765,983.869149556,212.439832821
471.444641816,-448.694836219,-84.1125873135
326.767613102,1009.33894191,189.474033413
476.564625862,-426.739763507,-69.1443100242
315.967476623,1029.20712097,167.043817295
481.219755082,-403.47183827,-56.0728500985
305.281354939,1043.07042763,145.264419762
485.502369758,-378.868634704,-44.5565792457
294.583132775,1050.7063138,123.892637421
489.504351708,-352.839661149,-34.2745466766
283.687536214,1051.93500531,102.533774274
493.225529493,-325.848050388,-25.1517831837
272.618086859,1046.5655869,81.16012066
496.663828243,-298.352716099,-17.1206900798
261.412987112,1034.40779227,59.7661938582
499.817576246,-270.814979207,-10.1123941038
250.122763299,1015.356531,38.3558884702
502.700038233,-243.655685836,-4.01399809373
238.754318992,989.653318569,16.7839174959
505.316229451,-217.323243174,1.2610093823
227.350967904,957.683909448,-5.03329064347
507.673257394,-192.19857191,5.79590362999
215.960278827,919.926763498,-27.1686297749
509.787186746,-168.52807355,9.68565721696
204.594764605,876.872226234,-49.767799932
511.658188719,-146.679956363,12.9880192232
193.365716691,829.46764329,-72.7563897142
513.28727469,-126.957662491,15.7544896748
182.424338186,778.929810587,-95.899744731
514.692818604,-109.403931939,18.0577608184
171.84261607,726.234861,-119.033036981
515.908453383,-93.7960539182,19.9841309835
161.565454078,671.656017977,-142.181147369
516.970792179,-79.8149745231,21.6152956465
151.448095577,614.916811281,-165.512754584
517.893994434,-67.3972569823,22.9919830788
141.499704296,556.604096924,-188.75479358
518.685044798,-56.5532728454,24.1406403435
131.812856632,497.920745103,-211.298331944
519.349217037,-47.2983390862,25.0823715086
122.542103558,440.584624953,-232.263024507
519.902157624,-39.490080473,25.8507726129
113.728383136,385.723492858,-250.976560359
520.361715567,-32.9289196486,26.4785638979
105.349925257,333.995677555,-266.891301105
520.745491451,-27.3980093067,26.9950168217
97.3285603251,285.613405241,-279.565788487
521.063219693,-22.7831078557,27.41717356
89.6945270248,241.367554622,-288.436377437
521.324552167,-18.9639681614,27.7608410245
82.4599000698,201.77324575,-293.158134537
521.538413568,-15.8244822324,28.039889764
75.6245920553,167.067280147,-293.627077495
521.711975689,-13.2666871245,28.2648332252
69.2103145247,137.336440275,-290.000141811
521.851452253,-11.203912287,28.4445035441
63.2471643029,112.461774681,-282.736535701
521.962285248,-9.55977387774,28.5865357832
57.7710620069,92.1384177269,-272.570669702
522.051125687,-8.23791279005,28.6998142001
52.7061444898,75.5541140861,-260.122964048
522.121523358,-7.18729474798,28.7891341402
48.0843242849,62.2748214585,-246.229727161
522.175146253,-6.38475004674,28.8568587592
44.0548930033,52.105932825,-232.204000293
522.215410895,-5.78090536387,28.9075433379
40.6294756317,44.4526310161,-218.944397556
522.246015172,-5.32140838617,28.9459925074
37.7177145842,38.6280290987,-206.761054286
522.270306358,-4.95637484195,28.9764644518
35.1588526001,33.9964369999,-195.403755064
522.289843371,-4.66259689303,29.0009455231
32.8974825812,30.2600096442,-184.891550151
522.305711725,-4.42393622714,29.020821076
30.8933532134,27.2117064027,-175.225675816
522.318567731,-4.23059485833,29.0369236373
29.1340227057,24.7272941735,-166.486481702
522.328995474,-4.07377583349,29.04998412
27.5989678668,22.6971226481,-158.678935858
522.337313627,-3.9486859172,29.0604021763
26.2920133329,21.0639694552,-151.905103176
522.343583023,-3.85440744034,29.0682541023
25.2507524674,19.8223948678,-146.429335158
522.348249486,-3.78423482385,29.0740983964
24.4401479731,18.8908197212,-142.12016309
522.351791716,-3.73096863741,29.0785346482
23.8024020687,18.1786385605,-138.702403655
522.354719509,-3.68694244753,29.0822013533
23.2594084792,17.5862312436,-135.773917068
522.357144799,-3.65047283077,29.0852387125
22.7979528442,17.0926184366,-133.272138197
522.359133799,-3.62056400426,29.0877296594
22.4111437704,16.6856628746,-131.16602549
522.360736774,-3.59646000158,29.0897371533
22.0936373991,16.3561720473,-129.431217355
522.362024452,-3.57709719385,29.0913497785
21.8346933161,16.0904442934,-128.012419266
522.363042215,-3.56179316023,29.0926243704
21.6274901264,15.8797223959,-126.874585907
522.363800894,-3.55038498114,29.0935744973
21.4715348748,15.7222265643,-126.016705734
522.364364386,-3.54191184002,29.0942801805
21.3548567993,15.6050130064,-125.374063447
522.364782482,-3.53562498677,29.0948037792
21.2678110215,15.5179096168,-124.894177244
522.365085658,-3.53106618269,29.0951834578
21.2044358631,15.4546754451,-124.544545335
522.365302161,-3.52781066961,29.0954545924
21.1590461007,15.4094810715,-124.294011142
522.365461068,-3.52542120961,29.0956535979
21.125660483,15.376289339,-124.109668718
522.365602551,-3.52329375472,29.0958307825
21.0958849656,15.3467225498,-123.94521238
522.365728813,-3.52139518608,29.0959889042
21.0692724674,15.3203251312,-123.79818822
522.365843249,-3.51967443064,29.0961322168
21.0451193248,15.2963904689,-123.664720217
522.365921811,-3.51849311475,29.0962306024
21.0285196881,15.279953813,-123.572975169
522.366004185,-3.51725446883,29.0963337627
21.0110984518,15.2627148506,-123.476674309
522.366032025,-3.51683585209,29.0963686271
21.0052070031,15.2568876423,-123.444104196
0.0,-0.0,-0.0
522.424304699,0.0648188743829,0.111123953092
16.9471026692,11.2560744574,-98.8205208813
522.383178905,-1.82811584139,16.7334346589
27.6195272943,17.8828551866,-160.590049967
522.328860555,-3.98089362385,36.4502430338
36.8035572503,23.0532324536,-213.201065713
522.254966252,-6.42381483995,60.1332138144
45.5869404329,27.4147668996,-262.883670913
522.155577209,-9.0917442548,87.9355486185
54.200767723,31.0470135569,-310.878001358
522.026219386,-11.836085925,119.306172564
62.6261172078,33.8807640111,-357.035165979
521.864828939,-14.4720493378,153.340508363
70.9537086596,35.8558818811,-401.770220141
521.667289644,-16.8283250217,189.453572179
79.3103634953,36.8894242498,-445.645620635
521.426938749,-18.7427034877,227.384411385
87.5996996411,36.8781496645,-488.056170421
521.142744408,-20.0315283497,266.158221304
95.8430718902,35.745084068,-528.986322663
520.810842604,-20.5385792444,305.127746027
104.106381175,33.4057583612,-568.584207235
520.424711946,-20.116313618,343.746595301
112.344390349,29.8302579736,-606.440949938
519.982385695,-18.6638428995,381.045998593
120.579588892,24.9672910744,-642.348620393
519.47876498,-16.0824464669,415.7972427
128.88132286,18.7029505501,-676.174817747
518.904579524,-12.2790111237,446.765699185
137.381928312,10.8635253146,-708.043442026
518.242832964,-7.19263563862,473.85266975
146.162565275,1.27647197648,-737.774428286
517.475744162,-0.783452508359,497.120212378
155.239770402,-10.2090235291,-764.860515363
516.587708289,6.96975067638,516.529966907
164.426007082,-23.4764543453,-788.307467707
515.58431125,15.9169703543,531.993307842
173.675440406,-38.4538810287,-807.70257822
514.460842553,25.9622328498,543.811296521
183.077656531,-55.2157813628,-822.970900834
513.195137158,37.141085343,552.533224757
192.85703438,-74.2106715528,-834.050346945
511.738067432,49.7757733705,558.670276858
203.149301699,-95.8307880283,-840.491722071
510.039837055,64.2057186116,562.555933266
213.989067013,-120.264011667,-841.645296494
508.056457923,80.7040999267,564.365490997
225.431354581,-147.7072335,-836.851347227
505.730898565,99.638708903,564.191488905
237.447907118,-178.063925681,-825.539150093
503.013366326,121.282436321,562.048128741
249.946009562,-210.896511607,-807.419021579
499.864588634,145.765938069,557.889680246
262.81502539,-245.535593793,-782.590610008
496.250884371,173.134432119,551.703319399
275.91948862,-281.115843932,-751.6110715
492.150549146,203.334227622,543.566356122
289.089571618,-316.614468881,-715.514115744
487.563831799,236.165764329,533.661241197
302.264819683,-351.299355424,-675.277843498
482.464304375,271.630174561,522.116958178
315.368371685,-384.428476901,-631.972935388
476.836109824,309.641646479,509.035119782
328.308018908,-415.302897701,-586.695299174
470.678309172,350.006511756,494.479554751
340.861572196,-443.138659918,-540.970833923
464.074082801,392.074454296,478.680018373
352.878936749,-467.473940329,-496.020298085
457.106965451,435.222246859,461.862827526
364.363656529,-488.256221755,-452.376547234
449.793017153,479.241275266,444.102988124
375.376447785,-505.541081504,-410.216311096
442.108660767,524.114041395,425.380275191
385.95735753,-519.353112957,-369.685425402
434.033682069,569.771779106,405.681041121
396.104518613,-529.662709854,-331.009727993
425.574651162,615.952468399,385.055804077
405.765156213,-536.431816091,-294.541943217
416.787992143,662.097865655,363.674838001
414.900569481,-539.687817932,-260.522562343
407.734657977,707.594537661,341.721303896
423.531527398,-539.535960746,-228.922516731
398.426360479,752.068312529,319.257228274
431.674994224,-536.084519158,-199.696183135
388.877280192,795.090586074,296.349533571
439.347581379,-529.448698826,-172.777735193
379.101049708,836.193314282,273.06406407
446.552964964,-519.777645636,-148.129974266
369.128909151,874.80966878,249.508288815
453.342468624,-507.157879038,-125.544314772
358.922619216,910.594009951,225.626282516
459.757430102,-491.668844168,-104.84705577
348.441433866,943.145347469,201.352333442
465.800733711,-473.460586071,-85.9890889698
337.697555245,971.803234818,176.743228289
471.408784139,-452.997004529,-69.1074523815
326.840108324,995.627878054,152.153172996
476.52950984,-430.833252232,-54.2779458911
316.044764009,1013.73205774,127.9968849
481.185293584,-407.364857919,-41.3383087962
305.363867149,1025.72356323,104.391242026
485.468494379,-382.566872258,-29.9482224679
294.671424828,1031.36283374,81.0629170701
489.471010629,-356.346315952,-19.7883938652
283.782361907,1030.43192374,57.5709409518
493.192673962,-329.168176305,-10.7829056772
272.720321925,1022.73495459,33.8793465518
496.631411983,-301.493044619,-2.86328995133
261.523642866,1008.08633208,9.98032616046
499.785555202,-273.783783142,4.04009509925
250.243000967,986.39761973,-14.1158974266
502.66837212,-246.462327214,10.0404525212
238.885519055,957.916486261,-38.5465313274
505.284880398,-219.97835722,15.2247471501
227.494741152,923.052981878,-63.3652932986
507.642189932,-194.713698919,19.6765302313
216.118504643,882.325793781,-88.5956056455
509.756368617,-170.914972599,23.4906663783
204.769695311,836.27174695,-114.317852847
511.627588776,-148.951354576,26.7252853628
193.559888844,785.932041017,-140.33470474
513.25686284,-129.126972716,29.4321605093
182.640479572,732.654728589,-166.249961831
514.662567646,-111.484005011,31.6835548779
172.083748244,677.545801926,-191.739485528
515.878340551,-95.7980047106,33.5646971886
161.835243027,621.001221873,-216.682318054
516.940799281,-81.7478807012,35.1560504887
151.751382722,562.879361842,-241.082202326
517.864105182,-69.2695500109,36.4979178584
141.84239058,503.953282025,-264.445335024
518.655243929,-58.3731618757,37.6165714209
132.201753322,445.605343162,-285.958892776
519.319490072,-49.0738807621,38.5329882937
122.984540167,389.656057059,-304.644103832
519.872491976,-41.2284689065,39.2802318308
114.232630691,337.228500628,-319.850175122
520.332100737,-34.6362698082,39.8903818343
105.925713425,288.901615247,-331.148161694
520.71591896,-29.0793214089,40.3920610701
97.9880337377,244.769632375,-338.270868564
521.033682184,-24.4427813935,40.8019580522
90.4516882574,205.387718955,-340.979488479
521.295043385,-20.6057931662,41.1355235465
83.3309550465,170.984182677,-339.31368291
521.508928264,-17.451673994,41.4062948114
76.6283468811,141.503189361,-333.559105481
521.682509418,-14.8819828798,41.6245130333
70.3678391032,116.756347333,-324.244199823
521.822001263,-12.8096314402,41.7987730759
64.5811261175,96.4041116638,-312.120942526
521.932846394,-11.1578709675,41.9365020832
59.3043835701,79.9975744819,-298.101976055
522.021696554,-9.82988912229,42.0463277622
54.4654309905,66.7372253717,-282.80379496
522.092101925,-8.77441107464,42.1329088982
50.0950008882,56.1822674119,-267.052534892
522.145730684,-7.96815687493,42.1985452374
46.329764261,48.1213205292,-252.085008627
522.185999727,-7.36152277954,42.2476606385
43.1703057132,42.0562980631,-238.586120343
522.216607349,-6.89990409356,42.2849166527
40.5211939671,37.4355820076,-226.647335993
522.240901189,-6.53318557565,42.3144412886
38.2263145319,33.7554713461,-215.875162824
522.260440337,-6.23805191456,42.3381602965
36.2285096122,30.7819819863,-206.191559371
522.276310424,-5.99829009706,42.3574168604
34.485349605,28.3533129389,-197.522699001
522.289167835,-5.80405679808,42.3730179683
32.9792126222,26.3729769801,-189.87653909
522.299596717,-5.64651441222,42.3856717276
31.6856903973,24.7552578998,-183.199978427
522.307915778,-5.52084754491,42.3957653539
30.6010935824,23.4553472327,-177.527104826
522.314185859,-5.42613425938,42.4033727628
29.7489491607,22.4687827313,-173.024130459
522.318852831,-5.35563802681,42.4090350603
29.0934289296,21.7299849551,-169.533577488
522.322395449,-5.30212620178,42.4133331637
28.5827982373,21.1662899085,-166.798938739
522.325323561,-5.25789699025,42.4168856849
28.1517296866,20.6983009018,-164.47998023
522.327749117,-5.22125920249,42.4198284587
27.7881593482,20.3090961744,-162.516857496
522.329738333,-5.1912124615,42.422241836
27.4854192706,19.9887954807,-160.877190269
522.331341483,-5.16699731327,42.4241868153
27.2383294623,19.7298891707,-159.53560482
522.332629303,-5.1475452233,42.4257492225
27.0377744375,19.5213878837,-158.444508474
522.333647177,-5.13217062332,42.4269841229
26.8779251519,19.3562513648,-157.573484408
522.334405939,-5.12070984197,42.4279046624
26.7579870741,19.2329513049,-156.919138152
522.334969491,-5.11219763207,42.4285883703
26.6684682675,19.1412594882,-156.430305928
522.335387634,-5.10588179095,42.4290956638
26.6018038539,19.0731628152,-156.066028118
522.335690842,-5.10130196687,42.4294635191
26.5533323679,19.0237493209,-155.80103153
522.335907369,-5.09803144313,42.4297262104
26.5186503576,18.9884445354,-155.611355134
522.336066294,-5.09563096571,42.4299190188
26.4931586023,18.9625222436,-155.47190441
522.336207792,-5.09349370149,42.4300906858
26.4704362359,18.9394355248,-155.347577768
522.336334067,-5.09158637888,42.4302438835
26.4501379364,18.9188271966,-155.236494112
522.336448516,-5.08985768936,42.4303827333
26.4317239017,18.9001445193,-155.135705549
522.336527087,-5.08867092664,42.4304780551
26.4190732151,18.8873162161,-155.06645329
522.33660947,-5.08742656955,42.430578003
26.4058004663,18.8738631927,-154.993787716
522.336637313,-5.08700602265,42.4306117817
26.4013128849,18.8693160663,-154.96921727
0.0,-0.0,-0.0
522.424304699,0.0648188743829,0.111123953092
20.1467279098,12.7586668741,-116.854139826
522.369994648,-2.06437914354,19.6164964154
32.12571845,19.6531786687,-185.628121778
522.296111638,-4.47948330115,43.0430578011
42.2682579809,24.7900963803,-243.1005244
522.196737793,-7.11548161303,70.5408890839
51.6932039042,28.8304437003,-295.680503552
522.067399763,-9.82479393156,101.563251173
60.6483889147,31.8797880867,-344.777081874
521.90603403,-12.4241161836,135.213986888
69.3475028891,33.9534324451,-391.516848855
521.708525014,-14.743396942,170.913121817
77.9795154176,35.0046617493,-436.818871186
521.468211006,-16.6214685197,208.401046973
86.4768307265,34.9515642664,-480.247811931
521.184060344,-17.8763871952,246.712898095
94.881790959,33.7294907261,-521.906522625
520.85220964,-18.3533313658,285.207857342
103.274213597,31.260160671,-562.017116315
520.466138551,-17.9060799333,323.344897924
111.616540339,27.5198431564,-600.212141628
520.023880695,-16.435141064,360.166282355
119.937489629,22.4570045515,-636.307259565
519.52033806,-13.8433432107,394.457772084
128.311137675,15.9527750229,-670.179047023
518.946241894,-10.0390651001,424.99960229
136.873508564,7.83026423815,-701.95859204
518.284598597,-4.96192191161,451.693805833
145.707946545,-2.0839041956,-731.467662827
517.517629977,1.42767343566,474.600964342
154.832244584,-13.9396951347,-758.198464241
516.629733885,9.15068475348,493.682531233
164.059049605,-27.610163186,-781.169726328
515.626495629,18.0577544568,508.852332818
173.343493595,-43.0158038907,-799.979974169
514.503205785,28.0535580331,520.407953515
182.776395631,-60.2271184122,-814.559107408
513.237703253,39.1736966288,528.890072024
192.583380648,-79.6965736293,-824.837557566
511.780868871,51.7386466225,534.798645164
202.900792298,-101.814889733,-830.365636047
510.08291526,66.0856153553,538.457742484
213.763465437,-126.761068591,-830.505140859
508.099862777,82.4856029551,540.035589884
225.226657637,-154.721715418,-824.611230155
505.774691179,101.303262454,539.61707884
237.262181718,-185.583587313,-812.141686669
503.057618674,122.808438912,537.210242174
249.777346906,-218.888397409,-792.845295079
499.909382783,147.129126049,532.764832917
262.661585913,-253.946249916,-766.8638733
496.296312671,174.307907472,526.26338105
275.779525861,-289.874063207,-734.797657146
492.196713438,204.288548357,517.778262764
288.961439467,-325.636425311,-697.719925618
487.61084078,236.869412203,507.487563411
302.147082448,-360.497284774,-656.630314908
482.512279985,272.047319063,495.513063804
315.259766472,-393.715353239,-612.612390763
476.885187292,309.731820319,481.950114097
328.207427,-424.597125229,-566.765430718
470.72863623,349.724500397,466.858019808
340.767935771,-452.36975856,-520.614010025
464.125803826,391.374079803,450.469615479
352.791304109,-476.585353388,-475.365440216
457.160220755,434.056577873,433.014765934
364.281237686,-497.203534432,-431.532341225
449.847957736,477.558293577,414.565848343
375.298603373,-514.288782185,-389.27240193
442.165459623,521.853231269,395.095797611
385.883558576,-527.872875278,-348.715718059
434.092537101,566.862868484,374.583645583
396.034310117,-537.932683729,-310.074711264
425.635782239,612.316192348,353.074523815
405.698127936,-544.436959202,-273.689672732
416.851630091,657.649613243,330.738255523
414.836353811,-547.418725815,-239.789590767
407.801043659,702.245506952,307.758269536
423.469809467,-546.986470783,-208.336061893
398.495761037,745.720845764,284.191393575
431.615501689,-543.250991684,-179.275853574
388.949992115,787.638049798,260.099220819
439.290077226,-536.329397494,-152.537005931
379.177403418,827.519838397,235.54175107
446.497238714,-526.372831558,-128.077063894
369.209266866,864.792486686,210.622606783
453.288343262,-513.467532006,-105.684491221
359.007410055,899.093949101,185.271809001
459.704754761,-497.692765416,-85.1833902982
348.531170135,930.003726147,159.407440428
465.749371724,-479.199760297,-66.5220028879
337.792823749,956.849045678,133.076572877
471.358597462,-458.457065774,-49.8327578256
326.94150384,978.70397165,106.647431936
476.480361454,-436.024051564,-35.1873181353
316.152856566,994.713241065,80.5581384049
481.137061501,-412.297195929,-22.4220881613
305.4792604,1004.502569,54.932483486
485.421082826,-387.24825345,-11.1985886519
294.794893059,1007.81847005,29.4702499347
489.424347053,-360.781009755,-1.19979157834
283.914956618,1004.40705621,3.68967352141
493.146690109,-333.36281607,7.6514083227
272.863264213,994.078012016,-22.4405383189
496.586043063,-305.456400067,15.4245691671
261.678342182,976.665340437,-48.9135679759
499.74073954,-277.526585346,22.1902950544
250.411074721,952.11687851,-75.6914168514
502.624053318,-249.996688293,28.0621468319
239.06888881,920.708133602,-102.875967052
505.241005438,-223.318008306,33.1276468472
227.695647184,882.900826261,-130.457963508
507.598709161,-197.873518324,37.4706763962
216.339558135,839.285846001,-158.37341407
509.713236878,-173.910105921,41.185932232
205.014022034,790.482230917,-186.594166524
511.584762463,-151.798178618,44.3320194945
193.831003113,737.658895152,-214.763322235
513.214299827,-131.842733927,46.961049716
182.942151941,682.317115376,-242.305483879
514.620229857,-114.085219166,49.1447099444
172.420144665,625.700443356,-268.737535741
515.836196116,-98.298952158,50.9668208765
162.211406357,568.328141623,-293.800680455
516.898822735,-84.1602220546,52.5062287366
152.17395856,510.189569134,-317.34668605
517.822273722,-71.6041128997,53.8026756188
142.319448595,452.196840782,-338.733504415
518.61353619,-60.640485685,54.8822004425
132.742557362,395.811875221,-357.084380249
519.277885786,-51.2843067574,55.7656106883
123.598979316,342.81058304,-371.517875035
519.830973524,-43.3912298589,56.485271908
114.931766333,294.172450849,-381.584164775
520.290653421,-36.7592126681,57.0724267133
106.722432165,250.284305429,-387.115299209
520.674530909,-31.1688620975,57.5548507801
98.8982583353,211.047174059,-388.111062445
520.992343104,-26.5045645621,57.9487705868
91.4934826496,176.741131847,-384.699919429
521.253744517,-22.6446812008,58.2691719653
84.5248109019,147.330826104,-377.267068409
521.467662261,-19.4717917138,58.5291572941
77.9974597036,122.542485447,-366.382384015
521.641270057,-16.8868416595,58.7386126436
71.9373277044,102.019986135,-352.794003325
521.780783294,-14.8022065391,58.9058234789
66.3767773583,85.3217531126,-337.37827171
521.891645411,-13.1406695336,59.0379458687
61.3505581288,71.9619424948,-321.070825578
521.980509181,-11.8048368881,59.1432731584
56.788899679,61.2143163328,-304.396011857
522.05092533,-10.7431251822,59.2262861446
52.7184297221,52.6789462261,-288.087549145
522.104562296,-9.93211303487,59.2892019065
49.2585806168,46.163926382,-273.2278279
522.1448375,-9.32190114138,59.3362730416
46.3962740304,41.2600486391,-260.283724008
522.175449805,-8.85756108577,59.3719746744
44.0305059462,37.5215046701,-249.166553109
522.199747361,-8.48868137243,59.4002652158
42.0103597985,34.542611133,-239.39025447
522.219289496,-8.19180883927,59.4229914612
40.2769327737,32.135618796,-230.804120967
522.23516201,-7.95063465829,59.4414416531
38.7859484427,30.1706631245,-223.279921887
522.248021387,-7.75525735025,59.4563895067
37.5155331863,28.5701781011,-216.771797893
522.258451864,-7.59678716699,59.4685134195
36.438858297,27.264833921,-211.18900148
522.266772197,-7.47038029153,59.4781844049
35.5471377629,26.2179827727,-206.520177998
522.273043236,-7.37510931274,59.4854732774
34.8540582802,25.4251381019,-202.864019535
522.277710922,-7.30419800475,59.4908984853
34.3256374358,24.8325887772,-200.060776639
522.281254081,-7.25037111968,59.4950166207
33.9169803241,24.3812840078,-197.883737035
522.284182641,-7.20588150939,59.4984203931
33.5740821401,24.0072045728,-196.050959797
522.286608567,-7.16902802294,59.5012399493
33.2863978877,23.6965601093,-194.509089656
522.288598088,-7.13880439076,59.5035522756
33.0479321159,23.4412522171,-193.228130078
522.290201483,-7.11444668563,59.5054158164
32.8540451572,23.2351217587,-192.184725818
522.291489499,-7.09488008096,59.506912804
32.6971716439,23.0692869918,-191.339266857
522.292507529,-7.07941497154,59.5080959979
32.5724615898,22.9380524561,-190.666362172
522.293266407,-7.06788672178,59.5089779935
32.4790793641,22.8401307579,-190.162039599
522.293830045,-7.05932440174,59.5096330738
32.4094882051,22.7673486469,-189.785951175
522.294248252,-7.05297138035,59.5101191265
32.3577235943,22.7133165349,-189.506062484
522.294551507,-7.04836459573,59.5104715793
32.3201178521,22.6741201324,-189.302655617
522.294768066,-7.0450748191,59.5107232715
32.2932270876,22.646121113,-189.157166949
522.294927015,-7.0426602106,59.5109080069
32.2734708836,22.6255661799,-189.050258438
522.295068536,-7.04051036479,59.511072486
32.2558673172,22.6072619578,-188.954984161
522.29519483,-7.03859181423,59.5112192692
32.2401468027,22.5909245255,-188.869889803
522.295309296,-7.03685294832,59.5113523052
32.2258897457,22.5761151491,-188.792707641
522.295387879,-7.03565919943,59.5114436358
32.2160972441,22.5659472329,-188.739689653
522.295470275,-7.03440751713,59.5115393987
32.2058252267,22.555284871,-188.684070957
522.295498122,-7.03398449458,59.5115717631
32.2023526715,22.5516811555,-188.665267465
0.0,-0.0,-0.0
522.424304699,0.0648188743829,0.111123953092
24.0487816178,14.2779684924,-138.515037395
522.350436597,-2.31889905162,23.2419002572
37.20403067,21.1457356144,-213.271389163
522.251082811,-4.91890841283,50.3885235805
48.0668645693,25.9299216027,-274.005766391
522.121770907,-7.58879452727,81.0092846845
57.8691748854,29.346555664,-327.828956379
521.960437795,-10.1469504036,114.217764847
67.1290947973,31.5929803634,-377.62263555
521.762968748,-12.4247689908,149.439794039
76.1621395129,32.6956956599,-425.03152574
521.522703429,-14.2622892239,186.417342971
84.9552367435,32.6100606809,-469.938859771
521.238610423,-15.4795212049,224.197030396
93.5862552107,31.2917242613,-512.648210632
520.906827168,-15.923245473,262.145481095
102.157180042,28.6725449823,-553.501139323
520.520834707,-15.4487576096,299.727871394
110.642468738,24.7376966706,-592.195666042
520.078667131,-13.9581488318,335.999187413
119.080157465,19.4358442426,-628.585343901
519.575227559,-11.3559971662,369.761871044
127.551205231,12.642184406,-662.563310401
519.001249251,-7.55236522996,399.8132781
136.196888519,4.17636679978,-694.27368679
518.339742257,-2.48747000839,426.056293318
145.103654424,-6.13557982301,-723.543161314
517.572932272,3.87794033179,448.549813488
154.29108857,-18.4422424398,-749.865028083
516.685220682,11.5645366485,467.255092371
163.572159785,-32.6035859643,-772.27505331
515.68219201,20.4237225019,482.088760219
172.903349493,-48.5305105542,-790.386959633
514.559138243,30.3609152919,493.344399895
182.377160593,-66.2882273866,-804.138153608
513.293903477,41.4117456067,501.552814903
192.220902985,-86.3335697725,-813.451552316
511.837379732,53.8945887759,507.201137799
202.571755846,-109.054868853,-817.878433317
510.139791433,68.1440436492,510.602721451
213.464866472,-134.619767034,-816.796186619
508.157170102,84.4285566264,511.917773092
224.955811387,-163.201839115,-809.579696387
505.832510311,103.109113423,511.222547749
237.016503651,-194.667167921,-795.722822999
503.116044612,124.452014087,508.518155463
249.554290691,-228.532251448,-775.022020173
499.96852384,148.582169761,503.74933612
262.45870194,-264.082574533,-747.67066117
496.35629073,175.539126499,496.893483429
275.594491866,-300.414116242,-714.320927282
492.257662907,205.263733835,488.017526557
288.792069236,-336.47706072,-676.093013952
487.672905107,237.552006492,477.294758259
301.991470742,-371.531453238,-634.011403015
482.575620095,272.395834012,464.839032025
315.11623851,-404.837794711,-589.173711561
476.949981635,309.699500193,450.738908289
328.074500072,-435.70998222,-542.681625045
470.79507975,349.259243467,435.048951559
340.644208708,-463.389452301,-496.056144021
464.194087025,390.422890497,418.005802899
352.675516861,-487.445611042,-450.486894522
457.230528753,432.565838976,399.843678656
364.172344606,-507.852829685,-406.461474755
449.920489745,475.468781367,380.632489833
375.195758352,-524.6862498,-364.114446667
442.240443855,519.096249499,360.338153012
385.786061722,-537.986207372,-323.556877314
434.170234615,563.35891797,338.932318247
395.941559519,-547.737274378,-284.984973716
425.716483041,607.976002146,316.455054872
405.609580995,-553.916302547,-248.723977804
416.935638608,652.378489792,293.076708203
414.751524382,-556.562961243,-214.989087384
407.888677504,695.944806877,268.982150353
423.388281203,-555.789457089,-183.730912463
398.587372443,738.28283602,244.223908155
431.536914505,-551.709457735,-154.887311229
389.045971949,778.946050321,218.859436508
439.214117778,-544.442212322,-128.379186537
379.278187223,817.448269762,192.944409232
446.42362876,-534.141134711,-104.157967906
369.31533201,853.209919757,166.580675866
453.216848809,-520.89200269,-82.0088432134
359.119321993,885.852967786,139.686262027
459.63517639,-504.773770655,-61.7534961186
348.649603831,914.938331248,112.166008221
465.681528799,-485.93900775,-43.3371236641
337.918552137,939.783746216,84.0617192638
471.292307537,-464.86176108,-26.8866586141
327.075310023,959.483567289,55.7617012181
476.415443454,-442.106369976,-12.4688626543
316.295490627,973.222948512,27.7336490255
481.073354217,-418.070369281,0.0813058228516
305.631516298,980.652849497,0.11431299359
485.358459695,-392.721508664,11.0999041694
294.957789037,981.512145128,-27.4155169669
489.3627122,-365.959663591,20.9010641227
284.089875301,975.518952335,-55.3657419773
493.085953341,-338.254973305,29.5632603774
273.051810353,962.501803049,-83.7473860147
496.526118768,-310.07268208,37.1573093213
261.882366831,942.330927378,-112.520539908
499.681546222,-281.879921866,43.7549235444
250.632700324,915.009962239,-141.598489039
502.565516458,-254.101627147,49.4700379634
239.310634751,880.863780867,-171.022647078
505.183054983,-227.191001168,54.3908017867
227.96044741,840.429026529,-200.695294015
507.541279505,-201.532360423,58.6014532024
216.63082767,794.391760378,-230.441291941
509.656268355,-177.37289074,62.1964462163
205.335842628,743.474932107,-260.102435227
511.528197463,-155.084447791,65.2349317158
194.187953468,688.983557171,-289.161811111
513.158082692,-134.973048338,67.7694048905
183.33912933,632.559003756,-316.893783546
514.56431028,-117.07925691,69.8708308535
172.862541241,575.55235196,-342.704964764
515.780531991,-101.173721498,71.6213042792
162.705729144,518.568653823,-366.254049061
516.843380417,-86.9296076775,73.0976973581
152.728758349,461.683785699,-387.304404245
517.767023086,-74.2810033921,74.3390626912
142.945056417,405.864351222,-405.181252533
518.558449006,-63.2374225275,75.3711491582
133.450746264,352.538327403,-419.092447528
519.222935279,-53.8135923035,76.2145526864
124.402181447,303.319912834,-428.39907903
519.776136417,-45.8638457616,76.9007883448
115.843723112,258.970817883,-432.939538834
520.235910296,-39.1844909914,77.4600809122
107.758945565,219.656397734,-432.835106816
520.619866082,-33.5544322572,77.9191774772
100.078592599,185.093245157,-428.332867638
520.937742972,-28.8571381519,78.2937431865
92.8390224473,155.333752965,-419.855907215
521.199197512,-24.9700392357,78.5981995179
86.0591706522,130.160469212,-408.019655804
521.413158675,-21.7748379956,78.8451212926
79.7464907941,109.177447937,-393.54557238
521.58680167,-19.1717504601,79.0439639725
73.9277543815,91.9552550418,-377.266777085
521.726343168,-17.0725146394,79.2026379683
68.6342827271,78.0294350455,-360.066821892
521.837227727,-15.3993571504,79.3279708193
63.8970349694,66.9324613824,-342.816433285
521.926109475,-14.0541930585,79.4278508098
59.6465988121,58.0253265502,-325.917930649
521.996539864,-12.9850720904,79.5065430992
55.9024222899,50.9588532482,-309.980730967
522.050187674,-12.1684047226,79.5661645825
52.7636223973,45.566933977,-295.905855882
522.090471018,-11.5539403317,79.610760416
50.2029191672,41.5091673297,-283.968287948
522.121089508,-11.086365723,79.6445799483
48.1149008651,38.4167659006,-273.947758179
522.145391973,-10.7149172726,79.6713762188
46.3550026394,35.9543968708,-265.311533345
522.164938056,-10.4159779688,79.6929004128
44.863719357,33.9668532627,-257.862998008
522.180813776,-10.1731250991,79.7103742421
43.5962558179,32.3465901377,-251.441900899
522.19367575,-9.9763880624,79.7245311314
42.5283277449,31.0290877082,-245.969338736
522.204108333,-9.81681513385,79.7360135043
41.6325315476,29.9565499235,-241.336216752
522.212430347,-9.68952871354,79.7451727556
40.897434124,29.0980659178,-237.505932093
522.218702653,-9.59359488299,79.7520759444
40.3305575696,28.4490754474,-234.53512772
522.223371281,-9.52219023343,79.7572140845
39.90108257,27.9648155568,-232.274686828
522.226915155,-9.4679888812,79.7611143152
39.5706097054,27.5964853486,-230.529699272
522.229844307,-9.42318977199,79.7643379829
39.2944599419,27.2915374145,-229.067843823
522.232270723,-9.38607991533,79.7670083475
39.0635971092,27.0385632811,-227.843155565
522.234260645,-9.35564603793,79.7691983218
38.8728079341,26.8308407954,-226.829299173
522.235864364,-9.33111889586,79.7709632574
38.7180749317,26.6632595343,-226.005888593
522.23715264,-9.31141618404,79.7723810352
38.5931394626,26.5285254334,-225.340292954
522.238170875,-9.2958434991,79.773501623
38.4939857113,26.4219594916,-224.811573309
522.238929907,-9.28423505937,79.7743369499
38.4198370773,26.3424779656,-224.415914299
522.239493659,-9.27561318062,79.7749573682
38.3646337353,26.2834207392,-224.121195597
522.23991195,-9.26921596841,79.7754177026
38.3236015777,26.2395882866,-223.902049745
522.240215266,-9.2645771397,79.7757515062
38.2938089248,26.207796687,-223.742887353
522.24043187,-9.26126447993,79.7759898807
38.2725134593,26.185090061,-223.629096701
522.240590851,-9.25883307585,79.7761648412
38.2568724932,26.1684220073,-223.545508167
522.240732399,-9.25666827613,79.7763206173
38.2429389568,26.1535801864,-223.47103575
522.24085872,-9.25473638052,79.7764596338
38.230498432,26.1403340179,-223.404536276
522.240973209,-9.25298541943,79.7765856306
38.2192180991,26.1283275104,-223.344232814
522.241051807,-9.25178336707,79.7766721287
38.2114713139,26.1200844111,-223.302816201
522.24113422,-9.25052297835,79.7767628246
38.2033461892,26.1114408211,-223.259374142
522.241162072,-9.25009701335,79.7767934764
38.2005996442,26.108519502,-223.244688742
0.0,-0.0,-0.0
522.424304699,0.0648188743829,0.111123953092
28.203014414,15.4163490004,-161.012910696
522.32497818,-2.49461952324,26.8495711999
42.3565093706,21.9184168823,-240.437213302
522.195701787,-5.12014062077,57.00369223
53.7161405983,26.0386049907,-302.986857374
522.034413017,-7.63208288703,89.6984225029
63.9074302492,28.6053485127,-357.892578176
521.836998296,-9.86350707419,124.366373748
73.5690454446,29.8257497812,-408.646428441
521.596799159,-11.655860945,160.75139306
82.8091169278,29.7301656777,-455.832080721
521.312784521,-12.83139265,197.913469192
91.7735035741,28.3111868323,-500.137037098
520.981092948,-13.2387276445,235.22790016
100.603180877,25.5185275178,-542.11535135
520.595207362,-12.7349127242,272.167095075
109.293122323,21.3510289205,-581.577718945
520.1531625,-11.2238376449,307.800825977
117.896366272,15.7585349021,-618.442989317
519.649863015,-8.61205920322,340.9509029
126.50455074,8.6091078411,-652.635694904
519.076044905,-4.8115430017,370.434550494
135.266869913,-0.281228483702,-684.323948533
518.414723179,0.236785194827,396.155656575
144.274427895,-11.0865194441,-713.345357053
517.648128817,6.57176999889,418.171185318
153.549512948,-23.9531049033,-739.197645754
516.760668011,14.2137324089,436.44218037
162.905688392,-38.7241139918,-760.939900431
515.757924212,23.0149834258,450.888498643
172.301411214,-55.297953724,-778.207239523
514.635191325,32.8817922087,461.799084237
181.831580794,-73.7325907983,-790.949000346
513.370320513,43.8497754675,469.693343815
191.725873656,-94.4896067312,-799.081332159
511.914218991,56.2347786945,475.043676195
202.122647365,-117.953546894,-802.159193903
510.217127225,70.3682899073,478.151166619
213.057499798,-144.277139269,-799.58174687
508.235091915,86.5157280432,479.166889125
224.586461696,-173.617051933,-790.750813674
505.911127766,105.033747517,478.157311125
236.681596861,-205.813277418,-775.207058877
503.19548682,126.18448087,475.115757322
249.250316125,-240.351098348,-752.80724468
500.048938007,150.08923762,469.981405981
262.182290347,-276.48604166,-723.808892543
496.437842502,176.784032526,462.725979868
275.342455348,-313.289198011,-688.927712218
492.340534939,206.206349959,453.410402553
288.561411488,-349.694377667,-649.340060336
487.757292337,238.149536576,442.202717563
301.779583337,-384.958148703,-606.099073469
482.661741197,272.599807373,429.208070084
314.920830648,-418.3445667,-560.31728329
477.038079087,309.455430867,414.507701904
327.893545268,-449.17787164,-513.09681018
470.885418426,348.506606224,398.151291652
340.475793456,-476.718273953,-465.951321476
464.286925734,389.100419109,380.380222945
352.51792139,-500.557115192,-420.046621266
457.326118968,430.611881901,361.434088909
364.024142307,-520.686957064,-375.838780966
450.019102055,472.815519284,341.380659457
375.055795176,-537.195865186,-333.433831328
442.342388219,515.665287695,320.178816956
385.653383281,-550.134479195,-292.919499305
434.275865572,559.059899167,297.79299141
395.815345231,-559.496628918,-254.472112971
425.8261944,602.708002365,274.258822412
405.489091315,-565.268911227,-218.398430998
417.049843691,646.035258649,249.748543084
414.636096851,-567.498897807,-184.896906991
408.007807462,688.416654411,224.450075547
423.277348555,-566.303065512,-153.905112407
398.711905338,729.450956042,198.41301958
431.429986193,-561.798340294,-125.350400653
389.176438191,768.683031664,171.692443975
439.110766981,-554.106363036,-99.145324706
379.415177729,805.618573267,144.341871591
446.323476512,-543.383125031,-75.2341602759
369.45949428,839.673831098,116.464191213
453.119576437,-529.713663577,-53.3985013064
359.27142287,870.455815801,87.9684451472
459.540512319,-513.176410013,-33.457409265
348.81055847,897.508624527,58.7504020818
465.589227054,-493.925449929,-15.3525759065
338.089408191,920.144604316,28.8523819174
471.202119706,-472.441407256,0.795702541728
327.257128326,937.486588083,-1.31021925359
476.327123011,-449.294541697,14.9265370871
316.489286497,948.770411293,-31.2335200429
480.986681696,-424.88355641,27.2065011442
305.838363762,953.681058842,-60.761247387
485.273262798,-399.171254107,37.9683906278
295.179065278,951.957518839,-90.2222953558
489.27886041,-372.052709878,47.5225517727
284.327450011,943.299711419,-120.139874045
493.003323878,-344.001389607,55.9490448002
273.307852018,927.569992915,-150.488589148
496.444595093,-315.485535902,63.3201454118
262.159374528,904.692560373,-181.177621402
499.601017406,-286.975027952,69.708848582
250.933536414,874.74625845,-212.053166856
502.48588107,-258.896716042,75.2294646441
239.638692981,838.125019558,-243.075803128
505.104217674,-231.70606728,79.9708450814
228.319674017,795.458948324,-274.042749522
507.46315098,-205.788987999,84.0176060125
217.025807543,747.543821797,-304.657734947
509.578767409,-181.392995926,87.4638462215
205.772044536,695.215552546,-334.630016133
511.451245683,-158.891669134,90.3693454818
194.671493362,639.905971061,-363.306975791
513.081604331,-138.59223139,92.7870341229
183.876521435,583.363657991,-389.867169418
514.488236872,-120.534164026,94.7869539017
173.46092492,526.999667247,-413.676295848
515.70480623,-104.484882041,96.4490453405
163.373684522,471.45390806,-434.380386839
516.767956515,-90.1137759544,97.847728175
153.477518332,416.835364998,-451.726782854
517.691860044,-77.3537257935,99.0211919549
143.788102191,364.08594465,-465.11172326
518.483508408,-66.2138211548,99.9948177161
134.40329104,314.513699214,-473.934361126
519.148180684,-56.7084961982,100.788932293
125.48005823,269.504179977,-477.87220906
519.701536146,-48.6904892361,101.433996274
117.06415582,229.581423444,-477.065135753
520.161437922,-41.9541186206,101.958976053
109.141401166,194.706687836,-471.890311316
520.545500263,-36.2762359272,102.389348857
101.64638977,164.452529096,-462.78267999
520.863465197,-31.5392030162,102.740086403
94.6173057035,138.705398268,-450.369372584
521.124992037,-27.619328794,103.024913716
88.0747226621,117.137381417,-435.393977049
521.339012287,-24.3972586868,103.255755021
82.0273388773,99.297749075,-418.632980267
521.512703183,-21.7723296996,103.441535009
76.5010578025,84.7396630328,-400.918180046
521.652283142,-19.6555118262,103.589701962
71.5237083037,73.0149767551,-383.072498129
521.763198242,-17.9683612558,103.706678715
67.1194897813,63.6959048196,-365.855126018
521.852104457,-16.6119606068,103.799854815
63.2171100431,56.2276242864,-349.53781873
521.922554225,-15.5339177686,103.873229891
59.825950079,50.3088677692,-334.591940289
521.976216791,-14.7104406963,103.928797434
57.0226244334,45.796694431,-321.728006059
522.016511212,-14.0908557036,103.970347229
54.7664311985,42.4042902319,-311.057265945
522.04713812,-13.6193862551,104.001850733
52.9498252897,39.821953747,-302.269102778
522.071447266,-13.2448447069,104.026808243
51.4365064476,37.7685331375,-294.819616151
522.090998721,-12.9434167451,104.046853276
50.1680392663,36.1136460189,-288.488537253
522.106878804,-12.6985425233,104.063125669
49.100694119,34.7668424578,-283.101736691
522.119744313,-12.5001682067,104.076309261
48.2095214289,33.673622859,-278.563472313
522.130179763,-12.3392674405,104.087002208
47.4680345822,32.785217864,-274.759962425
522.138504063,-12.2109219443,104.095531763
46.8638637285,32.0752976111,-271.6427031
522.144778092,-12.114189963,104.101960363
46.4006927459,31.5394095047,-269.242098649
522.149448003,-12.0421912733,104.106745263
46.0514198051,31.1400349628,-267.425680267
522.152992851,-11.9875390197,104.11037736
45.7836396709,30.8365722375,-266.029528035
522.155922807,-11.9423672386,104.113379408
45.5605408678,30.5855396941,-264.864005349
522.15834989,-11.9049486832,104.115866191
45.3744988496,30.3774434298,-263.890467085
522.160340359,-11.8742616468,104.11790561
45.221076932,30.2066779696,-263.08653105
522.161944518,-11.8495304836,104.119549211
45.0968683542,30.0689845006,-262.43495183
522.163233149,-11.8296638835,104.120869521
44.9967232916,29.9583281638,-261.909137347
522.164251664,-11.8139616656,104.121913071
44.9173364335,29.8708372444,-261.492017886
522.165010903,-11.8022566682,104.122690972
44.8580233711,29.8056008657,-261.180200669
522.165574811,-11.7935630741,104.123268739
44.8138949402,29.7571384,-260.948116636
522.165993216,-11.7871126513,104.123697426
44.7811112406,29.7211750733,-260.775645608
522.166296616,-11.7824352379,104.124008282
44.7573165072,29.695093976,-260.650436597
522.166513279,-11.7790950243,104.124230269
44.7403128718,29.6764675546,-260.560948331
522.166672304,-11.7766433965,104.124393202
44.7278265791,29.6627954578,-260.495226741
522.166813891,-11.7744605906,104.124538269
44.7167050783,29.6506219404,-260.436683313
522.166940246,-11.772512626,104.124667728
44.7067766582,29.6397576813,-260.384415932
522.167054767,-11.770747101,104.124785063
44.697775284,29.6299105585,-260.337025396
522.167133387,-11.7695350504,104.124865615
44.6915942001,29.6231502052,-260.30448122
522.167215822,-11.7682641781,104.124950076
44.6851117882,29.6160615884,-260.270348823
522.167243682,-11.7678346701,104.12497862
44.6829206574,29.6136658552,-260.258811283
0.0,-0.0,-0.0
522.424304699,0.0648188743829,0.111123953092
32.254936508,15.8509817708,-182.15710196
522.295076016,-2.51255349914,29.7382841407
47.2033079632,21.6239279307,-264.857856529
522.133846817,-4.97449173934,61.853020706
59.117218784,24.8303872769,-329.272988909
521.936505085,-7.15592547442,95.895652314
69.8262814132,26.3007276002,-385.660677478
521.696394862,-8.89990223475,131.612198177
79.76769363,26.2462642593,-436.483349485
521.412485512,-10.0311539594,168.077780974
89.2355856279,24.7343276271,-483.262941333
521.080917113,-10.4003669561,204.677526315
98.4460690824,21.748081882,-526.966114721
520.695175113,-9.86655069102,240.892044233
107.431686455,17.3083628934,-567.610825229
520.253295114,-8.33557111335,275.807807033
116.270893377,11.3682663876,-605.23340164
519.750183835,-5.71614710651,308.268480174
125.072532854,3.78759817413,-639.817973479
519.176580949,-1.92232167087,337.11369572
133.99806557,-5.62090719358,-671.57635599
518.515508127,3.10416594493,362.248493114
143.145755559,-17.0302816858,-700.368153055
517.749203449,9.40167657639,383.727688171
152.542060822,-30.5832417687,-725.701975398
516.862079563,16.9901233246,401.512117032
162.001659123,-46.1013682177,-746.669297371
515.859718482,25.7228727137,415.52523971
171.485938557,-63.466886157,-762.935580933
514.737416685,35.5071419914,426.050776152
181.093226062,-82.7278699269,-774.468906021
513.473034826,46.3784679393,433.595364508
191.056523473,-104.350697911,-781.18113427
512.017500535,58.6497207795,438.614984738
201.515852904,-128.714044882,-782.635589626
510.321075829,72.6487688184,441.397110352
212.507466911,-155.951190504,-778.261773183
508.33982779,88.6375319968,442.082742029
224.088045597,-186.197078953,-767.498132609
506.016798169,106.967680222,440.72761733
236.22988261,-219.259250777,-749.945493637
503.302265187,127.896575692,437.316605451
248.84049555,-254.585077247,-725.535847802
500.157022072,151.541435016,431.782944872
261.809763855,-291.394501874,-694.605087751
496.54745476,177.934283666,424.092336989
275.002882355,-328.729965992,-657.944861712
492.451920723,207.008837014,414.299337422
288.250721139,-365.507599819,-616.796814918
487.870713458,238.555510963,402.566466594
301.494236901,-400.981799515,-572.245669901
482.777491331,272.554185285,388.989675281
314.657724173,-434.42294424,-525.418335677
477.156483854,308.896475553,373.642661689
327.649935868,-465.169584948,-477.4136709
471.00683349,347.365988819,356.570367488
340.249093971,-492.506351053,-429.732186093
464.411698573,387.309365647,338.019908814
352.305808443,-516.051973119,-383.507959185
457.454587156,428.101623987,318.237321494
363.824689576,-535.821003453,-339.15798469
450.151628782,469.510772235,297.288840727
374.86744495,-551.916794116,-296.75380063
442.479389477,511.479378288,275.126781427
385.474847772,-564.402067899,-256.355119777
434.417817129,553.893398965,251.709073473
395.645517555,-573.281491335,-218.114428204
425.973624641,596.450550807,227.068094753
405.326974232,-578.553089283,-182.316268477
417.203307064,638.571708615,201.379693687
414.48079731,-580.27356573,-149.139243338
408.167882183,679.629409188,174.836794392
423.128101988,-578.564102864,-118.505902266
398.879232399,719.213909271,147.488073451
431.286131554,-573.545161936,-90.3315955079
389.351728606,756.862546896,119.388649421
438.971729186,-565.340921189,-64.5194310933
379.599223401,792.074503684,90.5928223293
446.188745032,-554.110172712,-41.0055912401
369.653162663,824.264425829,61.208006382
452.988722004,-539.9368087,-19.5679620896
359.475741039,853.026687141,31.1385500634
459.413169147,-522.898429469,-0.0229491777561
349.026751785,877.891916301,0.27680137335
465.465063867,-503.150762796,17.6916396279
338.318878826,898.172737246,-31.3275122458
471.080801993,-481.182111886,33.4633358938
327.501295001,913.029310569,-63.2254239784
476.208318841,-457.56961492,47.2381126938
316.74950564,921.758139925,-94.8718066809
480.870095592,-432.713202025,59.1840415022
306.116069016,924.08690962,-126.085202791
485.158662798,-406.569673518,69.6295833574
295.476094503,919.76356976,-157.193891418
489.166070799,-379.028321384,78.8802019037
284.64629776,908.481606651,-188.71807957
492.892179371,-350.566485823,87.0177312132
273.65140865,890.151582248,-220.582397008
496.334938813,-321.655895105,94.1160835626
262.530967045,864.767045673,-252.632101933
499.492700034,-292.769618053,100.24968751
251.336969874,832.496670813,-284.635625891
502.378766078,-264.336715366,105.533187786
240.078471812,793.816550173,-316.463021723
504.998176724,-236.815280075,110.056187133
228.801025343,749.458384928,-347.805198782
507.358063891,-210.593051579,113.903672395
217.554789504,700.328084596,-378.254317474
509.474524884,-185.917900365,117.169234556
206.35586326,647.366490237,-407.407611771
511.347742195,-163.165402996,119.913353218
195.318174838,592.103453146,-434.525054579
512.978737935,-142.644176245,122.18943258
184.594566327,536.345277862,-458.761132182
514.385915428,-124.392397549,124.066350727
174.259591719,481.506417579,-479.516151992
515.602952619,-108.173649173,125.621405032
164.264039169,428.209040956,-496.490200705
516.666509117,-93.6528566015,126.9260215
154.473976892,376.546318296,-509.476977058
517.590763684,-80.7614655156,128.017327263
144.907812758,327.376145838,-518.015846795
518.382711388,-69.5080570271,128.920243997
135.665352716,281.837942218,-521.74967528
519.047633965,-59.9067130383,129.65476143
126.903961188,241.070514772,-520.678447047
519.601197099,-51.8082876678,130.250055893
118.670651322,205.38120223,-515.202777192
520.061270985,-45.0047513011,130.733566126
110.953405041,174.570625995,-505.889353052
520.445476715,-39.2705347175,131.129230273
103.69072605,148.117702641,-493.289863752
520.763560128,-34.4866942731,131.451179022
96.9217810586,125.802317877,-478.147932886
521.025184259,-30.5282164111,131.712293689
90.6675241856,107.24143205,-461.2533314
521.239284021,-27.274500627,131.923710958
84.9361575405,91.9731470857,-443.369624214
521.413039377,-24.6238479441,132.093713388
79.7502490468,79.5638225388,-425.27144609
521.552671091,-22.4863233537,132.229190408
75.1312010426,69.5984152619,-407.681038415
521.663627289,-20.7826931664,132.336075581
71.0935097377,61.6937252253,-391.222469787
521.752566428,-19.4130594259,132.421155829
67.5621438223,55.3686796131,-376.041059384
521.823042274,-18.3245095552,132.488109915
64.5347262714,50.3627571175,-362.470610097
521.876724696,-17.4930129341,132.538782147
62.0654373817,46.5516605667,-351.040217098
521.917034024,-16.8673976172,132.57665381
60.1027524513,43.6904255036,-341.733009826
521.94767226,-16.3913413951,132.605360729
58.5400851533,41.5156532352,-334.18740583
521.971990395,-16.0131572603,132.628097977
57.2512994327,39.7889509143,-327.876870165
521.99154908,-15.7087985392,132.646356976
56.1807501624,38.399519206,-322.5764649
522.007435034,-15.4615438866,132.661178684
55.2871943748,37.2704873251,-318.112691947
522.020305299,-15.2612414451,132.673187065
54.5464438275,36.3553950759,-314.385431825
522.030744607,-15.0987769689,132.68292682
53.9339477874,35.6127748571,-311.285456284
522.039071984,-14.9691842691,132.690696051
53.4375390437,35.0200945626,-308.761201171
522.045348332,-14.8715123598,132.696551612
53.0586403893,34.5731855526,-306.827448537
522.050019969,-14.7988141101,132.700909995
52.7738885355,34.2404115927,-305.37021016
522.053566128,-14.7436308617,132.704218335
52.5561502411,33.9877287346,-304.253633544
522.056497167,-14.6980202113,132.706952789
52.3751290334,33.7788209198,-303.32384539
522.058925147,-14.6602381235,132.709217909
52.2244461676,33.6057283737,-302.548852079
522.060916352,-14.6292529601,132.711075542
52.1003703157,33.4637456997,-301.910001898
522.062521103,-14.6042815361,132.712572639
52.0000444037,33.3492999469,-301.392974668
522.06381021,-14.5842219368,132.713775262
51.9192366208,33.2573523505,-300.976233815
522.064829102,-14.5683671774,132.714725795
51.8552307199,33.1846701551,-300.645953917
522.065588622,-14.5565484711,132.715434358
51.8074394594,33.1304853333,-300.3992349
522.066152738,-14.5477704232,132.715960625
51.7718998886,33.0902381705,-300.215703993
522.066571298,-14.541257338,132.716351101
51.7455062489,33.0603742903,-300.079370554
522.06687481,-14.5365344864,132.716634249
51.7263544364,33.0387181935,-299.980426221
522.067091553,-14.5331618246,132.716836449
51.7126711709,33.0232528145,-299.909724994
522.067250636,-14.5306863808,132.716984858
51.702624485,33.0119014133,-299.857809071
522.067392276,-14.5284823704,132.717116995
51.6936769022,33.0017945365,-299.811569273
522.067518678,-14.5265154827,132.717234915
51.6856899599,32.9927749011,-299.770291173
522.067633241,-14.5247328067,132.717341791
51.6784494107,32.9845999078,-299.732868342
522.06771189,-14.5235089819,132.717415163
51.6734778006,32.9789876352,-299.707171304
522.067794355,-14.522225764,132.717492095
51.6682641275,32.9731029451,-299.680222024
522.067822226,-14.5217920836,132.717518096
51.6665019155,32.9711141246,-299.671112966
0.0,-0.0,-0.0
522.424304699,0.0648188743829,0.111123953092
35.9387977959,15.3499811301,-200.435769026
522.26315292,-2.34590418616,31.5997251694
51.7874464083,20.0765492128,-286.627287721
522.065906042,-4.47641089113,64.9675310864
64.4065665488,22.0781749926,-353.365015728
521.825911373,-6.17148671001,99.9629704672
75.4961916885,22.1702091634,-410.224097641
521.542138854,-7.25848973492,135.677552055
85.7386296097,20.5961869673,-460.895940761
521.21073053,-7.59030268147,171.507054588
95.5119061694,17.4068534619,-507.238474534
520.825175132,-7.02803526115,206.940984902
104.922640287,12.6602395832,-549.678266945
520.383509387,-5.47961797207,241.083854642
114.094482037,6.31690028854,-588.471011804
519.880642696,-2.85601293927,272.802913316
123.164854628,-1.77217251068,-623.713597417
519.30731951,0.926583644739,300.96195785
132.314553942,-11.7962156826,-655.696094739
518.646570156,5.92553710063,325.467296314
141.652982175,-23.9252856732,-684.319592552
517.880641941,12.1786553216,346.371467477
151.213087222,-38.2964399226,-709.115157896
516.993955902,19.7053945254,363.63512099
160.811616182,-54.70422574,-729.21940709
515.992092181,28.3602994674,377.185559227
170.41429261,-73.0103614271,-744.340457107
514.870350603,38.0515936198,387.300877885
180.124284905,-93.2497097791,-754.474942748
513.606604154,48.8146465658,394.474049129
190.179184047,-115.89291073,-759.535566984
512.151806993,60.9589668549,399.143588086
200.721324382,-141.309914637,-759.101296892
510.456249135,74.8083800152,401.582561324
211.787899468,-169.609267615,-752.643024472
508.476024148,90.62092707,401.921381386
223.436504188,-200.898778051,-739.647826861
506.154208922,108.74277848,400.204587956
235.639780236,-234.946922569,-719.791791585
503.441115684,129.426064952,396.408322625
248.305422678,-271.156745666,-693.09777894
500.297569228,152.783551344,390.459816162
261.323615088,-308.70775591,-659.993949881
496.68998764,178.842953437,382.318721576
274.55991608,-346.611179846,-621.358947796
492.596758049,207.533955276,372.033205324
287.845567997,-383.765637293,-578.506559706
488.018195332,238.64390971,359.760294357
301.122238351,-419.425925289,-532.553781012
482.927999217,272.145944046,345.586758655
314.314800767,-452.872658952,-484.639002222
477.310440671,307.92466018,329.578987323
327.332487791,-483.463576929,-435.851929156
471.164701127,345.75682394,311.777703613
339.953730642,-510.514120845,-387.671819855
464.573928209,384.989073115,292.436614735
352.029488187,-533.676088638,-341.191822031
457.62161702,424.996965501,271.80909797
363.564892239,-552.98960285,-296.782157671
450.323930283,465.542008446,249.9607134
374.622133632,-568.575315473,-254.474252358
442.65750249,506.555126163,226.838228719
385.242339266,-580.50947927,-214.295527019
434.602359011,547.909387215,202.394393145
395.424365719,-588.808873587,-176.371013915
426.165280885,589.29187222,176.659960321
405.11587674,-593.484340175,-140.959605417
417.402796769,630.11971217,149.816229987
414.278588329,-594.602640821,-108.217352313
408.375955028,669.764443617,122.063109859
422.933783679,-592.289812714,-78.0503332918
399.096719224,707.809155357,93.4507506207
431.098841382,-586.669886428,-50.360874274
389.579550714,743.785499839,64.0371165031
438.790716937,-577.869517697,-25.0419676544
379.838406549,777.18856965,33.880543923
446.013344832,-566.050340327,-2.02112112896
369.904829979,807.434644511,3.09654237477
452.818374039,-551.294573952,18.9272394896
359.741221884,834.109003073,-28.4102469748
459.247396443,-533.678583225,37.9891113788
349.307631559,856.733543223,-60.7446055847
465.303434514,-513.359758129,55.2307371852
338.61697066,874.627678391,-93.8426740649
470.92287994,-490.835005478,70.5485096976
327.818431578,886.996705075,-127.217734688
476.053671466,-466.68912502,83.8960839294
317.087436747,893.205225794,-160.281706896
480.718337826,-441.3232376,95.4428084801
306.476641977,893.030210632,-192.824871297
485.009492354,-414.687111923,105.511571553
295.861676758,886.236859721,-225.165653801
489.019258694,-386.663319456,114.401739643
285.06010173,872.523948214,-257.806624979
492.747510229,-357.733531593,122.197027174
274.097151657,851.860731364,-290.615151199
496.19220823,-328.373365,128.973087174
263.012921229,824.319272318,-323.368223739
499.351713467,-299.059441331,134.80586693
251.860011836,790.163844205,-355.757096345
502.239345655,-270.223265557,139.810245075
240.648362694,749.955607339,-387.565450376
504.860155257,-242.325852866,144.076572948
229.424432847,704.522994912,-418.393107497
507.221284817,-215.756967974,147.690157421
218.239416461,654.867815347,-447.747690895
509.338845832,-190.764831544,150.743895252
207.110839131,602.01311484,-475.151912066
511.213025705,-167.727244938,153.299003647
196.153613277,547.546164887,-499.837156149
512.844851221,-146.954365779,155.409371669
185.521100041,493.277927189,-521.003064528
514.252738473,-128.482857975,157.14245864
175.288706668,440.575860679,-538.145226483
515.470384978,-112.07192973,158.572428651
165.409365857,390.00425492,-551.063221288
516.534470531,-97.3814242018,159.767178623
155.753161041,341.608001875,-559.634802996
517.45918229,-84.3411471675,160.762571893
146.341603054,296.130564827,-563.572953754
518.251519852,-72.9590924121,161.58297539
137.276465598,254.531475398,-562.765025976
518.916768419,-63.248933643,162.247970421
128.714981296,217.721835405,-557.490476555
519.47060202,-55.0593829432,162.785223229
120.704947844,185.834896874,-548.343370382
519.930900058,-48.1797451854,163.220382609
113.236006745,158.560237463,-536.007311151
520.315292534,-42.381704819,163.575586596
106.250075297,135.327754769,-521.087703574
520.633530251,-37.5448367576,163.863981461
99.7858274962,115.857366287,-504.373278953
520.89528109,-33.5426275872,164.097462227
93.862704644,99.7474736154,-486.641167045
521.109484407,-30.2530642278,164.286245746
88.4861350954,86.5489216955,-468.598262214
521.283323713,-27.5732732768,164.437865047
83.672674109,75.8545817631,-450.929121008
521.423022832,-25.4122939772,164.558557535
79.43470682,67.2862980577,-434.23586307
521.534032553,-23.6899975456,164.653686106
75.7751323483,60.5022413411,-419.002256882
521.623014572,-22.3053750767,164.729335238
72.6144660802,55.0824181508,-405.262028351
521.693524381,-21.2049243194,164.788809643
69.9387980677,50.7993085716,-393.225749256
521.747232664,-20.3643443383,164.833779647
67.7824520923,47.5432729842,-383.266474887
521.787561405,-19.7318987949,164.867367014
66.0868799304,45.10225483,-375.278605064
521.818214394,-19.2506474047,164.892816523
64.749463582,43.2494320477,-368.883567115
521.842544237,-18.8683375427,164.91296769
63.6553857016,41.7802643226,-363.591675167
521.862112337,-18.5606593469,164.929146404
62.7530388513,40.5995249484,-359.187096366
521.878005938,-18.3107085496,164.942278437
62.0045652181,39.641191163,-355.506617058
521.890882397,-18.1082222661,164.952918005
61.3874378555,38.8652879137,-352.453871234
521.901326729,-17.9439866984,164.961547545
60.8795240318,38.2362310346,-349.929228195
521.909658114,-17.8129813922,164.968431202
60.4694841046,37.7346098241,-347.883162412
521.915937482,-17.7142449047,164.973619326
60.157497104,37.3566303215,-346.321675309
521.920611368,-17.6407543227,164.977480933
59.9236027193,37.0753390084,-345.148394993
521.924159232,-17.584969662,164.980412187
59.7450879347,36.861841156,-344.251397118
521.927091682,-17.5388619425,164.982834968
59.5968989096,36.685392444,-343.505785742
521.92952083,-17.5006681133,164.984841911
59.4737011697,36.5392381524,-342.885233588
521.931512993,-17.4693452878,164.986487814
59.3723639017,36.4193824828,-342.374329182
521.933118517,-17.4441017417,164.987814274
59.2904948722,36.3227925479,-341.961270885
521.934408244,-17.4238235493,164.988879825
59.2245994505,36.2452038838,-341.628607182
521.935427626,-17.4077960198,164.989722018
59.172434632,36.1838805154,-341.365135476
521.936187511,-17.3958485257,164.99034982
59.1335017145,36.1381686413,-341.168422948
521.936751899,-17.3869748244,164.990816105
59.1045589993,36.1042177063,-341.022147138
521.93717066,-17.3803907674,164.991162076
59.0830697558,36.0790272139,-340.913519061
521.937474318,-17.3756164518,164.991412951
59.0674794647,36.0607608798,-340.834698477
521.937691165,-17.3722070391,164.991592105
59.0563422095,36.0477166663,-340.7783853
521.937850325,-17.369704621,164.9917236
59.0481656463,36.0381425928,-340.737039042
521.937992033,-17.3674765941,164.991840676
59.0408841386,36.0296183423,-340.700216517
521.938118496,-17.3654882738,164.991945156
59.0343848287,36.0220112088,-340.66734775
521.938233114,-17.3636861726,164.992039851
59.0284932428,36.0151165467,-340.637550931
521.938311801,-17.3624490121,164.99210486
59.0244480714,36.0103832999,-340.61709158
521.938394306,-17.3611518115,164.992173023
59.0202061143,36.0054203526,-340.595636231
521.93842219,-17.3607134054,164.99219606
59.0187723799,36.0037430606,-340.588384397
0.0,-0.0,-0.0
522.424304699,0.0648188743829,0.111123953092
39.5461350204,13.8491362117,-217.280482987
522.227175942,-2.01674977608,32.7814761258
56.414640991,17.1272324306,-307.139725633
521.987325166,-3.66531917947,67.031948165
69.5376811328,17.581304597,-374.795830431
521.703723039,-4.71089333532,101.971044102
81.0101269029,16.0115242198,-431.75822161
521.372514051,-5.00858970213,137.00560589
91.6219023702,12.6227078328,-482.146017503
520.987191022,-4.42166553681,171.634387731
101.640319809,7.54011336937,-527.26828229
520.545792078,-2.86010180986,204.980565152
111.274245848,0.739999243729,-567.809485929
520.043229961,-0.237069704091,235.935762578
120.710270802,-7.93488250917,-604.08049722
519.47025507,3.52911651085,263.388736509
130.160232839,-18.6729637538,-636.509729008
518.809908512,8.4948753383,287.247136954
139.751028281,-31.6382201288,-665.072911346
518.044449082,14.697405767,307.561196972
149.52574287,-46.959251451,-689.34314104
517.158308262,22.155671465,324.291416581
159.304873687,-64.3974201139,-708.520277304
516.157063863,30.7254803105,337.369018591
169.0604948,-83.7891128311,-722.371660535
515.036019873,40.3160742551,347.066300864
178.902485186,-105.152051745,-730.935872185
513.773064635,50.9625529528,353.862237298
189.074613321,-128.95993029,-734.134833543
512.319185333,62.970771867,358.177575224
199.722349551,-155.570361495,-731.573481532
510.624706845,76.6602169758,360.27080498
210.884214191,-185.061347634,-722.777710506
508.645755709,92.284798948,360.26170904
222.619061649,-217.507893381,-707.297341326
506.325452556,110.184862791,358.18367568
234.900050421,-252.633134177,-684.899800133
503.614151942,130.607033904,354.004263626
247.63516147,-289.790417253,-655.713888411
500.472717937,153.659434545,347.644934544
260.715012,-328.115525921,-620.272046104
496.867608636,179.365319482,339.059579142
274.005658395,-366.587795573,-579.54796598
492.777248046,207.650245918,328.290281128
287.338842111,-404.090473385,-534.930638111
488.201977617,238.298513583,315.488886334
300.657147154,-439.882771236,-487.566856782
483.115548508,271.276363309,300.733469645
313.886191053,-473.260566808,-438.600698658
477.502283216,306.461332827,284.083748364
326.935820419,-503.606354055,-389.104489342
471.361411584,343.623422196,265.577023009
339.584738084,-530.27310831,-340.5259935
464.776067785,382.109805189,245.474197941
351.684347199,-552.951093074,-293.907455983
457.829730673,421.297195182,224.036595113
363.240437857,-571.708934937,-249.565191397
450.538604114,460.940963185,201.330067429
374.315809406,-586.685943795,-207.485875524
442.879407608,500.960698883,177.297222934
384.952033826,-597.972776364,-167.661283084
434.832262699,541.217094275,151.887310249
395.148266049,-605.5990902,-130.186179606
426.40403489,581.387482267,125.131275812
404.852351028,-609.589432726,-95.2910814165
417.651294267,620.886638156,97.2174996241
414.026176475,-610.021084683,-63.1075496296
408.635126792,659.086792034,68.3545360396
422.691236397,-607.024721342,-33.5245437016
399.367596422,695.565711006,38.5963555803
430.865079108,-600.7276763,-6.43102845629
389.863276329,729.851663559,8.00639688406
438.564800935,-591.258779458,18.290206967
380.136252585,761.438467493,-23.3500026356
445.794442106,-578.782325947,40.7204200005
370.218188416,789.74740286,-55.3462803457
452.605784385,-563.378234673,61.0879786625
360.071739621,814.358761301,-88.0728125598
459.040523358,-545.121151032,79.5807033037
349.657271736,834.790951551,-121.625839525
465.101737944,-524.170022802,96.2687839439
338.987976808,850.376378801,-155.922173062
470.725814786,-501.031001981,111.058232536
328.213068508,860.370974246,-190.436338416
475.86069702,-476.297067191,123.910936313
317.507863035,864.211159538,-224.53934806
480.528972869,-450.37039111,134.997097537
306.925133289,861.726571059,-257.993384508
484.823359142,-423.192801421,144.632702505
296.341148339,852.705813111,-291.100664931
488.836071088,-394.639345565,153.109768623
285.574507901,836.862386268,-324.335935628
492.56699912,-365.196344128,160.513893147
274.651060783,814.229090264,-357.509378938
496.014118243,-335.343577374,166.922480643
263.61157304,784.958192988,-390.334196157
499.175801564,-305.561464897,172.412998858
252.509372896,749.406267139,-422.434923293
502.065389642,-276.284104041,177.100399632
241.355463671,708.21307723,-453.523912475
504.687946295,-247.975631322,181.075721142
230.197383492,662.289041708,-483.135381701
507.050627357,-221.027957222,184.42449392
219.087547448,612.708836119,-510.727201164
509.169562053,-195.689625508,187.238710677
208.045159167,560.548752326,-535.789131834
511.04494393,-172.340814904,189.580323051
197.186235383,507.413159468,-557.576405968
512.677805617,-151.293317413,191.503683421
186.664639836,455.074239994,-575.38380532
514.086579163,-132.582104876,193.074581417
176.556651187,404.818672762,-588.836340972
515.304986523,-115.961582199,194.36359676
166.817578087,357.131347745,-597.851679494
516.369732705,-101.086027312,195.434612722
157.322020258,311.995174464,-602.403688173
517.295015354,-87.8834417564,196.322041777
148.094729577,270.033823746,-602.375604068
518.087839724,-76.3611661721,197.049604204
139.239166886,232.040730666,-597.867580298
518.753495346,-66.5324188081,197.636403698
130.911586605,198.73590345,-589.374681324
519.307666672,-58.2435694141,198.108393697
123.159717797,170.123899869,-577.615875684
519.768244599,-51.2810124696,198.489200295
115.973916741,145.825205496,-563.330456965
520.152870257,-45.4134359588,198.798931194
109.29847348,125.252307613,-547.131138508
520.471300645,-40.5187979857,199.049621451
103.169692916,108.096195938,-529.800757348
520.733209701,-36.4689492109,199.252054273
97.6033849624,93.9572708622,-512.066246647
520.947542321,-33.140336396,199.415410577
92.6000004638,82.4094352234,-494.55351702
521.121486451,-30.4288057583,199.546379795
88.1680113066,73.0753436523,-477.842301937
521.261269733,-28.2422784818,199.650465845
84.3093996505,65.6113703902,-462.411865569
521.372346287,-26.4996503438,199.732389874
81.0152743547,59.7112015307,-448.6155218
521.461381847,-25.0987020531,199.797446931
78.2023443348,55.004238766,-436.397653796
521.531934063,-23.9852888974,199.848521316
75.8470651266,51.2894049679,-425.869255589
521.585674637,-23.134815412,199.887087717
73.9680122472,48.4688626365,-417.281033102
521.626027619,-22.4949304899,199.915863964
72.5034210333,46.356728637,-410.474300127
521.656699029,-22.0080206304,199.937655585
71.3567524136,44.7551916868,-405.077762197
521.681043491,-21.6212171298,199.954902773
70.4246162271,43.4864510877,-400.648116697
521.700623347,-21.3099234577,199.968745506
69.65999238,42.4676456243,-396.986341421
521.716526496,-21.0570361091,199.979980194
69.0287073074,41.6413763674,-393.944244279
521.72941069,-20.8521712673,199.989082719
68.510272765,40.9728580913,-391.433334885
521.739861295,-20.6860066999,199.996465602
68.0850214773,40.4311878759,-389.365313142
521.748197683,-20.5534628452,200.002354854
67.7426786471,39.9994725543,-387.695007463
521.754480823,-20.4535668685,200.006793522
67.4827856592,39.6743050834,-386.423738889
521.759157515,-20.3792133162,200.010097304
67.2882814452,39.4323956993,-385.470499751
521.762707511,-20.322773627,200.012605131
67.1400256222,39.2488349702,-384.742875093
521.765641722,-20.2761245249,200.014677939
67.01708452,39.0971592969,-384.138810377
521.768072328,-20.2374822481,200.01639498
66.9149665607,38.9715464225,-383.636589958
521.770065688,-20.2057916585,200.017803133
66.8310300141,38.8685508681,-383.223468327
521.771672176,-20.1802517312,200.018937989
66.7632594101,38.7855581251,-382.889703627
521.772962677,-20.1597354588,200.019849623
66.7087380922,38.7188982458,-382.621055132
521.773982671,-20.1435197574,200.020570164
66.6655941282,38.6662167039,-382.408381931
521.774743013,-20.1314319944,200.021107282
66.6334035498,38.6269490179,-382.249653009
521.775307739,-20.1224541128,200.021506213
66.6094784538,38.5977855993,-382.13165325
521.775726752,-20.1157927569,200.02180221
66.5917176313,38.576148016,-382.044040997
521.776030593,-20.1109623897,200.022016847
66.578833865,38.5604583847,-381.98047875
521.77624757,-20.1075129497,200.022170123
66.5696308885,38.5492544268,-381.935071619
521.776406826,-20.1049811527,200.022282624
66.5628748342,38.5410311537,-381.901735325
521.776548619,-20.1027269684,200.022382788
66.5568586467,38.5337096606,-381.872048189
521.776675157,-20.1007153049,200.022472177
66.5514889785,38.5271759412,-381.845550093
521.776789844,-20.0988920468,200.022553193
66.5466216064,38.5212542082,-381.821529707
521.776868578,-20.0976403618,200.022608812
66.5432797719,38.5171889131,-381.805037264
521.776951133,-20.0963279319,200.02266713
66.5397754634,38.5129263563,-381.787742503
521.776979034,-20.0958843789,200.022686839
66.5385910684,38.5114857758,-381.781897063
0.0,-0.0,-0.0
522.424304699,0.0648188743829,0.111123953092
43.2834348796,11.2075809306,-233.574166207
522.184629638,-1.54179020124,33.6107306444
60.8839858067,12.5773529524,-325.130834596
521.901235581,-2.55083345229,67.768578637
74.5146778899,11.1423491421,-393.269364357
521.570270006,-2.81963595127,102.002721462
86.444660045,7.56815240584,-450.160209143
521.185230728,-2.21358996729,135.821293959
97.3584731041,2.11722544328,-499.381878346
520.744157579,-0.644641959891,168.366314293
107.645123441,-5.20170193144,-542.546313404
520.241967381,1.9719424392,198.553989747
117.582668762,-14.5517002706,-580.392024341
519.669417794,5.71584306559,225.298234551
127.43563289,-26.1156715178,-613.599021763
519.009563089,10.64249757,248.508088531
137.359564363,-40.0470082446,-642.277129882
518.244676088,16.7884453899,268.231513487
147.413898663,-56.462177646,-666.075476682
517.359201024,24.1721284496,284.428907141
157.42592263,-75.0821586721,-684.284683338
516.358712859,32.6506797136,297.035393348
167.377164965,-95.7124672868,-696.754976471
515.238520663,42.1343401475,306.317439893
177.386876507,-118.348993731,-703.585794054
513.976531525,52.6578205374,312.740038219
187.707150186,-143.466675014,-704.721067169
512.523772954,64.5230820824,316.706318393
198.487716368,-171.406311422,-699.806118889
510.830612383,78.0450452513,318.460404073
209.768974478,-202.208817331,-688.439012946
508.853216597,93.4733125994,318.111688395
221.611515209,-235.910342604,-670.249304584
506.534759619,111.142187962,315.682758734
233.989264602,-272.182610116,-645.113461258
503.825647663,131.292627653,311.132976719
246.810657871,-310.324861333,-613.281153822
500.686792719,154.028019323,304.37844369
259.966929563,-349.427402955,-575.399452514
497.084701685,179.367104329,295.367743982
273.324814847,-388.438912152,-532.542273532
492.997843536,207.231314265,284.137359105
286.716720573,-426.231415127,-486.173141465
488.426592089,237.401986938,270.834408871
300.086398748,-462.074077034,-437.462940501
483.344761196,269.83850689,255.529003491
313.360410666,-495.284246304,-387.552661308
477.736736134,304.4114762,238.275016914
326.449378764,-525.275495398,-337.486604664
471.601805683,340.884390114,219.107224924
339.132354649,-551.445481719,-288.668619494
465.023087423,378.605544909,198.2941227
351.261299067,-573.528158794,-242.079216102
458.084040181,416.953459751,176.105336822
362.842819503,-591.623033249,-197.974094847
450.800917799,455.677920663,152.607952422
373.940468674,-605.888836546,-156.291401314
443.150543218,494.687795641,127.741895464
384.596369146,-616.430985467,-116.98472734
435.113154942,533.832248908,101.45464446
394.810044973,-623.292328058,-80.1164600248
426.695721044,572.78004079,73.7790669842
404.529565612,-626.511579319,-45.8866174408
417.954861579,610.94509867,44.9119209937
413.717031104,-626.176603713,-14.4009862883
408.951707689,647.70207354,15.071646224
422.394195354,-622.422175826,14.4685390812
399.698444927,682.625404103,-15.6819661546
430.578815799,-615.378405033,40.8460940736
390.209781757,715.242346802,-47.2778510975
438.28816219,-605.175782323,64.8586727956
380.499960224,745.048229311,-79.6413351339
445.526404964,-591.980900287,86.5959677342
370.600788166,771.472445808,-112.632720199
452.345489131,-575.870652233,106.288096531
360.475229837,794.094282634,-146.333628053
458.787237731,-556.917407262,124.123829687
350.084033089,812.433577084,-180.827400995
464.854799127,-535.281468959,140.176972924
339.440727595,825.84097841,-216.008262701
470.48455396,-511.478679604,154.363713034
328.694548483,833.626453594,-251.31354965
475.624450917,-486.110529611,166.654518739
318.020677787,835.29915519,-286.07800587
480.297151283,-459.58003057,177.219847126
307.472024939,830.742177232,-320.038362728
484.595498805,-431.820233051,186.367339262
296.92562805,819.771273457,-353.477413682
488.611821087,-402.697943722,194.380343073
286.201336279,802.1210672,-386.836674296
492.346029462,-372.704361937,201.346260367
275.325726672,777.88822513,-419.874522253
495.796115814,-342.323624902,207.34418614
264.340356549,747.301670576,-452.250345921
498.960468406,-312.040119354,212.453046296
253.299403999,710.801534852,-483.537463916
501.852453373,-282.290629748,216.787654746
242.215117524,669.094750572,-513.396533804
504.477150926,-253.542551877,220.439628231
231.136281125,623.15528728,-541.323658008
506.841733203,-226.190017045,223.494587335
220.116703384,574.106420115,-566.75997437
508.962351173,-200.481850161,226.043387377
209.177497084,523.050593633,-589.198016391
510.839205926,-176.800712791,228.148680526
198.435857684,471.577004382,-607.954659312
512.473337263,-155.460089888,229.865236009
188.046065105,421.389835011,-622.447730374
513.883196793,-136.493102773,231.256918918
178.085203406,373.677589151,-632.442785552
515.102536424,-119.648996111,232.390290041
168.511087264,328.839090934,-637.974941398
516.168092062,-104.576086525,233.324758842
159.203188609,286.794354988,-639.1103107
517.094074205,-91.2004337277,234.093105366
150.189415898,248.055506968,-635.882150098
517.88749504,-79.5286679242,234.71831143
141.574351283,213.272840116,-628.561267134
518.553649406,-69.5735103449,235.218933648
133.512124878,183.012575954,-617.795708738
519.108234525,-61.1788254414,235.619021563
126.049244244,157.187765355,-604.37282695
519.569155383,-54.1278994398,235.939961377
119.175544784,135.379533421,-589.042753501
519.954066743,-48.1862224528,236.199616799
112.836359419,117.002189983,-572.394782118
520.272733198,-43.2300266539,236.408793721
107.063683521,101.736172893,-555.172103592
520.534836103,-39.1294174446,236.577047245
101.867779219,89.1939511402,-538.029465417
520.749327148,-35.7591991055,236.712415071
97.2424539141,78.9755202974,-521.500713936
520.923399711,-33.0138524924,236.8206563
93.1869807626,70.7322825918,-506.058107892
521.063286112,-30.8001067744,236.906466346
89.6928121027,64.1511495234,-492.065693887
521.17444455,-29.0358180096,236.973859226
86.7403763568,58.9558037284,-479.763964861
521.263545709,-27.6174770601,237.027260716
84.2440654882,54.8158916999,-469.031832067
521.334149884,-26.49025457,237.06909213
82.1732213772,51.551903473,-459.905653445
521.387930022,-25.6292411996,237.100612611
80.5347589003,49.0758735596,-452.545333768
521.428312703,-24.9814308831,237.124095316
79.2666584879,47.2231548943,-446.765974644
521.459006683,-24.4884929139,237.141862345
78.2795957948,45.8192641376,-442.218365812
521.483369056,-24.0969022445,237.15591448
77.4810901049,44.7077414204,-438.508510783
521.502963316,-23.7817569414,237.167187123
76.82876919,43.8156348319,-435.457523511
521.518878163,-23.5257412459,237.17633433
76.2920771313,43.0924495325,-432.933794583
521.531771833,-23.3183425066,237.183745793
75.8526213813,42.5075706128,-430.85827447
521.542230124,-23.1501229676,237.189757101
75.493041307,42.0338325876,-429.153993834
521.550572644,-23.0159400957,237.19455231
75.2041563073,41.6563692864,-427.780887813
521.556860404,-22.9148089168,237.198166427
74.9852019909,41.3721308881,-426.737869884
521.561540536,-22.8395360452,237.200856495
74.8215389763,41.1607089867,-425.956948199
521.565093141,-22.7823985572,237.202898471
74.6969083833,41.0003043528,-425.361531735
521.56802951,-22.7351727233,237.204586242
74.5936358836,40.8677771972,-424.867669551
521.570461904,-22.6960527184,237.205984334
74.50790873,40.7580327159,-424.457379537
521.572456729,-22.6639703524,237.207130919
74.437481248,40.6680553413,-424.120088764
521.574064399,-22.6381146926,237.208054973
74.3806420209,40.5955571312,-423.847726962
521.575355849,-22.6173447957,237.20879727
74.3349306535,40.537329483,-423.628591871
521.576376593,-22.6009286362,237.20938397
74.2987681318,40.4913138713,-423.455172469
521.577137494,-22.5886914462,237.209821319
74.2717922699,40.4570159268,-423.325773489
521.577702636,-22.5796025821,237.210146149
74.2517460939,40.4315440584,-423.229595921
521.578121957,-22.5728588806,237.210387165
74.2368665426,40.4126457306,-423.158196205
521.57842602,-22.5679688021,237.210561933
74.2260737951,40.3989425414,-423.106401427
521.578643157,-22.5644767215,237.210686738
74.2183649309,40.3891571936,-423.069403411
521.57880253,-22.5619136275,237.210778342
74.2127059841,40.3819751749,-423.042242253
521.578944428,-22.5596315779,237.210859901
74.2076669398,40.3755807854,-423.018055334
521.579071059,-22.5575950471,237.210932686
74.2031695527,40.3698744435,-422.996467444
521.57918583,-22.5557492507,237.210998654
74.1990929837,40.3647026138,-422.97689881
521.579264622,-22.554482093,237.211043941
74.1962941629,40.361152143,-422.963463321
521.579347238,-22.5531534395,237.211091427
74.1933593253,40.3574294026,-422.949374553
521.579375159,-22.5527044035,237.211107475
74.1923674146,40.3561712618,-422.94461278
0.0,-0.0,-0.0
522.424304699,0.0648188743829,0.111123953092
46.668402207,7.23896253273,-246.63831651
522.141163086,-0.914115736822,33.4911395106
65.0905443664,6.23929012669,-339.742237299
521.810492836,-1.1607129303,66.9287918489
79.3466254334,2.49306974455,-408.288663001
521.42579782,-0.542453554358,99.941622839
91.6734387269,-3.38321700954,-464.167223245
520.985119943,1.02688041381,131.690454431
102.924366542,-11.3129082351,-511.402931301
520.483380974,3.63009552368,161.116001876
113.571369158,-21.4603610993,-551.684277496
519.911347383,7.34502751182,187.157247566
123.977209129,-33.9959981258,-586.181192313
519.252089408,12.2261050295,209.724659722
134.347849942,-49.0566612422,-615.253088234
518.487896889,18.3091555348,228.86399657
144.77060951,-66.7421830826,-638.687635546
517.603229523,25.612070543,244.535608085
155.085332873,-86.7244687518,-655.911376027
516.603658818,33.9933609353,256.678454097
165.288132502,-108.771693695,-666.893468356
515.484500001,43.3642276682,265.553209786
175.511697325,-132.852272642,-671.82210039
514.2236829,53.7588557254,271.611069006
186.019551701,-159.440069315,-670.68254282
512.772283933,65.4750802965,275.237914178
196.967322535,-188.853547476,-663.180861861
511.080722151,78.8230516374,276.663893466
208.398124376,-221.088951879,-649.009662373
509.105213147,94.0479120161,275.988385163
220.374981704,-256.136986174,-627.899311714
506.788995688,111.477750198,273.223668507
232.872975144,-293.611997242,-599.855532563
504.082538616,131.347733577,268.321403286
245.801260962,-332.755705242,-565.264048092
500.946812006,153.756464477,261.192811866
259.051962553,-372.612876037,-524.895277364
497.348381886,178.718160306,251.781696942
272.492750271,-412.10489352,-479.925471324
493.26577169,206.150169811,240.119484873
285.956925449,-450.098988573,-431.887984546
488.699394385,235.830996157,226.349071191
299.389732521,-485.881595304,-381.96845017
483.623139724,267.713268705,210.533419125
312.718932087,-518.799132756,-331.292647681
478.02146894,301.660861353,192.721439885
325.856127551,-548.303510255,-280.863449862
471.893742061,337.431108845,172.946281401
338.580819759,-573.84485817,-232.025884793
465.323056287,374.374043905,151.484269859
350.745668831,-595.206035391,-185.686787902
458.392845871,411.870660024,128.613523165
362.35829442,-612.519330719,-142.03480572
451.119424904,449.665786323,104.403207694
373.483178777,-625.963101218,-100.95653181
443.479741285,487.658301892,78.7919828111
384.163123129,-635.657393189,-62.3655800513
435.454174725,525.686818071,51.727176514
394.398106578,-641.65814491,-26.290469553
427.0498169,563.412790113,23.2451008529
404.136475815,-644.018337248,7.10089846671
418.323347571,600.250809423,-6.44814470949
413.340592467,-642.836139847,37.7292367992
409.335951633,635.579619611,-37.1233981943
422.032529452,-638.249587497,65.7390162182
400.099960702,668.972284996,-68.7134748882
430.230300732,-630.39079628,91.2666633895
390.630245557,699.9573094,-101.138074125
437.951388642,-619.391211198,114.44806916
380.941235177,728.034107636,-134.311529319
445.200123215,-605.419198591,135.380652612
371.064910082,752.642938561,-168.079765033
452.028649152,-588.547790754,154.29486179
360.964604631,773.365652758,-202.512917716
458.47894536,-568.846441669,171.379252664
350.601524896,789.727806249,-237.678462475
464.55424521,-546.476529862,186.710710317
339.989603255,801.102519846,-273.446514418
470.190922309,-521.963922122,200.216023866
329.278094308,806.855675618,-309.220531141
475.336932355,-495.918847837,211.874457243
318.642010911,806.568315895,-344.305080691
480.015025901,-468.744890453,221.855955172
308.13441886,800.176080228,-378.415615288
484.318201573,-440.365500624,230.458199487
297.633272038,787.52367155,-411.814780607
488.338924018,-410.63855647,237.95442002
286.959907516,768.370625739,-444.909218254
492.077130146,-380.06032647,244.433681643
276.141754965,742.874940847,-477.413825828
495.530832471,-349.119460378,249.976653368
265.221290965,711.335817043,-508.946585066
498.698437787,-318.304445869,254.663607689
254.253671241,674.265917535,-539.046398336
501.593343439,-288.054826101,258.608961986
243.25257844,632.426379668,-567.342122191
504.22064965,-258.841367042,261.904764719
232.268207507,586.836544167,-593.31665415
506.587548457,-231.060475043,264.636559503
221.355922405,538.646649937,-616.42157637
508.71021735,-204.961206465,266.893801462
210.538959548,488.963219444,-636.17911334
510.588866628,-180.928789621,268.739786498
199.935714843,439.337174223,-651.991309955
512.224544851,-159.278444025,270.229634606
189.700712117,391.387464783,-663.409914466
513.635727471,-140.041288762,271.42501437
179.911676889,346.198307162,-670.337441294
514.856202901,-122.961080624,272.388019656
170.528956256,304.084393197,-672.915645942
515.922744697,-107.679815086,273.17311644
161.437116275,264.908200108,-671.291895187
516.849579021,-94.1214833327,273.811264279
152.66691699,229.083402719,-665.623844299
517.643726513,-82.2919511007,274.324609641
144.323217324,197.140348691,-656.311478203
518.310488477,-72.2034031591,274.731088529
136.556601054,169.522917393,-644.101948443
518.865577701,-63.6970516607,275.052652618
129.410979404,146.080098512,-629.80750376
519.326916333,-56.5528968493,275.308229305
122.874281192,126.373247715,-614.157521698
519.712175747,-50.5330504367,275.513223759
116.891484075,109.829360845,-597.698070205
520.031129785,-45.5119208067,275.677094092
111.48851986,96.1287523791,-581.110933167
520.293468844,-41.3577702833,275.808050684
106.66864375,84.9004625947,-564.966997855
520.508152887,-37.9436692392,275.912880651
102.418075004,75.770541741,-549.705563098
520.682381908,-35.1626571825,275.996326058
98.7267145823,68.4168961424,-535.69637314
520.822393931,-32.9202051944,276.062198923
95.5763234819,62.5532391001,-523.201556631
520.933652123,-31.1330722581,276.113740901
92.9384923963,57.9288841517,-512.369163198
521.022833196,-29.6963885402,276.15442895
90.7270828071,54.2469199274,-503.03473199
521.093500667,-28.5546024358,276.186178983
88.906790562,51.3458826061,-495.182167078
521.147329002,-27.6824734925,276.21001474
87.4763083952,49.1463381022,-488.906346072
521.187747864,-27.0263049107,276.227724151
86.3754017402,47.5012098166,-484.014711654
521.218469338,-26.5270096119,276.241101931
85.5223969526,46.2550717033,-480.188185496
521.242853531,-26.1303703423,276.251669572
84.8349322394,45.2687438858,-477.081404653
521.262465338,-25.8111630791,276.260139332
84.2750892983,44.4773205668,-474.536439071
521.278394436,-25.5518482197,276.26701
83.8156987158,43.8359017758,-472.43818177
521.291299651,-25.3417772388,276.272577251
83.4403708723,43.3172584371,-470.717275594
521.301767305,-25.1713905412,276.277092777
83.1338278229,42.8972415967,-469.307369981
521.310117293,-25.0354791789,276.280694871
82.8879252345,42.5626298016,-468.173536217
521.316410683,-24.9330453721,276.283409773
82.7017718171,42.3106881795,-467.313526893
521.321095004,-24.8568030006,276.285430553
82.5627533253,42.123305514,-466.670338002
521.32465079,-24.7989296257,276.286964497
82.4569627823,41.9811487241,-466.180346663
521.327589787,-24.7510955809,276.288232366
82.3693497522,41.8637042313,-465.774197999
521.330024358,-24.711471773,276.28928263
82.29665482,41.766453845,-465.43696469
521.332020969,-24.6789762474,276.290143962
82.2369563023,41.6867230566,-465.159858989
521.333630077,-24.6527876227,276.290838127
82.1887908929,41.6224828385,-464.936180041
521.334922684,-24.6317502587,276.291395754
82.1500648732,41.5708889291,-464.756268081
521.335944341,-24.6151227007,276.291836496
82.1194346171,41.5301165598,-464.613923402
521.336705923,-24.6027279281,276.292165041
82.0965891373,41.4997271462,-464.507730939
521.337271571,-24.5935220244,276.292409061
82.0796142632,41.4771582581,-464.428812862
521.337691267,-24.5866914831,276.292590117
82.0670155048,41.4604138762,-464.370232173
521.337995603,-24.5817384344,276.292721407
82.057877684,41.448272589,-464.327739789
521.338212934,-24.5782013858,276.292815164
82.0513511691,41.4396026224,-464.297388309
521.33837245,-24.5756052867,276.292883979
82.0465603217,41.4332392653,-464.275107416
521.338514474,-24.573293851,276.292945248
82.0422943939,41.4275737719,-464.255266983
521.338641219,-24.5712310958,276.292999925
82.0384871083,41.4225179069,-464.237559021
521.338756093,-24.5693615311,276.293049482
82.035036141,41.4179356336,-464.221507806
521.338834955,-24.5680780562,276.293083503
82.0326668749,41.4147898996,-464.210487541
521.338917645,-24.5667322936,276.293119175
82.0301825025,41.4114915384,-464.198931628
521.338945591,-24.5662774754,276.293131231
82.0293428472,41.4103768223,-464.195025964
0.0,-0.0,-0.0
522.424304699,0.0648188743829,0.111123953092
49.9701247694,1.8389475963,-257.565080327
522.093982458,-0.167659583385,32.7779881936
69.3011123168,-2.1056089667,-351.775551781
521.709693115,0.454773046021,65.0115510846
84.0732821072,-8.5289451084,-419.422304724
521.269481018,2.01669520627,95.9908863989
96.8151753219,-17.214485,-473.206260391
520.768273764,4.59922433147,124.680476167
108.487944286,-28.3263741044,-517.271106192
520.196848203,8.27858241555,150.043602348
119.658252115,-42.0156129559,-553.824434731
519.538293388,13.1081845737,171.99216573
130.627172399,-58.3966850285,-583.709135071
518.774919204,19.1231066839,190.569852396
141.531766838,-77.5487718169,-606.967504501
517.891203574,26.3406722895,205.737023486
152.235273408,-99.0858321512,-623.235916658
516.892713921,34.6207885678,217.436307664
162.756712235,-122.732446939,-632.655855088
515.774772729,43.8755451436,225.922783995
173.248215299,-148.423708051,-635.543520947
514.515336608,54.13846353,231.634408947
183.989017596,-176.629858939,-631.953011285
513.065539597,65.7031112931,234.940654442
195.142904174,-207.640986443,-621.67799455
511.375861548,78.8747743479,236.058461048
206.756905847,-241.401137783,-604.532294632
509.402575536,93.8940892302,235.077833768
218.897442124,-277.849757396,-580.370445998
507.088996577,111.082908191,232.001508586
231.541310038,-316.539720146,-549.346983139
504.38566725,130.670634405,226.77413641
244.598782164,-356.65469992,-511.995126294
501.253625994,152.751155791,219.302658755
257.96324485,-397.197163074,-469.211755377
497.659508404,177.334271023,209.526729795
271.503640135,-437.067793204,-422.271052314
493.581901953,204.33339392,197.473376457
285.054454434,-475.13814451,-372.764974722
489.021265573,233.524394805,183.281850315
298.562802617,-510.720730459,-321.880086204
483.951578225,264.853422868,167.008929286
311.95793855,-543.199350383,-270.711597324
478.357390355,298.178006272,148.699512332
325.152679807,-572.071468374,-220.205741533
472.238145583,333.249825301,128.385979043
337.927094799,-596.846804286,-171.632833098
465.676916743,369.421224971,106.352432277
350.134701029,-617.361075501,-125.814941522
458.757108752,406.076278938,82.8853476287
361.784340447,-633.779913067,-82.8693160256
451.495106155,442.955605053,58.0566417438
372.941612997,-646.300408977,-42.6301536182
443.868003338,479.949061559,31.8049870537
383.650134964,-655.056234934,-4.97112495554
435.856345435,516.885917451,4.07896684919
393.910432033,-660.115580974,30.1130916466
427.467368596,553.421722443,-25.0804934432
403.671184555,-661.545099754,62.4870157609
418.757821666,588.973145359,-55.4575226583
412.89506811,-659.452417257,92.0973739217
409.788951387,622.924472689,-86.8120066336
421.604536819,-653.977623845,119.103257066
400.573259456,654.849216949,-119.068413774
429.817910929,-645.25379855,143.651736315
391.125805377,684.279128439,-152.136349467
437.552926397,-633.412431786,165.886044114
381.461235207,710.71987444,-185.918392979
444.814103636,-618.622957656,185.910071531
371.611729101,733.624654616,-220.24590579
451.653824981,-600.953694605,203.95280063
361.54105181,752.580834903,-255.176074508
458.114254762,-580.470533059,220.201128036
351.210941569,767.123085597,-290.7591698
464.198727607,-557.335556936,234.734219116
340.63579572,776.649718694,-326.841612804
469.843609183,-532.084693037,247.489548548
329.964882779,780.582063507,-362.798004611
474.996863849,-505.336871202,258.455079133
319.373007508,778.569592795,-397.909973715
479.681348238,-477.495928791,267.799331704
308.913407268,770.597398315,-431.876979481
483.990244717,-448.475108382,275.808465079
298.465091401,756.538874644,-464.94294056
488.016180457,-418.122885428,282.744235227
287.85111202,736.179721823,-497.481336417
491.759122784,-386.940657033,288.697138104
277.099861522,709.733871591,-529.173854619
495.217108747,-355.421622248,293.749219095
266.2548447,677.561826368,-559.610488834
498.388567167,-324.058394729,297.98191493
255.372297545,640.236004174,-588.312038138
501.286932426,-293.293277467,301.508954949
244.467490483,598.558235372,-614.893753551
503.917328508,-263.600430679,304.422630533
233.592148073,553.576429441,-638.84566973
506.286971064,-235.378530003,306.808214323
222.803290126,506.449803972,-659.649570655
508.412069031,-208.876805612,308.75350204
212.126406029,458.272515386,-676.874754315
510.292843647,-184.483069053,310.32234406
201.681015279,410.542987212,-690.018514742
511.930353869,-162.514268855,311.570121393
191.621607707,364.788217262,-698.763084863
513.343103409,-142.999418042,312.556064603
182.02626029,321.990935409,-703.133497361
514.564923926,-125.67659466,313.33743254
172.857698246,282.389407548,-703.361017849
515.632633577,-110.181272212,313.963370966
164.005526578,245.797224035,-699.659484753
516.560477079,-96.4352983283,314.462862639
155.502767461,212.544980693,-692.283056347
517.355485088,-84.4437390223,314.857134645
147.453473718,183.06542276,-681.721830271
518.022966574,-74.2182162834,315.163438162
140.00317748,157.70691114,-668.776595805
518.578652755,-65.597210287,315.401473473
133.191808577,136.274882547,-654.251915886
519.040486108,-58.3573410011,315.587539003
127.004090711,118.323716156,-638.835430968
519.426157679,-52.257247011,315.734416297
121.383416209,103.298590133,-623.018870791
519.745452266,-47.1694613982,315.850124022
116.34847211,90.8855238424,-607.411207243
520.00807097,-42.9603524994,315.941438391
111.894844117,80.731587951,-592.497190577
520.222983554,-39.501209504,316.013814027
108.001153024,72.487286761,-578.627164482
520.397397848,-36.6835912071,316.070910036
104.648744706,65.8542659644,-566.080274788
520.537558627,-34.4116765095,316.115598263
101.811339154,60.5695019984,-555.034647488
520.648934942,-32.6010978922,316.150298661
99.4539669474,56.4041447135,-545.567728042
520.738210646,-31.1455886182,316.177479436
97.4916426057,53.0890115654,-537.490947475
520.808953069,-29.9888556225,316.198519119
95.8865838561,50.4777354168,-530.754606159
520.862838476,-29.1053185494,316.214191041
94.6320660771,48.4982441094,-525.409351289
520.903300182,-28.4405717117,316.225767401
93.6708515125,47.0178943444,-521.266901722
520.934054214,-27.9347517772,316.234482514
92.9287235747,45.8966920377,-518.041101331
520.958464245,-27.5329310554,316.241348662
92.3323408389,45.0093239394,-515.43158078
520.97809683,-27.2095549536,316.246841024
91.8478313247,44.2973526202,-513.300347904
520.994042803,-26.9468541386,316.251293427
91.4510483688,43.7203654082,-511.547553362
521.006961688,-26.7340406331,316.254901665
91.1274086235,43.2538510948,-510.112928487
521.01744043,-26.5614297881,316.257828303
90.8634433355,42.8760699008,-508.939553166
521.025799262,-26.4237444888,316.260163022
90.6519334506,42.575118501,-507.997235862
521.032099317,-26.3199738085,316.261922742
90.4919578054,42.3485285704,-507.283266299
521.036788599,-26.2427364511,316.263232581
90.3725688933,42.1800055685,-506.749736319
521.040348151,-26.184107846,316.264226875
90.2817622181,42.0521589753,-506.343536629
521.043290261,-26.1356496038,316.26504871
90.2065887179,41.9465386013,-506.007007196
521.04572741,-26.0955087511,316.2657295
90.1442360805,41.8590803114,-505.727694012
521.047726136,-26.0625892071,316.266287826
90.0930450498,41.7873783161,-505.49825886
521.049336948,-26.0360588665,316.266737796
90.0517529172,41.7296074936,-505.313110402
521.050630924,-26.014747006,316.267099262
90.0185592203,41.6832097301,-505.164222763
521.051653663,-25.9979024937,316.267384961
89.9923085732,41.6465438416,-505.046445125
521.052416052,-25.9853459973,316.267597932
89.9727318164,41.6192152798,-504.95859227
521.052982298,-25.9760199782,316.267756113
89.958186922,41.5989196154,-504.893310126
521.053402439,-25.9691003148,316.267873478
89.9473923689,41.5838618256,-504.844855025
521.053707097,-25.964082641,316.267958585
89.9395634889,41.5729434983,-504.809709345
521.053924658,-25.9604994429,316.26801936
89.9339720451,41.5651468442,-504.78460648
521.054084343,-25.9578694713,316.268063968
89.9298676931,41.5594244634,-504.766179108
521.054226518,-25.9555278773,316.268103685
89.9262131132,41.5543296546,-504.749770494
521.054353397,-25.9534382084,316.268139128
89.9229515035,41.5497830692,-504.735125799
521.054468392,-25.9515442507,316.268171253
89.9199951883,41.5456623728,-504.721851501
521.054547338,-25.9502440299,316.268193306
89.9179655512,41.5428335129,-504.712737916
521.054630115,-25.9488807086,316.26821643
89.9158373299,41.5398674013,-504.703181478
521.054658091,-25.9484199562,316.268224245
89.9151180498,41.5388649727,-504.699951623
0.0,-0.0,-0.0
522.424304699,0.0648188743829,0.111123953092
53.3524631128,-5.22527621229,-266.616972201
522.040487238,0.682722344486,31.6031184804
73.4240716588,-12.614723655,-360.107203168
521.600816934,2.22895632805,61.8506788434
88.7301529863,-22.3655657234,-425.502399137
521.100228165,4.78322702408,89.8409716304
101.978038917,-34.7215614315,-475.732811171
520.529509852,8.42040995986,114.560465148
114.244803754,-49.8289833731,-515.597413263
519.871772929,13.1929135557,135.922480547
126.03340458,-67.7835118084,-546.964676271
519.109350594,19.1350280884,153.968795407
137.576889023,-88.6449121741,-570.367675629
518.226741963,26.2634964706,168.659842569
148.783618584,-111.962163056,-585.783698048
517.229509704,34.4396213105,179.941705787
159.710088452,-137.41163951,-593.611234968
516.112984731,43.5762912716,188.064146344
170.537445038,-164.889862617,-594.352545772
514.855154796,53.7062250633,193.452627228
181.566992532,-194.861498351,-588.170166374
513.40722094,65.1186274471,196.461265737
192.974019594,-227.582126477,-574.981101513
511.719733709,78.1138828362,197.2947318
204.811290117,-262.936509025,-554.752501393
509.749032998,92.9281310247,196.034410874
217.150015882,-300.808341416,-527.488842846
507.438522452,109.877044057,192.674366339
229.969551771,-340.687343872,-493.511821907
504.738830338,129.184357872,187.152998459
243.181881714,-381.70197243,-453.508934401
501.611074502,150.939375593,179.373588252
256.68218798,-422.81920625,-408.50025064
498.021971316,175.147635831,169.272286895
270.341144903,-462.928875192,-359.846629479
493.95018255,201.718810571,156.872385498
283.99481024,-500.918482047,-309.181047397
489.396220381,230.426365063,142.310063893
297.5926366,-536.136664799,-257.673169965
484.334167219,261.210316672,125.636875838
311.065729964,-568.013322516,-206.369696834
478.748676886,293.92229825,106.894609561
324.328403473,-596.09838809,-156.143892848
472.639289742,328.308895621,86.1156238752
337.161440205,-619.967436226,-108.175189744
466.089049804,363.725287679,63.5915425363
349.419402036,-639.51168842,-63.1911391801
459.18132735,399.559162288,39.6168523253
361.112594252,-654.929391817,-21.2355483851
451.932588141,435.547681204,14.2666940505
372.307948193,-666.434473658,17.9084103067
444.320095933,471.572702056,-12.5191926247
383.050049646,-674.172449447,54.4051728873
436.32458696,507.455392797,-40.7898576812
393.340074547,-678.222287131,88.2924221762
427.953463838,542.846752529,-70.4989656829
403.127101095,-678.663144081,119.466182455
419.263554043,577.166763238,-101.420871609
412.374178,-675.610801163,147.897630342
410.316174258,609.806446091,-133.304741769
421.104210134,-669.205927797,173.757836699
401.124021267,640.341331149,-166.066289041
429.335879569,-659.581327947,197.202170946
391.702370681,668.308060527,-199.604795918
437.087221589,-646.86749491,218.379107651
382.066116755,693.220249639,-233.811048988
444.362981263,-631.234108089,237.397320906
372.247666707,714.545487545,-268.502437539
451.21582055,-612.743927404,254.482239568
362.21127824,731.878905997,-303.722781674
457.68812189,-591.458643509,269.817444717
351.919298165,744.766759517,-339.505094975
463.783339187,-567.540628283,283.483386568
341.386651904,752.634031787,-375.673825774
469.437829359,-541.535707366,295.428052315
330.7626122,754.955606715,-411.580399995
474.599567396,-514.071302789,305.647781781
320.221730276,751.444644607,-446.490744695
479.291534546,-485.551174587,314.308664623
309.817426361,742.131544366,-480.093751301
483.607128602,-455.877918629,321.683822946
299.429906284,726.916872023,-512.61723392
487.639167215,-424.890299188,328.022262605
288.884166661,705.612059834,-544.405158867
491.387653462,-393.094826539,333.415619191
278.209664908,678.480464253,-575.116276053
494.850653239,-360.989217439,337.947063807
267.451030458,645.934426991,-604.324969855
498.026621259,-329.070174312,341.698969548
256.665663504,608.593872386,-631.547836148
500.929035343,-297.782725988,344.784068978
245.870550654,567.289252514,-656.401281424
503.563047357,-267.60440311,347.294682842
235.119027479,523.08326929,-678.397318876
505.935900648,-238.936113571,349.31560429
224.469818753,477.13065258,-697.060560579
508.063841002,-212.027206174,350.932717636
213.950726505,430.502196,-712.016801312
509.9471025,-187.268053618,352.210318813
203.682227108,384.636487018,-722.859374397
511.5867563,-164.977301675,353.203946238
193.818397538,340.968509249,-729.389591041
513.001339207,-145.181789563,353.970175672
184.437265814,300.38667445,-731.736228888
514.224733502,-127.613819596,354.561122568
175.503643813,263.062366719,-730.201807283
515.293809538,-111.902250219,355.020304239
166.911928388,228.769188009,-725.052007993
516.222833755,-97.9667464811,355.37459434
158.696626364,197.768906089,-716.611793575
517.018848535,-85.8115533341,355.644226726
150.959776695,170.415499944,-705.42807372
517.687171821,-75.4477135499,355.845710993
143.840384485,146.982869308,-692.319335148
518.243556403,-66.7109411281,355.996372177
137.373151101,127.247427709,-678.059377156
518.705968543,-59.374437222,356.109744982
131.53855129,110.764554061,-663.281332683
519.092122302,-53.1933295987,356.195857966
126.277514891,96.9999610934,-648.417821928
519.411815302,-48.0382554119,356.261218217
121.600912914,85.6485113847,-634.001051105
519.674761163,-43.7736692623,356.311097962
117.496689734,76.3753412803,-620.433406221
519.889941117,-40.2690611421,356.349555743
113.936516427,68.8534014901,-607.986204183
520.064572161,-37.4144939728,356.37911673
110.894518914,62.8054658011,-596.862531235
520.204906968,-35.1128414964,356.401668824
108.338254811,57.9887387602,-587.174596397
520.316421475,-33.2785986963,356.418772335
106.228343715,54.1930599071,-578.948688164
520.405807887,-31.8040885494,356.431840828
104.482276276,51.1723390203,-571.987049698
520.476637996,-30.6322694437,356.441690951
103.061428432,48.7928819847,-566.220573313
520.530590171,-29.7372179077,356.448834098
101.955691872,46.9889535935,-561.670773435
520.571101998,-29.0638128264,356.454003431
101.111428488,45.6397653678,-558.160610848
520.601894119,-28.5514074272,356.457847683
100.461398607,44.6178245321,-555.436803692
520.626334377,-28.1443569531,356.460847119
99.9401906417,43.8089586436,-553.239562044
520.645991271,-27.8167731592,356.463229221
99.5175308607,43.1599328268,-551.449166118
520.661956985,-27.5506548481,356.465155466
99.1719248983,42.6339355318,-549.979474271
520.674891863,-27.3350732892,356.4667173
98.8903828568,42.2086372789,-548.778440595
520.685383577,-27.1602176044,356.467984177
98.6609912532,41.8642242545,-547.79737836
520.693752755,-27.0207418715,356.468994992
98.4773401506,41.5898492956,-547.010326573
520.700060608,-26.9156218897,356.46975693
98.3385280261,41.3832656082,-546.414486185
520.704755694,-26.8373802992,356.470324121
98.2349854921,41.2296199603,-545.969506207
520.708319651,-26.7779894462,356.470754698
98.1562614586,41.1130586011,-545.63088154
520.711265402,-26.7289012073,356.471110609
98.0911101025,41.0167607373,-545.350440409
520.713705568,-26.6882385068,356.471405448
98.0370838539,40.9370213515,-545.117750788
520.715706767,-26.6548910059,356.471647258
97.9927379075,40.8716472684,-544.926661866
520.717319573,-26.6280157757,356.471842144
97.9569732561,40.818974645,-544.772489715
520.71861515,-26.6064268694,356.4719987
97.9282268779,40.7766712628,-544.648532402
520.719639155,-26.5893633879,356.472122443
97.9054957886,40.7432408624,-544.550488952
520.720402487,-26.5766436658,356.472214687
97.8885452108,40.7183237815,-544.477363751
520.720969434,-26.5671964159,356.472283201
97.8759522702,40.6998189803,-544.423029659
520.721390095,-26.5601868029,356.472334036
97.8666068021,40.6860898523,-544.382702944
520.72169513,-26.5551039041,356.472370899
97.8598291203,40.6761349213,-544.353454204
520.721912961,-26.5514741278,356.472397223
97.8549885692,40.6690262128,-544.332563867
520.722072843,-26.5488099692,356.472416544
97.8514354669,40.6638087493,-544.317229137
520.722215194,-26.5464379368,356.472433747
97.8482717736,40.6591634818,-544.303574598
520.72234223,-26.5443211044,356.4724491
97.8454483021,40.6550180637,-544.291388105
520.722457368,-26.5424025273,356.472463014
97.8428891436,40.651260955,-544.280342132
520.722536412,-26.5410854049,356.472472566
97.8411321877,40.6486816976,-544.272758509
520.722619291,-26.5397043619,356.472482582
97.8392899064,40.6459772982,-544.264806452
520.722647301,-26.5392376202,356.472485967
97.8386672694,40.6450633179,-544.262118857
0.0,-0.0,-0.0
522.424304699,0.0648188743829,0.111123953092
56.5283483226,-13.9914861734,-271.866469329
521.98526178,1.58675830609,29.6711559309
77.4142593464,-25.7727941784,-363.041162816
521.485389197,4.10501137802,57.0049702422
93.3779161679,-39.9589013774,-424.427999919
520.915489844,7.69339730104,81.1209057058
107.329583989,-56.9316479316,-469.90272784
520.258699992,12.4033306829,101.933683901
120.292841364,-76.8332672076,-503.91170257
519.497379831,18.2682846251,119.483357447
132.710036848,-99.7304079942,-528.028863597
518.616053003,25.3044109626,133.730492768
144.582592545,-125.110053461,-542.829946586
517.620276666,33.3743942256,144.624392225
156.032246331,-152.602051952,-549.115843888
516.505391482,42.3918203463,152.409827397
167.285634813,-182.062141177,-547.66564787
515.24942125,52.388463953,157.500615188
178.676275732,-213.949826186,-538.809054619
513.803644568,63.6490993518,160.236688986
190.396226454,-248.481060192,-522.634520111
512.118693803,76.469205976,160.81146781
202.506867568,-285.475764051,-499.301034593
510.150986169,91.0804675294,159.29851957
215.08633156,-324.759931326,-468.990653472
507.844027859,107.792477334,155.684143289
228.117831867,-365.762048498,-432.207701027
505.148546251,126.823441834,149.901258516
241.515979235,-407.562513436,-389.793995729
502.025750992,148.258240097,141.850091093
255.178533992,-449.103765163,-342.881570695
498.442451793,172.098335575,131.463909873
268.978554943,-489.277993705,-292.899108252
494.37739621,198.249870494,118.762902956
282.754203423,-527.002510942,-241.496761584
489.831157768,226.484137644,103.880710273
296.457873556,-561.67289729,-189.806227617
484.777938254,256.735400607,86.8645677247
310.022981199,-592.773748412,-138.806226573
479.202510662,288.849869191,67.753963587
323.365689834,-619.913572882,-89.2807621841
473.104526711,322.569602694,46.5818505277
336.267687441,-642.73876441,-42.3031093795
466.566996419,357.253075895,23.646964571
348.584811446,-661.197109751,1.50115869553
459.673249259,392.29205174,-0.748699590363
360.32911964,-675.517372827,42.1608383694
452.439844063,427.420957431,-26.5264878111
371.569128549,-685.927415724,79.9398803982
444.844239343,462.514648444,-53.7447780793
382.350576331,-692.582079543,115.037017787
436.867390863,497.387383219,-82.4494391277
392.67541192,-695.569052746,147.519266619
428.516891889,531.686856272,-112.588270623
402.493187673,-694.978315976,177.311966809
419.849658655,564.837403589,-143.926193784
411.767395341,-690.932122818,204.408113349
410.927086179,596.237721082,-176.202241689
420.521471841,-683.570052152,228.98729188
401.7620935,625.466651025,-209.323410909
428.774525865,-673.023270224,251.210201646
392.370201945,652.067020516,-243.178930922
436.544945225,-659.420157468,271.22799327
382.766587488,675.561649787,-277.648310199
443.837739535,-642.929753317,289.15207064
372.983913473,695.433429612,-312.536106299
450.705898946,-623.608464495,305.202010104
362.986998297,711.286870599,-347.873156184
457.192061773,-601.513191391,319.556274012
352.738879763,722.681475787,-383.676105227
463.299822087,-576.806160516,332.295452497
342.255078029,729.069422454,-419.749980118
468.965527351,-550.042784189,343.377647905
331.684855173,729.976387393,-455.428791248
474.137165623,-521.85864383,352.807065929
321.202454002,725.173895753,-489.969463715
478.837864124,-492.657107336,360.746307067
310.861484961,714.733077967,-523.055391091
483.161272423,-462.329856923,367.454036809
300.543498924,698.579444083,-554.901474244
487.200430677,-430.705799871,373.165346936
290.075678935,676.548714684,-585.826812885
490.95538388,-398.296495465,377.972681431
279.488645513,648.946977783,-615.476624738
494.424231754,-365.604102004,381.960050914
268.8282397,616.229426311,-643.420294157
497.60545936,-333.129333116,385.210507257
258.153093478,579.052614476,-669.181287118
500.512595304,-301.3198925,387.835475349
247.482017317,538.265539351,-692.388397977
503.150824071,-270.656627979,389.927079701
236.870004669,494.935031692,-712.585616147
505.52742139,-241.542625751,391.569421779
226.377485567,450.201828225,-729.34739132
507.658676088,-214.227308044,392.846238674
216.034570265,405.106600725,-742.359730265
509.544837276,-189.103561234,393.822151263
205.962435685,361.025424657,-751.30702011
511.186990385,-166.491680338,394.5527446
196.314264504,319.304975323,-756.094342704
512.603710845,-146.416297237,395.091752068
187.167532938,280.748208672,-756.934486604
513.828939986,-128.603922065,395.485899021
178.488739648,245.469111487,-754.184009616
514.899609035,-112.676796038,395.772835036
170.176692207,213.209244594,-748.14733821
515.830009773,-98.5523939811,395.977217575
162.266484531,184.173742453,-739.197825927
516.627198265,-86.2341313398,396.118224869
154.856889684,158.653070139,-727.911637937
517.296502922,-75.7324645494,396.211576697
148.079016348,136.862947447,-715.097064085
517.853701692,-66.8803454186,396.272128521
141.961311314,118.561059106,-701.481317165
518.316788567,-59.4475639709,396.310551221
136.479280063,103.308742401,-687.636196762
518.703504447,-53.1857464583,396.334025691
131.570909128,90.592920923,-673.934900203
519.023661898,-47.9636390026,396.347494318
127.239207458,80.1189797738,-660.833944429
519.286989145,-43.6437883679,396.354674522
123.465005466,71.5695486,-648.660670779
519.502480784,-40.0938913503,396.358182857
120.214050624,64.6380265449,-637.619137901
519.677364502,-37.2025196468,396.359373934
117.454759174,59.0659902083,-627.851064351
519.817902182,-34.8712461177,396.35912042
115.150316151,54.62828847,-619.419031045
519.929577784,-33.0134323091,396.358095955
113.258741726,51.1308138025,-612.314163509
520.019093251,-31.5199961333,396.35662699
111.700945111,48.3467635723,-606.340460634
520.090025578,-30.3331502312,396.354950937
110.438611687,46.1530980305,-601.419575792
520.144055587,-29.4266293612,396.353309057
109.459659015,44.4895172254,-597.554450263
520.184625843,-28.7445999036,396.351879037
108.714278246,43.2449675624,-594.583099791
520.215462366,-28.2256347958,396.350706307
108.141637334,42.3020884155,-592.283776885
520.239937861,-27.8133750219,396.349723091
107.683284937,41.555668295,-590.433032949
520.259623091,-27.4815999939,396.348901711
107.312128798,40.9566598521,-588.927674463
520.275611819,-27.2120775707,396.348226103
107.008995598,40.4711440575,-587.693778075
520.28856534,-26.9937388189,396.347680223
106.762293994,40.0785438204,-586.686654615
520.299072174,-26.8166471138,396.34723762
106.561450305,39.7605868252,-585.864801817
520.307453414,-26.6753879896,396.346884878
106.400759554,39.5072726355,-585.206004972
520.313770357,-26.5689240182,396.346619152
106.279364131,39.3165369142,-584.707574663
520.318472209,-26.4896821505,396.346421455
106.188848035,39.1746728964,-584.335518348
520.322041302,-26.4295320538,396.346271434
106.120048153,39.0670465094,-584.052489104
520.324991297,-26.3798163021,396.346147469
106.063123083,38.9781283431,-583.818157166
520.327434979,-26.338633812,396.346044801
106.015927459,38.9044983406,-583.623771244
520.329439062,-26.3048600424,396.345960617
105.977194377,38.8441320833,-583.464168984
520.331054192,-26.2776412834,396.34589278
105.94596049,38.7954937054,-583.3354209
520.332351636,-26.2557764248,396.345838293
105.920858396,38.7564299795,-583.231918211
520.333377116,-26.2384948385,396.345795231
105.901010661,38.7255594767,-583.150061579
520.334141548,-26.2256125351,396.345763133
105.886211151,38.7025502494,-583.089014024
520.334709312,-26.216044533,396.345739294
105.875216809,38.6854622451,-583.043656616
520.335130579,-26.2089453255,396.345721607
105.867057982,38.6727842261,-583.00999385
520.335436054,-26.2037974591,396.345708782
105.86114105,38.663591426,-582.985579213
520.335654198,-26.2001212886,396.345699623
105.856915318,38.6570269347,-582.968141941
520.335814311,-26.1974230779,396.345692901
105.853813553,38.6522088951,-582.955342176
520.335956867,-26.1950207274,396.345686917
105.851051761,38.6479192423,-582.943945002
520.336084086,-26.1928768387,396.345681576
105.848586995,38.6440911695,-582.933773298
520.33619939,-26.1909337393,396.345676735
105.846352981,38.6406216768,-582.924553651
520.336278547,-26.1895997822,396.345673412
105.84481926,38.6382398664,-582.918223947
520.336361546,-26.1882010875,396.345669927
105.843211065,38.6357424923,-582.911586776
520.336389597,-26.1877283802,396.34566875
105.842667544,38.6348984781,-582.909343591
0.0,-0.0,-0.0
522.424304699,0.0648188743829,0.111123953092
59.690129129,-25.218345551,-272.423589957
521.925248132,2.53990019929,26.8423853157
81.5056496352,-42.8585909495,-358.78304152
521.356281887,6.07371216497,50.4049469895
98.3272792266,-62.5492325751,-414.648117919
520.700571095,10.7167043076,70.7148907096
113.070587688,-84.9741832098,-453.433311158
519.940506691,16.5015137665,87.8107584588
126.721397107,-110.343410403,-479.293957122
519.060640257,23.4436999222,101.653310293
139.491067011,-138.123427072,-493.970321872
518.066522656,31.4072893722,112.194785167
151.623034524,-167.918510197,-498.932564572
516.953505648,40.3064496031,119.6753806
163.418942875,-199.550615327,-495.383031043
515.699654076,50.17188551,124.498303009
175.261067751,-233.480405521,-483.905641324
514.256334875,61.2839512229,126.990685362
187.366600088,-269.882780759,-464.823126764
512.574273581,73.9333034874,127.335872704
199.81010372,-308.511644318,-438.529077847
510.609975433,88.3472873887,125.600514195
212.67984133,-349.138494649,-405.408650849
508.30706336,104.829623412,121.764134636
225.964857051,-391.138472176,-366.156296883
505.616377515,123.593218798,115.754981607
239.583759744,-433.557022799,-321.756974153
502.499231953,144.718759728,107.470825655
253.438002253,-475.327692956,-273.432791533
498.922542475,168.203880412,96.8426571117
267.403920927,-515.361186774,-222.653053256
494.865154055,193.951452511,83.8881736781
281.32248707,-552.619500528,-171.056037091
490.327709723,221.730847196,68.7389766794
295.149780658,-586.555211225,-119.713527936
485.284546734,251.471026523,51.4388510538
308.822082497,-616.714505438,-69.5181505365
479.720573175,283.0133087,32.0257063584
322.257830123,-642.768295924,-21.1514160868
473.635566788,316.09582686,10.5335532256
335.239850364,-664.435971667,24.4308462678
467.112498025,350.080702482,-12.7323648059
347.625525307,-681.72034973,66.7076894076
460.234648974,384.36410284,-37.4632468037
359.428988784,-694.876826149,105.775280421
453.018683238,418.678411427,-63.5768466913
370.720622577,-704.143208284,141.937451637
445.442279459,452.892496499,-91.1291054112
381.547518129,-709.680400121,175.420954674
437.486641253,486.814881692,-120.162218231
391.912532244,-711.58216789,206.317189067
429.159576374,520.091092481,-150.61803633
401.765775745,-709.947086663,234.576995334
420.518099227,552.150598415,-182.252758584
411.071259975,-704.901849972,260.211297176
411.623690647,582.40036944,-214.796242515
419.853041622,-696.583210306,283.403957748
402.489518217,610.423532677,-248.147259568
428.130725706,-685.119324992,304.317499106
393.131377395,635.769977881,-282.185745543
435.923109648,-670.635379173,323.102820689
383.564757838,657.972472182,-316.780970317
443.235510369,-653.298899135,339.87172145
373.822606002,676.529478683,-351.726295799
450.121297826,-633.15932766,354.835618804
363.870366162,691.055825073,-387.040678929
456.623406302,-610.268331847,368.166075394
353.671845888,701.125085127,-422.726109292
462.745592308,-584.78758103,379.942595577
343.243221651,706.216097528,-458.571399413
468.42419344,-557.281531693,390.132682541
332.733723747,705.901484789,-493.898751842
473.607213672,-528.393405319,398.747649453
322.317225083,700.005006462,-527.961993321
478.317948769,-498.525912443,405.945608382
312.047525934,688.633450847,-560.443475853
482.650338245,-467.559871377,411.969701322
301.807658941,671.734439029,-591.548641057
486.697678362,-435.314474028,417.040290867
291.427216629,649.165714904,-621.57697772
490.460062556,-402.306170638,421.250272067
280.93805794,621.269269537,-650.168366682
493.935629649,-369.04140143,424.684183574
270.387293146,588.534634619,-676.895765055
497.122899769,-336.024738615,427.425478922
259.834816463,551.645399688,-701.297651013
500.035460033,-303.706471384,429.583998865
249.301319594,511.460895698,-723.023010048
502.67853253,-272.570652969,431.251452149
238.843438577,469.04418664,-741.653398253
505.059430303,-243.022459616,432.511055388
228.523232289,425.515889469,-756.815282868
507.194491703,-215.31135616,433.444219533
218.373015744,381.883252452,-768.253943237
509.083983181,-189.832647438,434.115763003
208.51431233,339.460884514,-775.735443585
510.729006625,-166.908200018,434.581206835
199.098848167,299.513792977,-779.250774904
512.148181873,-146.560466136,434.891328692
190.202968721,262.769550182,-779.076909916
513.375518107,-128.510292138,435.087356558
181.794357376,229.293973089,-775.60856664
514.448016486,-112.373462854,435.200984541
173.775702766,198.803553035,-769.177279311
515.379997911,-98.0653111732,435.254604412
166.181732348,171.457485207,-760.185351075
516.178534174,-85.5884373305,435.266304091
159.106794731,147.495610228,-749.215722576
516.84896572,-74.952720684,435.250986098
152.673037771,127.088732566,-737.045704054
517.407099391,-65.9884228065,435.221005852
146.902001813,109.98338885,-724.34647924
517.870961032,-58.4620129464,435.184144124
141.763921787,95.7498859518,-711.626926492
518.25832236,-52.1217093824,435.14471272
137.193776261,83.8959158148,-699.204377391
518.57901311,-46.8344177666,435.106076511
133.187181815,74.1381305327,-687.465011765
518.842778272,-42.4608288155,435.070387292
129.718788437,66.1756283592,-676.671170123
519.058627794,-38.8668951263,435.038810793
126.749676359,59.7201547572,-666.972449162
519.233801637,-35.939737412,435.011524501
124.244091729,54.5298210433,-658.463412795
519.374572256,-33.579662933,434.988380613
122.162448321,50.3946968941,-651.171298302
519.486432828,-31.6989308731,434.96916183
120.461619922,47.1343030208,-645.064955349
519.576096477,-30.1870927095,434.9531029
119.066496502,44.5377441024,-639.957702715
519.647146172,-28.985635881,434.939859504
117.939831882,42.4908156796,-635.76905319
519.701265549,-28.0679628794,434.929401508
117.068541438,40.9378024775,-632.490807506
519.741902893,-27.3775474614,434.921348945
116.406607038,39.7755253638,-629.97767214
519.772790397,-26.8522039659,434.91514169
115.898955231,38.8947135055,-628.037146257
519.797306351,-26.4348788745,434.910161948
115.493181428,38.1972565819,-626.477879436
519.817024118,-26.099028454,434.906125958
115.16497071,37.6374273998,-625.211368186
519.833039269,-25.8261960208,434.902839479
114.897159745,37.1835956296,-624.174431193
519.846014197,-25.6051763161,434.900178591
114.679370331,36.8165705189,-623.328860504
519.856538392,-25.4259104325,434.898020599
114.502174943,36.5192951585,-622.639369149
519.864933481,-25.2829172488,434.896299591
114.360476436,36.2824376565,-622.087016155
519.871260861,-25.1751464697,434.895002654
114.253471355,36.1040810918,-621.669321756
519.875970481,-25.0949320008,434.894037431
114.173708995,35.9714175278,-621.3576453
519.879545471,-25.0340436687,434.893304812
114.113096529,35.8707672192,-621.120613312
519.88250034,-24.9837177688,434.892699317
114.062954674,35.7876099336,-620.924407187
519.88494806,-24.9420298733,434.892197772
114.021389048,35.7187485369,-620.761677244
519.886955453,-24.9078416318,434.891786471
113.987280631,35.6622906594,-620.628086326
519.888573252,-24.8802888513,434.891455008
113.959778758,35.6168005513,-620.52033419
519.889872839,-24.8581556775,434.891188749
113.937677789,35.5802648307,-620.433718967
519.890900013,-24.8406620228,434.890978308
113.920204105,35.5513917838,-620.365223391
519.891665708,-24.8276216378,434.89082144
113.907175455,35.5298711663,-620.314143408
519.89223441,-24.8179362255,434.890704932
113.897497017,35.5138885873,-620.276193458
519.892656373,-24.8107499034,434.890618486
113.890314909,35.5020306537,-620.248029201
519.892962353,-24.8055388675,434.890555802
113.885106418,35.493432465,-620.227602975
519.893180858,-24.8018175869,434.890511039
113.88138669,35.4872925643,-620.213014539
519.893341234,-24.7990862666,434.890478184
113.87865637,35.4827861467,-620.202306087
519.893484026,-24.7966544371,434.890448931
113.876225331,35.4787739349,-620.19277116
519.893611455,-24.794484241,434.890422826
113.874055762,35.4751934448,-620.184261544
519.89372695,-24.7925172981,434.890399166
113.872089323,35.4719483396,-620.176548479
519.893806238,-24.7911669722,434.890382923
113.870739307,35.4697205693,-620.171253146
519.893889374,-24.7897511143,434.890365892
113.869323744,35.4673847075,-620.165700621
519.893917471,-24.7892726065,434.890360136
113.868845328,35.4665952776,-620.163824024
0.0,-0.0,-0.0
522.424304699,0.0648188743829,0.111123953092
63.0188538307,-40.1225960213,-266.454554311
521.856394367,3.53915367044,23.1812275301
85.9841129106,-64.862541022,-346.089224016
521.201904631,8.11197627155,43.0443669811
103.73521379,-90.9010551129,-394.213210117
520.443261207,13.815081861,59.7378231076
119.240001155,-119.405649349,-423.834380366
519.565047279,20.6634448896,73.2226097234
133.266829448,-150.024128651,-439.386531026
518.572806578,28.5223660529,83.4535752032
146.312215113,-182.417085828,-443.571084662
517.461903397,37.3064633199,90.666853614
158.811497158,-216.40606949,-438.272249756
516.210449003,47.0452614148,95.2562759271
171.225173088,-252.473972706,-424.463791812
514.769910245,58.014784589,97.5377805999
183.809837123,-290.762314657,-402.785292456
513.091118026,70.5010368604,97.6859782115
196.660863018,-330.966235922,-373.910259492
511.130677102,84.7272198073,95.7615963598
209.881726318,-372.813944986,-338.447049118
508.832342361,100.991492305,91.7384567078
223.470395507,-415.642591928,-297.276611859
506.147081392,119.501784376,85.5409789394
237.351583578,-458.481676062,-251.503712755
503.036326147,140.334887671,77.0650671767
251.432070918,-500.274888074,-202.40970658
499.467112153,163.484908664,66.2400139692
265.59273417,-539.96839495,-151.472694089
495.418394203,188.85174687,53.0816132769
279.678324387,-576.582230217,-100.289820754
490.890893479,216.203110172,37.7198939655
293.649566962,-609.633187249,-49.8549887614
485.859099836,245.463173547,20.1960099377
307.446311574,-638.732512107,-0.962401262384
480.308073347,276.468938541,0.54691488648
320.989799248,-663.613777972,45.8153479596
474.237733262,308.955225388,-21.1920181465
334.064294541,-684.067589835,89.6437677489
467.731004215,342.288020233,-44.7098391676
346.529052195,-700.147244842,130.102365221
460.871113525,375.868070979,-69.6918373253
358.400662391,-712.129383577,167.34461035
453.674841739,409.426354438,-96.0523061641
369.751697056,-720.257178503,201.703892849
446.120114343,442.826754883,-123.844456086
380.630832984,-724.694025916,233.426598926
438.188412531,475.87318587,-153.106634776
391.041990581,-725.536876402,262.621934592
429.887783296,508.209993418,-183.775017657
400.935936972,-722.890357719,289.260976343
421.275348385,539.272268083,-215.598131865
410.277291171,-716.883471665,313.367713368
412.412681406,568.475487331,-248.297942745
419.090829187,-707.648644912,335.125757961
403.313225259,595.4076885,-281.765885385
427.396731248,-695.309895286,354.695830098
393.993078262,619.626269152,-315.873777358
435.214268775,-679.988371451,372.225661507
384.468075847,640.67416632,-350.482118848
442.549114219,-661.849382801,387.825121869
374.771473902,658.065063412,-385.375085821
449.455075058,-640.935165226,401.695532221
364.869408695,671.424394492,-420.561427892
455.975426307,-617.291996415,414.000093861
354.726536932,680.339840569,-456.030818757
462.1141119,-591.080676318,424.816086491
344.35975122,684.315433441,-491.559478507
467.80745948,-562.873925064,434.119379916
333.918221697,682.966024804,-526.463018149
473.003492377,-533.321902755,441.927414614
323.575380186,676.160938451,-559.997086986
477.725700007,-502.826513028,448.393047593
313.385208991,664.037303244,-591.846674728
482.068354011,-471.258204037,453.743476703
303.232355339,646.561653657,-622.211239661
486.12504383,-438.426985573,458.184123036
292.949038401,623.610967079,-651.376190975
489.89591862,-404.853941776,461.807992976
282.568413837,595.556524416,-678.982912522
493.379162183,-371.049548351,464.699852766
272.138895297,562.914463439,-704.614495666
496.573334965,-337.522006009,466.943293835
261.721638562,526.387276948,-727.829917032
499.492091142,-304.724066373,468.646384074
251.339233805,486.838308318,-748.303244313
502.140695933,-273.142816031,469.900236799
241.049892398,445.321498841,-765.655694561
504.526505144,-243.185401658,470.787044282
230.917161693,402.934086881,-779.564366837
506.665913811,-215.101327328,471.385816412
220.97537947,360.649320809,-789.829717079
508.559208283,-189.288170363,471.761450076
211.345980964,319.724110466,-796.28747449
510.207509324,-166.06926197,471.969307002
202.178608872,281.350325871,-798.995690496
511.629487549,-145.464984141,472.057214208
193.547851294,246.190675929,-798.276602463
512.859229662,-127.190830968,472.061002985
185.422027648,214.271391217,-794.549078857
513.933816709,-110.856495612,472.006546358
177.707122592,185.289781292,-788.162017834
514.867602863,-96.3752884629,471.914007531
170.436573877,159.368399562,-779.530283368
515.667677891,-83.7490386707,471.80039254
163.699304287,136.707419603,-769.225605709
516.339395996,-72.9870794288,471.679791737
157.607744577,117.443693335,-757.97920451
516.898597018,-63.9171385248,471.562122783
152.176224925,101.318222245,-746.401600169
517.363343177,-56.3025569444,471.452356013
147.369761085,87.9119299733,-734.940870901
517.751441379,-49.8883423167,471.352017262
143.120578711,76.752075937,-723.864580038
518.072740961,-44.5396667099,471.262938712
139.417672792,67.5666640404,-713.49620975
518.337006059,-40.1154730384,471.185752697
136.230607339,60.0699094824,-704.043986042
518.553264148,-36.4800715135,471.120217929
133.517049426,53.9897161423,-695.615310408
518.728769201,-33.5192158082,471.065370784
131.238449481,49.098485752,-688.27014465
518.869805746,-31.1320209022,471.020074614
129.353751362,45.1991912555,-682.012110352
518.981877481,-29.2297078048,470.983249069
127.819762716,42.1227139378,-676.797680402
519.071710296,-27.7005410969,470.953071912
126.565635633,39.6710142989,-672.454611389
519.142893977,-26.485325289,470.928635557
125.55565557,37.7370661118,-668.905095936
519.197115378,-25.557150103,470.909647015
124.776376804,36.2689419667,-666.134881837
519.237829309,-24.8588372971,470.895186554
124.185402679,35.1696889634,-664.015867162
519.268775014,-24.3274869811,470.88410802
123.732800736,34.3363413189,-662.382436773
519.293337155,-23.9053916227,470.875261386
123.371426749,33.6762765135,-661.07168485
519.313092065,-23.5657031872,470.868115086
123.079389935,33.1463345391,-660.008182406
519.329137382,-23.2897535552,470.862302464
122.841270267,32.7166507574,-659.138226904
519.342136746,-23.0662090882,470.857595213
122.647742733,32.3691036226,-658.429336089
519.352680762,-22.8848957056,470.853777515
122.490364409,32.0875699952,-657.851638193
519.36109166,-22.7402695071,470.85073266
122.364563269,31.8632323835,-657.389065396
519.367430955,-22.631268074,470.848437993
122.269592902,31.6942900504,-657.039394958
519.372149444,-22.5501376846,470.846730165
122.19881795,31.5686213508,-656.778550559
519.375731166,-22.4885541414,470.845433864
122.14504466,31.4732736329,-656.580218887
519.378691599,-22.4376536536,470.844362474
122.100566761,31.3944945101,-656.416075013
519.381143927,-22.3954898092,470.843475005
122.063700612,31.3292566552,-656.279955906
519.3831551,-22.3609112529,470.842747209
122.033451448,31.27576831,-656.168223646
519.384775945,-22.3330439193,470.84216068
122.009063226,31.2326699863,-656.078110773
519.386077979,-22.3106580694,470.841689528
121.989465673,31.1980546798,-656.005680122
519.387107088,-22.292964707,470.841317142
121.973972043,31.1706989195,-655.9484052
519.387874224,-22.2797754546,470.841039556
121.962420201,31.1503090109,-655.905694907
519.388443997,-22.2699794758,470.840833388
121.953839068,31.1351660545,-655.873964329
519.388866754,-22.2627111166,470.840680417
121.947471378,31.1239309983,-655.850416334
519.38917331,-22.2574405932,470.840569493
121.942853578,31.1157844245,-655.833338391
519.389392226,-22.2536768319,470.840490281
121.939555739,31.1099670015,-655.821141469
519.389552905,-22.250914332,470.840432142
121.93713511,31.1056972591,-655.812188566
519.389695966,-22.2484547418,470.840380377
121.93497983,31.1018957606,-655.804216861
519.389823634,-22.2462597717,470.840334182
121.933056372,31.0985033055,-655.79710242
519.389939347,-22.244270375,470.840292314
121.93131301,31.0954286178,-655.790653975
519.390018784,-22.2429046345,470.84026357
121.930116148,31.0933178371,-655.786226877
519.390102077,-22.2414726138,470.840233432
121.928861179,31.0911046391,-655.781584777
519.390130227,-22.2409886436,470.840223247
121.92843704,31.0903566643,-655.780015882
0.0,-0.0,-0.0
522.424304699,0.0648188743829,0.111123953092
66.7832990847,-58.7553009111,-254.345034058
521.771197414,4.56507056454,19.5907558966
90.9461508204,-91.6126854612,-324.323431871
521.014162761,10.1859574871,35.9396029787
109.573436186,-124.635701102,-361.932704897
520.137819686,16.9418823335,49.1189950753
125.486880489,-158.841283202,-380.274126169
519.147703822,24.6993297979,59.0860336824
139.812790997,-194.270807889,-384.727676127
518.039193632,33.3732242274,66.0733751109
153.254903608,-230.864338971,-378.376888257
516.790452912,42.9918091788,70.4668595843
166.410593393,-269.188155598,-362.812363273
515.35306157,53.8269272189,72.5729967624
179.602432877,-309.379225164,-339.104069697
513.677969722,66.1601626958,72.5591142694
192.960237951,-351.095913592,-308.254772064
511.721894678,80.2108235857,70.4810778808
206.611243003,-394.045456749,-271.110492665
509.428740558,96.271892584,66.3081216422
220.56742506,-437.55015203,-228.725309423
506.749618989,114.546706771,59.9616902845
234.76296156,-480.646683461,-182.292826232
503.64609509,135.108503601,51.3363838935
249.112453718,-522.30860603,-133.120432315
500.085339527,157.948194093,40.3603405651
263.503174863,-561.532394822,-82.6658547924
496.046430895,182.963019749,27.0479967163
277.785040305,-597.405369703,-32.4626665021
491.530178212,209.919272905,11.5282292066
291.924716782,-629.511556226,16.5822147939
486.51124322,238.7368809,-6.15968500493
305.866557826,-657.526529341,63.7759329424
480.97485694,269.249109685,-25.9792318386
319.535300869,-681.242982053,108.652110058
474.921097442,301.188058288,-47.8935237718
332.717045828,-700.516934957,150.492298712
468.432836143,333.923668348,-71.5868591193
345.273339018,-715.445223335,188.965375405
461.593236907,366.861302503,-96.7396608021
357.223697064,-726.31992377,224.268551094
454.419210629,399.731089481,-123.263073275
368.643278644,-733.385437343,256.752987964
446.888959404,432.392872747,-151.207517048
379.582627986,-736.804577274,286.675570441
438.984275032,464.646981801,-180.607595724
390.046918311,-736.674936931,314.156142657
430.713470977,496.137397991,-211.394375591
399.98769241,-733.104795876,339.180070571
422.133785779,526.305044533,-243.310013306
409.370283579,-726.223636709,361.779315486
413.306892626,554.573813874,-276.070090503
418.220306119,-716.158670831,382.133210031
404.246538661,580.536953187,-309.559885466
426.558609473,-703.029177884,400.397569437
394.969155874,603.759426336,-343.644561763
434.405015597,-686.951899921,416.714576647
385.490959668,623.794118233,-378.177599062
441.76560975,-668.089572248,431.190266318
375.845542621,640.169081525,-412.936201398
448.694704938,-646.477506857,444.014709703
365.999804194,652.520103682,-447.920949815
455.23596961,-622.156840897,455.341922905
355.919335196,660.448377526,-483.11191754
461.39356464,-595.287376001,465.246115608
345.621806169,663.48098694,-518.276491241
467.103808016,-566.449136193,473.710260051
335.256289579,661.269846574,-552.728315375
472.314746781,-536.298396425,480.756821835
324.995690742,653.723090419,-585.728722498
477.050093425,-505.236283199,486.533039757
314.89415849,641.002972509,-616.968185485
481.404500883,-473.123868034,491.250607343
304.838092473,623.09164867,-646.643481334
485.471894934,-439.762942413,495.10056779
294.6625645,599.882319508,-675.031428227
489.252488998,-405.678893987,498.175771596
284.402073407,571.769505609,-701.780386581
492.744518765,-371.385924298,500.560969786
274.1063516,539.289255201,-726.488322378
495.946591173,-337.395576825,502.339682365
263.837788824,503.156379193,-748.737987424
498.872437419,-304.162928797,503.618151029
253.62085888,464.233668899,-768.231137528
501.527372312,-272.177885637,504.486788608
243.515235945,423.562726803,-784.628218726
503.91880078,-241.849428843,505.026709101
233.585759449,382.216361359,-797.653228483
506.063182871,-213.427138066,505.314584708
223.868543657,341.135144757,-807.155853123
507.960827828,-187.310678289,505.415298298
214.484428269,301.523720992,-813.028321361
509.612878115,-163.824719303,505.383988728
205.580285209,264.510192727,-815.377153211
511.038062518,-142.98776969,505.265681981
197.228285112,230.702653011,-814.552497874
512.270556482,-124.51046697,505.091154771
189.39682466,200.095379219,-810.985410882
513.347532471,-107.996979677,504.880847806
181.994607371,172.371273833,-805.034337567
514.283382747,-93.3587872704,504.652834059
175.052932072,147.624198506,-797.113196882
515.085217662,-80.5970233401,504.423097846
168.654463466,126.023935845,-787.768361116
515.758407172,-69.7205288126,504.204961635
162.901421598,107.682487246,-777.674242778
516.318828877,-60.554737473,504.00607303
157.800902525,92.3394865329,-767.379447741
516.784586605,-52.8601544668,503.828790894
153.313012321,79.5871990427,-757.275694004
517.173527513,-46.3788751745,503.672055289
149.367690247,68.9708019831,-747.588197022
517.495523364,-40.9744999117,503.536275244
145.948213435,60.2293112909,-738.586206084
517.760360192,-36.5043869405,503.420673498
143.020160183,53.0905349142,-730.434371213
517.977085516,-32.8313571544,503.323704259
140.53892293,47.2963534653,-723.208857767
518.152969338,-29.839923495,503.243346214
138.464305939,42.6312949515,-716.945564972
518.294309992,-27.4281188118,503.177546463
136.754793008,38.9090579395,-711.633804599
518.406623208,-25.5062221599,503.124425207
135.367901225,35.9697922933,-707.225120735
518.496649477,-23.9613302812,503.081181512
134.237150677,33.6255683349,-703.565176841
518.567986382,-22.7336280262,503.046386226
133.328626554,31.7750421132,-700.582109714
518.622324454,-21.7959215058,503.019502921
132.628938234,30.369346923,-698.259083733
518.663125968,-21.0904411256,502.999112226
132.099096732,29.3162958832,-696.485166786
518.694138229,-20.5536390163,502.983525581
131.693771718,28.5176581015,-695.11955212
518.718753189,-20.1272141156,502.971100373
131.370433731,27.8848840491,-694.024845077
518.738550575,-19.7840422369,502.961075689
131.109323586,27.376720558,-693.137378812
518.754630388,-19.5052633981,502.952925303
130.896546448,26.9646105505,-692.411919607
518.767657698,-19.2794274507,502.946324303
130.72369924,26.6312238757,-691.821104228
518.778224379,-19.096255767,502.940970681
130.583193883,26.3611246845,-691.339850041
518.786653356,-18.950147461,502.936700718
130.470916192,26.1458749209,-690.954644123
518.793006277,-18.8400291043,502.933482737
130.386176237,25.983762396,-690.663541547
518.797734907,-18.758067442,502.931087693
130.323037218,25.8631662217,-690.446434426
518.801324327,-18.6958529395,502.929269755
130.275072352,25.7716626351,-690.281385216
518.804291123,-18.6444309685,502.927767223
130.235403267,25.6960566971,-690.144804356
518.806748722,-18.6018351644,502.926522616
130.202526027,25.6334445609,-690.031554495
518.808764217,-18.5669023683,502.925501934
130.175551887,25.5821076586,-689.938602501
518.810388545,-18.5387495548,502.924679365
130.153805494,25.5407419581,-689.863641456
518.811693378,-18.5161343829,502.924018603
130.136331706,25.5075176572,-689.803392996
518.812724698,-18.4982597714,502.923496354
130.122517659,25.4812608096,-689.755753415
518.813493484,-18.4849354111,502.923107054
130.112218411,25.4616897744,-689.720229531
518.814064481,-18.4750390853,502.922817914
130.104567927,25.4471548522,-689.693838623
518.814488147,-18.4676962717,502.92260338
130.098890929,25.4363708515,-689.674253709
518.814795361,-18.4623717594,502.922447815
130.094774065,25.4285513049,-689.660050156
518.815014748,-18.4585694438,502.922336724
130.091834001,25.4229673923,-689.649906205
518.815175772,-18.4557786462,502.922255186
130.089675994,25.4188690273,-689.6424603
518.81531914,-18.4532938611,502.922182589
130.087754558,25.4152201053,-689.635830473
518.815447083,-18.4510764069,502.922117803
130.086039799,25.4119638038,-689.629913639
518.815563044,-18.4490666319,502.922059084
130.084485603,25.4090125121,-689.624550716
518.815642652,-18.4476869015,502.922018773
130.083418611,25.4069864407,-689.620868884
518.815726124,-18.446240212,502.921976506
130.082299821,25.40486206,-689.617008256
518.815754334,-18.4457512842,502.921962221
130.081921707,25.4041441016,-689.615703479
0.0,-0.0,-0.0
522.424304699,0.0648188743829,0.111123953092
70.8840772552,-80.9312969004,-234.670954377
521.669109366,5.60227790781,16.1671136168
96.2090111679,-122.78439328,-291.603056788
520.794905194,12.2662745504,29.0879497088
115.328396917,-162.337165071,-316.522374942
519.807218536,19.9244003308,38.8326785783
131.597954901,-201.720372989,-323.012240117
518.701444025,28.4917499938,45.6310112809
146.378057506,-241.430596369,-316.663916289
517.455805468,37.9951770491,49.8620396999
160.540323395,-282.293808638,-300.135103831
516.02201197,48.7024446513,51.8244213081
174.529363422,-324.519433038,-275.113541489
514.351149833,60.8908972433,51.6794919542
188.536325254,-367.776512212,-243.002729743
512.400064907,74.7761481867,49.4791932562
202.72785384,-411.789302717,-204.905456965
510.112831706,90.6463184347,45.1891535531
217.138907463,-455.896911357,-162.034803824
507.440726237,108.70046789,38.728585598
231.718833464,-499.169788954,-115.642893706
504.345465463,129.008559887,29.9912647091
246.394091175,-540.631169674,-67.0344289199
500.79437402,151.558581688,18.9046309423
261.061244573,-579.340779504,-17.625038357
496.766671359,176.245371325,5.482215924
275.577467363,-614.45963512,31.1287257822
492.263266093,202.834003324,-10.1479197951
289.917232053,-645.639910955,78.407989576
487.259015339,231.240598384,-27.947758175
304.030718468,-672.619003533,123.617182607
481.739344115,261.295162882,-47.8808295295
317.847126151,-695.243943894,166.387809093
475.70451027,292.727559988,-69.9086704874
331.154950703,-713.429236463,206.107148916
469.237322652,324.911756706,-93.7117349522
343.818600106,-727.308282026,242.519641057
462.420870702,357.257749442,-118.966562164
355.86113908,-737.183747614,275.852387721
455.272211704,389.495268783,-145.581503442
367.36083162,-743.298283235,306.463263657
447.769860334,421.480879018,-173.604244943
378.370456715,-745.812006585,334.611338182
439.895958806,453.012146513,-203.065864448
388.896686621,-744.821352014,360.420605477
431.659119617,483.73332027,-233.892951721
398.891995617,-740.436406111,383.885262166
423.116708787,513.09127362,-265.82255177
408.32256951,-732.785851922,405.040779073
414.330506393,540.518163144,-298.565292875
417.215013419,-721.991379412,424.059063357
405.314597922,565.612602189,-332.001468051
425.590966232,-708.167407153,441.088685259
396.085785142,587.947056691,-365.991007839
433.470898082,-691.426293223,456.264561195
386.660703304,607.084040618,-400.382039139
440.861380067,-671.928152407,469.687514219
377.073312709,622.565119003,-434.946835794
447.817316848,-649.701963089,481.535823649
367.291359822,634.036032097,-469.679770858
454.382836966,-624.784207619,491.953977495
357.281469131,641.110766009,-504.553874787
460.562355708,-597.333722878,501.012567927
347.062159529,643.337451491,-539.331065862
466.292182218,-567.936976457,508.700488761
336.782355343,640.40065427,-573.326814237
471.520393078,-537.25564297,515.044245058
326.614327051,632.241705322,-605.811043625
476.270960944,-505.690244881,520.185378385
316.612365792,619.043670226,-636.48182607
480.638981703,-473.093616748,524.320917732
306.664782162,600.801492554,-665.536072963
484.718771542,-439.260408692,527.628426645
296.609761203,577.421940871,-693.246799775
488.51061893,-404.720045147,530.200422948
286.483187396,549.317918229,-719.273512351
492.012820172,-369.990200636,532.121476534
276.336114783,517.040151517,-743.232373322
495.224036481,-335.585527721,533.474895659
266.232116765,481.310803996,-764.731774985
498.158088584,-301.963345371,534.365130783
256.197513436,442.988888471,-783.502403326
500.820348999,-269.616208383,534.881851875
246.293288669,403.101695979,-799.242402622
503.218279753,-238.954836474,535.105099815
236.585325001,362.697445898,-811.718315954
505.368416334,-210.228954486,535.109340084
227.111212106,322.685722828,-820.822968972
507.271094647,-183.84015877,534.959381675
217.990605996,284.223959475,-826.492943104
508.927482407,-160.114355402,534.710106801
209.36683995,248.384568151,-828.866914677
510.356375813,-139.068393571,534.403944477
201.308964345,215.729457022,-828.308275783
511.592053056,-120.408559143,534.067032943
193.784902207,186.226955435,-825.250516522
512.67179241,-103.734067219,533.714842276
186.705550804,159.549114087,-820.05543347
513.610030239,-88.9547633305,533.363525677
180.099298698,135.7673335,-813.125299567
514.413900742,-76.071166261,533.028124328
174.041850287,115.028320313,-804.970435544
515.088792125,-65.091682887,532.721251317
168.624890684,97.426404751,-796.201221732
515.65062568,-55.839693573,532.44848108
163.848444276,82.7029982371,-787.305067913
516.117553375,-48.0731587038,532.209791198
159.668179295,70.4620983211,-778.622580886
516.507468933,-41.5315572829,532.001765837
156.012339091,60.2653070235,-770.343981987
516.830270059,-36.077078615,531.823517047
152.859402084,51.8622802728,-762.692350942
517.095768118,-31.5656579425,531.672983854
150.171984229,44.9930993841,-755.79801741
517.313033816,-27.858778213,531.547432984
147.904191159,39.4117827781,-749.715008164
517.489355695,-24.8398363387,531.443880418
146.015116481,34.9131764163,-744.463521105
517.631048058,-22.4058916892,531.359439499
144.463558744,31.3198960933,-740.02561743
517.743640553,-20.466376232,531.291503155
143.208303075,28.4796308778,-736.353312349
517.833890554,-18.9073361012,531.236380382
142.18726284,26.2123040127,-733.312385434
517.905404664,-17.6683988011,531.192167686
141.36847942,24.4210245028,-730.839051788
517.959877667,-16.7221155833,531.158107227
140.738889999,23.0593888259,-728.91622439
518.000780472,-16.010185205,531.132325369
140.262711104,22.0387809657,-727.449834512
518.031869705,-15.4684769994,531.112640439
139.898779117,21.2644207322,-726.322105292
518.05654575,-15.0381558584,531.096961996
139.608675632,20.6506745937,-725.418811926
518.07639226,-14.6918491282,531.084320624
139.37454364,20.1576562956,-724.68699362
518.092511968,-14.4105242141,531.07404503
139.183843742,19.7577417592,-724.089083342
518.105571597,-14.1826261304,531.065722472
139.028992444,19.4341651138,-723.602353739
518.116164491,-13.9977821493,531.058972589
138.903156655,19.1719762623,-723.206022836
518.124614376,-13.8503400949,531.053588922
138.80262786,18.9630062473,-722.888881468
518.130983056,-13.7392166245,531.04953159
138.726770816,18.8056088865,-722.649268939
518.135723415,-13.6565069072,531.046511825
138.67025912,18.6885122892,-722.470593446
518.139321737,-13.5937246119,531.044219687
138.627333835,18.5996594312,-722.334777806
518.142295892,-13.5418333656,531.04232522
138.591835971,18.5262406741,-722.222399348
518.144759586,-13.498848848,531.040755954
138.562418029,18.4654377521,-722.129225252
518.14678008,-13.4635972777,531.039469022
138.538283588,18.4155828542,-722.052756019
518.148408437,-13.4351875661,531.038431879
138.518827541,18.3754103838,-721.991090892
518.149716506,-13.412366032,531.037598751
138.50319475,18.3431438691,-721.941530971
518.150750384,-13.3943283182,531.036940267
138.490836525,18.3176435734,-721.90234441
518.151521076,-13.3808823772,531.036449414
138.481622918,18.2986362314,-721.873124575
518.152093489,-13.3708957513,531.036084847
138.474779,18.2845198301,-721.851417426
518.152518206,-13.3634859379,531.035814349
138.469700581,18.2740462794,-721.835308613
518.152826182,-13.358112842,531.035618203
138.466017834,18.2664518067,-721.823626161
518.153046113,-13.3542758323,531.035478132
138.463387815,18.2610286006,-721.815282806
518.153207537,-13.3514595702,531.035375324
138.461457391,18.257048178,-721.809158618
518.15335126,-13.3489521129,531.035283789
138.459738597,18.2535042574,-721.803705672
518.153479521,-13.3467144257,531.035202102
138.458204689,18.2503416539,-721.798839173
518.153595769,-13.3446863128,531.035128065
138.456814414,18.2474752793,-721.794428273
518.153675575,-13.3432939932,531.035077239
138.455859961,18.2455075013,-721.791400048
518.153759253,-13.3418341035,531.035023945
138.454859175,18.2434442404,-721.788224774
518.153787534,-13.3413407146,531.035005934
138.454520943,18.2427469376,-721.787151628
0.0,-0.0,-0.0
522.424304699,0.0648188743829,0.111123953092
75.1351671516,-106.447762612,-205.770602523
521.552557099,6.63646623406,12.8144530311
101.183631302,-156.822068665,-247.050512423
520.567660333,14.1962974334,22.3733520237
120.790420808,-202.348869036,-258.84747756
519.465027571,22.6594522817,29.0150605469
137.622741219,-246.290746385,-254.100490166
518.22295149,32.051278895,33.1130149416
153.22679111,-290.322952359,-237.644990368
516.793289489,42.6355147457,34.9594051502
168.305805349,-334.940894783,-212.152871056
515.127284154,54.6853876157,34.7107078217
183.170943746,-379.931005416,-179.553460444
513.18192877,68.4129617763,32.4157613301
198.059175017,-425.103320054,-141.242192039
510.901493271,84.1017361678,28.037446738
213.045189075,-469.860385357,-98.5834664986
508.237442063,101.946738572,21.4933909088
228.103612867,-513.339307797,-52.8638280365
505.151665981,122.014878231,12.6769560646
243.17952337,-554.634527659,-5.36525236785
501.611665798,144.291432006,1.515271291
258.183404895,-592.881422645,42.5504913562
497.596821849,168.669034237,-11.9786588926
272.982919868,-627.319736784,89.5075063618
493.10815605,194.911697546,-27.6773218702
287.563062064,-657.670170565,134.768733284
488.120748419,222.932086133,-45.5434488013
301.881722858,-683.729102478,177.826262959
482.620244892,252.55732906,-65.5403076214
315.873915386,-705.393173016,218.39726411
476.607107449,283.515448404,-87.6278520568
329.331323877,-722.62851762,255.961231677
470.164070828,315.18450865,-111.483533617
342.121992188,-735.599010136,290.323353575
463.374136551,346.979168934,-136.780913863
354.273347751,-744.614540578,321.727772039
456.254526611,378.629127972,-163.425915647
365.867429503,-749.914439593,350.529594068
448.784109923,409.988281158,-191.463605955
376.959722976,-751.655124301,376.98316174
440.945425072,440.852086719,-220.921806487
387.558715361,-749.930906349,401.211233389
432.74742072,470.865560446,-251.723268567
397.618013138,-744.852478278,423.212206584
424.2476015,499.481605177,-283.601101841
407.104831079,-736.547022991,443.021457658
415.507861297,526.14049308,-316.26230046
416.046957002,-725.130947546,460.801295151
406.542661998,550.446286773,-349.58327941
424.466969996,-710.714118017,476.691509933
397.369215066,571.978845027,-383.420059483
432.386110386,-693.404876775,490.818708485
388.004619348,590.309979517,-417.616949131
439.811526308,-673.360946906,503.277658828
378.483235589,604.99398759,-451.943129874
446.798820626,-650.605799315,514.234858439
368.773750589,615.686118747,-486.388569812
453.392664338,-625.171927935,523.825352394
358.843932637,622.012425826,-520.921576304
459.597773641,-597.217378318,532.115849466
348.713223301,623.540307612,-555.3015519
465.350450568,-567.334336342,539.100115776
338.530331626,619.98330471,-588.848914322
470.598808969,-536.189294148,544.807857677
328.466759059,611.311348071,-620.844394902
475.367127266,-504.18245946,549.375082128
318.576901639,597.724770031,-650.99523683
479.751019582,-471.159634027,552.985285606
308.7511508,579.228868188,-679.500823318
483.84525842,-436.90944608,555.803685629
298.831085289,555.741638046,-706.634424397
487.650220592,-401.96516675,557.922375551
288.85400073,527.690425743,-732.0698363
491.164273773,-366.847758227,559.425650748
278.872248516,495.636474539,-755.443682951
494.386143031,-332.074809697,560.39653177
268.950496798,460.305449759,-776.390870208
497.329753917,-298.105852958,560.93778497
259.116832303,422.550180299,-794.671289068
500.000546584,-265.435974362,561.138349418
249.433335893,383.382353023,-810.018562341
502.406049925,-234.477576311,561.077246789
239.966613967,343.825813424,-822.237131031
504.562887563,-205.480624526,560.826916543
230.75535753,304.760826279,-831.256888771
506.471426685,-178.848524773,560.452063796
221.917368719,267.30209424,-837.047666146
508.132864606,-154.908343401,560.007306436
213.591612731,232.473245722,-839.766047213
509.566076172,-133.675486403,559.532715606
205.843299635,200.797015937,-839.776249718
510.805459308,-114.852371333,559.050248138
198.639351735,172.220634723,-837.506142547
511.888415555,-98.0338015278,558.570903159
191.892388803,146.408060558,-833.315799656
512.829432679,-83.1281788754,558.109102875
185.627224982,123.413316725,-827.587464938
513.635672681,-70.1354879742,557.679035337
179.912077327,103.366050938,-820.787704516
514.312545049,-59.0637602203,557.292671656
174.827992568,86.3488345877,-813.458750512
514.876021962,-49.7345500994,556.953724685
170.368286289,72.1073630461,-806.029228176
515.344311443,-41.9035464503,556.660035675
166.484809269,60.2575776756,-798.794496697
515.735361429,-35.3078885655,556.406076284
163.104788114,50.3761565359,-791.916921535
516.059099828,-29.8085053145,556.189795456
160.202831071,42.2230045973,-785.58109729
516.325367497,-25.2600599859,556.007981592
157.739542671,35.5492976128,-779.891185416
516.543262134,-21.5228388168,555.856837357
155.668599079,30.1195897254,-774.886630233
516.720093861,-18.4792388137,555.732516001
153.949148688,25.7374847818,-770.578575871
516.862195571,-16.0254469593,555.631383836
152.540901232,22.2329684125,-766.947178582
516.975113111,-14.0701363813,555.550182329
151.404309009,19.4597986107,-763.948793602
517.065623506,-12.4984115218,555.484423328
150.481634146,17.2438512406,-761.470483638
517.137343858,-11.2494004503,555.431778524
149.74295143,15.49165268,-759.457840978
517.191973903,-10.2954263163,555.391291795
149.175705586,14.1587580011,-757.895097224
517.232994595,-9.57771170452,555.360682798
148.747118947,13.1591216596,-756.704461244
517.264173415,-9.03160367544,555.337328353
148.419818559,12.4003416302,-755.789481695
517.288920554,-8.59778827761,555.318737039
148.159076832,11.7987351138,-755.057026485
517.308824236,-8.2486700837,555.303752748
147.948746687,11.3153323535,-754.463896648
517.324990376,-7.96506175266,555.291574303
147.77750301,10.9231298563,-753.979485616
517.338087619,-7.7353142939,555.281710321
147.638496675,10.6057366449,-753.585275732
517.348711021,-7.54897057014,555.27371028
147.525567475,10.3485203676,-753.264364484
517.357185241,-7.40033239948,555.267329448
147.435369378,10.1434891904,-753.007627387
517.363572261,-7.28830754106,555.262520598
147.367319322,9.9890441544,-752.813684464
517.368326271,-7.20492696979,555.258941486
147.31663017,9.8741358634,-752.669081977
517.371934955,-7.14163548115,555.256224772
147.278131313,9.78693886164,-752.559176282
517.374917674,-7.08932339288,555.253979386
147.246296399,9.7148853066,-752.468243262
517.377388462,-7.04599028097,555.252119436
147.219915702,9.65521091984,-752.392854378
517.379414774,-7.01045283801,555.250594116
147.198274144,9.60627994728,-752.330984813
517.38104782,-6.98181274382,555.249364854
147.180828484,9.56685103915,-752.281094963
517.382359655,-6.95880614715,555.248377398
147.166811504,9.5351811545,-752.241000088
517.38339651,-6.94062216582,555.247596937
147.155730934,9.51015199876,-752.209298283
517.384169421,-6.92706719332,555.247015158
147.14747005,9.49149561651,-752.185660006
517.384743483,-6.91699958784,555.246583058
147.141333915,9.4776397463,-752.168099612
517.385169422,-6.90952969015,555.246262453
147.136780748,9.46735942833,-752.155068239
517.385478285,-6.90411302545,555.246029972
147.133478931,9.45990503524,-752.145617689
517.38569885,-6.90024490269,555.245863954
147.131120965,9.45458184168,-752.138868351
517.385860738,-6.89740580452,555.245742102
147.129390235,9.45067481475,-752.133914224
517.386004875,-6.89487801519,555.245633611
147.127849248,9.44719623427,-752.12950311
517.386133505,-6.89262218344,555.245536792
147.126474026,9.44409193495,-752.125566409
517.386250088,-6.89057762537,555.245449041
147.12522758,9.44127839894,-752.12199827
517.386330123,-6.88917401598,555.245388799
147.124371872,9.43934689233,-752.119548632
517.386414043,-6.88770228875,555.245325633
147.123474625,9.4373216608,-752.116980047
517.386442405,-6.88720489916,555.245304286
147.123171386,9.43663720993,-752.116111944
0.0,-0.0,-0.0
522.424304699,0.0648188743829,0.111123953092
78.8096680855,-133.157526576,-167.848380409
521.442603332,7.52671691577,9.51722577117
105.703398463,-191.677478359,-192.858965247
520.343568807,15.8872270579,16.0316442174
126.087008511,-242.544346738,-192.361320444
519.105572616,25.1700752526,20.0231529688
143.91314666,-291.135169422,-177.330839769
517.680641896,35.634997839,21.7787304269
160.556795326,-338.945743081,-152.300760148
516.020198062,47.5511938607,21.4510200596
176.595869556,-386.157316663,-119.9781638
514.081403027,61.1272898678,19.0864992607
192.404708819,-432.808296188,-82.1250028102
511.808750182,76.6423539844,14.6460768543
208.131073214,-478.444079513,-40.2651249896
509.15391921,94.2875803867,8.04637417909
223.79359568,-522.315785918,4.29242078972
506.078999412,114.127004117,-0.819294164967
239.367650744,-563.616754803,50.2960419411
502.551692392,136.143365729,-12.0237705511
254.785211389,-601.572804954,96.4379843018
498.551561592,160.227258369,-25.5542514843
269.929480617,-635.508286832,141.416769866
494.079757287,186.14175945,-41.2835504072
284.799953589,-665.21419403,184.564921411
489.111612863,213.796364525,-59.1747122827
299.364923256,-690.544193012,225.448533518
483.633024826,243.015642178,-79.1904968668
313.567100661,-711.440993888,263.855867228
477.644685911,273.526103439,-101.289305649
327.20247512,-727.916408264,299.343198899
471.229243042,304.709978014,-125.146385815
340.143765993,-740.160212451,331.761881967
464.469593883,335.986617233,-150.433174721
352.423811043,-748.488098521,361.36233473
457.383144642,367.085991851,-177.053535856
364.12926936,-753.13622772,388.489798034
449.949163809,397.859829739,-205.050070096
375.318924272,-754.257607366,413.388916636
442.150636099,428.102015387,-234.447643455
386.003473153,-751.944414818,436.177286152
433.996885837,457.458730113,-265.165803863
396.137906989,-746.30745562,456.853934673
425.545566396,485.388948489,-296.934836006
405.690688788,-737.472330154,475.451565118
416.858690562,511.340899593,-329.459330386
414.691023074,-725.550970805,492.121821311
407.951135751,534.924115696,-362.612869772
423.162612168,-710.649443811,506.995077952
398.840563581,555.725694402,-396.248798783
431.12761409,-692.872795109,520.189326539
389.544580272,573.326389897,-430.209020929
438.59386412,-672.376858517,531.793011012
380.09797757,587.292488672,-464.261287224
445.617790429,-649.180663812,541.961452968
370.470478347,597.288256952,-498.392805914
452.244704517,-623.313564869,550.820798711
360.631106408,602.951058823,-532.569251666
458.479679179,-594.93312291,558.433902536
350.600295656,603.865914281,-566.550101236
464.259012552,-564.636626416,564.798473507
340.526453297,599.772156563,-599.66330764
469.530865794,-533.094911344,569.946718177
330.580152259,590.664419539,-631.20208927
474.319877019,-500.708266151,574.00952298
320.815838407,576.757284531,-660.883984009
478.722266782,-467.316741371,577.158306713
311.126147902,558.064221237,-688.91272323
482.833340972,-432.704117873,579.547338414
301.356325659,534.512282503,-715.565183564
486.653580504,-397.407381845,581.268277942
291.54507001,506.539927325,-740.531719549
490.181437183,-361.950649179,582.405122746
281.745961113,474.715471674,-763.470773701
493.415711287,-326.854319529,583.040591617
272.024618323,439.76499134,-784.043780342
496.370451124,-292.580151275,583.275947458
262.410752374,402.533277171,-802.039240763
499.051176171,-259.625683129,583.199463813
252.967254406,364.015594516,-817.223395458
501.465493628,-228.404976036,582.889246069
243.76105682,325.211918362,-829.433606455
503.630130094,-199.168354282,582.415941474
234.831498598,286.974894239,-838.630663494
505.54548948,-172.320936073,581.844149386
226.293800689,250.38069602,-844.807373752
507.212803809,-148.190891588,581.228240759
218.281723522,216.410434627,-848.125758118
508.651039655,-126.792405222,580.606208329
210.855956247,185.553864058,-848.940411444
509.894734418,-107.824500675,579.996336623
203.981953727,157.741278859,-847.667000591
510.981433166,-90.8780969192,579.405703784
197.573656228,132.630832127,-844.659762754
511.925683541,-75.8603403177,578.847212577
191.651799473,110.263569112,-840.274703618
512.734679957,-62.7707630783,578.334301347
186.276828407,90.7572805624,-834.929808083
513.413856709,-51.6170808973,577.878377023
181.519332713,74.1878361641,-829.098075266
513.979245207,-42.2192433305,577.481522348
177.366493599,60.3072126337,-823.153388727
514.449118707,-34.330931284,577.139708088
173.767090972,48.7432787614,-817.352274382
514.841488226,-27.6872104306,576.845556432
170.648059235,39.0864312155,-811.836094953
515.166316816,-22.1478942393,576.595998164
167.98105866,31.1063231078,-806.758294062
515.433479646,-17.5665192598,576.386814714
165.725550637,24.5640575467,-802.204035442
515.652105817,-13.8023105848,576.213277624
163.835509063,19.2332199316,-798.204402704
515.829530555,-10.7367766053,576.070784952
162.270749619,14.9247364969,-794.76671207
515.972108379,-8.26532873184,575.955049145
160.992336401,11.4745647104,-791.873172164
516.085403978,-6.29596574284,575.862241593
159.962653836,8.74122183403,-789.487121776
516.176217237,-4.71295455491,575.787176603
159.128192471,6.55487906231,-787.51714883
516.248177468,-3.45497920268,575.727154151
158.461070119,4.8245751043,-785.918848965
516.302990165,-2.49416035805,575.681044668
157.949350969,3.50737888241,-784.678789078
516.344147971,-1.77129749021,575.64621204
157.56305267,2.51895375126,-783.734578714
516.375430986,-1.22127324059,575.619646845
157.26824253,1.7683577859,-783.00931803
516.400260813,-0.784347558457,575.598506822
157.033506084,1.17303537527,-782.42895463
516.420230992,-0.43272679247,575.581472518
156.844232726,0.69454894648,-781.959130213
516.436451137,-0.147085927126,575.567629118
156.690185322,0.306249216499,-781.575520162
516.449592128,0.0843076841928,575.556416431
156.565172792,-0.00804132883459,-781.26340653
516.460251013,0.271986332064,575.547322538
156.463635231,-0.262780312254,-781.00937003
516.468753536,0.421689157183,575.540069221
156.382550653,-0.465860766476,-780.806162513
516.475161887,0.534516328294,575.53460282
156.321385052,-0.618850520311,-780.652673207
516.479931773,0.618494013525,575.530534301
156.275828893,-0.732683998938,-780.538241965
516.483552509,0.682238723153,575.5274461
156.241231387,-0.8190699237,-780.451273374
516.486545189,0.734925391724,575.524893674
156.212624346,-0.890456221963,-780.379321381
516.489024228,0.778568777162,575.522779389
156.188919749,-0.949580023827,-780.319671291
516.491057307,0.814360666413,575.52104549
156.169474394,-0.99806091314,-780.27071974
516.492695806,0.843205816519,575.519648133
156.15379969,-1.03712804599,-780.231247672
516.494012021,0.866377130981,575.518525647
156.141205973,-1.06850793294,-780.199525925
516.495052339,0.884691299816,575.517638461
156.131250734,-1.09330826884,-780.174444934
516.495827831,0.898343317284,575.516977126
156.123828947,-1.11179430435,-780.155743682
516.49640381,0.908482999659,575.516485938
156.118316161,-1.12552377755,-780.141851041
516.496831172,0.916006376102,575.516121491
156.114225574,-1.13571038042,-780.131541543
516.497141066,0.92146181976,575.515857219
156.111259226,-1.14309685397,-780.124064979
516.497362367,0.925357635046,575.515668499
156.109140845,-1.14837156382,-780.118725432
516.497524796,0.928217058731,575.515529984
156.107585974,-1.15224301491,-780.114806126
516.497669414,0.930762944829,575.515406657
156.10620157,-1.15568992753,-780.111316415
516.497798474,0.933034926334,575.515296598
156.10496609,-1.15876597167,-780.108202028
516.497915446,0.935094121601,575.515196847
156.103846305,-1.16155390336,-780.105379221
516.497995749,0.936507779556,575.515128368
156.103077552,-1.16346783486,-780.10344128
516.498079949,0.937990043004,575.515056564
156.102271483,-1.16547464056,-780.10140924
516.498108405,0.938490993442,575.515032298
156.10199906,-1.16615286469,-780.100722474
0.0,-0.0,-0.0
522.424304699,0.0648188743829,0.111123953092
82.3186986457,-159.842277272,-124.118747723
521.329286487,8.32499976947,6.52558500261
110.33392703,-225.68776015,-133.612911573
520.095843966,17.5021860202,10.4353529564
131.928581361,-281.99739116,-121.890171645
518.676193608,27.8521708057,12.1233631219
150.928096728,-334.626370471,-98.3030628904
517.02195623,39.6402382384,11.7393738738
168.610909062,-385.018829008,-66.9266246082
515.09048167,53.0717057996,9.32818115887
185.647312529,-433.781771769,-30.0431531248
512.826512297,68.4214183676,4.84942392365
202.327074437,-480.759386354,10.6280498089
510.181967461,85.8769443177,-1.78076432675
218.747771735,-525.396710801,53.7500215947
507.119157144,105.499626227,-10.6688013316
234.934983347,-567.028631117,98.0950704907
503.606005991,127.269840783,-21.8872120224
250.854178137,-604.993518683,142.39852908
499.622280377,151.076296378,-35.4231173804
266.411666642,-638.710159576,185.418976073
495.169272094,176.6812486,-51.1494737276
281.626951757,-668.045070568,226.542688113
490.222594923,203.991297559,-69.0292733336
296.482315261,-692.910029553,265.394189304
484.768421994,232.828741623,-89.0245818664
310.93060014,-713.292388583,301.817660839
478.807699815,262.91886972,-111.092321485
324.773556167,-729.245193655,335.430166222
472.422973644,293.64808219,-134.906286798
337.889852036,-740.981491597,366.116050787
465.697021277,324.440387686,-160.136587744
350.318943347,-748.823521836,394.124278729
458.647449051,355.02626986,-186.685403601
362.1530563,-753.006245313,419.786163957
451.253963847,385.25571735,-214.593066246
373.454927011,-753.680882519,443.334049865
443.500038646,414.921483894,-243.881822019
384.237899648,-750.938428254,464.87817135
435.395405534,443.671207158,-274.468646288
394.458630306,-744.89001347,484.41584316
426.997871605,470.969863187,-306.082029964
404.087069776,-735.660174801,501.97565277
418.36956834,496.273369559,-338.425281219
413.154087366,-723.357711656,517.698701354
409.525817942,519.196624927,-371.370116491
421.684701267,-708.086050868,531.706258708
400.484761247,539.333683822,-404.768321607
429.702141289,-689.94797701,544.108166337
391.264542179,556.273759431,-438.460651912
437.215044672,-669.098174716,554.98686636
381.900400231,569.594274478,-472.214863412
444.280794719,-645.552510071,564.487725969
372.363165402,578.96787231,-506.016838557
450.945443255,-619.338199399,572.729008279
362.623197485,584.042316288,-539.831407918
457.21447694,-590.61273101,579.770038098
352.701961346,584.418511921,-573.420244665
463.024195294,-559.977936322,585.611639816
342.747462936,579.858535578,-606.120752734
468.322818462,-528.108577689,590.287939202
332.929184807,570.378159436,-637.239639107
473.135398514,-495.4054864,593.925366491
323.301548353,556.203501153,-666.505281651
477.558849743,-461.704318563,596.685059033
313.759534955,537.354157031,-694.127016722
481.68908742,-426.785233103,598.712016509
304.152226727,513.764114322,-720.387741998
485.526712509,-391.188805813,600.097529662
294.519647975,485.880011732,-744.995501534
489.070273851,-355.442179493,600.925336352
284.916466895,454.274336488,-767.630719873
492.318658401,-320.068444915,601.277894112
275.40903823,419.671142504,-787.980220197
495.286055015,-285.531605484,601.255212054
266.028460737,382.905902614,-805.859320839
497.978074137,-252.33157584,600.94501151
256.83807182,344.957262126,-821.063081303
500.402412633,-220.884055708,600.424630081
247.904670411,306.80239109,-833.456238518
502.575914686,-191.439852429,599.763209947
239.267729498,269.268420456,-843.024003749
504.499026367,-164.405701642,599.025266598
231.039213149,233.397475791,-849.77281912
506.1730195,-140.110824421,598.264963593
223.347009562,200.134436677,-853.859895544
507.616965191,-118.568414086,597.518539165
216.246801347,169.942007741,-855.622279821
508.865559557,-99.4745884701,596.801177114
209.70224694,142.73737046,-855.458730208
509.956510906,-82.4169227631,596.11664677
203.628285393,118.174860706,-853.714673464
510.904435031,-67.3015011749,595.476569788
198.041349712,96.2864932881,-850.716440014
511.716563252,-54.127488008,594.89375321
192.994235789,77.182757963,-846.832331175
512.398358114,-42.9023450727,594.379129075
188.547715684,60.9370716236,-842.469021526
512.96591838,-33.4446427384,593.933406391
184.683672466,47.3090341445,-837.951803116
513.437591449,-25.5063231806,593.550978345
181.348665279,35.9379769779,-833.50547076
513.831460028,-18.8206501104,593.222906645
178.470035668,26.4264218266,-829.2568304
514.15752711,-13.2464696466,592.945263334
176.017399727,18.5529841741,-825.335295991
514.425706857,-8.63633973519,592.712980528
173.949835365,12.0873792406,-821.813284147
514.645164052,-4.84856258125,592.520544342
172.222181189,6.81068364715,-818.718427905
514.823262446,-1.76387153857,592.362715385
170.795362125,2.53973280464,-816.058085011
514.966381126,0.722998770432,592.234654181
169.632070622,-0.884870227001,-813.819134148
515.08010619,2.70463775479,592.132051037
168.69673531,-3.60105521299,-811.973320912
515.171263492,4.29750980604,592.049131513
167.939817608,-5.77580933395,-810.449810661
515.243496217,5.56331844058,591.982881885
167.335397989,-7.4983813781,-809.214084531
515.2985164,6.53011935215,591.932026276
166.872207852,-8.81059210915,-808.255570665
515.339829961,7.25748212731,591.893628419
166.522795499,-9.79580292122,-807.525890605
515.371231337,7.81092958365,591.864352951
166.256282032,-10.5442632545,-806.965512518
515.396155094,8.25057410349,591.841061482
166.044167465,-11.1380830089,-806.517155112
515.41620081,8.60438253659,591.822296686
165.873193819,-11.615485789,-806.154237914
515.432482301,8.89180017178,591.807047841
165.734079481,-12.0029866945,-805.857947959
515.445672989,9.12463276172,591.794696675
165.621211326,-12.3166830429,-805.61690121
515.45637218,9.31347831224,591.784679439
165.529554773,-12.5709752429,-805.420721936
515.464906854,9.46411177659,591.776689641
165.456371885,-12.7737219906,-805.263804584
515.471339436,9.57764026135,591.770668192
165.401173368,-12.9264736026,-805.145285293
515.476127357,9.6621398892,591.766186558
165.360065129,-13.040137312,-805.056928449
515.479761783,9.72628076122,591.762784781
165.328847659,-13.126398644,-804.989778384
515.482765777,9.77929485066,591.75997318
165.303036763,-13.1976847525,-804.934224088
515.48525419,9.82320944543,591.757644207
165.281650061,-13.2567274764,-804.888168925
515.487294955,9.85922374494,591.755734245
165.264106749,-13.3051431704,-804.850374533
515.488939649,9.888248133,591.754194999
165.249965677,-13.3441586128,-804.819899398
515.490260841,9.91156342587,591.752958532
165.23860441,-13.3754975275,-804.795408274
515.491305091,9.92999139032,591.75198126
165.229623582,-13.4002658272,-804.776044367
515.492083515,9.94372823373,591.751252771
165.222928331,-13.4187281815,-804.761606054
515.492661672,9.95393091769,591.750711707
165.217955258,-13.4324401765,-804.75088028
515.493090649,9.96150103926,591.750310253
165.214265177,-13.4426138718,-804.742920887
515.493401715,9.96699037911,591.750019146
165.211589278,-13.4499910182,-804.737148659
515.493623852,9.97091040008,591.749811262
165.209678325,-13.455259084,-804.733026307
515.493786895,9.97378759003,591.749658682
165.208275708,-13.4591256674,-804.730000444
515.493932061,9.97634929427,591.749522832
165.20702687,-13.4625682523,-804.727306249
515.494061608,9.97863539206,591.749401598
165.205912375,-13.4656404395,-804.72490182
515.494179023,9.98070738151,591.749291718
165.204902247,-13.4684248794,-804.722722505
515.494259629,9.98212982277,591.749216284
165.204208777,-13.4703364161,-804.72122634
515.494344147,9.98362129578,591.74913719
165.203481646,-13.4723407127,-804.719657529
515.494372711,9.98412535871,591.749110459
165.203235901,-13.4730180893,-804.71912732
0.0,-0.0,-0.0
522.424304699,0.0648188743829,0.111123953092
86.1506879674,-185.227086651,-78.5632589356
521.195891316,9.13893633361,3.96035014544
115.74562589,-258.61760766,-73.4983012057
519.78207224,19.3774430076,5.60077512259
138.682602945,-319.704326687,-52.2971119889
518.134688283,31.0417963912,5.18008617248
158.803641663,-375.163030102,-22.2735819744
516.211296478,44.3341065403,2.74198154735
177.534095778,-427.192174079,13.4293031543
513.956913647,59.5251609482,-1.75456561332
195.467643604,-476.306756615,52.8185564942
511.323723086,76.7990691048,-8.39346471606
212.852047339,-522.310519375,94.5082753472
508.274277482,96.2146276408,-17.2805955889
229.799479673,-564.761583438,137.279733408
504.776746459,117.749988438,-28.487920069
246.329118988,-603.153341095,179.896224561
500.81111876,141.292101274,-42.0022518455
262.382335996,-637.020804478,221.160883904
496.378840336,166.602491425,-57.6965424915
278.006723874,-666.319754442,260.500476438
491.455831734,193.585083874,-75.5334267839
293.203620477,-691.026714995,297.585514064
486.02856789,222.060141049,-95.4741287493
307.939330053,-711.176570063,332.30435807
480.098271002,251.751962934,-117.474167598
322.023351501,-726.862438972,364.321745984
473.747369621,282.051124966,-141.206548583
335.341957628,-738.320861583,393.545500992
467.058504405,312.386262962,-166.340754343
347.942712808,-745.883671306,420.2193479
460.049496106,342.488562833,-192.777614838
359.924550603,-749.788228723,444.659871298
452.700526642,372.206610939,-220.555374416
371.354940155,-750.186718086,467.086904108
444.995596618,401.332374616,-249.693961044
382.250390661,-747.170713111,487.602871214
436.944874656,429.515163345,-280.108330924
392.569557774,-740.852510463,506.202341376
428.606322972,456.225871871,-311.52607341
402.284161228,-731.356580274,522.909446745
420.042187513,480.927855493,-343.650176226
411.427018994,-718.790255206,537.855812295
411.268259201,503.241251143,-376.351310349
420.024684109,-703.255713904,551.154635072
402.303180746,522.766786281,-409.480642484
428.101632193,-684.854677951,562.90862762
393.165656336,539.101673044,-442.8788241
435.66743184,-663.741553231,573.194979975
383.891381084,551.833700336,-476.314793132
442.78056522,-639.930364374,582.150670421
374.45235026,560.643265332,-509.774259734
449.487934659,-613.447222183,589.887348491
364.820323302,565.187661719,-543.222630792
455.795504424,-584.450007972,596.461327777
355.017815591,565.082132999,-576.425431215
461.63958315,-553.54467394,601.87589072
345.192317834,560.108929337,-608.730945557
466.968464228,-521.409610321,606.16665772
335.512049901,550.302027565,-639.459994582
471.807672943,-488.44667902,609.456388017
326.031318617,535.896836067,-668.352004995
476.254911281,-454.488410693,611.897799545
316.647516777,516.917289379,-695.622645205
480.406785423,-419.312480049,613.628336059
307.213680713,493.302385525,-721.562385946
484.264033851,-383.462982822,614.739037339
297.771040923,465.504506278,-745.89735731
487.825316617,-347.470011283,615.3134664
288.375167983,434.097967699,-768.329465175
491.089619895,-311.859272185,615.433900087
279.092892972,399.802929658,-788.569274763
494.071292277,-277.097060317,615.199372535
269.956416897,363.444637214,-806.456637341
496.776047774,-243.685624039,614.697193324
261.02912401,325.985203306,-821.811512801
499.211685167,-212.042304913,614.004101403
252.377203136,288.380194907,-834.52074221
501.395181864,-182.418519096,613.188031906
244.039744538,251.433292864,-844.588004505
503.327032001,-155.222550515,612.313455741
236.124851228,216.156734349,-852.025629969
505.008552709,-130.784635708,611.434382186
228.754017828,183.464838416,-856.97825022
506.458933268,-109.117186042,610.585617375
221.977601611,153.798475607,-859.759842015
507.713048928,-89.9138439245,609.779800211
215.757278205,127.064991768,-860.749221684
508.808792144,-72.7593150972,609.017982845
210.008786695,102.916551684,-860.281105823
509.76085563,-57.5587930711,608.310738339
204.744244523,81.3794555787,-858.650826029
510.576512399,-44.3111504318,607.670359372
200.009158136,62.5606317021,-856.1782745
511.261256914,-33.0236510428,607.107391452
195.855315471,46.5343998824,-853.208704051
511.831263877,-23.5136838968,606.621416858
192.260196587,33.0687987943,-850.02540627
512.304964267,-15.5316872314,606.205532148
189.168951976,21.8139300864,-846.828003913
512.700521582,-8.80935917711,605.849515078
186.509933676,12.382857671,-843.734078769
513.027983835,-3.20470747252,605.548731658
184.251489333,4.56228207166,-840.855039044
513.297309128,1.43055966783,605.297415457
182.352913121,-1.87073934878,-838.255420249
513.517702449,5.23894277259,605.08940632
180.770313077,-7.12904256928,-835.962895497
513.696559688,8.3403849528,604.918939775
179.466014746,-11.3911372471,-833.987441377
513.840287616,10.8407426832,604.780721635
178.404486711,-14.8129220061,-832.322119548
513.954496447,12.8331188229,604.670045959
177.552219031,-17.5297956674,-830.94763378
514.046041292,14.43461701,604.580653192
176.863350458,-19.707094041,-829.812231806
514.118580961,15.7072793452,604.509271168
176.313808517,-21.433011229,-828.89076444
514.173834862,16.6793152292,604.454503576
175.893000538,-22.7485951235,-828.175712249
514.215323869,17.4106164395,604.413166951
175.575749141,-23.736819514,-827.631213254
514.246858569,17.967060164,604.381657397
175.333876665,-24.4878481503,-827.212967985
514.271888132,18.4090845457,604.356592454
175.141442096,-25.0838798089,-826.878282772
514.292018933,18.7648079564,604.336401171
174.986375797,-25.5631738553,-826.607346815
514.308369525,19.053780885,604.319993784
174.860233961,-25.952283579,-826.386134057
514.321616192,19.2878730527,604.306704153
174.757910229,-26.2673304517,-826.206155988
514.332360786,19.4777400084,604.295925796
174.674829267,-26.5227493636,-826.059671589
514.340931675,19.6291880619,604.287328913
174.608501789,-26.7264150351,-825.942499331
514.34739155,19.7433304002,604.280849937
174.558478852,-26.8798711123,-825.853996987
514.352199787,19.8282868761,604.276027774
174.521227763,-26.9940658137,-825.788016625
514.355849633,19.8927745005,604.272367518
174.49294095,-27.0807340057,-825.737871647
514.358866373,19.946075173,604.26934228
174.469554161,-27.1523588751,-825.69638544
514.361365342,19.9902271494,604.266836342
174.450176748,-27.2116839164,-825.661992557
514.363414766,20.0264361175,604.264781253
174.434282107,-27.2603322913,-825.633768396
514.365066438,20.0556173863,604.263125048
174.42147028,-27.2995360108,-825.611009977
514.366393235,20.0790586983,604.261794629
174.41117716,-27.3310266581,-825.592720244
514.367441916,20.0975862637,604.260743099
174.403040804,-27.355915193,-825.578259407
514.368223642,20.1113973519,604.259959256
174.396975182,-27.3744673521,-825.567476939
514.368804251,20.1216551787,604.259377079
174.392469823,-27.3882461455,-825.559466958
514.369235049,20.1292662143,604.25894512
174.389126814,-27.3984694576,-825.553522894
514.369547435,20.1347852222,604.258631894
174.386702609,-27.4058826114,-825.549212197
514.369770514,20.1387264294,604.258408214
174.384971406,-27.4111764055,-825.546133623
514.369934249,20.1416191694,604.25824404
174.383700727,-27.4150618807,-825.543873907
514.37008003,20.1441947186,604.258097867
174.382569363,-27.4185212915,-825.541861879
514.370210127,20.1464931718,604.257967421
174.381559707,-27.4216084987,-825.540066248
514.37032804,20.1485763594,604.257849192
174.380644601,-27.4244065556,-825.538438731
514.370408988,20.1500064883,604.257768027
174.380016367,-27.4263274425,-825.537321392
514.370493865,20.1515060221,604.257682923
174.379357639,-27.4283415448,-825.536149801
514.37052255,20.1520128092,604.257654161
174.379135012,-27.4290222357,-825.535753839
0.0,-0.0,-0.0
522.424304699,0.0648188743829,0.111123953092
90.8757033147,-210.443657395,-33.4221857926
521.016954894,10.1928545899,1.72020814442
122.12337904,-290.36168795,-15.6311306213
519.377173464,21.7350649859,1.27895496685
146.303103065,-354.877156693,13.0710932404
517.462746899,34.8903844948,-1.16955518742
167.540873405,-412.257988558,47.7950210376
515.218995886,49.9256130465,-5.66650882074
187.203507011,-464.795281707,86.1513587273
512.598395651,67.0214817984,-12.2954770308
205.856259616,-513.050529496,126.68835576
509.563766929,86.2343206967,-21.1615597961
223.77202528,-556.981276148,168.188797547
506.083549482,107.540135976,-32.335935921
241.060940705,-596.323148454,209.43639345
502.13797664,130.824195798,-45.8049110431
257.719895575,-630.773280669,249.270953486
497.728662786,155.847361216,-61.4413120724
273.837441077,-660.40524079,287.154881953
492.831865283,182.511020778,-79.2071547001
289.441713755,-685.276118066,322.799419972
487.434389422,210.633561059,-99.0626866502
304.517400892,-705.477384497,356.131535592
481.537757712,239.938468453,-120.962071706
318.884664046,-721.145602103,386.855549439
475.224263865,269.820565197,-144.578091179
332.439706312,-732.544270386,414.897776838
468.576390648,299.713163273,-169.580198787
345.240214244,-740.019929027,440.496550886
461.612188746,329.348312386,-195.868143027
357.393337139,-743.817154948,463.955499104
454.312356129,358.573441539,-223.478201015
368.972299535,-744.092626845,485.483524325
446.66146484,387.17998891,-252.428199726
379.997451979,-740.940809996,505.176103081
438.670151314,414.819123366,-282.631512781
390.429886772,-734.476466026,523.025070985
430.396532433,440.967666754,-313.815571107
400.243455742,-724.82529474,539.050564449
421.902961456,465.096302473,-345.683847738
409.473285483,-712.094937543,553.376315402
413.205722723,486.830351275,-378.106628926
418.147740098,-696.387773938,566.108844519
404.323983534,505.777045737,-410.935219748
426.292759419,-677.805682872,577.345007978
395.277030336,521.541296064,-444.011007495
433.919005503,-656.503694064,587.15768938
386.101018526,533.72073192,-477.105068265
441.086237196,-632.495225237,595.67708774
376.769169411,542.003034239,-510.203818994
447.842343306,-605.806247557,603.009528411
367.254707607,546.054361892,-543.2743207
454.193844825,-576.595516235,609.208899544
357.581213217,545.503143397,-576.087239653
460.077070641,-545.47288038,614.280477157
347.895525216,540.149940746,-608.002941996
465.440406124,-513.120225752,618.261107268
338.364400292,530.044790873,-638.356930778
470.30992233,-479.940935155,621.270654458
329.041923584,515.430664874,-666.89979928
474.784222817,-445.765480014,623.455104537
319.827965375,496.334335655,-693.853887135
478.960703252,-410.370007967,624.945882972
310.579635363,472.698144648,-719.518106097
482.840261095,-374.302172352,625.833926801
301.339227084,444.978254396,-743.636739953
486.421684994,-338.095029313,626.202735986
292.16300058,413.748927327,-765.932482807
489.704075727,-302.276907895,626.134509655
283.117975595,379.724926162,-786.137999346
492.701964903,-267.316497248,625.727578782
274.23714682,343.720476836,-804.115425118
495.421185424,-233.718404335,625.068988398
265.583527119,306.681200119,-819.706105336
497.869652854,-201.901659054,624.235045451
257.222212987,269.542022414,-832.814445357
500.064496714,-172.118414154,623.292750776
249.191411011,233.084841909,-843.45753564
502.006266393,-144.778481255,622.306580027
241.594799258,198.295427851,-851.647530878
503.696331028,-120.213107852,621.330446065
234.547028528,166.062210152,-857.510864316
505.15401449,-98.4340885588,620.398006117
228.092907711,136.808500159,-861.334762956
506.414395669,-79.1329074816,619.519831833
222.192053868,110.434486447,-863.476238874
507.515576226,-61.8917464421,618.694763829
216.760931975,86.5915005407,-864.258140252
508.472336334,-46.6150368919,617.932527222
211.807448205,65.3027976823,-863.944748456
509.291996448,-33.3014195037,617.245002513
207.370255862,46.6746957509,-862.809941137
509.980087351,-21.9580044992,616.64242605
203.4929883,30.7849853901,-861.142935227
510.552869984,-12.4011437931,616.123464093
200.149558657,17.4106289145,-859.191043487
511.028870203,-4.37994041791,615.680155036
197.284428332,6.21178487078,-857.134173197
511.426343196,2.3753044893,615.301226781
194.827467939,-3.18933154333,-855.084750812
511.755388075,8.00732920272,614.981468746
192.746385508,-10.9987510512,-853.140882759
512.026012804,12.6651832523,614.714543543
191.001151851,-17.4331731689,-851.36276431
512.24746799,16.4920844008,614.493762368
189.549433367,-22.7005208258,-849.780429521
512.427185992,19.6085825115,614.312930494
188.355149982,-26.9756792795,-848.408067748
512.571604985,22.1210646316,614.166381022
187.384625903,-30.4119759347,-847.245683812
512.686362546,24.1230942365,614.049083298
186.606392513,-33.1430935787,-846.282976176
512.778346971,25.7323492982,613.95437995
185.978005132,-35.3336446422,-845.485666692
512.851234799,27.0111759408,613.87878694
185.477127686,-37.0712827578,-844.837316099
512.906753798,27.9879212088,613.820809346
185.093836151,-38.3965494787,-844.333459091
512.948441806,28.7227659525,613.777061124
184.805014335,-39.3924826651,-843.949370392
512.980127731,29.2819057018,613.74371818
184.58490112,-40.1496225977,-843.654112519
513.005277304,29.726071584,613.717197808
184.40983077,-40.7506619255,-843.417704899
513.025504614,30.0835182341,613.695835834
184.26879074,-41.2340850193,-843.226239458
513.041933585,30.3738907269,613.678477657
184.154081269,-41.6266138476,-843.069856896
513.055243745,30.6091163228,613.664417857
184.061046045,-41.9444729875,-842.942589067
513.066039837,30.799902371,613.653014876
183.985516588,-42.2022010061,-842.838982347
513.074651803,30.9520834058,613.643919787
183.92522413,-42.4077266815,-842.756092922
513.081142637,31.0667780936,613.637065342
183.879756394,-42.5625952695,-842.693476347
513.085973916,31.1521456405,613.631963724
183.845899542,-42.6778472786,-842.646789544
513.089641252,31.2169452702,613.628091348
183.820191342,-42.7653214467,-842.611304898
513.092672448,31.2705038065,613.624890791
183.798937253,-42.8376147004,-842.581945767
513.095183393,31.314869375,613.622239629
183.781327442,-42.8974949288,-842.557605249
513.097242638,31.3512535019,613.620065443
183.766883064,-42.9465996449,-842.53762963
513.098902224,31.3805759286,613.618313257
183.755240452,-42.9861718139,-842.521521843
513.100235379,31.4041306294,613.616905738
183.74588684,-43.0179588752,-842.50857652
513.101289085,31.4227478132,613.615793269
183.738493228,-43.0430819668,-842.498341039
513.102074557,31.436625705,613.614964
183.732981374,-43.0618091316,-842.490709005
513.102657948,31.4469331476,613.614348085
183.728887368,-43.0757179938,-842.485039321
513.10309081,31.4545809966,613.613891093
183.725849602,-43.0860378619,-842.480831911
513.103404693,31.4601266987,613.613559715
183.723646755,-43.0935210574,-842.477780633
513.103628841,31.4640869687,613.613323073
183.722073635,-43.0988648827,-842.475601489
513.10379336,31.4669937002,613.613149384
183.720918989,-43.1027870864,-842.474001961
513.10393984,31.4695817066,613.61299474
183.719890939,-43.1062792035,-842.472577754
513.104070561,31.4718912768,613.612856735
183.718973484,-43.1093956022,-842.471306719
513.104189038,31.4739845403,613.612731654
183.718141946,-43.1122201199,-842.470154682
513.104270374,31.4754215863,613.612645785
183.717571083,-43.1141591741,-842.469363773
513.104355658,31.4769283728,613.612555749
183.716972511,-43.116192327,-842.468534459
513.10438448,31.4774376112,613.61252532
183.716770215,-43.1168794567,-842.468254176
0.0,-0.0,-0.0
522.424304699,0.0648188743829,0.111123953092
96.2497735579,-234.401596144,9.21526741736
520.7931234,11.4818531712,-0.337060383981
129.095582618,-319.463126996,37.8425584891
518.888837243,24.4971119533,-2.78160452884
154.565692835,-386.647501712,72.5606892516
516.657109903,39.3733258355,-7.26340916267
176.827810057,-444.938998213,110.634376893
514.050745761,56.2877970166,-13.8653543384
197.26001965,-496.876618696,150.63755994
511.032867264,75.294370152,-22.6915152678
216.474014979,-543.259733682,191.401661018
507.572217732,96.3668995356,-33.8120633696
234.749178509,-584.262038339,231.754566899
503.649304537,119.38898115,-47.2126012415
252.177123446,-619.840555405,270.585581061
499.265929367,144.120849083,-62.765724936
268.910120957,-650.243663275,307.403617862
494.398726212,170.461387271,-80.4325796753
285.016169445,-675.640953885,341.966673733
489.034868501,198.227179871,-100.172285925
300.506345023,-696.199417163,374.243157291
483.176211559,227.141023141,-121.937649424
315.216139856,-712.108939269,403.975122617
476.904889859,256.602200008,-145.401731088
329.055275815,-723.667802462,431.107201922
470.303200398,286.048906207,-170.234494106
342.09456125,-731.245158343,455.875478067
463.389444124,315.214220313,-196.334806052
354.451567615,-735.0992985,478.574486924
456.144889244,343.944575422,-223.737009748
366.206757043,-735.395999845,499.405155876
448.554737078,372.031070958,-252.45694299
377.385297568,-732.235651725,518.45786475
440.630132996,399.126945968,-282.406719425
387.951348742,-725.737325307,535.722536775
432.429347516,424.715146005,-313.31425476
397.881413435,-716.029611497,551.216346497
424.014831326,448.273821446,-344.884221527
407.213434228,-703.222438733,565.056999998
415.403394669,469.43357644,-376.987060897
415.977973994,-687.419970573,577.345916473
406.614759374,487.808187568,-409.474846483
424.202742118,-668.725551607,588.175469441
397.668823326,503.010218183,-442.190407305
431.899720393,-647.295825446,597.61526226
388.602208697,514.646966444,-474.907796397
439.130190356,-623.144816605,605.79025075
379.389444217,522.41315755,-507.614814833
445.943215114,-596.29931518,612.802656327
370.005308147,525.983439909,-540.281016251
452.345982039,-566.919486083,618.704539221
360.474467009,524.998774353,-572.683311314
458.27485708,-535.619083273,623.502880168
350.942931738,519.276990406,-604.195414779
463.678344442,-503.083556118,627.2356168
341.575736624,508.882872195,-634.168320274
468.583160572,-469.718356132,630.020443179
332.426612219,494.065699157,-662.364019631
473.088965955,-435.352806314,631.998062962
323.398007726,474.853791905,-689.011619606
477.294080018,-399.76235412,633.295195548
314.351286475,451.191352878,-714.418875142
481.199588694,-363.498412786,634.002846994
305.329646464,423.53673426,-738.348302219
484.804433141,-327.097154277,634.20458706
296.38979864,392.462568713,-760.542838799
488.10784987,-291.089657308,633.982657081
287.598629302,358.676887176,-780.755919882
491.124585283,-255.947209747,633.434942435
278.989599644,322.98201281,-798.870038405
493.860612123,-222.176906857,632.648373236
270.624901554,286.306842124,-814.745011051
496.323983019,-190.199585788,631.698983427
262.568029805,249.566171373,-828.299072072
498.532005316,-160.268286546,630.653079373
254.855804828,213.521214721,-839.558542448
500.485293489,-132.794397543,629.575199202
247.586888363,179.133825727,-848.530673045
502.185277831,-108.110217985,628.519219665
240.868607012,147.270165899,-855.319549598
503.651439092,-86.2270499876,627.517884654
234.740010676,118.339352758,-860.183064826
504.919093025,-66.8344147341,626.580084386
229.158654311,92.2365621212,-863.455168215
506.026584447,-49.5121753709,625.702853621
224.041771571,68.6133855056,-865.44605407
506.988795275,-34.1640854762,624.895232792
219.393198715,47.4921657363,-866.38943606
507.813101207,-20.7885982864,624.168774844
215.24513662,28.9809360856,-866.515772988
508.505075319,-9.3927041037,623.533471241
211.633775012,13.1629441861,-866.063199262
509.08107874,0.208195841524,622.987241093
208.530197759,-0.175603575548,-865.248081437
509.55974749,8.26623805428,622.521254262
205.878813711,-11.3651127678,-864.234900699
509.959443208,15.0524255511,622.123374175
203.611467657,-20.7753575389,-863.133920493
510.290324328,20.7101909107,621.787916398
201.695740627,-28.6057872051,-862.033476348
510.562456692,25.3892905545,621.508073624
200.092651489,-35.0677540274,-860.991930293
510.785143857,29.2336127748,621.276721365
198.761656707,-40.3652088814,-860.043184313
510.965860504,32.3642770652,621.087309382
197.668422234,-44.6702292277,-859.206595621
511.111081251,34.888168979,620.933862621
196.781190188,-48.1342994179,-858.489440436
511.226475427,36.8992845049,620.811082049
196.070519999,-50.8900221449,-857.89021222
511.318969832,38.5158417848,620.711981113
195.497196032,-53.1020032083,-857.390638961
511.392261574,39.8004727007,620.632900529
195.040538082,-54.8577531507,-856.982346337
511.448088124,40.7816532906,620.57226397
194.691284065,-56.1975139296,-856.663841269
511.490007001,41.5198358739,620.526517911
194.428225276,-57.2047344143,-856.420371926
511.521868367,42.0815153414,620.491656052
194.227812783,-57.9706851605,-856.232833437
511.547157166,42.5276986827,620.463929847
194.068452947,-58.5788618617,-856.082444344
511.56749644,42.88676882,620.44159792
193.940096266,-59.0681183741,-855.960498368
511.584016339,43.1784598566,620.423451983
193.835719892,-59.465444956,-855.860803169
511.597400161,43.4147532362,620.408754086
193.751076944,-59.7872295252,-855.779608568
511.608255996,43.606405129,620.396833603
193.682368307,-60.0481670466,-855.713469689
511.616915616,43.7592766678,620.38732575
193.627525597,-60.2562693401,-855.660530641
511.623442365,43.874491689,620.380160233
193.586170523,-60.4130895905,-855.620524418
511.628300376,43.9602464762,620.374827091
193.555377722,-60.5297996714,-855.59068758
511.631988004,44.0253400211,620.370778978
193.531997043,-60.6183837204,-855.568005165
511.635035971,44.0791414691,620.367433173
193.512667819,-60.691596346,-855.549235224
511.637560809,44.1237082436,620.364661696
193.496653246,-60.752239533,-855.533671695
511.639631446,44.1602573715,620.362388842
193.483517635,-60.8019708915,-855.5208977
511.641300214,44.1897127694,620.360557138
193.472930112,-60.8420486973,-855.510596174
511.642640745,44.2133742827,620.359085743
193.464424272,-60.8742423362,-855.50231656
511.643700281,44.232075887,620.357922788
193.457700861,-60.8996870309,-855.495769737
511.644490099,44.2460167074,620.357055886
193.452688678,-60.9186540747,-855.490887915
511.645076717,44.2563708881,620.35641202
193.448965832,-60.9327411807,-855.487261188
511.645511974,44.2640534151,620.355934289
193.446203482,-60.9431933452,-855.484569768
511.645827593,44.2696242632,620.355587872
193.44420036,-60.9507724966,-855.482617873
511.646052982,44.2736024901,620.355340491
193.442769874,-60.9561848575,-855.481223862
511.646218411,44.2765224015,620.35515892
193.441719921,-60.9601573709,-855.480200625
511.646365701,44.2791221427,620.354997258
193.440785087,-60.9636942858,-855.479289536
511.646497145,44.281442185,620.35485299
193.43995082,-60.9668506663,-855.478476429
511.646616278,44.2835449398,620.354722233
193.439194682,-60.9697114242,-855.477739442
511.646698064,44.2849885017,620.354632467
193.438675582,-60.9716753592,-855.477233476
511.64678382,44.2865021204,620.354538345
193.438131286,-60.9737346019,-855.476702939
511.646812802,44.2870136677,620.354506535
193.437947334,-60.9744305493,-855.476523633
0.0,-0.0,-0.0
522.424304699,0.0648188743829,0.111123953092
101.934786158,-255.913601093,48.2906388906
520.531600438,12.9327970113,-2.31628726569
136.51837812,-345.414569736,86.1879851002
518.313603687,27.6420437503,-6.76830241623
163.209330298,-414.269411528,125.684857449
515.723493415,44.3662803523,-13.3267683708
186.344755343,-472.382391998,166.287060701
512.724734776,63.1567734884,-22.0944798344
207.401117243,-522.728891932,207.152094264
509.286415228,83.9851558934,-33.1403653129
227.014884388,-566.402340191,247.268164468
505.389351783,106.733312657,-46.4491275142
245.45473452,-603.832235593,285.632829823
501.035555925,131.160871517,-61.8930331806
262.979628674,-635.55338047,321.839397232
496.202086244,157.164167109,-79.4321054568
279.72053183,-661.907424655,355.714888957
490.876529547,184.557995569,-99.0241686465
295.728380648,-683.171136516,387.282410611
485.061112497,213.064556083,-120.62062789
310.861679786,-699.60672563,416.326690246
478.837779119,242.087926931,-143.895295636
325.049288169,-711.560830317,442.815222688
472.288605098,271.071527417,-168.519153692
338.379611272,-719.436796789,466.988025965
465.432164774,299.749641701,-194.390341711
350.983848005,-723.515376231,489.136273313
458.250360599,327.967813629,-221.541230967
362.951822826,-723.977468792,509.457052604
450.729091046,355.516952933,-249.985698897
374.314911334,-720.933346449,528.038317977
442.880057355,382.052606889,-279.634838028
385.041238084,-714.508889927,544.869543606
434.761678893,407.064191757,-310.217628933
395.110685099,-704.837696958,559.966423768
426.436487898,430.037655745,-341.44060149
404.564707282,-692.034270757,573.442729981
417.921855368,450.609102313,-373.17480183
413.436594787,-676.206359074,585.396493977
409.238088643,468.399042022,-405.27360642
421.756240087,-657.4602355,595.917058508
400.405726207,483.027828315,-437.581887894
429.537250375,-635.955281777,605.071833557
391.461857992,494.112502255,-469.877422155
436.842757156,-611.70739037,612.982015821
382.382409702,501.354741057,-502.149894278
443.723246939,-584.745174191,619.74689407
373.143809141,504.43748769,-534.371972301
450.186719858,-555.230820624,625.417307188
363.771823404,503.013907371,-566.327734362
456.169604673,-523.782200389,630.001780256
354.411413904,496.918603253,-597.405537451
461.62056245,-491.088571543,633.539306875
345.225575581,486.230355227,-626.972829002
466.567085802,-457.558078372,636.146098335
336.267519705,471.203796808,-654.803254656
471.110093549,-423.019715145,637.958854545
327.442385098,451.867604857,-681.132469673
475.349002456,-387.248984518,639.100739531
318.615988158,428.166428018,-706.276930843
479.285125748,-350.801416154,639.663021276
309.832235315,400.559442782,-730.017311271
482.917588581,-314.216576455,639.729490287
301.14800484,369.616280314,-752.116182573
486.245790957,-278.028531541,639.382564614
292.629678553,336.037046375,-772.346476773
489.284735314,-242.711469809,638.719934251
284.310819633,300.611255185,-790.609156116
492.040561514,-208.775200673,637.828568057
276.252311683,264.250742567,-806.779888111
494.521485578,-176.642554595,636.78438193
268.515514539,227.850490399,-820.78750438
496.745025844,-146.567635363,635.65320479
261.135362186,192.151864077,-832.663971954
498.711874698,-118.963518517,634.499702253
254.204923821,158.094903155,-842.408070283
500.423535497,-94.1636352638,633.377777714
247.823763414,126.526522763,-850.09885817
501.899674504,-72.1788888737,632.319462538
242.025034002,97.84444642,-855.963517511
503.175886872,-52.6969364532,631.332283764
236.764316941,71.9406199195,-860.312368664
504.290804008,-35.2954160957,630.411802396
231.959756737,48.4677973426,-863.442520882
505.259427865,-19.8774529934,629.566510066
227.611334278,27.4491215408,-865.55832219
506.089199389,-6.44134598947,628.807704027
223.745234982,8.99614205437,-866.850017753
506.785741617,5.0060086127,628.14518563
220.390898108,-6.80098390892,-867.509821514
507.365533685,14.6501197098,627.576265007
217.517274508,-20.1467242982,-867.727712352
507.847341317,22.7443260518,627.091397152
215.069303244,-31.3627016022,-867.656254371
508.249651432,29.5609027419,626.677730461
212.981209935,-40.8117066733,-867.405691974
508.582692292,35.2439574906,626.329189716
211.220884467,-48.6872655694,-867.057336309
508.856597855,39.9439357093,626.038579157
209.750699221,-55.1961767202,-866.669467841
509.080733976,43.8053806366,625.798413404
208.532083233,-60.5392179563,-866.280716999
509.262625129,46.949970532,625.601846592
207.53256184,-64.8863358906,-865.916041867
509.408788806,49.4850803265,625.442647196
206.722334621,-68.3877615177,-865.589925991
509.524931685,51.5051303272,625.315292905
206.073968074,-71.1755222486,-865.309189284
509.618025857,53.1288694665,625.212522821
205.551315269,-73.4147626245,-865.070002964
509.691792624,54.4192102428,625.130531708
205.135280798,-75.1931549201,-864.871328626
509.747980867,55.4047549916,625.067675619
204.817254583,-76.5508043423,-864.71447402
509.790171255,56.1462223746,625.020261629
204.577808018,-77.5718275982,-864.593527715
509.822238945,56.7104013901,624.984131576
204.395437526,-78.3484814872,-864.499779571
509.84769148,57.1585703945,624.955398516
204.250456727,-78.9652851615,-864.424244658
509.868162426,57.5192384929,624.932256658
204.133702835,-79.4615650747,-864.362768417
509.88478926,57.8122273367,624.913452926
204.038775506,-79.8646506631,-864.312363679
509.89825971,58.0495716761,624.898222219
203.961804367,-80.1911359942,-864.271218831
509.909185805,58.2420757542,624.885869628
203.899329365,-80.4559096121,-864.237641713
509.917901467,58.3956268921,624.87601713
203.849466204,-80.667086872,-864.210726378
509.924470455,58.5113540225,624.868591878
203.811868339,-80.8262335149,-864.190363261
509.929359903,58.5974899254,624.863065423
203.783874422,-80.9446800979,-864.175163479
509.933071393,58.662872735,624.858870579
203.762619642,-81.0345850988,-864.163601051
509.936139084,58.7169132497,624.855403499
203.745048413,-81.1088913714,-864.154028251
509.938680259,58.7616780443,624.852531566
203.730490694,-81.1704417552,-864.146087478
509.940764296,58.7983895599,624.850176329
203.718550258,-81.2209179617,-864.139567765
509.942443862,58.8279758227,624.848278233
203.708926213,-81.2615966126,-864.134308528
509.943793066,58.8517424562,624.846753506
203.701194508,-81.2942732742,-864.130080603
509.944859458,58.8705271433,624.845548399
203.695083068,-81.3200999703,-864.126736926
509.945654386,58.8845298952,624.844650075
203.690527133,-81.339351903,-864.124243281
509.946244801,58.8949300732,624.843982872
203.687143188,-81.3536506758,-864.122390554
509.946682874,58.9026467286,624.843487825
203.684632313,-81.3642599315,-864.121015529
509.947000535,58.9082423241,624.843128852
203.682811554,-81.3719530163,-864.120018267
509.947227382,58.9122382234,624.842872504
203.681511302,-81.3774467498,-864.119306011
509.947393882,58.9151711058,624.842684352
203.680556939,-81.3814789943,-864.118783183
509.947542125,58.9177823956,624.842516831
203.679707216,-81.3850690949,-864.118317647
509.947674419,58.9201127441,624.842367333
203.678948905,-81.3882729422,-864.117902168
509.947794323,58.9222248398,624.842231837
203.67826161,-81.3911767242,-864.117525578
509.947876639,58.9236748143,624.842138818
203.677789772,-81.3931701971,-864.117267032
509.947962949,58.9251951567,624.842041284
203.677295033,-81.3952604125,-864.116995927
509.947992118,58.9257089765,624.842008321
203.677127829,-81.3959668279,-864.116904301
0.0,-0.0,-0.0
522.424304699,0.0648188743829,0.111123953092
108.020095282,-275.213394259,83.5016884299
520.221970437,14.5961933061,-4.29692124054
144.249280736,-367.839323588,129.219072299
517.650396787,31.1179558005,-10.7957023172
171.997178793,-437.132551864,172.695604757
514.673437445,49.6786595061,-19.4864685643
195.859575251,-494.002988281,215.051182489
511.260569175,70.2476108924,-30.4366611642
217.379431102,-541.87857016,255.888842841
507.392957928,92.7049209234,-43.6298843195
237.198189333,-582.168411667,294.497459535
503.072849216,116.809627443,-58.9379831614
255.769686733,-615.923067968,330.650087038
498.27777889,142.45543031,-76.3196065587
273.331150962,-643.768448036,364.293975626
492.995796272,169.455322279,-95.7311022469
289.996974425,-666.1517916,395.536169729
487.229540425,197.530986081,-117.122407134
305.661672364,-683.440972773,424.218096862
481.060727145,226.091708296,-140.16854237
320.282181947,-696.053061854,450.340467268
474.571168021,254.586555346,-164.542003799
333.971213414,-704.442468933,474.157124952
467.779733516,282.751203115,-190.140325717
346.87823201,-708.924348497,495.963896217
460.669028087,310.430381596,-216.993822096
359.105443756,-709.702733979,515.959594709
453.225718361,337.414935708,-245.114380741
370.692388229,-706.903002493,534.233368592
445.462107842,363.36297443,-274.412252677
381.612416613,-700.661200343,550.776391394
437.436752538,387.770818238,-304.618017542
391.849793779,-691.118648401,565.60484852
429.212240924,410.132652213,-335.440675251
401.450419132,-678.397152157,578.830979991
420.806534481,430.0903536,-366.752251703
410.451010942,-662.610154635,590.551354968
412.240549853,447.271431611,-398.407874366
418.884188202,-643.868547114,600.85387804
403.535485991,461.304254527,-430.254960786
426.765583678,-622.335754506,609.804957382
394.728887629,471.815801799,-462.075652953
434.160598259,-598.030903041,617.523542439
385.79815807,478.514665181,-493.86184028
441.121459704,-570.985519051,624.107175057
376.721457368,481.09195315,-525.589699091
447.657169357,-541.364518441,629.606114354
367.525642729,479.212854495,-557.051174605
453.704257839,-509.790277325,634.030365493
358.354361712,472.728542028,-587.650476515
459.211595895,-476.956259205,637.420018734
349.368208445,461.731360159,-616.772481107
464.20761668,-443.27400684,639.890489729
340.619679014,446.480518517,-644.202648479
468.794745964,-408.572960199,641.575670374
332.016691058,427.003912668,-670.182571864
473.073711186,-372.629401138,642.596240133
323.42968215,403.245248769,-695.036636331
477.046101845,-336.003464487,643.043945662
314.903020529,375.663327454,-718.563268374
480.711266824,-299.238496108,643.002968715
306.493417499,344.823604096,-740.543801907
484.068804555,-262.871878568,642.556054555
298.26633482,311.417274981,-760.769250281
487.134024508,-227.381085575,641.800951494
290.25503704,276.220270372,-779.157011499
489.91326753,-193.278945522,640.824829253
282.518594933,240.12715024,-795.59611718
492.414945584,-160.990523205,639.703642905
275.11570988,204.013480803,-810.023161281
494.656828657,-130.771185537,638.502951215
268.078964673,168.601639197,-822.472712967
496.639703014,-103.035853609,637.287619865
261.495350433,134.811828454,-832.932733363
498.36515984,-78.1192013875,636.111645422
255.456369103,103.474438163,-841.456236346
499.853085782,-56.0318042124,635.006528183
249.989281832,74.9782175705,-848.239753663
501.139406942,-36.4594812293,633.978710393
245.047896303,49.2133620841,-853.570256813
502.263093852,-18.9776552134,633.022567572
240.551490701,25.8344866494,-857.731737729
503.239290678,-3.48884653792,632.14616251
236.496507371,4.86683528645,-860.901260553
504.075515768,10.0087757383,631.360601479
232.903640143,-13.5732621242,-863.232930567
504.777451429,21.50838914,630.6755452
229.796315076,-29.387864352,-864.878764828
505.361716346,31.1964063643,630.087814711
227.142022189,-42.7723614247,-866.006677034
505.847229516,39.3273749046,629.587282136
224.886754257,-54.0403742557,-866.760196363
506.252625862,46.1748555588,629.160508488
222.967453688,-63.5487109629,-867.250911581
506.588216148,51.8836364136,628.801098951
221.352685724,-71.4856697715,-867.555238881
506.864214785,56.6048586879,628.501538922
220.006413546,-78.0542442249,-867.732484553
507.090061204,60.4837283385,628.254045874
218.892162503,-83.4527430326,-867.826278574
507.273338675,63.6424912961,628.051529148
217.979383031,-87.849555077,-867.867127631
507.420615313,66.1890200089,627.887544558
217.240236079,-91.3941357365,-867.876267167
507.537641892,68.2181658741,627.756384758
216.64925008,-94.2183294575,-867.868073274
507.631443965,69.8492178764,627.650560907
216.173179043,-96.4882030291,-867.851365564
507.705771395,71.1453738561,627.566146608
215.794434171,-98.2918095855,-867.831568443
507.762386536,72.1353642137,627.501442018
215.505039464,-99.6692425409,-867.812521297
507.804897382,72.8801781906,627.452638594
215.287222657,-100.705453822,-867.795947324
507.837208589,73.4469039524,627.415451974
215.121368153,-101.493842113,-867.782049721
507.862854376,73.8970962212,627.385880003
214.989543238,-102.120077724,-867.770215292
507.883480729,74.2593925974,627.362063269
214.883400643,-102.624019666,-867.760180147
507.900233774,74.5537038641,627.342711428
214.797111938,-103.033377346,-867.75169442
507.913806466,74.7921190664,627.327036771
214.727152658,-103.364975524,-867.744601999
507.924815485,74.9854914515,627.314324147
214.670373764,-103.633917089,-867.738705434
507.933597293,75.1397350332,627.304184495
214.625059929,-103.848432483,-867.733909358
507.940216131,75.2559839452,627.29654284
214.590894169,-104.010102956,-867.730240239
507.945142683,75.3425081585,627.290855325
214.56545668,-104.130432488,-867.727478889
507.948882338,75.4081856912,627.28653823
214.546143483,-104.221769314,-867.725365493
507.951973307,75.4624697823,627.282970111
214.53017773,-104.297260683,-867.723607409
507.954533765,75.5074363316,627.280014483
214.516950403,-104.359793888,-867.722143332
507.956633615,75.5443132968,627.27759061
214.506101347,-104.411076873,-867.720937399
507.958325926,75.5740328916,627.275637201
214.497357074,-104.452406222,-867.719962079
507.959685368,75.5979066268,627.274068041
214.490332229,-104.485605916,-867.719176378
507.960759851,75.6167759625,627.272827815
214.484779566,-104.511846213,-867.718553972
507.961560812,75.6308418131,627.271903313
214.480640213,-104.531406576,-867.718089202
507.962155706,75.6412888551,627.271216666
214.477565701,-104.545934493,-867.717743561
507.962597103,75.649040282,627.270707194
214.475284432,-104.556713803,-867.717486859
507.962917175,75.6546610913,627.27033776
214.473630177,-104.56453022,-867.717300585
507.963145743,75.6586749959,627.270073942
214.472448831,-104.570112036,-867.717167496
507.963313506,75.6616210938,627.269880307
214.471581746,-104.574208936,-867.717069777
507.963462874,75.6642441499,627.269707904
214.47080973,-104.577856606,-867.716982747
507.963596172,75.6665849987,627.26955405
214.470120769,-104.581111833,-867.716905061
507.963716986,75.6687066112,627.269414605
214.469496329,-104.584062184,-867.716834634
507.963799926,75.6701631192,627.269318875
214.469067642,-104.586087629,-867.716786276
507.963886891,75.6716903121,627.269218499
214.468618149,-104.588211369,-867.716735563
507.963916282,75.672206447,627.269184576
214.468466237,-104.588929115,-867.716718422
0.0,-0.0,-0.0
522.424304699,0.0648188743829,0.111123953092
114.209199625,-291.463599006,114.836569792
519.873875637,16.3683015514,-6.31143932994
151.943170509,-385.761905811,167.374148514
516.921775048,34.6814343351,-14.9061453183
180.623790792,-454.346474838,213.934963983
513.537919688,54.971059008,-25.7386867649
205.06701617,-509.054784517,257.052669824
509.70386813,77.1154272721,-38.7913626893
226.863914829,-553.761038356,296.927038035
505.422126103,100.873003654,-53.9355077554
246.872591626,-590.571069491,333.759370943
500.670764899,126.13473096,-71.1281357697
265.52689306,-620.627159686,367.732572785
495.43834999,152.711759307,-90.3239209378
283.049640698,-644.661907939,399.097766656
489.727976663,180.325330958,-111.471238566
299.394885436,-663.209261147,427.782850914
483.621086332,208.390442862,-134.246778053
314.56272772,-676.793904182,453.841322787
477.199174514,236.362325941,-158.325049089
328.700771686,-685.947243251,477.55636104
470.481429642,263.97825158,-183.603078237
341.983781246,-691.036161616,499.239843916
463.45123005,291.082188465,-210.108986515
354.530819516,-692.299111526,519.099937725
456.096084754,317.465027048,-237.852585225
366.392453232,-689.883842195,537.231925615
448.428944645,342.787717197,-266.7434114
377.549098793,-683.941263671,553.63173369
440.508480567,366.554012665,-296.514150049
387.990835498,-674.624080972,568.318656799
432.397299952,388.266889061,-326.876858351
397.769295453,-662.064850562,581.406256715
424.113977734,407.574335773,-357.704852988
406.925582965,-646.385334441,592.991875682
415.680054436,424.111203202,-388.855387493
415.495778621,-627.703105418,603.163788724
407.117397729,437.514187615,-420.178839191
423.498079531,-606.187228201,611.988752091
398.463977229,447.420519825,-451.462274786
431.000707608,-581.861634203,619.585067403
389.698743655,453.545721236,-482.699937136
438.058047808,-554.762018641,626.049775515
380.801656459,455.588999001,-513.871688358
444.680351567,-525.056877203,631.433257556
371.800624129,453.227521604,-544.777839909
450.804311113,-493.373690345,635.7470309
362.837667473,446.329092876,-574.839623946
456.379081889,-460.410704919,639.032402119
354.07056926,434.999480248,-603.460373551
461.43424896,-426.583692196,641.404702191
345.55088218,419.501849301,-630.437453898
466.074058371,-391.723308894,642.99616911
337.189372285,399.862231716,-656.017408436
470.400815772,-355.607348809,643.926026038
328.861237922,376.022042466,-680.531176679
474.416450152,-318.80120383,644.286747792
320.611014816,348.438674916,-703.794273102
478.120585406,-281.852513836,644.163104065
312.494868539,317.672440309,-725.605744222
481.51306335,-245.302417025,643.638339453
304.576890966,284.404862639,-745.773224268
484.609564857,-209.632161851,642.810527181
296.889626103,249.39766591,-764.228483745
487.416674699,-175.357996205,641.767214336
289.489828669,213.528055222,-780.871688942
489.943041857,-142.907527643,640.58456017
282.43304861,177.652666389,-795.644874476
492.206738783,-112.537617999,639.32805797
275.749109501,142.475765428,-808.582812206
494.208665912,-84.665248223,638.062856145
269.518544464,108.899531476,-819.661538962
495.950520965,-59.6264811229,636.84311691
263.824635669,77.7401831772,-828.908567801
497.452454226,-37.4316144351,635.699977525
258.688891471,49.3794725288,-836.491107122
498.750786346,-17.7645820947,634.639043066
254.063643588,23.7069772026,-842.673740319
499.884891674,-0.198516143387,633.653757529
249.869593011,0.379641381002,-847.727575473
500.870083961,15.3646697865,632.75186286
246.100034683,-20.5743281706,-851.805093366
501.713973991,28.9269194395,631.944334053
242.770744784,-39.0331065369,-855.028866286
502.422314869,40.481469076,631.240737023
239.899879082,-54.8906614416,-857.516653014
503.011891307,50.2156633601,630.637509335
237.454092485,-68.3338463663,-859.418203802
503.501804531,58.3853098053,630.124054952
235.380887083,-79.6691496301,-860.870209379
503.910865354,65.2653155178,629.686457607
233.6201893,-89.2483335153,-861.986220561
504.249482601,71.0011792345,629.318064553
232.141539272,-97.2551708597,-862.839290255
504.527966277,75.7447701853,629.011102423
230.91066809,-103.889530713,-863.490282009
504.755843216,79.6419888543,628.757546368
229.893272964,-109.347844408,-863.987599206
504.940766527,82.8156782254,628.550104396
229.060757917,-113.797401311,-864.366849494
505.08936445,85.3742342988,628.382157049
228.387223276,-117.387240344,-864.655259562
505.207440123,87.4129618197,628.247844605
227.849098611,-120.249299335,-864.873767404
505.302082579,89.0517184101,628.139489787
227.415871558,-122.550789199,-865.041898416
505.377075592,90.3540021951,628.053066168
227.071379519,-124.380277266,-865.170571276
505.434197515,91.3486780116,627.98682804
226.808257729,-125.777931674,-865.265817658
505.477088781,92.0970195928,627.936871529
226.610273376,-126.829618984,-865.335756231
505.509689071,92.6664300107,627.898807917
226.459553495,-127.629937398,-865.388016206
505.535564268,93.1187552041,627.868539524
226.339778566,-128.26574582,-865.428940582
505.556375106,93.4827681617,627.844162492
226.243351674,-128.777453771,-865.461498896
505.573277976,93.7784735602,627.824355598
226.164970125,-129.19316213,-865.487714688
505.58697204,94.018017663,627.808312382
226.101427413,-129.529933131,-865.508806701
505.5980795,94.2123053975,627.795300875
226.049860009,-129.803088824,-865.525817436
505.606939828,94.3672789261,627.78492285
226.008707786,-130.020977606,-865.53932425
505.613617844,94.4840778729,627.777101556
225.977681239,-130.185197544,-865.549467573
505.618588442,94.5710114186,627.771280346
225.954581798,-130.307428581,-865.556996958
505.622361531,94.6369996279,627.766861773
225.937044203,-130.40021102,-865.562700671
505.625480134,94.691540479,627.763209784
225.922546595,-130.476898688,-865.567407379
505.628063482,94.7367197019,627.760184684
225.910535804,-130.540423857,-865.571301031
505.630182105,94.7737710702,627.757703838
225.900684689,-130.59252103,-865.574490702
505.631889544,94.8036312119,627.755704515
225.892744842,-130.634506989,-865.577058998
505.633261139,94.827617844,627.754098473
225.886366304,-130.668234426,-865.579120623
505.634345228,94.8465764086,627.752829098
225.88132454,-130.694892022,-865.580749154
505.635153348,94.8607087719,627.751882867
225.877566068,-130.714763559,-865.581962578
505.635753561,94.8712052136,627.751180081
225.874774468,-130.729522649,-865.58286352
505.636198904,94.8789932933,627.750658634
225.872703125,-130.740473517,-865.58353183
505.636521837,94.8846406804,627.750280517
225.871201101,-130.748414351,-865.584016356
505.636752448,94.8886735646,627.750010499
225.870128468,-130.754085025,-865.584362319
505.636921711,94.8916335928,627.749812312
225.869341177,-130.758247149,-865.584616222
505.637072414,94.8942690517,627.749635858
225.868640208,-130.761952895,-865.584842268
505.637206904,94.896620969,627.749478387
225.86801465,-130.765259951,-865.58504398
505.637328798,94.8987526133,627.749335665
225.867447676,-130.76825728,-865.58522679
505.637412479,94.9002160082,627.749237685
225.867058442,-130.770314976,-865.585352285
505.637500221,94.9017504222,627.74913495
225.866650315,-130.772472534,-865.585483865
505.637529875,94.9022689976,627.749100229
225.866512383,-130.77320171,-865.585528332
0.0,-0.0,-0.0
522.424304699,0.0648188743829,0.111123953092
120.247212245,-303.873865732,142.800775849
519.500334614,18.1107748352,-8.36814829141
159.376410854,-398.428077403,200.859561343
516.149297394,38.0991093727,-19.0606438586
188.848667928,-465.267737758,249.28476581
512.353189176,59.9061294013,-31.9471493829
213.68570758,-517.049188701,292.090066183
508.114801683,83.2897534483,-46.8984070239
235.76036564,-558.484294372,330.668837566
503.412800952,108.138039743,-63.869535688
255.918046277,-591.775405802,365.723692603
498.236322253,134.260256793,-82.8133347759
274.583808061,-618.17640271,397.778485258
492.588959411,161.377289856,-103.676513531
291.816591357,-638.501911606,426.908382746
486.551825625,188.910391846,-126.137890722
307.686321042,-653.449133927,453.255816317
480.206040122,216.321518608,-149.874490773
322.392781236,-663.667896044,477.158401693
473.571126617,243.349750748,-174.782914821
336.146947091,-669.602900438,498.961077627
466.631306058,269.838341121,-200.888925017
349.091481393,-671.543436644,518.892320972
459.374999176,295.578330799,-228.200131788
361.292214595,-669.670005362,537.06055924
451.815841012,320.233798517,-256.625446383
372.739327092,-664.155064602,553.470875033
444.012582477,343.316493463,-285.900133015
383.430759513,-655.167732332,568.149254983
436.027798002,364.338772885,-315.739855743
393.425650456,-642.855784211,581.214153647
427.880684662,382.955089502,-346.019466831
402.770790789,-627.352635231,592.7664236
419.593404379,398.807991634,-376.598639206
411.506707482,-608.785113354,602.896876814
411.188481718,411.54283107,-407.331023274
419.654879209,-587.329901562,611.674226047
402.704257736,420.807425564,-438.009054979
427.287062391,-563.017586244,619.21791885
394.121273541,426.324235975,-468.629296274
434.460333605,-535.889502133,625.625881146
385.421321057,427.800496321,-499.175236284
441.18651763,-506.118749832,630.949422014
376.633280739,424.925339857,-529.455800309
447.402558526,-474.338725457,635.201698376
367.897197498,417.583359379,-558.910259148
453.058001866,-441.253214707,638.425434321
359.367608282,405.893748092,-586.961359152
458.18385001,-407.283177557,640.736648615
351.09487279,390.123123473,-613.418318689
462.886552608,-372.261277337,642.267106183
342.992633767,370.294668504,-638.53125974
467.270318708,-335.967580207,643.135619611
334.940923858,346.346264057,-662.635708012
471.337496482,-298.973538148,643.435680974
326.984111435,318.73306307,-685.56328089
475.088049484,-261.831716467,643.252875753
319.177410765,288.009530624,-707.129465956
478.522119367,-225.087545277,642.671145766
311.58308895,254.847069997,-727.156994967
481.655837277,-189.226630315,641.789178163
304.232553206,219.992862459,-745.589938622
484.496084851,-154.769122047,640.695093122
297.179783854,184.306951594,-762.337670815
487.051798385,-122.145536158,639.46543239
290.476767491,148.62773985,-777.345930417
489.341414274,-91.6144883498,638.165835282
284.150261173,113.642377313,-790.648025408
491.365972214,-63.5952791943,636.861826809
278.274131759,80.2367215068,-802.20827399
493.127299465,-38.4255339113,635.607814846
272.923490538,49.2148099362,-812.030833926
494.64586177,-16.1153042969,634.434738418
268.114397027,20.9529001182,-820.256187993
495.958449956,3.65347010987,633.347599984
263.798092672,-4.65930144829,-827.128150137
497.10491892,21.3100943684,632.339150482
259.897023809,-27.9623132152,-832.905399123
498.100784555,36.9532850655,631.416914388
256.401798162,-48.9245868894,-837.719070273
498.953768035,50.5850885219,630.59179375
253.323902001,-67.4186821757,-841.665256494
499.66970702,62.1987892337,629.87330459
250.676977172,-83.3307753831,-844.833553772
500.265583597,71.9827204399,629.257600154
248.427410254,-96.8400307663,-847.359024041
500.760715445,80.194037798,628.733722605
246.524581686,-108.24675794,-849.373061755
501.174122194,87.1090939721,628.287379764
244.911578947,-117.898535272,-850.991100846
501.516329107,92.8741491917,627.911717969
243.559144923,-125.975316607,-852.28382844
501.797759659,97.6418537029,627.598760428
242.434888688,-132.674452015,-853.313687442
502.028044397,101.558854001,627.340290325
241.506698282,-138.190967242,-854.133190573
502.214919297,104.748636312,627.128854008
240.747915514,-142.691389023,-854.782253801
502.365083923,107.320160898,626.95769084
240.134524474,-146.324573841,-855.293066836
502.484403528,109.369220779,626.82081851
239.644770817,-149.22270644,-855.691935659
502.580042429,111.016286602,626.710407229
239.250693094,-151.554190542,-856.00700189
502.655824616,112.325180072,626.622349783
238.937464509,-153.408149521,-856.253619352
502.713547419,113.324910589,626.554863767
238.698301271,-154.82487234,-856.439611241
502.756889737,114.077058178,626.503968463
238.518390023,-155.891124587,-856.578209649
502.789832783,114.64936527,626.465190656
238.381455034,-156.702655154,-856.682958733
502.815979982,115.103991919,626.434355006
238.272651039,-157.34745068,-856.765731623
502.837009555,115.469857136,626.409521532
238.185066981,-157.866443394,-856.832068767
502.854090066,115.767066848,626.38934393
238.113880321,-158.288105242,-856.885800534
502.867928035,116.007829041,626.373000494
238.056174946,-158.629723345,-856.929238265
502.87915221,116.203104426,626.359745536
238.009347766,-158.906826343,-856.964409044
502.888105635,116.358865546,626.349173354
237.971980301,-159.127873985,-856.992424568
502.894853815,116.476257958,626.34120575
237.943808391,-159.294480704,-857.013516354
502.899876636,116.563633153,626.335275651
237.922834874,-159.418491603,-857.029202341
502.903689365,116.629956565,626.330774431
237.906911687,-159.512626999,-857.041101807
502.906840731,116.684774444,626.327054136
237.89374888,-159.590434176,-857.050932299
502.90945122,116.730183127,626.323972457
237.882844088,-159.654887558,-857.059072216
502.9115921,116.767422664,626.321445212
237.873900211,-159.70774654,-857.065745558
502.913317476,116.797434445,626.319408498
237.866691654,-159.750346831,-857.071122252
502.914703481,116.821542885,626.31777242
237.86090065,-159.784568008,-857.07544042
502.915798958,116.84059772,626.316479305
237.856323318,-159.811616003,-857.078852831
502.916615568,116.854801845,626.315515378
237.852911081,-159.831778646,-857.081396224
502.917222086,116.865351585,626.314799449
237.850376657,-159.846753998,-857.083285077
502.917672107,116.873179211,626.314268251
237.848496141,-159.857865353,-857.084686453
502.917998432,116.878855273,626.313883063
237.847132497,-159.865922577,-857.085702582
502.918231467,116.882908634,626.313607994
237.846158686,-159.871676373,-857.086428186
502.918402508,116.885883692,626.313406102
237.845443929,-159.875899511,-857.086960746
502.918554794,116.888532533,626.313226347
237.844807542,-159.879659583,-857.087434899
502.918690696,116.890896392,626.313065932
237.844239618,-159.883015123,-857.087858031
502.918813871,116.89303886,626.312920541
237.843724881,-159.886056397,-857.088241527
502.918898431,116.894509685,626.312820728
237.843371508,-159.888144263,-857.088504797
502.918987095,116.89605189,626.312716072
237.843000984,-159.890333455,-857.08878084
502.91901706,116.896573099,626.312680702
237.84287576,-159.891073322,-857.088874132
0.0,-0.0,-0.0
522.424304699,0.0648188743829,0.111123953092
126.025551221,-311.974709969,167.072981499
519.109903851,19.7305627294,-10.4192529377
166.384543246,-405.412933305,229.058598643
515.356131153,41.1765813463,-23.1142787462
196.443060416,-469.587476454,278.106310745
511.166087236,64.1602947057,-37.8440321904
221.687275612,-518.307672007,320.224868805
506.51908856,88.5667749383,-54.5614907493
244.001308794,-556.393072079,357.49701546
501.404889147,114.203393061,-73.2173874363
264.235317629,-586.168283368,391.034471575
495.827617808,140.790777645,-93.7566647131
282.648543922,-608.964110609,421.193972054
489.867999515,167.756974722,-115.86072634
299.430954806,-625.770285496,448.278375664
483.606710649,194.571211828,-139.209603553
314.864123191,-637.424513391,472.723862463
477.063619654,220.974591784,-163.69954689
329.212791894,-644.490227629,494.936044637
470.223848542,246.809704352,-189.353784022
342.653661343,-647.332212706,515.180746711
463.076786333,271.867848931,-216.177583305
355.274223343,-646.178904254,533.59020763
455.636774318,295.816511299,-244.079290699
367.07844281,-641.233957654,550.185375524
447.962593963,318.175967327,-272.797182021
378.075077726,-632.689902997,565.004130157
440.116719248,338.468507866,-302.05102425
388.333227551,-620.715605167,578.174612057
432.118958196,356.355366394,-331.717382334
397.907137973,-605.460413581,589.804771609
423.992069125,371.48710394,-361.658554273
406.84309966,-587.063644545,599.990732517
415.759196192,383.518007194,-391.731665786
415.166824136,-565.712054516,608.805206445
407.45897225,392.106759741,-421.734831315
422.954517454,-541.445074253,616.370939072
399.073533399,396.982731097,-451.666720742
430.266627516,-514.311401876,622.788387411
390.586490546,397.861067614,-481.514162424
437.116968401,-484.489964003,628.11076972
382.027572098,394.442808285,-511.094674335
443.442870086,-452.621100777,632.353122171
373.534482695,386.629452452,-539.866347649
449.194415049,-419.415065156,635.559887398
365.25808799,374.553644374,-567.272136491
454.404350781,-385.299088505,637.848658028
357.24730211,358.485045176,-593.132894818
459.181789374,-350.108650094,639.352013815
349.418620764,338.443176821,-617.700644704
463.633229343,-313.626875883,640.189488069
341.656897485,314.361356064,-641.313062687
467.761536873,-276.432213282,640.455929895
334.005980036,286.691899243,-663.816613489
471.567095327,-239.082882706,640.238007974
326.519730817,255.98303517,-685.041799229
475.050415845,-202.129221098,639.620591962
319.258172853,222.895960291,-704.824945906
478.228174384,-166.061848281,638.703306121
312.251203489,188.163332184,-723.120465342
481.107613326,-131.405364247,637.575065217
305.549662226,152.628538724,-739.845418407
483.698016527,-98.5935997351,636.312992132
299.201687721,117.112667254,-754.948177141
486.018256846,-67.8872000298,634.983101152
293.230798837,82.286852671,-768.459712331
488.069543605,-39.7080771296,633.651400982
287.704197501,49.0221549847,-780.334048878
489.853861289,-14.3956094362,632.372635077
282.689102006,18.1119620389,-790.555501266
491.392051479,8.0403855401,631.177716653
278.196583758,-10.0720016483,-799.241437232
492.721462474,27.9201261768,630.071285245
274.177235673,-35.6395652745,-806.616996712
493.882517988,45.6755614007,629.045640853
270.555565484,-58.9287562421,-812.929002894
494.890973673,61.4060809063,628.108196789
267.319994017,-79.9047904735,-818.290762677
495.754681902,75.1138303753,627.269842922
264.478372634,-98.4350698063,-822.777074623
496.479580851,86.792137032,626.540092247
262.040575505,-114.398844922,-826.45532487
497.082885964,96.6304031905,625.914914257
259.973205837,-127.968678484,-829.448838046
497.584170565,104.887251171,625.383096302
258.227787823,-139.439676773,-831.884628974
498.002700769,111.840610044,624.930071772
256.750645091,-149.155969582,-833.879347726
498.34913931,117.637569254,624.548843318
255.513875265,-157.294362861,-835.501838753
498.634043566,122.431630012,624.231286133
254.487006377,-164.050188016,-836.815733046
498.867166437,126.370252268,623.969041742
253.640078658,-169.617395697,-837.876660158
499.056341646,129.577625297,623.754534327
252.948311477,-174.161952119,-838.72780514
499.20835287,132.163326192,623.580895965
252.389483216,-177.832631918,-839.405115824
499.329138606,134.223681394,623.442051379
251.943545651,-180.761892628,-839.938954204
499.42595192,135.879831662,623.33005393
251.584887312,-183.119205509,-840.363937232
499.502664219,137.195952295,623.240734724
251.29991568,-184.994199574,-840.698756928
499.561095205,138.201210395,623.172283794
251.082390222,-186.427289185,-840.952592763
499.604969118,138.957520405,623.120661943
250.918791787,-187.506029282,-841.142512802
499.638316121,139.532995543,623.081331168
250.794293502,-188.327166174,-841.286490541
499.664783888,139.990139327,623.050056171
250.695384023,-188.979657418,-841.400536062
499.686071252,140.358030422,623.024869096
250.615772963,-189.5048855,-841.492113215
499.703361121,140.656885439,623.00440431
250.551071996,-189.931641871,-841.566403942
499.717368688,140.898979858,622.987828325
250.49862761,-190.277407084,-841.626536799
499.728730415,141.095335419,622.974384808
250.456071995,-190.55788688,-841.675274923
499.737793559,141.251957903,622.96366226
250.422114689,-190.781636538,-841.714129538
499.74462443,141.369999362,622.955581349
250.396514632,-190.950284684,-841.743400438
499.749708797,141.457857566,622.949566929
250.377456311,-191.075817813,-841.765179747
499.753568244,141.524547568,622.94500171
250.362987431,-191.171110273,-841.781707632
499.756758223,141.579668415,622.941228522
250.351027,-191.249874831,-841.795365707
499.759400697,141.625328045,622.938103032
250.341118449,-191.315121976,-841.806677651
499.761567808,141.662773368,622.935539861
250.332991753,-191.368632404,-841.81595333
499.763314324,141.692950987,622.933474194
250.32644188,-191.411758019,-841.82342791
499.76471731,141.717192637,622.931814859
250.321180067,-191.446401394,-841.829431719
499.765826209,141.736352757,622.930503363
250.317021041,-191.473783214,-841.834176687
499.766652824,141.750635362,622.929525735
250.31392065,-191.494194776,-841.837713561
499.767266773,141.76124339,622.92879963
250.311617856,-191.509355047,-841.840340378
499.767722308,141.769114263,622.928260881
250.30990921,-191.520603629,-841.842289349
499.768052632,141.774821685,622.927870218
250.308670198,-191.528760373,-841.84370258
499.768288521,141.778897441,622.92759124
250.307785392,-191.534585244,-841.844711774
499.768461658,141.781888936,622.927386477
250.307135963,-191.538860552,-841.845452487
499.76861581,141.784552411,622.927204168
250.306557741,-191.542667077,-841.846111975
499.768753377,141.78692933,622.927041472
250.306041725,-191.546064073,-841.846700505
499.768878061,141.789083635,622.926894015
250.305574036,-191.549142922,-841.847233911
499.768963657,141.790562586,622.926792784
250.305252961,-191.551256585,-841.847600098
499.769053407,141.792113311,622.92668664
250.304916304,-191.553472826,-841.847984054
499.76908374,141.792637399,622.926650767
250.304802526,-191.554221835,-841.848113817
0.0,-0.0,-0.0
522.424304699,0.0648188743829,0.111123953092
131.392378906,-315.519795959,186.956448386
518.717086038,21.1284966001,-12.3683879175
172.737312572,-406.551909308,251.285841574
514.580167184,43.6889378453,-26.8494324026
203.415569999,-467.848934652,300.518504899
509.993564003,67.6281692258,-43.2826246334
229.029464745,-513.350661126,341.920251201
504.947690562,92.7516829926,-61.6164602544
251.505880728,-548.019398331,378.138426441
499.44723859,118.779972658,-81.7940260835
271.533235762,-574.250413212,410.146150617
493.572480042,145.148378966,-103.499747593
289.525390734,-593.567817885,438.560555431
487.403577238,171.333905225,-126.417130917
305.900201222,-607.121609453,463.999717845
480.960743254,197.07988383,-150.442144779
321.0060685,-615.661497727,486.977538191
474.230045226,222.22831016,-175.595309201
335.070639444,-619.666287527,507.824996863
467.201879974,246.570858801,-201.879404177
348.213089013,-619.435220101,526.714991381
459.891299474,269.778685842,-229.202247407
360.457334149,-615.2173488,543.694797943
452.357051775,291.381068324,-257.305506235
371.827324761,-607.238504355,558.821909391
444.661428701,310.910714235,-285.913479195
382.405588279,-595.696457878,572.24074921
436.824816649,328.035910835,-314.904553833
392.256271314,-580.762043714,584.071169833
428.870522029,342.415493478,-344.14377178
401.433215799,-562.591152535,594.41822761
420.822245726,353.712905423,-373.491827674
409.967643074,-541.383666966,603.361266771
412.718808924,361.597905087,-402.752688076
417.941392902,-517.190453913,611.028950313
404.54390705,365.806716716,-431.926771082
425.419155151,-490.069590034,617.52624462
396.282909163,366.062266859,-461.003766478
432.417272025,-460.207273216,622.909483071
387.966228882,362.077410175,-489.809528569
438.873656791,-428.252066512,627.195970617
379.728872291,353.770600037,-517.821512052
444.739133067,-394.921808884,630.432298328
371.717644519,341.287941413,-544.50350371
450.048598915,-360.651204193,632.738652469
363.979777455,324.901835476,-569.687657003
454.914376363,-325.279353164,634.249833047
356.434550046,304.627580313,-593.626052826
459.445709599,-288.593237328,635.08731662
348.971542513,280.393219255,-616.655830748
463.64610543,-251.179369926,635.347706834
341.63373906,252.647892539,-638.636926319
467.516466368,-213.602452852,635.119067594
334.473287849,221.933505025,-659.41343356
471.05775889,-176.418419409,634.487463378
327.547619115,188.901274112,-678.833940914
474.287316626,-140.12362832,633.553815036
320.884822003,154.269648181,-696.861522615
477.212819539,-105.247733965,632.408080788
314.53234944,118.866060513,-713.419912156
479.843970872,-72.2283235386,631.128184397
308.534354113,83.495267983,-728.459729873
482.200164927,-41.3283560475,629.780761392
302.91108729,48.8134381208,-742.009492131
484.282817272,-12.9726733834,628.432424972
297.723284703,15.6779797693,-754.015296193
486.094102796,12.4973903702,627.138354195
293.030742394,-15.1274714855,-764.44601234
487.655308643,35.0722677986,625.92961554
288.840112405,-43.2353834968,-773.400049082
489.004440287,55.0745617098,624.810728477
285.101792327,-68.7551838736,-781.08614522
490.182590682,72.9391398469,623.773785684
281.742627281,-92.0226496736,-787.739819219
491.20579822,88.7661311098,622.82619772
278.749349065,-113.000297391,-793.459998003
492.082070382,102.557786753,621.978905068
276.126811677,-131.551322695,-798.305091769
492.81746419,114.307478125,621.241466193
273.881817908,-147.549367085,-802.325706223
493.429469258,124.205783896,620.609767899
271.981573943,-161.161589451,-805.635759431
493.9379589,132.512944857,620.072449268
270.379908111,-172.678779876,-808.35824675
494.362488273,139.508631573,619.614769797
269.026361836,-182.44214872,-810.609948346
494.713881356,145.340848794,619.229645313
267.894468682,-190.625926841,-812.457998504
495.0028525,150.164036973,618.90885791
266.955656729,-197.423777915,-813.96654035
495.239297992,154.126554115,618.643957186
266.18203297,-203.028739001,-815.193144823
495.431166075,157.353366939,618.427284037
265.550599445,-207.606267279,-816.183109164
495.585338964,159.954734614,618.251896582
265.040814535,-211.305015273,-816.974878035
495.707840936,162.027573033,618.111655717
264.634209321,-214.257609804,-817.601549586
495.806028978,163.693763664,617.99853295
264.307312393,-216.634298509,-818.102161942
495.883830015,165.017872547,617.908316474
264.047657984,-218.525076888,-818.497685039
495.94308995,166.029240858,617.839177762
263.84950633,-219.970447892,-818.798220604
495.987586105,166.790152286,617.787037192
263.700506503,-221.058559113,-819.023471649
496.021405944,167.369129675,617.747311301
263.587133767,-221.88690611,-819.194458103
496.048248939,167.829056178,617.715722177
263.497073028,-222.545174253,-819.330036347
496.069838046,168.199186926,617.690282177
263.424590578,-223.075083644,-819.438993582
496.087372966,168.499860848,617.669611971
263.365687315,-223.505665698,-819.527441961
496.101579045,168.743428029,617.652869686
263.317945105,-223.854546008,-819.599072396
496.113101777,168.940977698,617.639291348
263.279206853,-224.137562812,-819.657154507
496.122293344,169.098552386,617.628461302
263.248296782,-224.363342861,-819.703474417
496.129221003,169.217311334,617.620299397
263.22499469,-224.533525209,-819.738378751
496.13437741,169.305703477,617.614224706
263.207647504,-224.660202458,-819.764354982
496.138291539,169.372798724,617.609613745
263.194477917,-224.756364642,-819.784070855
496.141526714,169.428254481,617.605802755
263.183591666,-224.835848869,-819.800365347
496.144206626,169.474191513,617.602645956
263.17457311,-224.901692721,-819.813862188
496.146404439,169.511864318,617.60005711
263.167176427,-224.955692887,-819.824930377
496.148175699,169.542225257,617.597970752
263.161214967,-224.99921344,-819.83385001
496.149598562,169.566614162,617.596294798
263.15642588,-225.034174229,-819.841014917
496.150723171,169.585890665,617.594970167
263.152640523,-225.061807029,-819.846677776
496.151561497,169.600260024,617.593982748
263.149818697,-225.08240574,-819.850898983
496.152184144,169.610932485,617.593249371
263.147722811,-225.097705042,-819.854034128
496.152646132,169.618851164,617.592705227
263.146167691,-225.1090568,-819.856360296
496.152981135,169.624593252,617.592310651
263.14504001,-225.117288369,-819.858047062
496.153220366,169.628693763,617.592028879
263.144234708,-225.123166679,-819.8592516
496.153395956,169.631703428,617.591822066
263.143643634,-225.127481213,-819.860135695
496.153552292,169.63438308,617.591637931
263.143117369,-225.131322663,-819.860922846
496.153691808,169.636774435,617.591473606
263.142647721,-225.134750829,-819.861625307
496.153818258,169.638941824,617.591324672
263.142222056,-225.13785793,-819.862261976
496.153905067,169.640429758,617.591222427
263.141929833,-225.139990989,-819.862699055
496.153996089,169.641989902,617.59111522
263.141623427,-225.142227568,-819.863157345
496.154026851,169.642517173,617.591078989
263.141519872,-225.14298345,-819.86331223
0.0,-0.0,-0.0
522.424304699,0.0648188743829,0.111123953092
136.134374911,-314.441870881,202.012455301
518.344811798,22.1829541928,-14.097013967
178.529554421,-402.656196052,268.027416243
513.823439126,45.634329344,-30.2187172976
209.779379798,-460.757265278,317.317165214
508.851291157,70.2226202295,-48.2001083036
235.671632896,-502.852756527,358.197093144
503.433639278,95.6683303798,-67.9823509243
257.995837726,-533.958941729,393.263594959
497.650235492,121.414532803,-89.2532889409
277.634301781,-556.686748492,423.818877953
491.580655246,146.94643812,-111.700324239
295.251229147,-572.742177617,450.833361591
485.245445414,172.009804082,-135.219207353
311.33324584,-583.180460913,475.016226279
478.631643904,196.446123776,-159.827596318
326.187843813,-588.657724656,496.810855947
471.730673774,220.047578522,-185.525647365
339.982246239,-589.579765811,516.458089987
464.558282397,242.489237716,-212.220669478
352.77008843,-586.262464467,534.048013717
457.173108146,263.309772733,-239.658034402
364.597152831,-578.979194822,549.669251866
449.637168168,282.052696836,-267.566916106
375.564396194,-567.967226147,563.491638139
441.97137367,298.393571713,-295.827571358
385.749306461,-553.426164353,575.653362679
434.199508995,311.999707885,-324.30782181
395.215734279,-535.533682277,586.273121798
426.345745894,322.543864112,-352.871924579
404.002142123,-514.506598855,595.4402617
418.448972231,329.707005004,-381.329741624
412.19754574,-490.410293335,603.292516464
410.494367969,333.232154358,-409.682976476
419.871997163,-463.314574512,609.941707783
402.468955174,332.849898514,-437.923572343
427.045067192,-433.414612232,615.44874338
394.403642,328.28480304,-465.885278208
433.655539643,-401.368753489,619.833777387
386.430410204,319.472224162,-493.06520734
439.655262117,-367.903744608,623.146134591
378.69168209,306.571677356,-518.948410597
445.081783267,-333.463072126,625.509741348
371.232807026,289.858099671,-543.377929941
450.051283374,-297.890234229,627.063104974
363.975739093,269.342305555,-566.604068901
454.676286349,-260.976851993,627.930924151
356.814619037,244.946752776,-588.960738128
458.961091065,-223.318707404,628.212011461
349.79126354,217.117305501,-610.319978546
462.907241717,-185.487900011,627.996181056
342.955812452,186.389705301,-630.538176873
466.516265336,-148.04671446,627.370993143
336.362853211,153.405636871,-649.475110322
469.806286772,-111.498030243,626.439053556
330.038465004,118.86984667,-667.101205681
472.785515204,-76.3772083573,625.291635519
324.026603972,83.5945635814,-683.346352861
475.464158083,-43.1260575605,624.007699151
318.36744813,48.3691018856,-698.163621028
477.862229538,-12.0101324346,622.654756698
313.078084128,13.8355116189,-711.579557925
479.981395161,16.5424585353,621.300157907
308.213148972,-19.1618251422,-723.535248674
481.824059604,42.1882191197,619.999624929
303.825632623,-49.8488486891,-733.988862181
483.412034917,64.9178828832,618.784555189
299.91839298,-77.8624908453,-743.024086637
484.784095716,85.0567333056,617.659581545
296.442056105,-103.312165065,-750.835462367
485.982116411,103.04290526,616.616821476
293.326013083,-126.531739623,-757.647653024
487.022466449,118.977359331,615.663787932
290.555768702,-147.481894137,-763.548325497
487.91333543,132.862470348,614.811533961
288.133767907,-166.022931902,-768.583836486
488.660919961,144.69166399,614.06971143
286.064363985,-182.024501034,-772.79267397
489.283029261,154.656831086,613.434220637
284.31564927,-195.649535862,-776.281070972
489.799885866,163.020017335,612.893652559
282.843818338,-207.185219598,-779.167945952
490.231381132,170.062835075,612.433186624
281.601531221,-216.97011524,-781.568907436
490.588526648,175.934309457,612.045705122
280.563776651,-225.176307597,-783.549238722
490.882219282,180.789927224,611.722948323
279.703814656,-231.995969898,-785.172776211
491.122521973,184.779046541,611.456420186
278.995697393,-237.621209951,-786.497818106
491.317516041,188.027500769,611.238414281
278.418089061,-242.21687706,-787.570621535
491.474198171,190.646309222,611.061945543
277.951996646,-245.931327123,-788.430919013
491.598692275,192.733044289,610.920837965
277.580393348,-248.897133745,-789.113312821
491.698476,194.410412327,610.80701344
277.281735551,-251.28488592,-789.659407836
491.77754074,195.74341446,610.71623455
277.044574481,-253.184728844,-790.091489753
491.837762824,196.761585555,610.646662549
276.863625939,-254.637179726,-790.420180113
491.882981199,197.527620127,610.594194047
276.727583475,-255.730709017,-790.666748842
491.917349842,198.110496901,610.55421793
276.624082282,-256.563235299,-790.854041745
491.944628346,198.573521689,610.522429608
276.541870917,-257.224858523,-791.002626571
491.96656767,198.946146075,610.496829073
276.475710701,-257.757491061,-791.122086092
491.984387008,199.248845155,610.476028482
276.421948471,-258.190302058,-791.219092403
491.998823489,199.494052072,610.459180696
276.378375296,-258.54100001,-791.297674836
492.010533089,199.692931212,610.445516859
276.343021221,-258.825498875,-791.361408084
492.019873709,199.851566035,610.434618659
276.314812358,-259.052466149,-791.412243762
492.026913704,199.971123792,610.426405416
276.293547147,-259.22354624,-791.450556261
492.032153721,200.060110387,610.42029253
276.277716608,-259.350893338,-791.479071857
492.036131315,200.127656802,610.415652584
276.265698594,-259.447564926,-791.500716792
492.039418946,200.183485423,610.411817644
276.255764366,-259.527470805,-791.518606692
492.042142309,200.229731293,610.408641008
276.247534575,-259.593664358,-791.533425775
492.044375757,200.267657357,610.406035897
276.240784858,-259.6479516,-791.545578792
492.046175736,200.298222389,610.403936433
276.235344863,-259.691703697,-791.555373001
492.047621667,200.322775235,610.402249952
276.230974712,-259.726850606,-791.56324065
492.04876451,200.342181308,610.400917002
276.227520501,-259.75463059,-791.569459065
492.049616428,200.356647251,610.39992338
276.224945539,-259.775339059,-791.574094473
492.050249169,200.367391445,610.399185398
276.223033012,-259.790719907,-791.577537294
492.050718648,200.375363348,610.398637836
276.221613946,-259.802132182,-791.580091771
492.051059082,200.38114403,610.398240783
276.220584923,-259.810407642,-791.581944102
492.051302192,200.385272101,610.397957241
276.219850076,-259.816317299,-791.58326688
492.051480629,200.388301993,610.39774913
276.219310715,-259.820654841,-791.584237762
492.051639499,200.390999656,610.397563838
276.218830493,-259.82451678,-791.585102186
492.051781277,200.393407084,610.397398482
276.218401935,-259.827963231,-791.585873608
492.051909777,200.39558904,610.397248612
276.218013512,-259.831086905,-791.586572781
492.051997994,200.397086974,610.397145725
276.217746856,-259.833231341,-791.587052771
492.052090492,200.398657603,610.397037845
276.217467257,-259.835479851,-791.587556054
492.052121752,200.399188418,610.397001386
276.217372763,-259.836239766,-791.587726145
0.0,-0.0,-0.0
522.424304699,0.0648188743829,0.111123953092
140.597536507,-310.061962027,213.331084657
517.972046284,23.0149629515,-15.6774262016
183.902233611,-394.678215412,280.514296966
513.077934247,47.0539250801,-33.2822214786
215.57955942,-449.153820894,329.871697843
507.747822668,71.9023865793,-52.6424695701
241.373741595,-487.508236005,369.9526044
502.060878784,97.0114885788,-73.4497641968
263.336624308,-514.971995205,403.81779011
496.09602157,121.874969004,-95.3957494949
282.631011575,-534.347916305,433.181184233
489.874109719,146.241185468,-118.376018903
299.990542375,-547.226417923,459.119093653
483.383155475,169.951250152,-142.405255047
315.855198474,-554.551674128,482.27192785
476.615602131,192.798000321,-167.480888274
330.468254002,-556.894473405,502.994144183
469.587856732,214.460630448,-193.509731776
343.92905625,-554.670840857,521.445013207
462.358363952,234.487483427,-220.241093569
356.315557061,-548.222667279,537.761626841
454.988769011,252.433132216,-247.409265168
367.754497945,-537.841347353,552.151945527
447.500435937,267.980564456,-274.89636576
378.341614343,-523.764951699,564.781125908
439.917539029,280.80568799,-302.572962891
388.154175454,-506.19962904,575.787599057
432.264617473,290.590656141,-330.306785934
397.240245025,-485.383903156,585.274984477
424.580494854,297.027670771,-357.913516442
405.698027009,-461.401326734,593.393840285
416.851725884,299.866505632,-385.395638769
413.604375464,-434.336184465,600.265583172
409.066842696,298.845307864,-412.746688918
420.982998051,-404.394600538,605.957427915
401.257044214,293.700223486,-439.807743389
427.773960444,-372.246559755,610.49318517
393.551024598,284.383301482,-466.095595215
433.930521386,-338.629230245,613.925672958
386.086599953,271.067281994,-491.116741453
439.493490581,-303.99627655,616.383810286
378.907093023,254.02949907,-514.72464859
444.583662275,-268.196317709,618.011329307
371.936993516,233.27633961,-537.166182951
449.317454054,-231.026367811,618.937438296
365.074773262,208.724783292,-558.769586733
453.700141676,-193.092789005,619.263661969
358.360841554,180.817499307,-579.41773871
457.734060191,-154.976059433,619.081955037
351.843127664,150.084385243,-598.978195056
461.421424339,-117.24561041,618.481700437
345.573243339,117.158141973,-617.321105205
464.781305406,-80.4116553798,617.567592988
339.575162838,82.7304094217,-634.423302561
467.822549226,-45.0159370698,616.432505815
333.889371865,47.5988949506,-650.220699594
470.555965758,-11.5049537665,615.156677306
328.552223109,12.5381584706,-664.669396382
473.002300414,19.8528805207,613.808749601
323.577851968,-21.8232818061,-677.794826489
475.163520186,48.6258526822,612.456947142
319.015295298,-54.6539808753,-689.536087086
477.042305322,74.4681072579,611.157645435
314.91144893,-85.1899317212,-699.845199352
478.661080803,97.370769685,609.942739439
311.266011574,-113.073285111,-708.795058586
480.05951263,117.662166346,608.817185713
308.030199492,-138.414022008,-716.567979493
481.280378463,135.784113753,607.773333351
305.1360718,-161.544439143,-723.378121673
482.34043159,151.838522541,606.81889357
302.568309943,-182.424419712,-729.304528131
483.248073465,165.82792219,605.965089675
300.327470027,-200.912874598,-734.38509769
484.00966309,177.745812912,605.22171167
298.415992055,-216.877192368,-738.649981598
484.643378393,187.785558677,604.584758987
296.803038429,-230.477133935,-742.198932325
485.169844107,196.211225908,604.042862177
295.447144826,-241.996758087,-745.146495899
485.609338436,203.306598273,603.581201901
294.303923405,-251.77199315,-747.605803461
485.973088905,209.221842328,603.192673374
293.349785329,-259.973045695,-749.640003878
486.272202313,214.113613666,602.869019525
292.559715424,-266.790607873,-751.311803745
486.516933177,218.132386997,602.601738647
291.909562415,-272.41568593,-752.679106708
486.715515764,221.404963553,602.383107757
291.379513865,-277.012296133,-753.788089132
486.875078284,224.043211219,602.206124881
290.951982816,-280.728216145,-754.678706164
487.001859099,226.145434762,602.06460012
290.611241687,-283.695653062,-755.385997704
487.103474413,227.835260442,601.95043318
290.337464176,-286.085001802,-755.952567184
487.183989648,229.178174547,601.859375788
290.120108917,-287.986285373,-756.401199424
487.245316081,230.203927854,601.789586133
289.954300795,-289.439932715,-756.742689036
487.291363403,230.97567263,601.736951284
289.829657931,-290.534418944,-756.99897935
487.326361944,231.562895613,601.696847627
289.734839112,-291.367709771,-757.193726621
487.354140306,232.02937371,601.664957403
289.659530076,-292.029962934,-757.348268398
487.376481594,232.404777468,601.639274542
289.598928351,-292.563117415,-757.472545096
487.39462737,232.709733731,601.618407083
289.549685479,-292.996363782,-757.573481721
487.409328293,232.956768222,601.601505268
289.509776789,-293.347422819,-757.655260353
487.421252366,233.157129112,601.587797684
289.477397056,-293.632219985,-757.721593957
487.43076406,233.316945487,601.576864644
289.451562101,-293.859428724,-757.774508989
487.437932985,233.437393534,601.568625172
289.432086865,-294.030692863,-757.814391672
487.443268965,233.527042652,601.562492781
289.417589071,-294.158178104,-757.844077654
487.4473194,233.5950919,601.557838039
289.406582961,-294.25495521,-757.866611955
487.450667235,233.65133608,601.553990876
289.39748527,-294.334948731,-757.885237568
487.453440469,233.69792615,601.55080412
289.389948547,-294.401215177,-757.900666516
487.455714816,233.736134472,601.548190712
289.383767293,-294.455562397,-757.913319973
487.457547755,233.766926966,601.546084563
289.378785482,-294.499362962,-757.923517686
487.459020164,233.791662523,601.544392713
289.374783424,-294.534548891,-757.931709592
487.460183933,233.811213002,601.54305552
289.371620167,-294.562359767,-757.938184373
487.461051451,233.825786586,601.542058737
289.369262105,-294.583091296,-757.943010929
487.461695779,233.836610727,601.541318406
289.367510682,-294.598489287,-757.946595745
487.462173854,233.844641947,601.540769102
289.366211154,-294.609914292,-757.949255592
487.462520522,233.850465641,601.540370786
289.365268815,-294.618198987,-757.951184338
487.462768083,233.854624428,601.540086342
289.36459587,-294.624115241,-757.952561688
487.462949787,233.857676864,601.539877569
289.364101945,-294.628457628,-757.953572627
487.463111567,233.860394599,601.539691688
289.363662176,-294.63232388,-757.954472717
487.463255941,233.862819939,601.539525805
289.36326972,-294.635774181,-757.95527597
487.463386794,233.86501813,601.539375459
289.362914018,-294.638901346,-757.956003993
487.463476626,233.86652721,601.539272244
289.362669825,-294.641048179,-757.956503788
487.463570817,233.868109525,601.539164021
289.36241378,-294.643299202,-757.957027839
487.46360265,233.86864429,601.539127446
289.362327247,-294.644059966,-757.957204949
0.0,-0.0,-0.0
522.424304699,0.0648188743829,0.111123953092
144.675083949,-302.548378436,221.75672143
517.611895767,23.5451048739,-17.0971053959
188.714600422,-382.863796486,289.85164007
512.373328289,47.7869175085,-36.0133339504
220.384155209,-433.192434304,338.769895202
506.787120245,72.2497478829,-56.3331945079
245.861080248,-467.631354384,377.870947587
500.931465656,96.4361210708,-77.75287159
267.526192952,-491.571872663,410.724262395
494.827505733,120.097164507,-100.167863244
286.612205716,-507.653209929,439.166722596
488.464216747,143.073759809,-123.589793846
303.799023583,-517.324432715,464.20509958
481.835041018,165.159574327,-148.013292558
319.458429115,-521.425819167,486.390867067
474.956996956,186.038137943,-173.344691873
333.763688776,-520.529270426,505.997654497
467.888247075,205.26769133,-199.337422994
346.842099679,-515.078153443,523.238736859
460.689965432,222.414062931,-225.73108151
358.857695117,-505.439532844,538.379032997
453.383887277,237.167804507,-252.409623439
369.931865908,-491.903642562,551.622903681
445.994480525,249.213529635,-279.246303686
380.160293442,-474.714225974,563.136833091
438.546541332,258.242856953,-306.112207865
389.604027469,-454.137817201,573.044397667
431.078697432,263.959239441,-332.828720477
398.373226181,-430.280772306,581.513675384
423.578754063,266.11921473,-359.398627977
406.553492818,-403.245244503,588.679033382
416.036596946,264.468476463,-385.816436037
414.173905834,-373.250745979,594.616140436
408.483516382,258.75467584,-411.929988321
421.176413239,-340.981184958,599.353588439
401.044707283,248.946278058,-437.27568495
427.516229711,-307.185958823,602.948691419
393.853229241,235.228971933,-461.381563373
433.23820732,-272.330480931,605.536784125
386.950282033,217.88238328,-484.111104001
438.468680394,-236.269209358,607.268424013
380.262751884,196.908764634,-505.706339172
443.328702403,-198.805327283,608.278666062
373.693201919,172.220049468,-526.487785392
447.824761635,-160.557281071,608.67232683
367.280457789,144.255857113,-546.348127578
451.960173601,-122.115032037,608.543947419
361.070114765,113.540559242,-565.165241122
455.738001165,-84.0560394268,607.985102434
355.110765463,80.6983293706,-582.819120056
459.178451209,-46.8987438139,607.103011623
349.424265405,46.4081747777,-599.29240479
462.291138052,-11.1920063809,605.992458169
344.047743842,11.4536959645,-614.527164791
465.087593517,22.6124885828,604.7352159
339.013953711,-23.4049771663,-628.483288815
467.58942679,54.243207777,603.401314813
334.334344505,-57.5526452693,-641.186065497
469.798969285,83.2644762795,602.060003991
330.052886649,-90.1712580198,-652.575348588
471.719232624,109.327882428,600.76842921
326.211085142,-120.507893344,-662.600927079
473.37335729,132.42508116,599.559140621
322.806059537,-148.211002178,-671.328169199
474.80204091,152.887891701,598.4376062
319.789904946,-173.391765475,-678.928729231
476.049103305,171.16231688,597.396588143
317.097405318,-196.381138821,-685.606464547
477.131742218,187.351368603,596.444083172
314.712747457,-217.139266396,-691.433825748
478.058605309,201.457777113,595.591539026
312.635027608,-235.525162813,-696.443002629
478.836240357,213.475148642,594.848925975
310.865206442,-251.405617923,-700.658651669
479.483249738,223.598515392,594.212417743
309.373624098,-264.938044438,-704.174807922
480.020720315,232.094221767,593.670759277
308.121083301,-276.403601678,-707.101238914
480.469374302,239.248494414,593.209200646
307.065958303,-286.135354825,-709.547430742
480.840687159,245.21278498,592.820689357
306.186023056,-294.301733029,-711.574065106
481.146006521,250.145062754,592.497008383
305.457867759,-301.091807211,-713.241985298
481.395806566,254.197056128,592.229683694
304.858987702,-306.695185667,-714.607755897
481.59849687,257.49665313,592.01100098
304.370957733,-311.274733301,-715.716611309
481.761356352,260.156673945,591.833962819
303.97746152,-314.977296061,-716.607863917
481.890754484,262.276244667,591.692384258
303.663938034,-317.934346048,-717.316136383
481.994466121,263.980022593,591.578165087
303.412088593,-320.315500792,-717.883796377
482.076641459,265.33403778,591.487058189
303.212180057,-322.2103616,-718.333483281
482.139231803,266.368282963,591.417224595
303.059703591,-323.659150103,-718.675887909
482.18622783,267.146423028,591.364553462
302.945095389,-324.750009151,-718.932929676
482.221947259,267.738513619,591.324420973
302.857917582,-325.580559726,-719.128286368
482.250297682,268.208859282,591.292507103
302.788681918,-326.24064834,-719.283335494
482.27309899,268.587375802,591.266804807
302.732970415,-326.772069147,-719.408035602
482.291618352,268.894859968,591.245921557
302.687703098,-327.203913972,-719.509326707
482.306621908,269.143941197,591.229007109
302.651017652,-327.553842958,-719.591399781
482.31879143,269.345961508,591.215289364
302.621253918,-327.837726978,-719.65797696
482.328498902,269.507101096,591.204348279
302.59750674,-328.064209563,-719.711089351
482.335815377,269.628546167,591.196102778
302.579605653,-328.234927719,-719.75112258
482.341261177,269.718937234,591.189965918
302.566279866,-328.362007309,-719.780921619
482.345394973,269.78754959,591.185307796
302.556163595,-328.458476913,-719.803542313
482.348811707,269.844259143,591.181457845
302.547801513,-328.538216547,-719.822239705
482.351642013,269.891234672,591.178268785
302.540874229,-328.604272869,-719.837728368
482.353963164,269.929759085,591.175653491
302.535192839,-328.658447892,-719.850430972
482.355833823,269.960806305,591.173545825
302.530613914,-328.702109763,-719.860668406
482.357336533,269.985746473,591.171852757
302.526935522,-328.737184332,-719.868892294
482.358524251,270.005458666,591.170514602
302.524028101,-328.764907226,-719.875392398
482.359409621,270.020152795,591.169517102
302.521860757,-328.785573188,-719.880237859
482.360067208,270.031066464,591.16877624
302.52025099,-328.800922492,-719.88383673
482.360555121,270.039164111,591.168226541
302.519056571,-328.812311379,-719.886507014
482.360908923,270.045035973,591.167827939
302.51819045,-328.820569886,-719.888443333
482.361161579,270.049229156,591.167543291
302.517571936,-328.826467441,-719.889826092
482.361347022,270.052306839,591.167334368
302.51711796,-328.830796104,-719.890841003
482.361512131,270.055047052,591.167148353
302.516713762,-328.834650138,-719.89174463
482.361659476,270.057492452,591.166982352
302.516353049,-328.838089535,-719.89255104
482.361793022,270.059708823,591.166831897
302.516026119,-328.841206818,-719.893281925
482.361884702,270.061230384,591.166728609
302.515801677,-328.843346867,-719.893783686
482.361980832,270.062825786,591.166620308
302.515566342,-328.845590778,-719.894309797
482.36201332,270.063364974,591.166583707
302.515486808,-328.846349138,-719.894487604
0.0,-0.0,-0.0
522.424304699,0.0648188743829,0.111123953092
148.249765778,-292.098109944,228.136005066
517.280322385,23.6977594033,-18.3446789144
192.473302396,-367.253063887,296.252871452
511.798052318,47.5128984122,-38.1594730581
223.90777495,-413.139731192,344.408770784
506.054899426,71.0217206203,-59.0342278327
249.162039304,-443.755476493,382.667694416
500.07225178,93.9782805234,-80.8644137222
270.690026658,-464.203836018,414.744740412
493.840025289,116.223409757,-103.65855842
289.663638913,-476.925433636,442.404804616
487.35262516,137.551803385,-127.408456938
306.691691153,-483.235747515,466.565669487
480.627622049,157.65152386,-152.019990947
322.074901231,-483.962540126,487.699114922
473.722807629,176.090856636,-177.250860478
336.020126088,-479.70535148,506.141974981
466.698788521,192.446990269,-202.846098782
348.747551457,-470.940140029,522.245837071
459.577583787,206.418144566,-228.691469008
360.415840537,-458.029404305,536.272635671
452.38385493,217.697708747,-254.662846893
371.146631997,-441.267301126,548.428872353
445.142543009,225.986800965,-280.634551513
381.018942218,-420.956923373,558.866010547
437.891954501,231.000085986,-306.433529081
390.158770468,-397.233441531,567.775834046
430.621012183,232.500917261,-332.062454787
398.663151733,-370.221162488,575.309975039
423.320792385,230.242572575,-357.516265356
406.568237664,-340.156008667,581.555325984
416.022491335,223.984134252,-382.649052311
413.818738594,-307.738601131,586.546816554
408.847656261,213.710060715,-407.016636321
420.372595694,-273.732694711,590.347586619
401.924521655,199.618540381,-430.168550083
426.279711499,-238.617218262,593.101067164
395.292119433,181.991360421,-451.977908075
431.673100299,-202.253202601,594.966412344
388.879595653,160.827112787,-472.680821314
436.679350749,-164.450821951,596.085978347
382.593358453,136.03336951,-492.588483571
441.306465564,-125.842302723,596.568551895
376.470538853,108.046831066,-511.602557176
445.558982559,-87.0283058437,596.511777092
370.554350598,77.386584645,-529.610588392
449.44101564,-48.5952690721,596.009842274
364.890404553,44.6685828972,-546.502064062
452.974137986,-11.0708195135,595.172972728
359.498491929,10.5595294511,-562.265056642
456.168894275,24.9882824203,594.09820451
354.412568227,-24.170915378,-576.848023271
459.037683044,59.1246579028,592.869125726
349.662065438,-58.7770240282,-590.215381109
461.603134393,91.0634098488,591.557425025
345.256040886,-92.6569741934,-602.393179249
463.868021373,120.364540808,590.233539874
341.233941733,-125.006923258,-613.324289334
465.835754772,146.676899384,588.955511737
337.632555526,-155.086374122,-622.95938838
467.530309463,169.992857622,587.756701724
334.446937221,-182.55127177,-631.358874456
468.993574408,190.648258367,586.643265939
331.630275519,-207.514559825,-638.684944711
470.270568681,209.093874533,585.608548035
329.120074492,-230.305929314,-645.131288835
471.379003563,225.434001235,584.660913672
326.900285777,-250.886747631,-650.76526772
472.327812358,239.671630985,583.812088088
324.968894356,-269.117501152,-655.615374419
473.123761914,251.800519322,583.072263171
323.325729188,-284.865860964,-659.702822147
473.785941761,262.017590539,582.437856631
321.942355641,-298.287479799,-663.116404304
474.335968004,270.591758348,581.897795471
320.781733659,-309.660626268,-665.96072072
474.795070719,277.811998225,581.437459832
319.804795016,-319.315102643,-668.340673304
475.17500908,283.831209036,581.049884891
318.990598347,-327.417529374,-670.314173374
475.487406038,288.808836497,580.726927014
318.317213147,-334.155112912,-671.939611449
475.742986714,292.898016293,580.460169366
317.763633042,-339.715693148,-673.271478782
475.950360899,296.227856325,580.241928289
317.312688587,-344.260616014,-674.353405905
476.116979565,298.912244968,580.06522953
316.949206259,-347.93541076,-675.223405036
476.249361807,301.051228877,579.923909468
316.659668633,-350.870427428,-675.915037727
476.355463459,302.770620157,579.809887199
316.427133067,-353.233921855,-676.469517547
476.439531421,304.137057903,579.71892716
316.242584621,-355.114771476,-676.908857938
476.503562671,305.18080584,579.649198405
316.101841344,-356.552866571,-677.24343784
476.551640235,305.966102469,579.59660228
315.996062364,-357.635686505,-677.494636793
476.588181479,306.563640033,579.556525387
315.915606358,-358.460126487,-677.685572289
476.617184045,307.038313558,579.524654784
315.851712631,-359.115364999,-677.837124471
476.640509766,307.420313275,579.498986814
315.800301883,-359.64288555,-677.959020039
476.659455006,307.730626137,579.478131437
315.758530566,-360.071565098,-678.058038906
476.674803552,307.981997602,579.461239749
315.724679329,-360.41893272,-678.138275066
476.687252877,308.18587473,579.447540562
315.697215704,-360.700741021,-678.203364884
476.697183528,308.348494919,579.436614347
315.6753041,-360.925569048,-678.25529249
476.704668203,308.471055592,579.428380092
315.658786951,-361.095040876,-678.294433727
476.710239193,308.562276845,579.422251624
315.646491521,-361.221193196,-678.323569384
476.714468015,308.631519276,579.417599885
315.637157523,-361.316959154,-678.345686829
476.71796329,308.688749542,579.413755218
315.629442117,-361.396117346,-678.36396847
476.720858656,308.736156367,579.41057054
315.623050585,-361.461692122,-678.379112879
476.723233161,308.775034457,579.407958843
315.617808614,-361.515472294,-678.391533251
476.725146819,308.806366691,579.405854078
315.613583854,-361.558815994,-678.401543291
476.72668407,308.8315358,579.404163343
315.610189984,-361.593635002,-678.409584552
476.727899089,308.851428937,579.402827033
315.607507458,-361.621155923,-678.415940336
476.728804809,308.866257942,579.401830909
315.605507766,-361.641671337,-678.420678229
476.729477511,308.877271786,579.401091068
315.604022522,-361.656908832,-678.424197215
476.729976639,308.885443758,579.400542128
315.602920497,-361.668214761,-678.426808231
476.730338573,308.891369514,579.400144076
315.602121376,-361.676413115,-678.428701575
476.730597036,308.895601185,579.399859821
315.601550708,-361.682267715,-678.430053646
476.730786742,308.898707116,579.399651186
315.601131852,-361.686564851,-678.431046033
476.730955646,308.901472478,579.399465428
315.600758921,-361.690390814,-678.431929607
476.731106378,308.903940323,579.399299656
315.600426112,-361.693805161,-678.432718121
476.731242993,308.906177037,579.399149409
315.600124472,-361.69689974,-678.433432787
476.73133678,308.907712563,579.399046264
315.599917393,-361.699024203,-678.433923413
476.73143512,308.909322608,579.398938112
315.599700263,-361.701251771,-678.43443785
476.731468355,308.909866744,579.398901561
315.599626881,-361.702004608,-678.434611711
0.0,-0.0,-0.0
522.424304699,0.0648188743829,0.111123953092
150.66337041,-278.500448563,231.946616768
517.04787747,23.2401892081,-19.1880136834
194.872723533,-348.040366687,299.684317677
511.419110467,46.0808895882,-39.5068476603
226.22841001,-389.56480164,347.231220082
505.559598183,68.3440348113,-60.7408978554
251.457902626,-416.36352036,384.888744332
499.460158292,89.8706122643,-82.8956107753
272.958233984,-433.215514147,416.312216809
493.116109014,110.456557575,-105.959967314
291.833435155,-442.374993234,443.184896344
486.545505996,129.79463282,-129.839451048
308.62369362,-445.122592153,466.35006294
479.805685937,147.463206701,-154.296136044
323.672584825,-442.31132318,486.35649691
472.956600089,163.05080896,-179.080573781
337.289181904,-434.580180937,503.693112619
466.020462524,176.263372233,-204.080309951
349.688480823,-422.394744548,518.708944032
459.022029729,186.803064172,-229.173776811
361.029899898,-406.118255369,531.668825794
451.986279733,194.38046789,-254.238408973
371.417968368,-386.102283553,542.763817906
444.951085117,198.721329627,-279.106557276
381.00012513,-362.518834573,552.218060592
437.906350293,199.595873004,-303.78046279
389.888608939,-335.519900958,560.206323667
430.844179698,196.765005455,-328.255068047
398.129031767,-305.361616011,566.83047533
423.795512303,189.999109027,-352.390250664
405.670161591,-272.764694036,572.133968457
416.878170372,179.298003401,-375.760925587
412.473761141,-238.509724844,576.187569857
410.215580229,164.871699275,-397.93788589
418.596094239,-203.091138447,579.144890665
403.844612532,147.003946558,-418.803500579
424.178263765,-166.377320077,581.175769968
397.696539216,125.690265839,-438.58719626
429.353485155,-128.186335074,582.431547539
391.681362961,100.834718119,-457.589737131
434.131663638,-89.166065362,583.025792957
385.834471703,72.8711486458,-475.721085774
438.518868458,-49.9291769126,583.059866272
380.196718707,42.3134853918,-492.877932547
442.520521477,-11.0720791022,582.631063968
374.810838969,9.76960501797,-508.958973066
446.15984335,26.8674115341,581.853163295
369.694667065,-24.1058882407,-523.957450658
449.448507661,63.3238369794,580.825841582
364.87921667,-58.55728466,-537.828401065
452.39995506,97.833626047,579.634813205
360.390909455,-92.8534140846,-550.541354066
455.038022157,130.118302748,578.353722939
356.236712797,-126.406026327,-562.123845586
457.366017954,159.733203802,577.054378474
352.452082913,-158.426434736,-572.523441444
459.387834487,186.324284606,575.795854913
349.069718667,-188.187958697,-581.693987968
461.128417815,209.884872515,574.612490217
346.083054993,-215.355149085,-589.692793356
462.631028294,230.755430574,573.511313197
343.446518645,-240.043119827,-596.673514038
463.942059944,249.392144239,572.48642371
341.100274261,-262.580210447,-602.819817571
465.079815531,265.900799302,571.546643825
339.028236076,-282.929797664,-608.195046081
466.053558879,280.28472676,570.704032312
337.227557035,-300.954986639,-612.825400253
466.870310376,292.537886258,569.969046286
335.697210019,-316.525551891,-616.730064386
467.549716377,302.859337615,569.338419596
334.409986529,-329.795752676,-619.992901944
468.113996421,311.520877068,568.801330734
333.330868759,-341.040819165,-622.713057518
468.58495881,318.814556015,568.343351815
332.423133918,-350.586800756,-624.990184306
468.974685898,324.894894236,567.9576419
331.667035192,-358.598388789,-626.879198739
469.295113897,329.922987334,567.636164806
331.041992764,-365.260630008,-628.435619137
469.557253246,334.053541574,567.37059097
330.528354344,-370.759203464,-629.711347494
469.769941284,337.417026243,567.153289644
330.110080275,-375.25356374,-630.747947988
469.940824442,340.128520954,566.977328578
329.773019811,-378.887546964,-631.581675556
470.076591732,342.289098034,566.836582079
329.504585363,-381.790011278,-632.244584373
470.185404396,344.025855286,566.723007962
329.289034674,-384.127310349,-632.776101181
470.271619102,345.40610986,566.632392732
329.117989125,-385.987316834,-633.197282026
470.33728468,346.460427149,566.562918729
328.987557407,-387.409471763,-633.518049762
470.38658894,347.253683596,566.51050972
328.889536178,-388.480288621,-633.758889277
470.424062283,347.857279434,566.470573457
328.814985271,-389.295591785,-633.941958457
470.453804499,348.336766481,566.438813507
328.755783831,-389.943570015,-634.087271751
470.477724996,348.722640232,566.413234002
328.708150424,-390.465246624,-634.204152635
470.49715325,349.036099138,566.392450468
328.669449378,-390.889179063,-634.299100882
470.512893071,349.290017728,566.375617183
328.638087045,-391.232701886,-634.376040952
470.525659733,349.495959915,566.361965476
328.612643186,-391.511392188,-634.438458405
470.535843502,349.660226733,566.351077211
328.59234336,-391.733733429,-634.488255031
470.54351894,349.784028096,566.342871601
328.577041375,-391.901331205,-634.525790586
470.549231913,349.876172612,566.336764478
328.565650625,-392.026088759,-634.553731341
470.553568508,349.946115756,566.332128955
328.557003471,-392.120796052,-634.574941896
470.557152859,350.00392511,566.328297701
328.549855844,-392.199079266,-634.592474049
470.56012201,350.05181158,566.325124139
328.543934693,-392.263929273,-634.606997667
470.562557027,350.091082994,566.322521564
328.539078521,-392.317115079,-634.618908967
470.564519452,350.122732193,566.320424152
328.535164708,-392.359979783,-634.628508763
470.566095876,350.148155905,566.318739326
328.532020637,-392.394414021,-634.636220491
470.567341857,350.168250267,566.317407687
328.529535558,-392.421630832,-634.642315828
470.568270658,350.183229268,566.316415046
328.527683056,-392.441919554,-634.64685958
470.568960502,350.194354514,566.315677792
328.526307138,-392.456988681,-634.650234377
470.569472349,350.202609142,566.315130772
328.525286231,-392.468169686,-634.652738409
470.569843507,350.208594835,566.314734112
328.524545933,-392.476277455,-634.654554177
470.570108556,350.212869306,566.314450851
328.524017271,-392.482067366,-634.65585085
470.570303095,350.216006651,566.314242946
328.523629246,-392.486317022,-634.656802578
470.570476303,350.218799984,566.314057838
328.523283767,-392.490100711,-634.65764995
470.570630876,350.221292789,566.313892646
328.522975457,-392.493477334,-634.658406157
470.570770973,350.223552125,566.313742925
328.52269602,-392.496537721,-634.659091542
470.57086715,350.225103182,566.31364014
328.522504184,-392.498638711,-634.659562067
470.570967996,350.226729511,566.313532367
328.522303038,-392.500841667,-634.660055427
470.571002077,350.227279151,566.313495944
328.522235057,-392.501586185,-634.660222165
0.0,-0.0,-0.0
522.424304699,0.0648188743829,0.111123953092
152.070299358,-262.331035085,233.615316267
516.909139884,22.2626584571,-19.6544823501
196.408408991,-326.22385042,301.022286198
511.171713704,43.8599321289,-40.295767995
227.866239278,-363.306136733,348.134239725
505.203687953,64.6979962691,-61.8151990904
253.150280391,-386.104030475,385.242928134
499.001224684,84.5742253652,-84.1990442969
274.602708712,-399.080885636,415.939884638
492.582788927,103.186155851,-107.35246812
293.265224684,-404.407615961,441.842802724
486.00519301,120.12206144,-131.041936556
309.733905272,-403.377870658,463.890140677
479.327665542,134.981551816,-155.023489378
324.465954682,-396.886774139,482.799023924
472.572529348,147.478168226,-179.186420226
337.764688726,-385.551960297,499.054637465
465.764544141,157.322691845,-203.411634284
349.84598413,-369.833589915,513.008761353
458.928627515,164.234959017,-227.579543077
360.851283113,-350.148529893,524.909515176
452.102129281,167.951454852,-251.527680547
370.957428026,-326.716413919,535.025543258
445.27579481,168.249230614,-275.257637397
380.29706053,-299.724056311,543.562726859
438.44259336,164.896763552,-298.764062997
388.928517222,-269.452513925,550.642944494
431.63307621,157.675404586,-321.912166854
396.806472304,-236.646496703,556.321161982
424.961372586,146.59935427,-344.295292993
403.898013285,-202.106149245,560.678145783
418.546245065,131.889449577,-365.504837248
410.267396762,-166.343536359,563.880210801
412.422476973,113.831111156,-385.431933386
416.065459689,-129.235278864,566.110289224
406.52331587,92.4174431665,-404.298942635
421.433289161,-90.6083347672,567.530598659
400.762075415,67.549933913,-422.395676668
426.383167459,-51.1281244943,568.260418897
395.172424229,39.659581463,-439.639745793
430.923070222,-11.420569888,568.405516971
389.792955112,9.25521611015,-455.936426377
435.060035093,27.9070378573,568.066846231
384.663711711,-23.0632693998,-471.193238397
438.819251608,66.3057659907,567.362323189
379.800733672,-56.6531287128,-485.40831808
442.213750818,103.200754194,566.39468001
375.232379385,-90.7725601139,-498.543281346
445.25821409,138.121830623,565.252086191
370.982407714,-124.705020931,-510.573072811
447.977887862,170.7867924,564.010452873
367.056006653,-157.875904729,-521.527190737
450.376724931,200.746049589,562.743145356
363.485178422,-189.512408395,-531.358919391
452.459191356,227.642581673,561.510413835
360.299138734,-218.9027484,-540.026719383
454.251348862,251.47093508,560.347744653
357.490087447,-245.720878978,-547.586114802
455.798013864,272.576768694,559.263231839
355.013757686,-270.084280336,-554.183007422
457.14713336,291.422281282,558.251914107
352.81284536,-292.319736471,-559.991351807
458.31768162,308.114951849,557.323160358
350.871370183,-312.393178609,-565.07124197
459.319299613,322.658531269,556.489420201
349.185878327,-330.171171294,-569.44752586
460.159297092,335.047243152,555.761460441
347.754708009,-345.52648901,-573.138291477
460.857947145,345.482505186,555.136406055
346.55183166,-358.612192498,-576.222754219
461.438146586,354.239278722,554.603759894
345.544085449,-369.700271142,-578.794515516
461.922351648,361.6129844,554.149351444
344.696858984,-379.112564666,-580.947651086
462.323007021,367.759918831,553.766501728
343.991492967,-387.011692011,-582.733989707
462.652399691,372.842982024,553.447317954
343.408619342,-393.580266644,-584.205960285
462.921859301,377.018595703,553.183589664
342.929790422,-399.001465204,-585.412593563
463.140477657,380.418716591,552.967762754
342.539967902,-403.432535509,-586.39313138
463.316119663,383.159724834,552.792967102
342.22590356,-407.015307564,-587.181813976
463.455664172,385.343811377,552.653132659
341.975827284,-409.87684348,-587.808933451
463.567501779,387.099475215,552.540276765
341.775046438,-412.181158537,-588.311763775
463.656111724,388.494772408,552.450219249
341.615739203,-414.014893159,-588.7102121
463.723600755,389.560596979,552.38116133
341.494269342,-415.416942267,-589.013662232
463.774273632,390.362519699,552.329060136
341.402989195,-416.472610795,-589.241497401
463.812786894,390.972711449,552.289356073
341.333568799,-417.276376919,-589.414682418
463.843354306,391.457439164,552.257779353
341.278443706,-417.915183854,-589.552150585
463.867938362,391.847530694,552.232346628
341.234091519,-418.429475762,-589.662721908
463.887905486,392.164414731,552.2116823
341.198057304,-418.847407358,-589.752545763
463.904081823,392.421106333,552.19494581
341.168856705,-419.186068245,-589.825334615
463.917202514,392.629296675,552.181372733
341.14516703,-419.460814593,-589.884385182
463.927668665,392.795356091,552.170547274
341.126266997,-419.680009589,-589.931496223
463.935556922,392.920508111,552.162389047
341.112020324,-419.845235924,-589.967007744
463.941428292,393.013657714,552.15631722
341.101415228,-419.968228297,-589.993442016
463.945885119,393.084363666,552.151708504
341.093364541,-420.061595637,-590.013509056
463.949568844,393.142803423,552.147899416
341.086709978,-420.138771305,-590.030096067
463.952620312,393.191212037,552.144744224
341.081197307,-420.20270384,-590.043836775
463.955122835,393.230911625,552.142156717
341.076676158,-420.255137211,-590.055106012
463.957139664,393.26290587,552.140071453
341.073032366,-420.297395504,-590.064188363
463.958759791,393.288606744,552.138396387
341.070105217,-420.331342605,-590.071484428
463.960040314,393.308920158,552.137072463
341.067791597,-420.358174386,-590.077251234
463.960994863,393.324062444,552.136085574
341.066066911,-420.378176092,-590.081550087
463.961703831,393.335308962,552.135352593
341.064785927,-420.393032042,-590.084742992
463.962229867,393.343653569,552.134808743
341.063835461,-420.404054876,-590.087112066
463.962611314,393.349704507,552.134414382
341.063146242,-420.412047948,-590.08882997
463.962883711,393.354025571,552.134132763
341.062654058,-420.417755953,-590.090056759
463.963083643,393.357197113,552.133926063
341.062292806,-420.421945491,-590.090957192
463.963261652,393.360020893,552.133742028
341.061971165,-420.425675656,-590.091758894
463.963420511,393.36254087,552.133577793
341.061684127,-420.429004511,-590.092474346
463.963564491,393.364824833,552.13342894
341.061423972,-420.432021605,-590.093122792
463.963663334,393.366392795,552.133326751
341.061245373,-420.434092874,-590.093567957
463.963766975,393.368036852,552.133219603
341.061058105,-420.436264666,-590.094034728
463.963802002,393.368592482,552.133183391
341.060994816,-420.436998652,-590.094192479
0.0,-0.0,-0.0
522.424304699,0.0648188743829,0.111123953092
153.103864287,-244.66855014,234.111934061
516.8056815,21.0357055523,-19.9524533793
197.671778863,-302.613717421,301.193337808
510.965308648,41.2276096828,-40.853273999
229.244313661,-334.932181106,347.80035392
504.900113024,60.439517076,-62.5750563772
254.505649528,-353.34248808,384.188927806
498.628893066,78.3737306742,-85.0227418939
275.74563098,-362.087578052,413.893930605
492.207885158,94.6280813281,-107.967135588
294.078439747,-363.30885127,438.649218912
485.695550515,108.812811986,-131.169649397
310.226459394,-358.331820018,459.57869136
479.114243926,120.648849995,-154.521286105
324.638566687,-348.008915881,477.390902625
472.488650006,129.855294624,-177.905331894
337.618091525,-332.940657756,492.571721007
465.843545357,136.160887306,-201.205030727
349.361274085,-313.633800946,505.453500638
459.215694933,139.312350842,-224.2628419
360.08607303,-290.370536682,516.367115588
452.59655228,139.093436878,-247.079591088
369.952900182,-263.381908683,525.560748635
445.979800977,135.280038456,-269.649457404
379.03737176,-232.979847539,533.183225302
439.395510963,127.663986111,-291.842561481
387.302711525,-199.937644401,539.305176129
432.954234911,116.272639774,-313.269773383
394.723400376,-165.078030244,544.020542337
426.770305475,101.336452383,-333.542123179
401.373746095,-128.933023584,547.511466115
420.876538801,83.1421494714,-352.558947832
407.416270804,-91.3884818626,549.976809205
415.208004418,61.6810635373,-370.535478291
413.001372376,-52.2813737274,551.591840553
409.681036406,36.8530303939,-387.750532492
418.144294365,-12.2965461172,552.482626917
404.327659581,9.08614243256,-404.12874569
422.855375954,27.9256378303,552.760134951
399.184356526,-21.1158746585,-419.583394555
427.143640933,67.7661902028,552.529594352
394.288706844,-53.1610686591,-434.030341416
431.036617645,106.664221644,551.913701481
389.655141645,-86.4182838406,-447.472299875
434.548959,144.034869065,551.018690323
385.309666445,-120.159513937,-459.877278156
437.696813007,179.401049479,549.935537357
381.273723043,-153.682795441,-471.225665316
440.507059834,212.476757039,548.742748055
377.551010443,-186.427081796,-481.549150507
442.984419548,242.807302324,547.515441287
374.170576668,-217.635883464,-490.807187042
445.134037255,270.032680454,546.31518975
371.158699312,-246.61299681,-498.963579785
446.983243406,294.1489452,545.178807996
368.506657449,-273.042217845,-506.072890096
448.578600069,315.507500967,544.115658488
366.171498504,-297.043384685,-512.273943231
449.969787566,334.577112885,543.121911722
364.098278269,-318.941441285,-517.731429101
451.176533899,351.467148697,542.207577972
362.271216729,-338.705175861,-522.502730467
452.208905691,366.181864833,541.385557
360.68642679,-356.20513959,-526.611922092
453.074539332,378.715813069,540.666971139
359.341782488,-371.317678082,-530.076560906
453.794404665,389.272967612,540.049415154
358.212363873,-384.194713623,-532.971495482
454.392149073,398.131703673,539.522793351
357.266681322,-395.104784799,-535.384876745
454.890945535,405.591067441,539.073262207
356.472004745,-404.36514588,-537.405158988
455.303639807,411.809268738,538.694345079
355.810651079,-412.136206525,-539.081108781
455.642906585,416.951145795,538.378330746
355.264327244,-418.597923905,-540.462019938
455.920427992,421.174960641,538.117161796
354.815646803,-423.930707636,-541.593963949
456.145576691,424.61426664,537.903386246
354.450450934,-428.289360673,-542.513773947
456.326458579,427.386838852,537.730217742
354.156281218,-431.813474412,-543.253580507
456.470161825,429.596066579,537.591660906
353.922080719,-434.628091056,-543.841813635
456.585329724,431.371948847,537.479815032
353.734068397,-436.894571747,-544.313441572
456.676576573,432.783332658,537.390545386
353.584906301,-438.698159538,-544.68714301
456.746072963,433.861463603,537.322078058
353.471180382,-440.077131926,-544.971729115
456.798252451,434.672654604,537.270415286
353.385724311,-441.115410339,-545.185391797
456.837910462,435.289900431,537.231042529
353.320735995,-441.905929327,-545.347800606
456.869386241,435.780232823,537.199727601
353.269132007,-442.534203828,-545.476713039
456.894700727,436.174835067,537.174504786
353.227613896,-443.040013862,-545.580401598
456.915261019,436.495382041,537.154010937
353.193882962,-443.451051944,-545.664634321
456.931917853,436.755039101,537.137412801
353.166549314,-443.784126723,-545.73289301
456.945428241,436.965633566,537.123952074
353.144374557,-444.05434109,-545.788268791
456.956205223,437.133609909,537.113216324
353.126683351,-444.269920368,-545.832448295
456.964327736,437.260206245,537.105125763
353.113347997,-444.432421179,-545.865750209
456.97037346,437.354430619,537.09910433
353.103421345,-444.553384686,-545.890539757
456.974962631,437.425952259,537.094533883
353.095885725,-444.645211838,-545.909358283
456.978755739,437.485066115,537.090756437
353.089656931,-444.721114406,-545.924913326
456.981897815,437.534033064,537.087627463
353.084496986,-444.783992297,-545.937799169
456.984474645,437.574190501,537.085061463
353.080265132,-444.835560712,-545.948367315
456.986551358,437.606553706,537.082993535
353.076854504,-444.877121898,-545.956884636
456.988219589,437.632550947,537.081332396
353.074114665,-444.910508994,-545.963726804
456.989538132,437.653098595,537.080019482
353.071949098,-444.936898147,-545.969134854
456.990521023,437.668415479,537.079040801
353.07033478,-444.956569896,-545.973166276
456.991251041,437.679791672,537.078313917
353.069135771,-444.971180775,-545.976160551
456.991792696,437.688232493,537.077774591
353.06824613,-444.982021771,-545.978382246
456.992185468,437.694353198,537.07738351
353.067601017,-444.989882985,-545.979993281
456.992465953,437.698724083,537.077104234
353.06714033,-444.995496828,-545.981143752
456.992671821,437.701932192,537.076899254
353.066802197,-444.999617254,-545.98198817
456.992855116,437.704788529,537.07671675
353.066501139,-445.003285883,-545.98274
456.993018691,437.70733756,537.076553881
353.066232471,-445.006559824,-545.983410944
456.993166946,437.709647856,537.076406267
353.065988964,-445.009527147,-545.984019051
456.993268724,437.711233897,537.076304928
353.065821794,-445.011564247,-545.984436523
456.993375442,437.712896908,537.076198671
353.065646511,-445.013700212,-545.984874257
456.993411509,437.713458945,537.07616276
353.065587272,-445.01442209,-545.985022194
0.0,-0.0,-0.0
522.424304699,0.0648188743829,0.111123953092
154.076155117,-225.715678743,233.949668365
516.707157843,19.6558602162,-20.1919755011
198.827334198,-277.234504744,300.497224757
510.774224305,38.2517767622,-41.2746345729
230.391245735,-304.296887283,346.335441018
504.644566933,55.5596002772,-63.0416731845
255.425316853,-317.88488294,381.664998356
498.37380739,71.1863239882,-85.2681620768
276.315610877,-322.078922326,410.159847769
492.01960933,84.7523310239,-107.720747832
294.317101429,-319.01014374,433.755914117
485.604295118,95.985684148,-130.292114067
310.138515027,-309.920894901,453.557962943
479.152410659,104.613477486,-152.867850757
324.226859093,-295.625740684,470.270761991
472.688527942,110.372983184,-175.333911959
336.863438339,-276.759946562,484.356464232
466.248784994,113.020632986,-197.53744393
348.325837492,-253.690270365,496.23591104
459.825229978,112.346736951,-219.47846705
358.813398459,-226.705153855,506.216341633
453.412134126,108.134431995,-241.1506064
368.425760148,-196.155376576,514.483661031
447.039021994,100.185506851,-262.428548143
377.138629379,-162.848604336,521.130213656
440.81301627,88.5392155349,-282.93976873
384.936847791,-127.633814215,526.267580973
434.844273479,73.4343688691,-302.313909332
391.907532489,-91.0657051419,530.097839603
429.16377437,55.1585931445,-320.457969847
398.227375251,-53.0405654411,532.839338681
423.708274518,33.7020332428,-337.58015958
404.057877226,-13.4066929868,534.683058097
418.39686908,8.96370937886,-353.948523472
409.418003259,27.129557429,535.763191729
413.260033712,-18.6313291184,-369.494177825
414.321044536,67.9121355649,536.196881863
408.332300765,-48.5845604102,-384.137853232
418.778481864,108.309541409,536.09438726
403.649010017,-80.3120207798,-397.803257629
422.820637373,147.748075266,535.583938426
399.223162447,-113.193943461,-410.497362511
426.464111428,185.632293261,534.775794812
395.078686981,-146.516035114,-422.194277329
429.726793177,221.477935647,533.764147933
391.235013642,-179.590851101,-432.879692493
432.637462066,254.99516503,532.630471852
387.694599023,-211.870773176,-442.587538349
435.201755583,285.724066754,531.451863547
384.483960169,-242.615887704,-451.283509114
437.425624447,313.301695426,530.291386437
381.626887921,-271.145994238,-458.937003541
439.337843892,337.725946351,529.187384534
379.113982525,-297.154923618,-465.602085328
440.98693464,359.354555378,528.150713622
376.903581697,-320.764719393,-471.411051875
442.424510853,378.663428319,527.178888278
374.942927749,-342.298143645,-476.519808978
443.671146649,395.764031008,526.282664474
373.216500448,-361.726966112,-480.983385316
444.73738929,410.66122184,525.475457658
371.72010696,-378.926020698,-484.825411202
445.631244045,423.349953627,524.768796244
370.451282569,-393.775554527,-488.063226452
446.374454652,434.036958548,524.160830702
369.386136037,-406.426312348,-490.767572277
446.991499249,443.004275427,523.641950843
368.494687137,-417.14316593,-493.02133689
447.506342536,450.554832015,523.198715951
367.745881144,-426.238467327,-494.90747344
447.932273582,456.848887624,522.824895654
367.122910685,-433.870284801,-496.471777307
448.282394958,462.053351446,522.513001844
366.608437691,-440.215733837,-497.760462306
448.568777364,466.328449199,522.255167028
366.186013177,-445.45224952,-498.816669017
448.801102913,469.809439328,522.044069046
365.84225322,-449.732008524,-499.674837774
448.987742869,472.61558527,521.873028829
365.565393188,-453.192190259,-500.364993224
449.136015764,474.85155327,521.736146339
365.345001014,-455.955652292,-500.913697851
449.25484278,476.648939622,521.625627175
365.168091395,-458.180874531,-501.353592254
449.348986752,478.077433409,521.537395194
365.027748951,-459.951583431,-501.702115947
449.42068851,479.168654244,521.469707857
364.920754067,-461.305386708,-501.96750417
449.474523173,479.989703905,521.418625263
364.840359631,-462.324697373,-502.166740387
449.515438788,480.614453138,521.379691379
364.779222807,-463.100766397,-502.31817791
449.547912467,481.110747204,521.348723512
364.730678439,-463.717551467,-502.438378517
449.574029367,481.510147453,521.323779128
364.691622816,-464.214108458,-502.535057943
449.595241277,481.83459057,521.303511408
364.659893069,-464.617625716,-502.613596297
449.612425952,482.097401785,521.287096732
364.634181445,-464.944605545,-502.677240751
449.62636443,482.310553289,521.27378495
364.613322819,-465.209874791,-502.728873274
449.637482864,482.480568443,521.263168111
364.596681791,-465.421508529,-502.770066442
449.645862711,482.608700904,521.255167227
364.584138137,-465.581035077,-502.80111734
449.652099963,482.704068356,521.249212574
364.574800867,-465.699784488,-502.824231284
449.656834513,482.776457517,521.244692836
364.567712694,-465.789930797,-502.841777821
449.66074778,482.836288302,521.240957315
364.56185377,-465.86444398,-502.856281471
449.663989388,482.885849058,521.237863078
364.55700024,-465.926170875,-502.868296343
449.666647844,482.926493429,521.235325571
364.553019696,-465.976795302,-502.878150179
449.668790339,482.959249031,521.23328061
364.549811615,-466.017595677,-502.886091809
449.670511413,482.985561465,521.231637924
364.547234491,-466.050371589,-502.892471514
449.671871722,483.006358223,521.230339595
364.545197536,-466.076277657,-502.897514034
449.672885746,483.021860795,521.229371787
364.543679093,-466.095589289,-502.901272973
449.673638887,483.0333749,521.228652979
364.542551294,-466.109932696,-502.904064865
449.674197699,483.041918046,521.228119646
364.54171449,-466.120575232,-502.906136397
449.674602912,483.048112948,521.227732911
364.541107692,-466.128292535,-502.907638543
449.674892281,483.052536818,521.227456738
364.540674366,-466.133803608,-502.908711254
449.67510467,483.055783817,521.227254036
364.540356315,-466.137848602,-502.909498598
449.675293771,483.058674779,521.22707356
364.540073138,-466.141450072,-502.910199612
449.675462527,483.061254709,521.226912501
364.539820426,-466.144664078,-502.910825207
449.675615478,483.063593011,521.226766527
364.539591382,-466.147577079,-502.911392212
449.67572048,483.065198277,521.226666314
364.539434141,-466.149576886,-502.911781468
449.675830578,483.066881447,521.226561238
364.539269269,-466.151673749,-502.912189615
449.675867787,483.067450297,521.226525726
364.539213548,-466.152382412,-502.912327554
0.0,-0.0,-0.0
522.424304699,0.0648188743829,0.111123953092
154.938799019,-205.2824291,233.091717291
516.618765563,18.0922964491,-20.3557496436
199.719409481,-249.716051657,298.749223501
510.625200177,34.8241528762,-41.4676255834
231.04117079,-270.989853159,343.414931898
504.498585377,49.876151962,-63.003768437
255.705258606,-279.386084857,377.444733931
498.295766102,62.8783328773,-84.7359278122
276.257093122,-278.833977647,404.72670748
492.038979223,73.5656510835,-106.558453285
293.929056361,-271.298287913,427.157549064
485.752580904,81.6728847616,-128.359181135
309.42546764,-257.945209548,445.830821457
479.460888791,86.9454785243,-150.026680496
323.16850075,-239.603778067,461.421670537
473.199385761,89.149065822,-171.412581031
335.526855637,-216.759684742,474.487611454
466.960620939,88.0803854463,-192.51610649
346.756833692,-189.778098704,485.421688506
460.739350096,83.5296575925,-213.330307296
356.992651664,-159.059792202,494.462536756
454.564509632,75.3081230276,-233.734163012
366.228611366,-125.454465032,501.733438853
448.539942623,63.4656912754,-253.370901121
374.464350206,-89.8419571114,507.370176847
442.771873076,48.2482860926,-271.887797336
381.803669323,-52.8029710989,511.600432464
437.289574201,29.9440093503,-289.199022739
388.440758876,-14.2456478675,514.666735467
432.031373625,8.54233774997,-305.505958348
394.550573515,25.9688132855,516.77919913
426.918907475,-16.0577749006,-321.066223332
400.156829889,67.1101350581,518.081895297
421.981199615,-43.4345299934,-335.816948573
405.276559728,108.505200304,518.69940344
417.250984264,-73.0947925546,-349.685824872
409.924323864,149.509135931,518.747972244
412.761565331,-104.462723375,-362.603925153
414.133823359,189.534513997,518.362301837
408.524672881,-136.929825731,-374.582167138
417.924024352,227.974718146,517.657324
404.562398312,-169.795493113,-385.60041971
421.314905528,264.338075751,516.730944601
400.892417776,-202.386763444,-395.649432048
424.337475867,298.330939206,515.668056745
397.516147768,-234.169310593,-404.765311789
426.998480391,329.488077976,514.548008078
394.457921169,-264.419967081,-412.919840374
429.304834374,357.443702277,513.4355562
391.739405785,-292.474797161,-420.087969794
431.286971004,382.197956493,512.370811535
389.350706482,-318.037701056,-426.323500049
432.995622606,404.115582503,511.366383474
387.251412587,-341.232679387,-431.752642054
434.484573254,423.68027588,510.421374392
385.390793295,-362.379931539,-436.522986356
435.775352855,441.005842184,509.547406647
383.753624341,-381.454213993,-440.687444507
436.879055018,456.097856518,508.758487542
382.335500123,-398.334784659,-444.269374759
437.804104348,468.951759784,508.066610282
381.133708799,-412.905961414,-447.286059297
438.573108573,479.777265976,507.470578931
380.125313022,-425.317206673,-449.804367174
439.211469709,488.860352888,506.96136399
379.281699176,-435.829505526,-451.90215571
439.74403094,496.508110984,506.526013074
378.573314679,-444.750030405,-453.657082547
440.184573597,502.882998799,506.158591734
377.984141577,-452.23437955,-455.112095357
440.546674527,508.154141562,505.851881768
377.497695894,-458.45666688,-456.310436545
440.842834636,512.483863196,505.598247084
377.098363037,-463.591183875,-457.292407324
441.083078428,516.009245765,505.390526429
376.773447319,-467.787337287,-458.09012701
441.276070585,518.851143088,505.222174382
376.511798726,-471.179760538,-458.731572449
441.429384192,521.115583827,505.087409402
376.303537572,-473.889001335,-459.241485642
441.552247248,522.935867164,504.978570635
376.136379756,-476.070490302,-459.65023083
441.649586594,524.382579786,504.891655247
376.003782423,-477.806348695,-459.974036061
441.72372065,525.487739647,504.824959356
375.902697649,-479.133474807,-460.220574265
441.779380747,526.319287864,504.774615185
375.826747039,-480.13268176,-460.405644042
441.821683292,526.952027527,504.736240244
375.768991326,-480.893435288,-460.546307126
441.855257471,527.454670216,504.705714614
375.723132737,-481.498042636,-460.657951656
441.882259273,527.859179864,504.68112514
375.686238611,-481.984792161,-460.747746886
441.904189777,528.187771882,504.661145662
375.656265374,-482.380337711,-460.820692081
441.921956541,528.453941749,504.644964789
375.631977405,-482.700856913,-460.879804094
441.936367101,528.669815999,504.631842799
375.612273921,-482.960884182,-460.927759573
441.947862075,528.842002041,504.621377461
375.596554593,-483.168335416,-460.966019137
441.956525696,528.971770109,504.613490824
375.584705771,-483.324709006,-460.994858714
441.962974156,529.068354649,504.60762124
375.575885763,-483.44111126,-461.016326573
441.967869023,529.141667492,504.603166097
375.569190282,-483.529475694,-461.032623511
441.971914793,529.202261613,504.599483978
375.563655963,-483.602515961,-461.046094264
441.975266159,529.252454607,504.596433986
375.559071346,-483.663022656,-461.057253481
441.978014626,529.293617425,504.593932771
375.555311354,-483.712646329,-461.066405562
441.980229662,529.326790816,504.591917062
375.552281029,-483.752640139,-461.073781617
441.982009008,529.353438838,504.590297876
375.549846704,-483.784768108,-461.079706981
441.983415373,529.374500825,504.589018123
375.547922619,-483.810162036,-461.08439039
441.984463729,529.390201101,504.588064164
375.546488316,-483.82909189,-461.08788163
441.985242369,529.40186204,504.587355642
375.545423011,-483.843151736,-461.090474694
441.9858201,529.41051413,504.586829941
375.544632577,-483.853583873,-461.092398698
441.986239033,529.416788031,504.58644874
375.544059403,-483.861148608,-461.093793866
441.986538199,529.421268313,504.58617652
375.543650089,-483.866550729,-461.094790182
441.986757778,529.424556718,504.585976718
375.543349663,-483.870515755,-461.095521454
441.986953281,529.427484545,504.585798825
375.543082177,-483.874046024,-461.096172544
441.987127751,529.430097373,504.585640071
375.542843469,-483.877196491,-461.096753586
441.98728588,529.432465492,504.585496186
375.542627118,-483.880051902,-461.097280212
441.987394437,529.434091228,504.585397408
375.54247859,-483.882012173,-461.097641746
441.987508263,529.435795862,504.585293836
375.542322853,-483.884067581,-461.098020826
441.987546732,529.436371965,504.585258832
375.54227022,-483.884762234,-461.098148942
0.0,-0.0,-0.0
522.424304699,0.0648188743829,0.111123953092
155.493519907,-182.958359947,231.277918639
516.561436054,16.2706880553,-20.3718150183
200.030141504,-219.605156987,295.540155807
510.572981042,30.8002875169,-41.2459158141
230.968488241,-234.654517369,338.772909758
504.5149531,43.2928255699,-62.2878980127
255.297205714,-237.654837677,371.521477564
498.409460286,53.4899052227,-83.3937688
275.524698389,-232.166182913,397.593186709
492.28062873,61.1336783695,-104.453564023
292.876535004,-219.99885217,418.861295404
486.152483737,65.9774067076,-125.358388898
308.029440615,-202.296303331,436.381689423
480.059836427,67.7954252079,-145.964173305
321.501074845,-179.720441164,450.933454974
473.995659172,66.3907703023,-166.269386053
333.635653085,-152.74292707,463.040815366
467.955107841,61.5605811413,-186.266524554
344.619319173,-121.830656741,473.020513602
461.966504757,53.1250442661,-205.838636013
354.474830778,-87.885745072,481.041372672
456.130566655,41.1435039823,-224.643878314
363.223463125,-51.8248139616,487.273321359
450.549819834,25.8677678069,-242.346207346
370.991302266,-14.2586562667,491.97770777
445.251953227,7.58597768756,-258.866501986
377.994606103,24.8910411272,495.427597552
440.176767844,-13.7125939989,-274.399565647
384.42492979,65.7483018076,497.856743798
435.248249432,-38.1283895049,-289.193023964
390.312166536,107.55613159,499.421428193
430.494067343,-65.2431116269,-303.189600833
395.678163613,149.622842368,500.255326459
425.94530113,-94.5692415317,-316.323480899
400.541398853,191.289309178,500.481923075
421.633404458,-125.539242357,-328.532624365
404.939715123,231.953411348,500.243564234
417.568978354,-157.555804192,-339.831583263
408.894988441,270.996780552,499.660663304
413.772484798,-189.931989201,-350.205605782
412.429734099,307.920153464,498.835458907
410.260065821,-222.009263336,-359.650188856
415.577605266,342.426168845,497.856811769
407.032265144,-253.26642195,-368.203478415
418.346697405,374.044246826,496.806654301
404.111519612,-282.997105717,-375.843044427
420.745091621,402.405922722,495.751686827
401.517671691,-310.553748838,-382.549168306
422.805138755,427.514087562,494.734068617
399.240471387,-335.650221357,-388.375478647
424.580084375,449.741264372,493.768467986
397.240711615,-358.412166094,-393.442479866
426.126161193,469.579668721,492.855858616
395.469540762,-379.156825025,-397.889915117
427.465985591,487.145724058,492.008870533
393.912050732,-397.86185986,-401.768745483
428.611276397,502.445858555,491.242192395
392.563691856,-414.410978647,-405.102136888
429.570938064,515.476105014,490.568351089
391.4215732,-428.692621232,-407.907382296
430.368547707,526.449406001,489.986917131
390.463640995,-440.854826718,-410.247704162
431.030539436,535.655979124,489.489550914
389.662522965,-451.15448652,-412.196192551
431.582735354,543.407383329,489.063886182
388.990019812,-459.893361132,-413.825471582
432.039465774,549.868439261,488.704341235
388.430827958,-467.224462118,-415.175787329
432.414835433,555.210645058,488.40402121
387.969231167,-473.318770021,-416.287554456
432.721823426,559.598567835,488.155568684
387.590361862,-478.347300462,-417.198366897
432.970834586,563.171241498,487.952018703
387.282139377,-482.456581282,-417.938130243
433.17085926,566.051220344,487.786989478
387.033961756,-485.778600727,-418.532865928
433.32975289,568.345987338,487.654844282
386.836440961,-488.431505479,-419.00557539
433.457083452,570.19065792,487.548086725
386.677915331,-490.567558124,-419.384443256
433.557959548,571.656775926,487.462803989
386.5521728,-492.267211791,-419.684537734
433.634785627,572.776783648,487.397339125
386.456318118,-493.566626586,-419.912993622
433.692466004,573.619515407,487.347912657
386.384299659,-494.544951756,-420.084473445
433.736303478,574.260766851,487.310232686
386.329535536,-495.289797413,-420.214800184
433.771095565,574.770172397,487.280257112
386.286053179,-495.881756256,-420.318236308
433.799076657,575.180124792,487.256109183
386.251071345,-496.358319269,-420.401426924
433.821802395,575.513136267,487.236488307
386.222652049,-496.745584941,-420.469005974
433.840213321,575.782883661,487.220598266
386.199623518,-497.059393627,-420.523769393
433.855146302,576.001658002,487.207712338
386.180941907,-497.313976083,-420.568196908
433.86705796,576.176156271,487.19743542
386.166037928,-497.51708292,-420.603641758
433.876035611,576.307666401,487.189690859
386.154803755,-497.670181478,-420.630359606
433.882717795,576.405547225,487.183927064
386.146441313,-497.784145684,-420.650248054
433.88779007,576.479843842,487.179552242
386.140093199,-497.870659229,-420.665346001
433.891982469,576.541250953,487.175936527
386.134846019,-497.942169529,-420.677825683
433.895455294,576.592117306,487.17294155
386.130499275,-498.001408755,-420.688163888
433.898303368,576.633832287,487.17048546
386.126934378,-498.049992904,-420.696642624
433.900598677,576.667450635,487.168506122
386.12406129,-498.089148899,-420.703475999
433.902442505,576.694456067,487.166916156
386.12175328,-498.12060382,-420.708965415
433.903899836,576.715800529,487.1656595
386.119929035,-498.145465764,-420.713304248
433.904986183,576.731711361,487.164722759
386.118569158,-498.163999047,-420.716538625
433.905793041,576.743528681,487.164027025
386.117559134,-498.177764344,-420.718940907
433.906391708,576.752296799,487.163510814
386.116809715,-498.18797793,-420.720723354
433.906825822,576.758654834,487.163136494
386.116266285,-498.195384185,-420.722015874
433.907135829,576.763195198,487.162869188
386.115878211,-498.200673131,-420.722938887
433.907363366,576.766527699,487.162672993
386.115593374,-498.20455509,-420.723616357
433.907565954,576.769494788,487.162498311
386.115339769,-498.2080114,-420.724219544
433.907746746,576.772142654,487.162342424
386.115113448,-498.211095864,-420.724757836
433.907910605,576.774542528,487.162201136
386.114908323,-498.213891454,-420.725245716
433.908023096,576.776190065,487.162104141
386.114767503,-498.215810658,-420.72558065
433.908141047,576.777917557,487.162002438
386.114619848,-498.217823004,-420.72593184
433.90818091,576.778501385,487.161968067
386.114569946,-498.218503104,-420.72605053
0.0,-0.0,-0.0
522.424304699,0.0648188743829,0.111123953092
155.432943272,-158.419272246,228.112117273
516.567715229,14.1253049978,-20.1318368179
199.585762443,-186.695212093,290.678173951
510.647610439,26.1631471871,-40.5165530763
230.206378138,-195.28878106,332.52265937
504.685935289,35.9263242006,-60.9406780079
254.224223103,-192.673448908,363.995646398
498.70655564,43.1640248956,-81.2963985273
274.141224639,-182.059348703,388.857218556
492.733177365,47.6369469835,-101.477278059
291.153503651,-165.155747476,408.930596454
486.799934925,49.127602856,-121.343362694
306.044518737,-142.903877835,425.386038831
480.900158269,47.4451691622,-140.892430928
319.303394063,-115.930032377,438.961459468
475.029333157,42.393509002,-160.116477066
331.198248572,-84.7912688594,450.095055177
469.215157085,33.8012175436,-178.902407626
341.796817435,-50.4563746839,459.025190602
463.555383629,21.7358464996,-196.922469672
351.152878948,-13.8863209088,465.971459411
458.149077368,6.45386700934,-213.856312455
359.423086383,24.2730797219,471.24060111
453.022464996,-11.7569730359,-229.631059875
366.852138019,64.0846727289,475.144971204
448.116729359,-32.9071888502,-244.435243888
373.652449389,105.655553201,477.947967672
443.358030233,-57.0960210651,-258.507010358
379.862080106,148.19888414,479.821213967
438.772781197,-83.9089351865,-271.794267349
385.509168632,191.002870078,480.909675719
434.390545748,-112.864259802,-284.237225812
390.617238823,233.393333406,481.34569277
430.241100765,-143.4029242,-295.780237824
395.229270478,274.752531039,481.280734845
426.334047176,-174.938695808,-306.44116818
399.370756504,314.449853081,480.841705922
422.688403363,-206.798227612,-316.210226297
403.067320607,351.978391783,480.135939603
419.318969267,-238.337277382,-325.087291292
406.355777353,387.037292553,479.256927988
416.225556911,-269.047506829,-333.11235773
409.245881315,419.150695459,478.289594219
413.428953469,-298.239269627,-340.26838267
411.747132529,447.947738869,477.302882282
410.947426902,-325.28128697,-346.540629119
413.894111883,473.434662864,476.341334428
408.770481241,-349.897161697,-351.982563078
415.742931661,495.99264256,475.42203366
406.860056013,-372.213817097,-356.70934238
417.35259583,516.123211579,474.54815246
405.169036975,-392.545155963,-360.853352678
418.746960226,533.945724918,473.733492457
403.682840325,-410.87159403,-364.463735926
419.938462015,549.467623945,472.993527735
402.396823738,-427.081218071,-367.56349229
420.936556887,562.685655769,472.341398802
401.307968584,-441.066543327,-370.169941336
421.765911868,573.816254038,471.777571556
400.39503668,-452.974032238,-372.342890387
422.454115897,583.154191804,471.294520588
399.63178305,-463.056309631,-374.150959073
423.028083304,591.015814984,470.880576863
398.991228796,-471.609553634,-375.662048
423.502757486,597.568476161,470.530575973
398.458716977,-478.784096259,-376.913869276
423.892831399,602.986208449,470.238006952
398.019222357,-484.747690058,-377.944182566
424.211816183,607.435971219,469.995844553
397.658547386,-489.667985946,-378.788038416
424.470539497,611.058882656,469.797360192
397.365162168,-493.68856321,-379.473263237
424.678353442,613.979310873,469.636369635
397.128954631,-496.938703723,-380.02404118
424.84342686,616.306287187,469.507410709
396.940975512,-499.534098054,-380.461737327
424.97570468,618.176859028,469.403186398
396.79011736,-501.62377224,-380.812486266
425.080497052,619.663588127,469.319892761
396.67046273,-503.28647466,-381.090265301
425.160303866,620.799367505,469.255929125
396.579252513,-504.557609848,-381.30170303
425.220221102,621.653979201,469.207622558
396.510725631,-505.51462665,-381.460392687
425.265758,622.304272475,469.170790967
396.458617745,-506.243240126,-381.58099132
425.301898483,622.820862023,469.141487048
396.41724515,-506.822293005,-381.676702018
425.330963766,623.236596076,469.117878371
396.383961099,-507.288462389,-381.753676598
425.354569909,623.574302049,469.09869545
396.356921391,-507.667279863,-381.81620516
425.37369398,623.847849437,469.083160554
396.33501096,-507.974241563,-381.866875732
425.38920532,624.069704102,469.070562868
396.317236527,-508.223268452,-381.907982732
425.401578278,624.246658224,469.060516002
396.303056368,-508.421942504,-381.940778357
425.410903578,624.380018586,469.052944903
396.29236784,-508.571699387,-381.965499205
425.417844508,624.47927616,469.047310258
396.28441159,-508.683175926,-381.983901085
425.423113182,624.554617605,469.043033495
396.278371842,-508.767800912,-381.997870517
425.427467906,624.616888151,469.039498843
396.273379559,-508.837750103,-382.009417379
425.431075191,624.66846964,469.036571028
396.269243978,-508.895696059,-382.018982827
425.434033534,624.710771037,469.034170024
396.265852266,-508.943219522,-382.026827792
425.436417709,624.744861943,469.032235085
396.263118759,-508.981520647,-382.033150382
425.438332923,624.772246953,469.030680788
396.260922878,-509.012288817,-382.038229468
425.439846675,624.793891408,469.029452326
396.259187262,-509.036607947,-382.042243977
425.44097508,624.810025856,469.028536603
396.257893454,-509.054736585,-382.045236585
425.441813175,624.822009255,469.027856481
396.2569325,-509.068201336,-382.047459298
425.442435019,624.830900596,469.027351853
396.256219493,-509.078191921,-382.049108508
425.442885939,624.837347983,469.026985933
396.255702464,-509.085436469,-382.050304412
425.443207948,624.841952153,469.026724625
396.255333245,-509.090609937,-382.05115843
425.443444294,624.845331486,469.026532833
396.255062247,-509.094407137,-382.051785259
425.443654725,624.848340271,469.026362071
396.254820964,-509.097787982,-382.052343357
425.443842516,624.851025347,469.026209682
396.254605639,-509.1008051,-382.052841412
425.444012719,624.853458946,469.026071565
396.25441048,-509.103539651,-382.053292823
425.444129565,624.855129635,469.025976746
396.254276501,-509.10541695,-382.053602721
425.444252082,624.856881403,469.025877326
396.254136021,-509.107385359,-382.053927659
425.444293488,624.857473436,469.025843726
396.254088543,-509.10805061,-382.054037477
0.0,-0.0,-0.0
522.424304699,0.0648188743829,0.111123953092
154.786903235,-131.709936822,223.68706182
516.634396872,11.7049897731,-19.6543982875
198.622728739,-151.277098056,284.570271952
510.808218561,21.0923148996,-39.4369719434
228.931492754,-153.121406179,324.989264975
504.969355557,27.9826252596,-59.1308706209
252.636759118,-144.653524051,355.154334638
499.141178487,32.1436148035,-78.632023051
272.207657438,-128.777513735,378.743897521
493.357153542,33.3653912904,-97.8043836127
288.961246483,-106.920104385,397.703715276
487.610911545,31.4630575032,-116.645120956
303.645853037,-79.9448337489,413.148765478
481.898208778,26.2469425373,-135.145794325
316.66676117,-48.5357675217,425.717200947
476.246122563,17.5534489949,-153.196951195
328.165448904,-13.7480221638,435.757940365
470.749626485,5.45708574166,-170.484004789
338.245905073,23.4036155695,443.565096948
465.504573284,-9.7822180107,-186.701216695
347.107815041,62.232644704,449.508160062
460.535852742,-27.8775224866,-201.781466724
355.03328559,102.784487951,453.950948787
455.78593691,-48.8387597703,-215.907387436
362.261373168,145.147040813,457.194529064
451.182987164,-72.7634491809,-229.308254292
368.841083874,188.500360676,459.430067616
446.752264603,-99.2410509847,-241.936736
374.808865114,232.111179294,460.816705316
442.521955405,-127.795921999,-253.738575656
380.194798152,275.289722479,461.497723761
438.520327746,-157.877542205,-264.663984116
385.048282235,317.401886797,461.635544506
434.756102855,-188.910549892,-274.733800524
389.399332764,357.804554798,461.364798742
431.247027025,-220.234971217,-283.942736485
393.277400613,395.983345318,460.798836234
428.006731298,-251.220561391,-292.29463974
396.723093004,431.634320601,460.03656536
425.034417584,-281.371448171,-299.831130015
399.748207919,464.27657698,459.166381355
422.349441543,-310.014375708,-306.540070112
402.363975498,493.537284653,458.259827172
419.96871542,-336.534024504,-312.41126627
404.607571163,519.426744314,457.364213021
417.881581934,-360.663337316,-317.497986431
406.538372982,542.335719095,456.49943997
416.051059311,-382.530128213,-321.910416504
408.218514507,562.77588579,455.67124689
414.431627638,-402.444626215,-325.774122006
409.673263439,580.869870036,454.89479165
413.009025212,-420.389789595,-329.136546748
410.915881355,596.626308947,454.186451034
411.778555602,-436.257919414,-332.020523708
411.956456382,610.042804193,453.560068995
410.737111733,-449.945468371,-334.443386309
412.820877181,621.339541614,453.017149457
409.864202384,-461.597179601,-336.461778301
413.538020116,630.816156488,452.551118395
409.134601005,-471.461300006,-338.14018556
414.136013302,638.794087466,452.151126413
408.522424662,-479.828343992,-339.542144226
414.630482133,645.443382453,451.812497464
408.013598942,-486.845910789,-340.703024168
415.036772281,650.940763123,451.529171016
407.593718088,-492.678482669,-341.658131573
415.368984268,655.455721212,451.294512714
407.249183453,-497.490314026,-342.440167187
415.638413751,659.131584477,451.102074412
406.968956767,-501.422016327,-343.075037651
415.854812833,662.0946415,450.945906701
406.743362546,-504.600151168,-343.585230823
416.026696607,664.455559597,450.820754591
406.563842026,-507.137941809,-343.990600763
416.164425945,666.353425573,450.719558718
406.419780013,-509.181168535,-344.315389336
416.273533426,667.861875328,450.638644699
406.305520812,-510.806869524,-344.57256657
416.356624332,669.014276899,450.576478361
406.218426396,-512.049690056,-344.768293487
416.419005961,669.88140989,450.529513267
406.152993439,-512.985373896,-344.915175782
416.466415084,670.541233161,450.493698175
406.10323915,-513.697737265,-345.026793908
416.504041029,671.065394587,450.46519917
406.063735862,-514.263870419,-345.115372923
416.534300688,671.487222424,450.442236822
406.031956045,-514.719635382,-345.18660923
416.558876692,671.829876156,450.423578813
406.006138619,-515.089995978,-345.244475474
416.578786358,672.107428332,450.408469539
405.985218776,-515.39010366,-345.291367745
416.594934807,672.332529203,450.396217272
405.968248049,-515.633569282,-345.329409406
416.607815919,672.512071347,450.386446077
405.954709145,-515.827806001,-345.359759384
416.617524176,672.647381467,450.379082827
405.944504014,-515.974217785,-345.382636688
416.62475013,672.748089822,450.373602931
405.936907615,-516.08320411,-345.399666229
416.630235148,672.824532261,450.369443661
405.93114105,-516.165938602,-345.412593859
416.63476868,672.887712649,450.366006136
405.926374581,-516.234325085,-345.423279578
416.63852408,672.940047702,450.363158789
405.922426069,-516.290976448,-345.432131644
416.641603889,672.982967022,450.360823785
405.919187781,-516.33743814,-345.439391536
416.644085953,673.017555872,450.358942041
405.916577927,-516.374883519,-345.445242586
416.6460798,673.045340849,450.357430479
405.914481382,-516.404964237,-345.449942872
416.647655702,673.06730141,450.356235797
405.91282428,-516.428739996,-345.453657975
416.648830436,673.083671484,450.355345255
405.911589001,-516.446463576,-345.456427391
416.649702939,673.095829881,450.354683836
405.91067152,-516.459627473,-345.458484331
416.650350314,673.104851063,450.354193086
405.909990767,-516.46939483,-345.46001054
416.650819747,673.111392599,450.353837229
405.909497129,-516.476477505,-345.461117252
416.651154977,673.116064002,450.353583108
405.909144613,-516.481535377,-345.461907576
416.651401026,673.119492682,450.353396591
405.908885874,-516.485247732,-345.462487655
416.651620096,673.122545402,450.353230526
405.908655506,-516.488553035,-345.46300413
416.651815597,673.125269687,450.353082328
405.908449922,-516.491502737,-345.463465039
416.651992788,673.127738822,450.352948009
405.908263593,-516.494176186,-345.463882782
416.652114431,673.129433907,450.352855799
405.908135675,-516.496011539,-345.464169568
416.652241978,673.131211254,450.352759113
405.908001549,-516.497935965,-345.464470272
416.652285084,673.131811932,450.352726437
405.90795622,-516.498586351,-345.464571899
0.0,-0.0,-0.0
522.424304699,0.0648188743829,0.111123953092
153.903149691,-103.30741518,218.566037024
516.724774087,9.13441253362,-19.0735754332
197.356872032,-113.667737357,277.594361069
511.017001387,15.7356742916,-38.1514043453
227.315228262,-108.428197579,316.486801013
505.324015974,19.6428121476,-57.0205495538
250.64358961,-93.9157457136,345.231897794
499.678634947,20.65290954,-75.5486465934
269.945441033,-72.5305205387,367.618082688
494.074741785,18.5867356791,-93.7323410095
286.489599583,-45.5280406324,385.505848641
488.508313886,13.2607779774,-111.562832418
300.929451008,-13.7780167012,399.888788875
483.005825156,4.51860462575,-128.93408144
313.533491852,21.5508822356,411.300954818
477.659663931,-7.55955291168,-145.543695053
324.486141235,59.378650887,420.152677151
472.56272574,-22.7114621056,-161.099413671
334.04962263,98.9721125599,426.902905595
467.738687543,-40.6513694023,-175.539373572
342.556503217,140.35782438,431.984403691
463.131218098,-61.3882968148,-189.040720515
350.28055077,183.602453525,435.746912049
458.670313317,-85.0175981741,-201.824524068
357.285679693,227.849756854,438.406901195
454.380185309,-111.132917624,-213.847785917
363.619449056,272.344027326,440.141552089
450.287777496,-139.26475934,-225.061277408
369.320546424,316.379801262,441.107817891
446.42000827,-168.871153663,-235.42052054
374.446463285,359.306219503,441.481365321
442.784829126,-199.387312274,-244.948989015
379.032907982,400.467734896,441.406086765
439.398869834,-230.166290559,-253.645424014
383.114068843,439.342984796,441.00247311
436.274746494,-260.591410009,-261.517211072
386.735121679,475.625624443,440.375784609
433.411154189,-290.178745618,-268.607361379
389.910387975,508.830160557,439.618464639
430.826208338,-318.270922767,-274.908128771
392.653211507,538.582413204,438.805078085
428.535654774,-344.268058057,-280.413384812
395.003789124,564.897597896,437.986147819
426.528739418,-367.911927867,-285.176145813
397.025216299,588.177095859,437.184849243
424.769484881,-389.330843598,-289.302009595
398.78315461,608.943602038,436.4098981
423.213825227,-408.831082943,-292.910283314
400.304478209,627.323388805,435.678015926
421.847811242,-426.39789844,-296.046829881
401.603394064,643.326501282,435.006614254
420.666720702,-441.927576245,-298.734301246
402.690715179,656.951559239,434.410341334
419.667387666,-455.320304873,-300.990019057
403.593695622,668.422767695,433.891895698
418.830000669,-466.718985438,-302.867725551
404.342642123,678.044928917,433.445804553
418.130249331,-476.367434837,-304.428129149
404.96702658,686.144873314,433.062171435
417.543231615,-484.550501699,-305.730784318
405.483230251,692.895504466,432.736886028
417.055395849,-491.413036245,-306.808922199
405.907320223,698.476380857,432.464410418
416.652889883,-497.116254355,-307.695611014
406.254047208,703.059660451,432.23856474
416.322648921,-501.821031035,-308.421409664
406.535222642,706.791000808,432.053229036
416.054072409,-505.665033319,-309.01047634
406.761038994,709.79871267,431.902729079
415.837873033,-508.77212818,-309.483754522
406.940392185,712.195182106,431.782052308
415.665838822,-511.253096791,-309.859722716
407.084099935,714.121636051,431.684418329
415.527790984,-513.250513035,-310.160900644
407.197939162,715.652837312,431.606304628
415.418305927,-514.839725004,-310.399341724
407.284631,716.822651579,431.546254555
415.334853084,-516.054626383,-310.580781239
407.34971464,717.70290209,431.500869652
415.272157402,-516.969277095,-310.716926293
407.399176427,718.372709159,431.466252182
415.224485306,-517.665619615,-310.820377986
407.438430948,718.904803024,431.438701659
415.186635709,-518.219015844,-310.902471893
407.470000022,719.333014777,431.416501001
415.156186581,-518.664523916,-310.968490229
407.49563928,719.680851632,431.398461585
415.131450396,-519.026547674,-311.02211691
407.516410177,719.962598865,431.383853854
415.11140682,-519.319898655,-311.06557347
407.533257065,720.191100026,431.372008598
415.095147035,-519.557881999,-311.100827735
407.546695241,720.373352939,431.362562216
415.082175364,-519.747744429,-311.128953819
407.556823313,720.510705235,431.355443856
415.072397827,-519.890858646,-311.150154736
407.564361719,720.612933107,431.350146284
415.065119735,-519.997390147,-311.165936369
407.5700839,720.690528687,431.346125438
415.059594814,-520.078261016,-311.177916659
407.574813448,720.754661996,431.342802344
415.055028087,-520.145107005,-311.187819314
407.578731214,720.807786287,431.340049798
415.051245045,-520.200482178,-311.196022683
407.581944176,720.851352777,431.337792549
415.048142468,-520.245897194,-311.202750548
407.584533549,720.886463135,431.335973475
415.04564199,-520.282498994,-311.208172814
407.586613596,720.914667005,431.334512259
415.04363331,-520.311902033,-311.212528645
407.588257627,720.936958629,431.333357372
415.042045657,-520.335142148,-311.21597149
407.589483146,720.953575475,431.332496495
415.040862149,-520.352466428,-311.218537951
407.59039337,720.965917149,431.331857111
415.03998312,-520.36533375,-311.220444148
407.591068732,720.975074314,431.33138271
415.039330899,-520.374881052,-311.22185851
407.591558458,720.981714454,431.331038709
415.03885795,-520.381804156,-311.222884117
407.59190818,720.98645627,431.330793055
415.038520208,-520.386748075,-311.223616522
407.592164866,720.989936631,431.330612751
415.038272313,-520.390376791,-311.224154089
407.592393407,720.993035365,431.330452219
415.0380516,-520.393607626,-311.224632714
407.592597359,720.995800712,431.330308958
415.037854633,-520.396490872,-311.225059846
407.59278221,720.998307064,431.330179115
415.037676112,-520.399104088,-311.225446974
407.592909113,721.000027698,431.330089977
415.037553556,-520.40089809,-311.225712743
407.593042173,721.001831835,431.329996513
415.037425052,-520.402779159,-311.225991409
407.593087143,721.002441566,431.329964926
415.037381622,-520.403414892,-311.226085589
0.0,-0.0,-0.0
522.424304699,0.0648188743829,0.111123953092
152.776022369,-73.1925153219,212.777913164
516.838639796,6.43222223381,-18.3951331784
195.79276467,-73.8670849563,269.79721139
511.271352309,10.1402160676,-36.6785952919
225.32045559,-61.2864014202,307.014691112
505.754634293,10.9922564596,-54.610356824
248.362595656,-40.4504323175,334.418055411
500.282582412,8.81451402556,-72.1866239531
267.44874949,-13.3471308268,355.642652127
494.851355475,3.42932192062,-89.3983103522
283.737331858,18.8677029013,372.392291529
489.486846546,-5.31321087866,-106.14257204
297.732876525,54.8735219477,385.536131747
484.2790452,-17.3282897802,-122.128277757
309.755958896,93.5121598136,395.676378949
479.318127516,-32.3524453482,-137.075563639
320.164009124,133.998305733,403.405464911
474.626671413,-50.1014486976,-150.92735223
329.360284435,176.339663413,409.25182664
470.149457046,-70.5831211018,-163.855707833
337.665208921,220.580393808,413.629885996
465.818163764,-93.890266382,-176.074141087
345.16351807,265.824984223,416.7897331
461.656050196,-119.620872913,-187.543585908
351.917944323,311.294964107,418.932023677
457.688938634,-147.311677279,-198.219367532
357.978672345,356.269745016,420.231126519
453.942538879,-176.429220921,-208.061801855
363.413561367,400.081774219,420.87897568
450.424127977,-206.418966167,-217.096680635
368.265585553,442.063590076,421.030722779
447.149353353,-236.64661344,-225.326328666
372.574869526,481.687749494,420.815442324
444.129947004,-266.50857777,-232.76126073
376.3921525,518.64652577,420.34591813
441.364181846,-295.532333706,-239.445658285
379.734900743,552.450547001,419.719366749
438.869093999,-323.075815299,-245.375672366
382.619061511,582.725132184,419.013904356
436.659420594,-348.553983815,-250.548777516
385.088376208,609.49147654,418.283805137
434.724358743,-371.71691278,-255.017681547
387.210195367,633.162796486,417.556058063
433.028863274,-392.69303424,-258.883757398
389.054175711,654.273816144,416.842833859
431.53019435,-411.784437664,-262.260589711
390.649028665,672.954900525,416.162661528
430.214702192,-428.978415366,-265.192568883
392.010051173,689.217760467,415.534143329
429.077659132,-444.17498861,-267.702148013
393.148891364,703.062232116,414.97285061
428.115862188,-457.277858397,-269.806607883
394.094334431,714.716841865,414.482855714
427.310118532,-468.427976441,-271.557038922
394.878280485,724.491897006,414.059957133
426.636943463,-477.864708606,-273.010713583
395.531692469,732.719947703,413.695361768
426.072315062,-485.867274112,-274.223572567
396.071791334,739.576929672,413.38561245
425.603151753,-492.577776563,-275.226903568
396.515443131,745.245399754,413.125775079
425.216097463,-498.154191537,-276.051744255
396.878117141,749.900327087,412.91019556
424.898564721,-502.754054742,-276.726712171
397.172194203,753.689829137,412.733135599
424.640343944,-506.5121317,-277.274382192
397.408352345,756.744348438,412.589241246
424.43249412,-509.549638372,-277.714300017
397.595906956,759.178078578,412.473781681
424.26711235,-511.974955563,-278.063699481
397.746178181,761.134494249,412.380301458
424.134408203,-513.927511844,-278.343543175
397.865211699,762.689541493,412.305454762
424.029164673,-515.480996811,-278.565055604
397.955856166,763.877607799,412.247874747
423.948946916,-516.668565382,-278.733586782
398.023905543,764.771608901,412.204334793
423.888682836,-517.562626498,-278.860031389
398.075620242,765.451881583,412.171115814
423.84286034,-518.243286874,-278.956105389
398.116662156,765.992290685,412.144672982
423.806479661,-518.784215988,-279.032340654
398.149668296,766.427194362,412.123361934
423.777212512,-519.219684765,-279.093645143
398.176474437,766.780464179,412.106044992
423.753436715,-519.573548685,-279.143441883
398.198190486,767.066608412,412.092022986
423.734171451,-519.860286468,-279.183794692
398.215803862,767.298673384,412.080653035
423.718543125,-520.092904007,-279.216530882
398.229853368,767.483767318,412.071585951
423.706075266,-520.278485101,-279.24264795
398.240442146,767.623259855,412.064753552
423.696677511,-520.41837184,-279.262334456
398.248323438,767.727080175,412.059668877
423.689682134,-520.5225007,-279.276988759
398.254305879,767.805884222,412.055809663
423.684371835,-520.601547565,-279.288113243
398.259250532,767.871016161,412.052620183
423.679982514,-520.666885813,-279.297308498
398.263346476,767.924967536,412.04997833
423.676346438,-520.721011932,-279.304925848
398.266705559,767.969212224,412.04781187
423.673364394,-520.765402528,-279.311173096
398.26941269,768.00486909,412.046065969
423.67096106,-520.801178688,-279.316208008
398.27158733,768.03351193,412.044663538
423.669030418,-520.82991846,-279.320252667
398.273306125,768.056150483,412.043555115
423.667504448,-520.852634321,-279.32344956
398.274587375,768.073025928,412.042728877
423.666366921,-520.869567794,-279.325832677
398.275538991,768.085559662,412.04211522
423.665522044,-520.882144848,-279.327602697
398.276245065,768.094859326,412.041659908
423.664895163,-520.891476774,-279.328916018
398.276757062,768.101602794,412.041329749
423.664440589,-520.898243702,-279.329868356
398.277122687,768.106418397,412.04109398
423.664115969,-520.903076092,-279.330548439
398.277391046,768.109952915,412.040920932
423.663877706,-520.906622948,-279.331047603
398.277629979,768.113099867,412.04076686
423.663665568,-520.909780899,-279.331492035
398.277843206,768.115908244,412.040629364
423.663476253,-520.912599101,-279.331888653
398.278036463,768.118453596,412.040504746
423.663304669,-520.915153366,-279.332248125
398.278169136,768.120201004,412.040419195
423.663186874,-520.916906897,-279.332494907
398.278308248,768.122033213,412.040329492
423.663063363,-520.918745531,-279.332753666
398.278355262,768.122652432,412.040299176
423.66302162,-520.919366922,-279.332841117
0.0,-0.0,-0.0
522.424304699,0.0648188743829,0.111123953092
151.418554045,-41.3946848734,206.368451382
516.973707642,3.62498431225,-17.6313806767
193.884964017,-31.9859475516,261.158124793
511.576224529,4.36901295076,-35.0129915285
223.093917032,-11.7278659155,296.794712095
506.226132764,2.12820855648,-52.0295533195
245.906763266,15.6695199472,322.896407532
500.919740561,-3.26956470124,-68.6717622492
264.718809281,48.5817486285,342.872398569
495.682386719,-11.9682615024,-84.839759241
280.524923542,85.4870634256,358.270752561
490.601839864,-23.8796061338,-100.252783489
293.894461981,125.13942567,370.035983836
485.765778384,-38.7398686959,-114.642335972
305.338752365,166.700115719,378.971806641
481.195785236,-56.2666415053,-127.955684246
315.364914926,210.162109547,385.745541667
476.837672541,-76.4662847119,-140.360204496
324.358547978,255.548019729,390.860654127
472.624665302,-99.4287185807,-152.062470525
332.434356917,301.921135849,394.61331027
468.579156483,-124.756402778,-163.026973497
339.676312168,348.481266853,397.235523327
464.725957113,-151.992353662,-173.213148181
346.150277649,394.494469112,398.924350372
461.089694069,-180.611543876,-182.585619934
351.937645224,439.277389256,399.892069341
457.677052635,-210.069338465,-191.17220718
357.090808411,482.151885765,400.307747405
454.502814117,-239.743662559,-198.978403723
361.657432957,522.585961776,400.310926275
451.57793816,-269.043517775,-206.017473706
365.695115791,560.27204619,400.023404478
448.900345196,-297.507210352,-212.334566117
369.225281562,594.717965112,399.54809783
446.486128502,-324.507363993,-217.929267123
372.267113189,625.549700767,398.967345156
444.349149015,-349.473145977,-222.802220306
374.868544225,652.795775501,398.339831865
442.478590512,-372.162376748,-227.005773433
377.101825868,676.882706712,397.697003466
440.840270705,-392.703256182,-230.637419342
379.041161617,698.358440989,397.055046442
439.3926591,-411.393489713,-233.80552798
380.717376019,717.357974929,396.434586055
438.1223902,-428.22215742,-236.553120192
382.147030034,733.895002835,395.855600957
437.024745367,-443.092756376,-238.902433492
383.342739249,747.970821155,395.334726609
436.096500682,-455.912266446,-240.870680196
384.335011949,759.818628275,394.87761509
435.319026307,-466.819600006,-242.506535474
385.15752828,769.754620425,394.481529692
434.669582663,-476.049678846,-243.864159091
385.842909584,778.117435597,394.13895076
434.124939072,-483.876161335,-244.99622618
386.409311961,785.086240469,393.847173241
433.672437393,-490.4384232,-245.932265841
386.874488206,790.846770644,393.601958263
433.299167013,-495.8912442,-246.701481591
387.25470324,795.576967236,393.398257462
432.992968271,-500.388879245,-247.330739477
387.562967619,799.427551501,393.230774097
432.743981682,-504.063250665,-247.841187343
387.810495623,802.531218539,393.094524874
432.543576015,-507.032980952,-248.25111186
388.00706536,805.004066905,392.985104559
432.384124605,-509.404104918,-248.576626123
388.164550243,806.991936644,392.896433752
432.256183662,-511.312983251,-248.837291853
388.289291963,808.572018583,392.825370952
432.154720609,-512.831687312,-249.043587698
388.384279746,809.77924844,392.770652785
432.077386114,-513.99265002,-249.200516747
388.455587786,810.687687569,392.729250939
432.019289093,-514.866670869,-249.318242908
388.509777794,811.378948996,392.697652849
431.975114914,-515.532068341,-249.407686265
388.552783467,811.928088925,392.672493968
431.940043265,-516.060864146,-249.478656237
388.587368425,812.37001889,392.652214146
431.911829416,-516.486562744,-249.535724358
388.615456518,812.728992865,392.635734671
431.888909437,-516.832485707,-249.582079128
388.638210901,813.019753282,392.622391577
431.870337731,-517.11278774,-249.6196426
388.656666319,813.255559533,392.611572527
431.855272094,-517.340183493,-249.650115809
388.671387407,813.443635844,392.602945051
431.843253176,-517.521598189,-249.674427384
388.682482293,813.585375039,392.596444075
431.834193838,-517.658344111,-249.692752902
388.690740257,813.690866946,392.591606134
431.827450379,-517.760134851,-249.706394082
388.697008604,813.770939496,392.587934242
431.822331324,-517.8374067,-249.716749463
388.702189555,813.83711966,392.584899608
431.818100084,-517.901277703,-249.725308984
388.706481232,813.891939186,392.582386038
431.814594964,-517.954188318,-249.732399686
388.710000831,813.936895739,392.580324793
431.811720324,-517.997582013,-249.738215006
388.71283732,813.973126238,392.578663692
431.809403551,-518.032554712,-249.742901808
388.715115872,814.002229834,392.577329385
431.807542447,-518.060649035,-249.74666682
388.716916797,814.025232531,392.576274809
431.806071439,-518.082854727,-249.74964268
388.718259268,814.042379406,392.575488711
431.804974884,-518.099407892,-249.751861027
388.719256354,814.055114729,392.574904868
431.804160438,-518.111702476,-249.753508667
388.719996165,814.064563962,392.574471678
431.803556137,-518.120824814,-249.754731184
388.720532626,814.071415885,392.574157561
431.803117936,-518.127439761,-249.755617676
388.720915721,814.076308935,392.573933247
431.802805008,-518.132163618,-249.756250738
388.721196903,814.079900297,392.573768608
431.802575327,-518.135630814,-249.756715389
388.721447253,814.083097859,392.573622022
431.802370831,-518.138717838,-249.757129092
388.721670668,814.085951402,392.573491207
431.802188335,-518.141472745,-249.757498287
388.721873159,814.088537688,392.573372644
431.802022931,-518.143969642,-249.757832906
388.722012171,814.090313198,392.57329125
431.801909379,-518.145683789,-249.758062625
388.722157929,814.092174873,392.573205906
431.801790316,-518.147481128,-249.758303493
388.72220719,814.09280405,392.573177062
431.801750077,-518.148088562,-249.758384897
0.0,-0.0,-0.0
522.424304699,0.0648188743829,0.111123953092
149.74464867,-8.0464654514,199.255052647
517.137179822,0.747282939107,-16.7644716738
191.81907055,11.9137414801,251.945985566
511.899782467,-1.51182367274,-33.2668447731
220.767802405,40.141135535,286.033737038
506.708544423,-6.8794182418,-49.3865354523
243.272762278,74.2283104944,310.713557634
501.588279241,-15.4940983964,-65.0264658251
261.546531939,112.42608413,329.178646354
496.62470296,-27.2651093944,-79.9153984016
276.666698241,153.416940407,343.056595047
491.903202278,-41.9293472247,-93.7952248364
289.414352858,196.323870398,353.513375648
487.444459983,-59.2064800402,-106.61714635
300.458990261,241.140403477,361.430234504
483.195245959,-79.1011720558,-118.544228151
310.281819388,287.874419502,367.438939933
479.090204818,-101.700169845,-129.776698305
319.042323682,335.54903862,371.901262826
475.150944163,-126.610497584,-140.28225631
326.855107305,383.346232461,375.09244539
471.401362773,-153.381462193,-150.024033485
333.807953086,430.522697997,377.239896943
467.865116379,-181.496350565,-158.970515439
340.000308487,476.381670023,378.58189297
464.54837026,-210.420062539,-167.151282245
345.497003138,520.236755775,379.305033918
461.465140443,-239.542300634,-174.574616542
350.355435679,561.5539051,379.561840938
458.625709967,-268.284123396,-181.256184456
354.641775693,600.028007383,379.485060954
456.027704248,-296.19409206,-187.241921241
358.382487594,635.165693849,379.184512082
453.686389997,-322.658873223,-192.534424209
361.600816732,666.595214287,378.74762007
451.61486393,-347.121175486,-197.137107679
364.349701151,694.354154575,378.238300456
449.802322425,-369.346016866,-201.101917254
366.707077261,718.884140147,377.693229667
448.215380197,-389.461040354,-204.522791889
368.752353761,740.747785913,377.133272887
446.81360959,-407.759410307,-207.503363974
370.518801481,760.085386735,376.581496713
445.583913125,-424.231751394,-210.085383563
372.024456973,776.913019701,376.059479189
444.521591321,-438.78477693,-212.29085934
373.283063627,791.23374711,375.585088652
443.623411155,-451.328510571,-214.136911431
374.327077029,803.285858816,375.16579466
442.871255166,-461.999752859,-215.670021937
375.192172652,813.391889653,374.800546149
442.243057033,-471.029011892,-216.941540305
375.912821693,821.896991392,374.483289486
441.716298633,-478.684478819,-218.001201204
376.50822483,828.983792829,374.212183987
441.278703785,-485.102833537,-218.8769479
376.997121586,834.841416556,373.983789027
440.917762631,-490.435718612,-219.596333123
377.396659902,839.650960148,373.793751684
440.621699741,-494.834180329,-220.184648551
377.720548254,843.565912681,373.637283797
440.380969826,-498.427367336,-220.661760657
377.980594344,846.721359069,373.509828972
440.187219413,-501.331376145,-221.044826358
378.187087655,849.235413367,373.40735637
440.033069322,-503.649958853,-221.348953483
378.352511855,851.256413725,373.324219337
439.909385985,-505.516496954,-221.592448391
378.483535202,852.862865301,373.257511331
439.811301895,-507.00148981,-221.785121222
378.583302146,854.090282021,373.206087648
439.736544301,-508.13666788,-221.931663879
378.658195584,855.013930752,373.167147582
439.680384002,-508.99126866,-222.041585543
378.715108942,855.716767994,373.137415895
439.637682897,-509.641876379,-222.125093524
378.760275061,856.275105073,373.113735531
439.603781077,-510.158915502,-222.191350415
378.796596907,856.724436478,373.094643247
439.576508503,-510.575147495,-222.244626533
378.826095262,857.089418869,373.079128161
439.554353311,-510.913376379,-222.287900403
378.84999188,857.385041366,373.066566829
439.536401381,-511.187442806,-222.322967153
378.869373581,857.624787986,373.05638211
439.521838571,-511.409779207,-222.351414783
378.884833429,857.816005245,373.048260802
439.510220827,-511.587157135,-222.374110281
378.896485041,857.960110475,373.042141416
439.501463898,-511.720859975,-222.391217593
378.905157346,858.067362748,373.037587556
439.494945554,-511.820385363,-222.40395194
378.911740188,858.148771145,373.034131333
439.489997392,-511.895937443,-222.413618906
378.917181066,858.216055168,373.031274978
439.485907412,-511.958386873,-222.421609392
378.921688047,858.271788912,373.028909102
439.482519313,-512.010119821,-222.428228698
378.925384211,858.317495096,373.026968991
439.479740646,-512.052547649,-222.433657408
378.928362993,858.354329656,373.02540552
439.477501223,-512.0867419,-222.438032622
378.930755847,858.383918444,373.024149644
439.475702256,-512.114210868,-222.441547327
378.932647111,858.407304597,373.02315706
439.474280362,-512.135922275,-222.444325343
378.934056925,858.424737295,373.022417175
439.473220419,-512.152106972,-222.446396208
378.935104026,858.437684896,373.021867657
439.472433166,-512.16412788,-222.447934307
378.935880948,858.447291627,373.021459935
439.471849041,-512.173047156,-222.449075547
378.936444319,858.454257754,373.021164286
439.471425471,-512.179514854,-222.449903102
378.93684663,858.459232359,373.020953161
439.471122992,-512.184133557,-222.450494075
378.937141916,858.462883578,373.020798202
439.470900979,-512.187523572,-222.450927835
378.937404824,858.466134434,373.020660234
439.470703311,-512.190541879,-222.451314034
378.937639446,858.469035536,373.020537111
439.470526908,-512.193235461,-222.451658683
378.937852094,858.471664927,373.020425519
439.470367026,-512.195676776,-222.451971055
378.937998079,858.473470029,373.020348911
439.470257266,-512.197352766,-222.452185502
378.938151148,858.475362731,373.020268585
439.470142179,-512.199110095,-222.452410356
378.93820288,858.476002394,373.020241438
439.470103283,-512.199704008,-222.452486348
0.0,-0.0,-0.0
522.424304699,0.0648188743829,0.111123953092
148.139754887,26.7874206223,191.967602341
517.290751194,-2.17164154944,-15.9209954431
189.826489536,57.6971907453,242.500704093
512.205458701,-7.47029769458,-31.5633953673
218.381711088,94.0772825881,274.83764397
507.192746712,-15.9649487813,-46.721577807
240.251780977,134.323825882,297.751217199
502.336440528,-27.5632837766,-61.1330127574
257.751006647,177.206150719,314.492162734
497.719829609,-42.0036184056,-74.5490511509
272.190069599,221.884385121,326.921108072
493.362784048,-59.0079061526,-86.924440556
284.513843591,268.399027093,336.275682761
489.212960487,-78.5789068059,-98.4183005754
295.352696359,316.765106867,343.383558523
485.206305264,-100.799947679,-109.225080359
304.936084086,365.974216927,348.704282531
481.363715026,-125.282669229,-119.315359893
313.424371725,415.20031389,352.574899532
477.708266824,-151.58263411,-128.655580141
320.936853002,463.698921898,355.26464519
474.262746207,-179.191279038,-137.21766789
327.597651937,510.76497526,357.045818803
471.032861524,-207.582639811,-145.032723662
333.488339186,555.708274806,358.127571184
468.031952385,-236.157710193,-152.111469864
338.679082895,597.996754357,358.678800049
465.269708519,-264.349042641,-158.471657361
343.246922799,637.331221699,358.845733369
462.743508247,-291.714860029,-164.159847647
347.224811561,673.219500451,358.746665567
460.467892512,-317.655188264,-169.181261011
350.64114397,705.294328332,358.475226865
458.455290109,-341.625579784,-173.541718445
353.554884559,733.604609716,358.10158049
456.6949286,-363.397700587,-177.292732927
356.050607976,758.609320132,357.668564283
455.15415629,-383.098344367,-180.525002562
358.213711674,780.887504339,357.202501749
453.793549502,-401.016022129,-183.337874763
360.08031422,800.585585302,356.729311261
452.600261641,-417.142670733,-185.771925797
361.67018434,817.722527649,356.272436792
451.569619225,-431.387960868,-187.848927086
362.998386876,832.303544289,355.851180354
450.698388745,-443.664724524,-189.58588781
364.099584652,844.572520935,355.475100647
449.968918307,-454.107598703,-191.027307664
365.011694464,854.858858939,355.145081167
449.359749514,-462.942735612,-192.222010419
365.771254012,863.514716948,354.856749331
448.849005796,-470.43298186,-193.217095367
366.39863267,870.726454995,354.609254406
448.42475536,-476.712369108,-194.039082348
366.913669216,876.686823153,354.400068393
448.07484884,-481.92947767,-194.714045312
367.334492421,881.580287045,354.225632857
447.787855933,-486.232233014,-195.265867489
367.675584787,885.563290121,354.081742022
447.554513376,-489.747092418,-195.71327026
367.949411025,888.773462624,353.964328105
447.366716817,-492.587705222,-196.072401648
368.166825944,891.331059144,353.869788071
447.217308896,-494.855614158,-196.357472127
368.340986372,893.387065257,353.792969769
447.097433815,-496.681322834,-196.585668552
368.478920885,895.021378765,353.731235012
447.002371891,-498.133811566,-196.766204794
368.583945371,896.27012576,353.683574366
446.929918988,-499.244131004,-196.90349497
368.662782769,897.209845933,353.647446551
446.875490763,-500.080010665,-197.006464525
368.722691636,897.924914603,353.619847075
446.834107042,-500.716361684,-197.084685544
368.770233992,898.492969521,353.597855854
446.80125139,-501.222068321,-197.14674434
368.808466138,898.950121204,353.580120306
446.774820577,-501.629175558,-197.196642861
368.839515506,899.321451675,353.565706985
446.753349306,-501.959988342,-197.237172548
368.864668328,899.622210759,353.554038729
446.735951615,-502.228044506,-197.270015457
368.885068713,899.866119996,353.544578639
446.721838456,-502.445504432,-197.296658902
368.901341002,900.060655218,353.537035531
446.710579459,-502.618991534,-197.317914962
368.913604858,900.207259743,353.531352031
446.702092955,-502.749761326,-197.333937223
368.92273282,900.316371482,353.527122665
446.695775914,-502.847103281,-197.345863858
368.929661514,900.399190902,353.523912791
446.690980571,-502.920997787,-197.354917658
368.935388232,900.467640887,353.521260072
446.687016908,-502.982077058,-197.362401306
368.940131981,900.524340269,353.519062896
446.683733452,-503.032674935,-197.368600745
368.944022311,900.57083824,353.517261146
446.681040608,-503.074171831,-197.373685104
368.94715757,900.608310825,353.51580919
446.678870353,-503.107615793,-197.377782789
368.949676119,900.638412083,353.514642897
446.67712695,-503.134482028,-197.381074547
368.951666728,900.662203248,353.513721122
446.675748975,-503.155717029,-197.383676346
368.953150596,900.679937835,353.513034021
446.674721771,-503.171546587,-197.38561585
368.954252699,900.693109645,353.512523708
446.673958834,-503.18330372,-197.387056383
368.95507043,900.702882728,353.512145076
446.673392751,-503.192027279,-197.38812523
368.955663392,900.709969479,353.511870522
446.672982264,-503.198353054,-197.38890029
368.956086836,900.71503022,353.51167446
446.672689128,-503.202870408,-197.389453775
368.956397632,900.718744661,353.511530557
446.672473974,-503.206186035,-197.38986002
368.956674349,900.722051806,353.511402434
446.67228241,-503.209138109,-197.390221721
368.956921295,900.72500314,353.511288096
446.672111457,-503.211772585,-197.390544508
368.957145112,900.727678058,353.511184467
446.671956513,-503.214160329,-197.390837065
368.957298765,900.729514414,353.511113325
446.671850143,-503.215799542,-197.391037908
368.957459875,900.731439888,353.51103873
446.671738611,-503.21751831,-197.391248499
368.957514324,900.732090627,353.51101352
446.671700917,-503.21809919,-197.391319671
0.0,-0.0,-0.0
522.424304699,0.0648188743829,0.111123953092
146.582004219,63.0308224556,184.499777225
517.436884852,-5.1294448755,-15.0942589212
187.709755625,105.221238172,232.598388966
512.523385901,-13.4711490172,-29.8118905132
215.487129433,149.236356193,262.762296678
507.76588528,-24.8672621784,-43.7872219953
236.469209158,195.07068316,283.669430806
503.245745103,-39.0582359205,-56.7802376554
253.220285757,242.253123208,298.783259801
498.98209827,-55.7684918136,-68.7488908242
267.214425356,291.01619354,310.011755558
494.923425831,-74.9986872697,-79.8486819629
279.336994502,341.445557944,318.509086952
491.006873586,-96.8285009617,-90.2687846796
289.934344851,392.529303591,324.890661714
487.252691577,-120.874233662,-99.9823709416
299.238888013,443.4561162,329.586737786
483.683212758,-146.697669227,-108.958851599
307.41719472,493.496815507,332.926779005
480.320438408,-173.798242314,-117.173227567
314.628383526,541.948201367,335.22927354
477.169672718,-201.658761328,-124.657911276
320.977269991,588.124220794,336.733316206
474.243653293,-229.69106941,-131.425761906
326.55123466,631.50138479,337.629049605
471.551545708,-257.338701659,-137.496340681
331.441438636,671.791749516,338.079697053
469.090519828,-284.169004088,-142.916699742
335.689360603,708.507929329,338.214204077
466.874474281,-309.594742142,-147.694346453
339.330044722,741.290318884,338.133928544
464.915249231,-333.083679541,-151.837193916
342.429840549,770.202232741,337.916616854
463.202116625,-354.413631437,-155.396300535
345.081190718,795.722989662,337.6124499
461.703102355,-373.710276126,-158.45940207
347.376474744,818.450398981,337.25417868
460.379701239,-391.257368579,-161.12196083
349.355172216,838.538119877,336.871089279
459.219301681,-407.047946879,-163.423466794
351.039113161,856.008680354,336.488828174
458.217260776,-420.994404328,-165.385448902
352.444931169,870.869956434,336.128383477
457.370350742,-433.012167769,-167.024790874
353.609818101,883.372097717,335.80173127
456.661344863,-443.233663653,-168.384196082
354.574233108,893.852063316,335.511985882
456.069336891,-451.880740429,-169.510212971
355.377043491,902.669660354,335.256709023
455.57303147,-459.211011035,-170.447573273
356.039938283,910.015331554,335.036188217
455.160809195,-465.355901905,-171.221516121
356.58399158,916.085768734,334.848942058
454.820847026,-470.460998886,-171.856787627
357.028430714,921.069081693,334.692321917
454.542026675,-474.671186095,-172.376008051
357.388603629,925.124909181,334.562789945
454.315339693,-478.110303892,-172.796873072
357.677708206,928.393627584,334.456838239
454.132906656,-480.889625733,-173.134627665
357.907229057,930.997794187,334.371353072
453.987770362,-483.108551371,-173.402679427
358.091071099,933.091235258,334.301747539
453.871325437,-484.894798214,-173.617214573
358.23666343,934.755342786,334.245690103
453.778985481,-486.315875458,-173.786913913
358.347512733,936.026899456,334.202325692
453.708608253,-487.402174452,-173.915943022
358.430719218,936.98380566,334.169408836
453.65573994,-488.219965652,-174.012705715
358.493946252,937.711953493,334.144243906
453.615542631,-488.842542462,-174.086206673
358.544120651,938.290399432,334.12418136
453.583629122,-489.33730057,-174.144517612
358.58446865,938.755912848,334.107994947
453.557956359,-489.735592476,-174.191400834
358.617235865,939.134030538,334.094839595
453.537100987,-490.05924077,-174.229480717
358.643779974,939.44028116,334.084190984
453.520202407,-490.321490643,-174.260338353
358.665308557,939.688640428,334.075558186
453.506494171,-490.534239629,-174.285371167
358.682480612,939.886722551,334.068675179
453.495558233,-490.703968005,-174.305342216
358.69542251,940.035998731,334.063489295
453.48731525,-490.831904347,-174.320395834
358.705055091,940.147098121,334.059630371
453.481179487,-490.92713702,-174.331601414
358.712366797,940.231425806,334.056701725
453.476521758,-490.99943025,-174.340107833
358.718410067,940.301122089,334.054281473
453.472671845,-491.059185901,-174.347139023
358.723416021,940.358853629,334.052276879
453.469482621,-491.108687263,-174.352963641
358.727521377,940.406197923,334.050633075
453.46686706,-491.14928485,-174.357740594
358.730829922,940.444352472,334.049308418
453.464759091,-491.18200401,-174.361590527
358.733487668,940.475001489,334.048244389
453.463065724,-491.208287987,-174.364683259
358.735588295,940.499225552,334.047403444
453.461727297,-491.229062767,-174.367127747
358.737154171,940.517282813,334.0467766
453.460729575,-491.244549252,-174.368949983
358.738317184,940.530694269,334.046311041
453.459988535,-491.256051572,-174.370303417
358.739180107,940.540645155,334.045965616
453.4594387,-491.264586063,-174.371307639
358.73980584,940.547860833,334.045715141
453.459039994,-491.270774737,-174.372035837
358.740252686,940.553013642,334.045536275
453.458755272,-491.275194184,-174.372555857
358.740580658,940.556795657,334.045404994
453.458546292,-491.278437951,-174.372937539
358.740872668,940.560162965,334.045288108
453.458360227,-491.281326043,-174.37327737
358.741133261,940.563167989,334.045183798
453.45819418,-491.28390342,-174.37358064
358.741369448,940.565891569,334.045089259
453.458043684,-491.286239414,-174.373855508
358.741531592,940.567761331,334.045024356
453.457940367,-491.2878431,-174.374044208
358.741701606,940.569721832,334.044956305
453.457832035,-491.289524615,-174.374242065
358.741759064,940.570384408,334.044933306
453.457795423,-491.290092906,-174.374308934
0.0,-0.0,-0.0
522.424304699,0.0648188743829,0.111123953092
144.777000867,100.593955386,176.489086481
517.602649311,-8.0937524767,-14.2028799336
184.887898403,153.566921373,221.630429958
512.936491404,-19.2605804739,-27.7791621011
211.631968462,204.700558458,249.369214319
508.505415586,-33.1789004559,-40.3856020638
231.796384252,255.766407753,268.419690244
504.327883339,-49.5757609292,-51.9830571795
248.093163319,307.712556032,282.219352808
500.353144713,-68.4495284329,-62.7237026436
261.905032896,360.887432602,292.540902546
496.519455195,-89.8760180393,-72.7918867751
273.792406821,414.357081588,300.272268272
492.846474381,-113.476226455,-82.1631177311
284.109311114,467.377862849,305.994611081
489.355858375,-138.818122441,-90.8094758074
293.097259514,519.269719592,310.129158891
486.068898078,-165.408995313,-98.7087125035
300.967342606,569.351422613,313.060076742
482.990538161,-192.740091179,-105.894370933
307.85790546,616.955444793,315.067822168
480.132977275,-220.233696595,-112.381182675
313.880301198,661.577858665,316.371048021
477.504914965,-247.343860708,-118.190280959
319.14457359,702.950349632,317.155027475
475.103344166,-273.646560206,-123.369093616
323.703681571,740.595856407,317.562456992
472.941591206,-298.566733862,-127.927123188
327.60144465,774.167053689,317.704556757
471.030973792,-321.583779213,-131.874102118
330.913447206,803.745975587,317.668456337
469.360817566,-342.481205759,-135.260619765
333.741620272,829.83632288,317.513218318
467.89977615,-361.383334188,-138.171699401
336.186608309,853.05778267,317.279254274
466.610188153,-378.569070483,-140.699274126
338.291920505,873.572742119,316.999880898
465.47966228,-394.032362111,-142.881827341
340.081878041,891.40820629,316.703380921
464.503589176,-407.688111475,-144.740643171
341.5750045,906.575403419,316.412752036
463.678751278,-419.454146173,-146.29246907
342.811424895,919.33163031,316.142791759
462.988311819,-429.460639951,-147.578377648
343.834513875,930.022305443,315.899204265
462.411868527,-437.925185569,-148.642863651
344.685791605,939.015714703,315.681789048
461.928655351,-445.100263768,-149.528527819
345.388452576,946.506839924,315.492150033
461.527337689,-451.11473525,-150.259454789
345.964972506,952.696722046,315.330011944
461.196389467,-456.111253443,-150.859196115
346.435820494,957.777472001,315.193772384
460.92497602,-460.231733735,-151.349237394
346.8173208,961.912232568,315.080662198
460.704320401,-463.597467529,-151.746353831
347.123496583,965.244383343,314.987816962
460.526747409,-466.317417442,-152.064980579
347.366540023,967.898992338,314.912684189
460.385481476,-468.488900816,-152.317805548
347.561194132,970.032973801,314.85132449
460.272144306,-470.236932467,-152.520118898
347.715336859,971.729344021,314.801757538
460.182270364,-471.627594179,-152.680124
347.832688973,973.025599599,314.763304924
460.113773562,-472.690636721,-152.801763636
347.920772568,974.001114662,314.734059185
460.062318388,-473.490916095,-152.89297462
347.987703292,974.743423653,314.711677659
460.023195838,-474.100158457,-152.962253872
348.040815356,975.33311971,314.693820138
459.992135793,-474.584317985,-153.017212748
348.083524774,975.8076858,314.679404807
459.96714972,-474.974076572,-153.061399153
348.118209129,976.193151099,314.667687604
459.946852264,-475.290789698,-153.097288008
348.146305881,976.50534626,314.658204626
459.930405801,-475.547419182,-153.126370084
348.169093475,976.758522388,314.650517535
459.91706436,-475.755608098,-153.14996241
348.187269599,976.960443626,314.64438909
459.90642106,-475.921698149,-153.168784196
348.200968127,977.112611471,314.639772017
459.898398667,-476.046891814,-153.182971503
348.211163809,977.225862138,314.636336529
459.89242711,-476.14008279,-153.193532203
348.21890291,977.31182222,314.633729337
459.887894036,-476.210826054,-153.201549068
348.225299411,977.382867352,314.631574801
459.884147161,-476.2693005,-153.208175599
348.230597951,977.441715968,314.629790331
459.881043294,-476.317740488,-153.213664995
348.234943245,977.489976203,314.628327062
459.878497738,-476.357467589,-153.218167019
348.238445153,977.528868809,314.627147908
459.876446189,-476.389485177,-153.221795373
348.241258223,977.560110635,314.626200767
459.874798146,-476.415205558,-153.224710106
348.243481611,977.584803196,314.625452211
459.873495543,-476.435534869,-153.227013903
348.245138997,977.603209667,314.624894238
459.872524526,-476.450689277,-153.228731261
348.246369975,977.616880474,314.624479833
459.871803321,-476.46194495,-153.230006798
348.247283327,977.627023785,314.624172363
459.871268202,-476.470296434,-153.230953222
348.247945626,977.634378991,314.623949411
459.870880169,-476.476352402,-153.231639508
348.248418584,977.639631438,314.623790199
459.870603067,-476.480677082,-153.232129598
348.248765723,977.643486582,314.623673344
459.870399681,-476.48385129,-153.232489312
348.249074797,977.646919,314.623569303
459.870218596,-476.486677452,-153.232809585
348.249350619,977.649982129,314.623476455
459.870056994,-476.489199561,-153.2330954
348.249600608,977.652758371,314.623392304
459.869910526,-476.491485463,-153.233354448
348.249772227,977.654664286,314.623334534
459.869809974,-476.493054759,-153.233532287
348.249952176,977.656662694,314.623273961
459.869704542,-476.494700217,-153.233718757
348.250012992,977.657338082,314.623253489
459.86966891,-476.495256322,-153.233781777
0.0,-0.0,-0.0
522.424304699,0.0648188743829,0.111123953092
142.090019741,138.196579019,167.308807816
517.842423826,-10.8489831237,-13.1013438386
180.945980666,201.607790223,209.236749829
513.493421961,-24.4746108493,-25.355793297
206.798207139,259.571382519,234.782471226
509.395149993,-40.5418642912,-36.6157036084
226.515590626,316.435819198,252.372674155
505.497573603,-59.0466499084,-47.0302065411
242.666631719,373.49737243,265.207108553
501.739973147,-80.0607353187,-56.7792528152
256.256794135,430.148385375,274.715084577
498.141469891,-103.209817479,-65.8404479979
267.864615222,485.843456754,281.745249414
494.72310494,-128.067981148,-74.1882625523
277.858591005,540.02460305,286.868484428
491.505526208,-154.150195524,-81.8028994491
286.531194421,592.073376725,290.567458265
488.493358546,-180.955792747,-88.7188695228
294.071194703,641.367481942,293.182284553
485.698318038,-207.917077109,-94.9525368444
300.62449494,687.441349995,294.971255951
483.128689641,-234.49812945,-100.526392002
306.327131748,730.059779491,296.149091784
480.78131608,-260.283063352,-105.488139711
311.247887481,768.764723585,296.87670606
478.669013331,-284.708413115,-109.84901437
315.442396386,803.228003453,297.278188689
476.802634851,-307.264625423,-113.620322534
318.998000034,833.556430289,297.452476566
475.171566087,-327.740461365,-116.852178918
322.028240129,860.283523442,297.469503645
473.745040755,-346.258670289,-119.627132581
324.643663625,884.054961228,297.378891895
472.486171461,-363.093248924,-122.033922358
326.892671357,905.043861099,297.218829898
471.38277256,-378.238875331,-124.110102971
328.802631409,923.282942147,297.020787978
470.430269885,-391.612754679,-125.876715118
330.394369773,938.787712238,296.810181417
469.625459236,-403.134927279,-127.350363113
331.711441449,951.823763453,296.605115368
468.951860994,-412.933287537,-128.570644479
332.800587335,962.746120311,296.414307772
468.389532506,-421.221237823,-129.580206942
333.706366261,971.932589557,296.240149392
467.918189467,-428.246244766,-130.41974004
334.453700427,979.58326801,296.085768565
467.52675674,-434.13465225,-131.112291421
335.066664225,985.904056562,295.952280384
467.203978364,-439.026252467,-131.680341815
335.567137007,991.091512226,295.839284964
466.939277383,-443.060073005,-132.144361069
335.972549305,995.31266266,295.744896704
466.724087103,-446.354930848,-132.520301311
336.297857036,998.714206806,295.666989472
466.550917696,-449.017548452,-132.821874082
336.556050356,1001.42397932,295.603653253
466.413158389,-451.143226203,-133.061124488
336.762814417,1003.60228501,295.551688421
466.302636758,-452.854365785,-133.25254317
336.9265319,1005.33392394,295.509515877
466.214996864,-454.215668419,-133.403907412
337.051164682,1006.65717743,295.476658997
466.14820355,-455.256264513,-133.518960999
337.144708102,1007.65303201,295.451595462
466.098028514,-456.039643204,-133.605224152
337.215784641,1008.41081793,295.432384716
466.05987955,-456.636017087,-133.670741032
337.272184811,1009.01280864,295.417039026
466.029592619,-457.109948775,-133.722712636
337.317537195,1009.49726737,295.404641147
466.005228578,-457.491472769,-133.764495755
337.354367167,1009.89076152,295.39456208
465.985436501,-457.80149362,-133.798432078
337.384201535,1010.20945194,295.386406762
465.969399578,-458.05269961,-133.825931872
337.408398086,1010.4678909,295.379796796
465.956390388,-458.256488242,-133.84824052
337.427697836,1010.67400652,295.374527742
465.946012165,-458.419067478,-133.866038154
337.44224307,1010.82933351,295.370558488
465.938189585,-458.541614602,-133.879453457
337.45306888,1010.9449344,295.367605243
465.932366767,-458.632835451,-133.88943948
337.461286247,1011.0326778,295.365364145
465.927946606,-458.702083087,-133.897020088
337.468078017,1011.10519647,295.363512219
465.924293064,-458.759321249,-133.903286014
337.473703962,1011.1652654,295.361978436
465.921266514,-458.806737075,-133.908476682
337.478317747,1011.21452623,295.360720768
465.918784368,-458.845624212,-133.912733707
337.482036026,1011.25422509,295.359707317
465.916783925,-458.876964829,-133.916164606
337.4850229,1011.2861145,295.35889329
465.915176937,-458.902141377,-133.918920718
337.487383658,1011.31131885,295.358249948
465.913906783,-458.922040838,-133.92109914
337.489143441,1011.33010679,295.357770407
465.912959955,-458.936874814,-133.922723037
337.490450471,1011.34406091,295.357414256
465.912256717,-458.94789249,-133.923929159
337.49142025,1011.35441442,295.35715001
465.911734929,-458.956067384,-133.924824076
337.492123467,1011.36192204,295.356958401
465.911356562,-458.9619953,-133.925473014
337.492625645,1011.36728333,295.356821572
465.911086363,-458.966228535,-133.925936433
337.492994229,1011.37121836,295.356721145
465.910888044,-458.969335625,-133.926276571
337.493322398,1011.3747219,295.356631731
465.91071147,-458.972102028,-133.926579413
337.49361526,1011.37784851,295.356551937
465.910553893,-458.974570807,-133.926849674
337.493880693,1011.38068227,295.356479618
465.910411074,-458.976808373,-133.927094624
337.494062916,1011.38262768,295.356429969
465.910313027,-458.978344487,-133.927262785
337.494253982,1011.3846675,295.356377912
465.910210222,-458.979955152,-133.927439107
337.494318555,1011.38535688,295.356360319
465.910175478,-458.980499497,-133.927498697
0.0,-0.0,-0.0
522.424304699,0.0648188743829,0.111123953092
138.501036013,175.198776687,157.038369398
518.149897116,-13.2553558608,-11.8276995416
176.27578786,248.698834419,196.035807409
514.123583662,-28.984320807,-22.7853256553
201.662642644,314.112429191,219.848045286
510.295986459,-47.1154075384,-32.9081438942
221.260040148,377.074877396,236.358034865
506.607319447,-67.7162377003,-42.3721580548
237.184023542,438.164819348,248.288893932
503.076219591,-90.4171249847,-51.1568277794
250.476876623,497.382789971,257.021108717
499.723176399,-114.798096643,-59.238730941
261.738914125,554.457360745,263.389198151
496.568263062,-140.381506961,-66.600221997
271.397028727,608.916820349,268.031951828
493.615823248,-166.674316011,-73.2766248612
279.718720753,660.233907244,271.379049593
490.877145989,-193.118288949,-79.2857037648
286.901066931,708.013518058,273.745550737
488.360151559,-219.186931833,-84.6511015845
293.116627689,752.075052819,275.3863491
486.061556559,-244.471912777,-89.4207142954
298.456288148,791.992933419,276.486895605
483.993726885,-268.420644965,-93.6072552794
302.99173533,827.468129681,277.188275196
482.167107887,-290.533911892,-97.2233709437
306.825384202,858.640470451,277.604378591
480.571147606,-310.60524209,-100.318709336
310.085033097,886.080259405,277.818464255
479.175608197,-328.755652337,-102.973597471
312.893101267,910.464281136,277.891203964
477.944302756,-345.25426345,-105.273926928
315.303931671,931.978935107,277.866666583
476.865234599,-360.096313597,-107.256409342
317.348618482,950.664253221,277.780170582
475.933864907,-373.201088356,-108.9418495
319.050789104,966.541213064,277.660032098
475.147004742,-384.49063623,-110.346706968
320.457993754,979.885085215,277.528205406
474.488497261,-394.090589377,-111.509265221
321.620838786,991.061832988,277.396882304
473.938813629,-402.210291561,-112.470535834
322.587340854,1000.45996739,277.271421242
473.478102514,-409.092388071,-113.269519998
323.384392207,1008.28535967,277.156697034
473.095522179,-414.860793662,-113.928347915
324.03787749,1014.74934744,277.055408728
472.780059285,-419.652552651,-114.468554804
324.571265155,1020.05343005,276.968521237
472.521368155,-423.603927203,-114.909714842
325.003229052,1024.36893884,276.895151071
472.311070701,-426.831369282,-115.267055202
325.349770389,1027.84623729,276.834007524
472.141843303,-429.43946303,-115.553650537
325.624771337,1030.61620521,276.7839057
472.007222878,-431.521585166,-115.780980413
325.844966346,1032.84286371,276.742478643
471.899221402,-433.197649188,-115.962832771
326.019300451,1034.61296863,276.708598903
471.813581102,-434.5310414,-116.106610329
326.152004611,1035.96566317,276.682017081
471.748312456,-435.550300612,-116.215881787
326.251599951,1036.98369527,276.661643149
471.699283154,-436.317615159,-116.297801294
326.327271407,1037.75835495,276.645987636
471.662005546,-436.901758069,-116.360015342
326.38731557,1038.37374883,276.633458184
471.632410536,-437.365968946,-116.409364609
326.435596785,1038.86899143,276.623322149
471.608603198,-437.739666773,-116.449038076
326.474804318,1039.27123716,276.615079572
471.589263417,-438.043327379,-116.481260446
326.506564055,1039.59700706,276.6084126
471.573593016,-438.289379002,-116.5073713
326.532321751,1039.86118193,276.603010074
471.560881175,-438.488985737,-116.528553128
326.552866459,1040.07186878,276.598704353
471.550740183,-438.648228418,-116.545451757
326.568349807,1040.23063865,276.595461254
471.543096425,-438.768260376,-116.558189395
326.579873762,1040.34880076,276.593048555
471.537406721,-438.857608902,-116.567670968
326.588621012,1040.43848756,276.591217805
471.533087611,-438.925435164,-116.574868628
326.595850707,1040.51261202,276.589705068
471.529517596,-438.981498419,-116.580818016
326.601839385,1040.57401078,276.588452271
471.526560241,-439.027940934,-116.585746461
326.606750631,1040.62436197,276.587425049
471.524134844,-439.066029812,-116.589788427
326.610708626,1040.66493943,276.586597326
471.522180137,-439.09672707,-116.593046001
326.613888057,1040.69753451,276.585932499
471.52060989,-439.121386788,-116.595662875
326.616401003,1040.72329656,276.585407085
471.519368776,-439.140877745,-116.597731244
326.618274231,1040.74250019,276.585015453
471.518443596,-439.155407199,-116.599273102
326.619665517,1040.75676303,276.584724596
471.517756437,-439.166198696,-116.60041829
326.620697811,1040.7673456,276.584508796
471.517246579,-439.174205769,-116.601267997
326.62144636,1040.77501931,276.584352317
471.516876863,-439.180011991,-116.60188415
326.621980909,1040.7804992,276.584240576
471.516612842,-439.184158322,-116.602324157
326.622373253,1040.78452128,276.584158563
471.516419057,-439.187201626,-116.602647111
326.622722577,1040.78810233,276.584085543
471.51624652,-439.189911238,-116.602934654
326.623034317,1040.7912981,276.58402038
471.516092546,-439.192329335,-116.603191261
326.62331686,1040.79419455,276.58396132
471.515952993,-439.194520966,-116.603423836
326.623510829,1040.796183,276.583920776
471.515857188,-439.196025545,-116.603583501
326.623714211,1040.79826794,276.583878264
471.515756733,-439.197603144,-116.603750915
326.623782947,1040.79897257,276.583863896
471.515722783,-439.198136315,-116.603807495
0.0,-0.0,-0.0
522.424304699,0.0648188743829,0.111123953092
134.669657011,211.050445726,146.627867682
518.462377853,-15.3247633561,-10.5800887543
171.806546752,295.338603771,183.162048297
514.697336671,-33.0851973877,-20.4461664704
197.031550397,368.386471562,205.606862321
511.070233135,-53.2799462316,-29.6596270425
216.336686533,436.126813917,221.015403032
507.599274576,-75.5437735039,-38.2015430476
231.899604994,500.210213173,232.023022424
504.304462462,-99.4623788162,-46.050321216
244.788767084,561.065647698,239.978473865
501.20536304,-124.565099019,-53.1901745885
255.668314817,618.552827793,245.78511324
498.306075751,-150.365974239,-59.6570975043
264.934145026,672.337049624,250.013206745
495.617516348,-176.315563037,-65.4700352313
272.86140648,722.150786998,253.061566874
493.147288078,-201.896088228,-70.6535922002
279.675064132,767.903544678,255.24099032
490.892002796,-226.706122042,-75.2557846223
285.497244586,809.223579819,256.770395739
488.863634112,-250.203127354,-79.2905682291
290.421593354,845.855954097,257.813461723
487.0722727,-271.897410589,-82.7717112373
294.569940932,877.985078777,258.503042615
485.507429081,-291.586758835,-85.7484154243
298.087613283,906.227285948,258.938664323
484.13933958,-309.390351478,-88.2990444643
301.111240089,931.297074594,259.194155125
482.932442283,-325.572556917,-90.5069920938
303.702366857,953.397492646,259.320630185
481.874911306,-340.129016528,-92.4082174152
305.896628807,972.57801482,259.358017911
480.96224209,-352.980865508,-94.0233022863
307.72104603,988.866660361,259.338084261
480.191261763,-364.051946576,-95.3685648419
309.227790463,1002.55011631,259.287203125
479.546101098,-373.465688745,-96.481136403
310.471869965,1014.00689972,259.221507796
479.007598802,-381.42756946,-97.4006018028
311.505198735,1023.63762551,259.149696587
478.556287491,-388.175671968,-98.1644939325
312.356894272,1031.65472682,259.078611238
478.181532554,-393.831604537,-98.7941439464
313.054870121,1038.2756584,259.012722629
477.872535694,-398.529814376,-99.310265153
313.624365966,1043.70744045,258.954515229
477.61915606,-402.403957012,-99.7316541707
314.085437406,1048.12618635,258.904219454
477.413182537,-405.568259235,-100.072909536
314.455243539,1051.68631585,258.861470551
477.247438581,-408.125295796,-100.346554014
314.748651848,1054.52206986,258.825885052
477.115591758,-410.166637146,-100.563577305
314.983551032,1056.80155095,258.796013018
477.009817067,-411.809864065,-100.737159272
315.169504979,1058.6136642,258.771224532
476.925943532,-413.11712978,-100.874378444
315.311041328,1059.99850291,258.751520775
476.862021992,-414.116417673,-100.978651854
315.417257969,1061.04074413,258.736286434
476.814004971,-414.868697171,-101.056816937
315.49795603,1061.83382071,258.724526895
476.777497212,-415.44139314,-101.11617628
315.561986159,1062.4638419,258.71508335
476.748513515,-415.896506631,-101.163259068
315.61347082,1062.97085224,258.707425585
476.725198019,-416.262880395,-101.201109203
315.655278683,1063.38264737,258.70119511
476.706257835,-416.5605889,-101.231850249
315.689144086,1063.7161417,258.696158724
476.690911248,-416.801816959,-101.256760684
315.716609048,1063.98657477,258.692078981
476.678462108,-416.997510216,-101.276968637
315.738515196,1064.2022489,258.688828584
476.668530703,-417.153630522,-101.293090288
315.755024407,1064.3647749,258.686380962
476.661044929,-417.271308776,-101.305242243
315.767311794,1064.48573122,258.684560402
476.655472826,-417.358905181,-101.314287838
315.77663847,1064.57753817,258.68317916
476.651242992,-417.425401321,-101.321154531
315.784347032,1064.65341442,258.682037975
476.64774677,-417.480365103,-101.326830347
315.790732351,1064.71626393,258.681092972
476.644850545,-417.525896797,-101.331532163
315.79596886,1064.76780461,258.680318182
476.642475283,-417.563238669,-101.335388263
315.800188976,1064.80934053,258.679693904
476.640560983,-417.593333877,-101.338496037
315.80357896,1064.84270544,258.679192509
476.639023195,-417.61750995,-101.340992575
315.806258318,1064.86907587,258.678796271
476.637807738,-417.63661863,-101.342965829
315.808255591,1064.88873297,258.678500933
476.636901683,-417.650863117,-101.344436784
315.809739007,1064.9033326,258.678281597
476.636228728,-417.661442957,-101.34552931
315.810839658,1064.91416504,258.678118864
476.63572941,-417.669292984,-101.346339942
315.811637774,1064.92201994,258.678000866
476.635367337,-417.674985327,-101.346927761
315.812207719,1064.92762921,258.677916605
476.635108774,-417.679050334,-101.347347534
315.812626044,1064.93174625,258.677854761
476.634918995,-417.682033948,-101.347655637
315.812998498,1064.93541185,258.677799699
476.634750025,-417.684690415,-101.347929956
315.813330881,1064.93868307,258.677750562
476.634599234,-417.687061085,-101.348174763
315.813632133,1064.94164791,258.677706028
476.634462565,-417.68920973,-101.348396643
315.813838946,1064.94368329,258.677675455
476.634368741,-417.690684799,-101.348548966
315.814055795,1064.94581746,258.677643398
476.634270363,-417.692231455,-101.348708681
315.814129082,1064.94653872,258.677632565
476.634237115,-417.692754169,-101.348762659
0.0,-0.0,-0.0
522.424304699,0.0648188743829,0.111123953092
131.419213345,247.078081652,136.940888222
518.715046766,-17.3314206003,-9.52979318551
168.176892732,342.019946746,171.368351263
515.142795866,-37.1303925136,-18.5237986421
192.938012921,421.009964236,192.313236884
511.725378937,-58.9711186289,-26.8533631312
211.754271706,492.346385833,206.541253581
508.482366329,-82.4446797807,-34.4984750959
226.814344401,558.415971144,216.590042628
505.43287768,-107.08697986,-41.444947802
239.247564775,619.86532009,223.861158132
502.58080032,-132.418601525,-47.729324957
249.674280424,676.759631893,229.161457343
499.936723826,-157.898241928,-53.3715440179
258.494742986,729.067586854,233.019459091
497.507975801,-183.016153416,-58.3970082114
266.011941524,776.85095908,235.826531365
495.291080959,-207.377193996,-62.8537986144
272.393306736,819.827421228,237.848406194
493.29767094,-230.448076015,-66.7569105212
277.763103165,857.80958378,239.279339569
491.537528036,-251.747848026,-70.1210478303
282.268590716,891.043621981,240.276537201
490.000223532,-271.078086357,-72.9949913997
286.076929667,920.205011343,240.959532515
488.656417939,-288.556066224,-75.4553770506
289.341929662,946.055132445,241.417874609
487.471105703,-304.441558341,-77.5834150802
292.133944691,968.818396729,241.711149143
486.432614688,-318.730473034,-79.4143959999
294.494184234,988.556707,241.884818915
485.536472921,-331.345583858,-80.9686934781
296.453800964,1005.30730526,241.974755519
484.779523718,-342.212331129,-82.2624899784
298.070334492,1019.37063902,242.012391837
484.146153595,-351.452014308,-83.3319101914
299.403816623,1031.13990693,242.018309087
483.617527133,-359.266446699,-84.2152989677
300.510560191,1041.02964394,242.004937606
483.174516912,-365.889414771,-84.9489164321
301.422199382,1049.25987233,241.981319235
482.806671836,-371.440347459,-85.5534001046
302.168922604,1056.05504639,241.953891099
482.50338393,-376.051248479,-86.0487511372
302.777943329,1061.62845239,241.926814543
482.254693497,-379.853327028,-86.4530932811
303.270851815,1066.16159282,241.901545979
482.05253705,-382.95872511,-86.7804816934
303.666088497,1069.81343915,241.878736295
481.889868033,-385.468137026,-87.042962427
303.979607771,1072.72199384,241.858878362
481.76046944,-387.471444093,-87.2511021924
304.230565688,1075.05990074,241.84152056
481.656660241,-389.084048821,-87.4175563076
304.429205944,1076.9184584,241.826574847
481.574346111,-390.366952708,-87.5491235893
304.58038276,1078.33882286,241.814315818
481.511613544,-391.347619783,-87.6490900979
304.693825327,1079.40781287,241.804643439
481.464489962,-392.085881804,-87.724020106
304.780008242,1080.2212347,241.797099462
481.428661663,-392.647905991,-87.7809197174
304.848387252,1080.86741252,241.790994609
481.400217497,-393.094538416,-87.8260496622
304.903366732,1081.38741957,241.786017896
481.377336087,-393.454084462,-87.8623288077
304.948011244,1081.80976062,241.781964023
481.358748573,-393.746244315,-87.8917935527
304.98417355,1082.15178511,241.77869145
481.343687773,-393.982975799,-87.915669714
305.013500746,1082.42912888,241.77604251
481.331470482,-394.175020895,-87.9350385856
305.036891859,1082.65031013,241.77393358
481.321724048,-394.328230526,-87.9504907995
305.05451998,1082.81698368,241.772346346
481.314377703,-394.44371467,-87.9621381376
305.067640024,1082.94102533,241.771166232
481.30890939,-394.529677761,-87.970808099
305.077598658,1083.03517329,241.770271162
481.304758345,-394.594933976,-87.9773896363
305.085829493,1083.11298382,241.769531832
481.301327249,-394.648872842,-87.982829746
305.092647403,1083.17743516,241.768919721
481.298484975,-394.693555482,-87.9873363024
305.098238653,1083.23028922,241.768417946
481.29615396,-394.730201005,-87.9910322613
305.102744642,1083.27288342,241.7680137
481.29427532,-394.759734992,-87.994010972
305.106364258,1083.30709832,241.76768906
481.29276618,-394.783460218,-87.9964038288
305.109225105,1083.33414048,241.767432529
481.291573365,-394.802212547,-87.9982951344
305.111357662,1083.35429828,241.767241335
481.290684189,-394.816191391,-87.9997050004
305.112941555,1083.36926976,241.767099348
481.29002377,-394.82657393,-88.0007521535
305.114116756,1083.38037809,241.766994008
481.289533754,-394.834277561,-88.0015291196
305.11496893,1083.38843304,241.766917628
481.289178426,-394.839863748,-88.0020925263
305.115577479,1083.39418516,241.766863087
481.28892468,-394.843852945,-88.0024948654
305.116024137,1083.39840706,241.766823057
481.288738436,-394.846780918,-88.0027901725
305.116421818,1083.402166,241.766787417
481.288572614,-394.849387844,-88.0030530997
305.116776713,1083.40552053,241.766755612
481.288424632,-394.851714303,-88.0032877397
305.117098369,1083.40856087,241.766726786
481.28829051,-394.853822878,-88.0035004045
305.11731919,1083.41064809,241.766706998
481.288198433,-394.855270437,-88.0036464013
305.117550726,1083.4128366,241.766686249
481.288101888,-394.85678825,-88.0037994836
305.117628977,1083.41357624,241.766679237
481.288069259,-394.857301215,-88.0038512198
0.0,-0.0,-0.0
522.424304699,0.0648188743829,0.111123953092
128.922050863,282.895886982,128.262814592
518.901590773,-19.3449926258,-8.68830215121
164.874667951,386.470364326,160.340540975
515.532491657,-40.7721946828,-16.8298197248
188.961678733,470.240454446,179.684595896
512.336191438,-63.8130270308,-24.2948021643
207.152053456,544.217088296,192.694075881
509.33141056,-88.0096394942,-31.0704576945
221.673933122,611.242148648,201.896819357
506.52184925,-112.888733194,-37.193784134
233.590068815,672.299085801,208.547025583
503.917807686,-137.916629773,-42.6855620334
243.519221861,727.828482021,213.391231223
501.526370019,-162.591069956,-47.5718654131
251.888607989,778.166504107,216.944342712
499.343987216,-186.522706396,-51.9007979806
258.934843391,823.185909715,219.54076185
497.381988107,-209.186872448,-55.6882349916
264.826754242,862.807582883,221.417716976
495.649882552,-230.110744971,-58.9496698524
269.74621473,897.367769159,222.764676821
494.137300743,-249.099313633,-61.7334846542
273.888523638,927.621841926,223.726416539
492.815287604,-266.26788405,-64.1147764238
277.428893946,954.392283947,224.411669524
491.649339606,-281.871736735,-66.1728234148
280.448762503,977.93219119,224.890409237
490.627924682,-295.906939821,-67.9423153297
282.996363306,998.320503286,225.214865598
489.746601916,-308.297736258,-69.4434302586
285.108007632,1015.60701538,225.425877799
489.002230708,-318.971007169,-70.6922203551
286.847610201,1030.10946484,225.560744583
488.379428105,-328.045974145,-71.7239199688
288.281056297,1042.23889786,225.6451186
487.859651702,-335.72093834,-72.5757828331
289.46971904,1052.42645239,225.695635569
487.424079398,-342.225591179,-73.2829519768
290.448133943,1060.90125963,225.723819612
487.062425004,-347.67727846,-73.865455261
291.249086776,1067.89607741,225.73830606
486.764251404,-352.205677433,-74.3426690287
291.902029097,1073.63155748,225.745118585
486.51976143,-355.93967356,-74.7321274328
292.430284789,1078.29548015,225.747070018
486.321024007,-358.989431683,-75.0474100398
292.853735784,1082.05209378,225.745930394
486.161109134,-361.453864654,-75.3001459413
293.189554896,1085.04375042,225.743154993
486.033903273,-363.421254672,-75.5005320013
293.45831141,1087.44830947,225.739382684
485.931854388,-365.004944865,-75.6607653371
293.671007463,1089.35982161,225.735117706
485.850936843,-366.264847613,-75.7874003824
293.832862492,1090.82067197,225.73093431
485.789269086,-367.22793531,-75.8836086692
293.954307153,1091.92013481,225.727293643
485.74294563,-367.952964611,-75.9557158901
294.046563122,1092.7567292,225.724320439
485.707725819,-368.504914854,-76.0104693165
294.119756806,1093.42130572,225.721835097
485.679764825,-368.943541565,-76.0538953943
294.178605046,1093.95611109,225.719764631
485.657272153,-369.29664272,-76.0888038688
294.226389483,1094.39045908,225.718070016
485.639000466,-369.583565102,-76.1171550638
294.265094099,1094.74219513,225.716709184
485.624195594,-369.816052219,-76.1401288421
294.296482391,1095.02740647,225.715610988
485.612185928,-370.0046538,-76.1587656336
294.321516976,1095.25485722,225.714739173
485.602605139,-370.155116044,-76.1736337795
294.340383399,1095.42625237,225.714084401
485.595383656,-370.268529175,-76.1848408518
294.354424928,1095.55380635,225.71359837
485.590008288,-370.352950591,-76.1931830827
294.365082922,1095.65061927,225.713230181
485.5859278,-370.417036451,-76.1995158285
294.373891727,1095.73063173,225.71292635
485.582555026,-370.470007909,-76.2047502911
294.381188355,1095.79690655,225.712674999
485.579761065,-370.513889136,-76.2090864884
294.387172169,1095.8512557,225.712469091
485.577469674,-370.549877385,-76.2126427294
294.391994509,1095.89505459,225.712303293
485.575622968,-370.578881641,-76.2155088351
294.395868235,1095.93023707,225.712170202
485.574139481,-370.60218132,-76.2178112336
294.398929917,1095.95804391,225.712065069
485.572966943,-370.620597295,-76.2196310409
294.40121218,1095.97877166,225.711986734
485.572092882,-370.634325403,-76.2209876085
294.402907259,1095.99416643,225.711928572
485.57144369,-370.644521711,-76.221995175
294.404164957,1096.00558882,225.711885427
485.570962004,-370.652087163,-76.2227427686
294.40507695,1096.01387149,225.711854147
485.570612716,-370.657573149,-76.2232848762
294.405728217,1096.01978624,225.711831813
485.570363283,-370.661490792,-76.2236720052
294.406206228,1096.02412748,225.711815421
485.570180205,-370.664366246,-76.2239561484
294.406631825,1096.02799269,225.711800829
485.570017202,-370.666926411,-76.2242091359
294.407011632,1096.03144205,225.711787806
485.569871736,-370.66921114,-76.2244349054
294.407355867,1096.03456834,225.711776004
485.569739893,-370.671281893,-76.2246395306
294.407592187,1096.03671457,225.711767903
485.569649382,-370.672703487,-76.2247800081
294.407839977,1096.03896494,225.711759408
485.569554478,-370.674194075,-76.2249273032
294.40792372,1096.03972549,225.711756537
485.569522404,-370.674697839,-76.2249770836
0.0,-0.0,-0.0
522.424304699,0.0648188743829,0.111123953092
126.172252068,315.627478355,119.73016077
519.099558708,-20.9535944279,-7.86116208543
161.226873986,426.911071225,149.4713021
515.946110361,-43.5685984478,-15.1642377332
184.569674722,514.647710245,167.240841109
512.982316905,-67.3283657725,-21.786546996
202.154168646,590.278333031,179.210447938
510.211710427,-91.7654051164,-27.7654674693
216.107614968,657.309541388,187.66428402
507.644329583,-116.353288195,-33.1225068815
227.484845315,717.243479541,193.766432804
505.287039445,-140.596846125,-37.8843105803
236.931512521,770.956600943,198.240322057
503.136227328,-164.112157251,-42.0989718754
244.798262099,818.6080204,201.528801619
501.202948884,-186.382714218,-45.7831221504
251.322956521,860.30232855,203.933197187
499.496468713,-206.943369255,-48.9529310353
256.737242582,896.514794328,205.687940497
498.006474425,-225.602235597,-51.6563990215
261.274466853,928.114645126,206.971059089
496.704365122,-242.472578334,-53.967230828
265.137667708,956.007974713,207.915591676
495.556098049,-257.805242541,-55.9629673956
268.422799171,980.488158866,208.604706698
494.550270799,-271.596361908,-57.6777501324
271.187284991,1001.6584218,209.099182133
493.682472296,-283.77151837,-59.1315713375
273.474105695,1019.58627493,209.446051626
492.949577912,-294.258913509,-60.3403570312
275.354994151,1034.61203407,209.689596856
492.336416086,-303.175718224,-61.338541275
276.902860704,1047.16924745,209.861391832
491.824712501,-310.716821691,-62.1624019745
278.185064141,1057.70955217,209.982915414
491.395924106,-317.107957644,-62.8460856241
279.239578834,1066.47339758,210.068553967
491.039915504,-322.464453237,-63.4090754606
280.102235564,1073.70372657,210.129450874
490.746405685,-326.913739333,-63.8701906564
280.805089012,1079.63013354,210.173738291
490.505745893,-330.582462407,-64.2464402444
281.373470706,1084.44794444,210.205757593
490.310125933,-333.578885034,-64.5509807007
281.828924024,1088.32771588,210.228534017
490.152722174,-336.000207791,-64.7950704286
282.190020344,1091.41698437,210.244598137
490.027515484,-337.933176809,-64.9885775977
282.478941363,1093.89977826,210.255799505
489.92707148,-339.489159522,-65.1432924982
282.707555041,1095.87340777,210.263300436
489.847427174,-340.727023223,-65.2655525371
282.88149885,1097.38172325,210.268009221
489.786730166,-341.6732681,-65.3584274492
283.012000477,1098.51689764,210.271007981
489.741136145,-342.385619805,-65.4280311225
283.111128827,1099.38064134,210.273064973
489.706471059,-342.927919058,-65.4808811473
283.18977012,1100.06676977,210.274562281
489.678950542,-343.35887638,-65.5227961442
283.252995218,1100.61890703,210.275689225
489.656812254,-343.70580353,-65.5564890568
283.304331633,1101.06731645,210.276590021
489.638828483,-343.98770864,-65.5838527228
283.345911978,1101.43042535,210.277332184
489.624256921,-344.216129862,-65.6060262424
283.379631536,1101.72484978,210.277939798
489.612436531,-344.401432744,-65.624013806
283.406524931,1101.95964203,210.278428759
489.603006747,-344.549263155,-65.6383639858
283.426791854,1102.13656601,210.27879963
489.595899089,-344.660692385,-65.6491806196
283.441875539,1102.26823273,210.279077025
489.59060845,-344.743636977,-65.6572322116
283.453324461,1102.36816613,210.27928835
489.586592283,-344.806601716,-65.6633443235
283.462786899,1102.45075686,210.279463514
489.583272675,-344.858646464,-65.6683964136
283.470624906,1102.51916681,210.279608953
489.580522758,-344.901759993,-65.6725815327
283.477052663,1102.57526657,210.279728457
489.578267488,-344.93711862,-65.6760138688
283.482232756,1102.62047602,210.279824916
489.576449894,-344.965615433,-65.6787801141
283.486393847,1102.65679144,210.2799025
489.574989793,-344.988507468,-65.6810022922
283.489682646,1102.68549361,210.279963882
489.573835739,-345.006601241,-65.6827586932
283.492134202,1102.70688872,210.280009674
489.572975457,-345.020089162,-65.6840679947
283.493955017,1102.72277912,210.280043705
489.572336499,-345.030107074,-65.685040455
283.495306005,1102.73456923,210.280068965
489.571862406,-345.03754016,-65.6857620005
283.496285645,1102.74311854,210.280087287
489.571518625,-345.042930163,-65.6862852196
283.496985219,1102.74922369,210.280100375
489.571273124,-345.046779262,-65.68665886
283.497498686,1102.75370468,210.280109982
489.571092933,-345.049604406,-65.6869331029
283.49795585,1102.75769432,210.280118537
489.5709325,-345.052119778,-65.6871772755
283.498363828,1102.76125471,210.280126173
489.570789326,-345.054364532,-65.6873951786
283.498733596,1102.76448163,210.280133094
489.570659562,-345.056399055,-65.6875926741
283.498987445,1102.76669695,210.280137846
489.570570478,-345.057795777,-65.6877282569
283.499253614,1102.76901976,210.280142829
489.57047707,-345.059260284,-65.6878704199
283.499343569,1102.76980479,210.280144513
489.570445501,-345.059755234,-65.6879184658
0.0,-0.0,-0.0
522.424304699,0.0648188743829,0.111123953092
123.124864622,345.125022893,111.29414734
519.31002146,-22.1352791467,-7.04701982904
157.190445403,463.008853107,138.742967678
516.383667885,-45.4708785783,-13.5322270523
179.81736391,553.497634292,155.164247087
513.648625338,-69.4799651977,-19.3821901071
196.759000265,629.694509221,166.20269537
511.114696762,-93.6429598742,-24.6190406335
210.11787296,695.921807493,173.986111074
508.788550543,-117.471365609,-29.2699076159
220.972434721,754.234860275,179.63479481
506.666519152,-140.586312574,-33.3828480609
229.877263662,805.356237796,183.777682753
504.759412377,-162.478968468,-36.9751397157
237.18379269,849.717579405,186.817717335
503.076274513,-182.691389929,-40.0635283761
243.198735712,888.017846692,189.055054204
501.60684843,-201.034534248,-42.6956527882
248.208884489,921.294334115,190.713215541
500.322858202,-217.619591672,-44.9439634253
252.454580488,950.570855742,191.956977816
499.190682395,-232.69307144,-46.8844455029
256.051315521,976.198659874,192.886715825
498.199038053,-246.251095257,-48.5507424587
259.068818576,998.316152611,193.574249753
497.343542492,-258.220459268,-49.9626716031
261.558867757,1017.01616873,194.074487538
496.621086673,-268.530569367,-51.1360382371
263.602941987,1032.66892309,194.440150064
496.01669216,-277.296593513,-52.1045600442
265.282496189,1045.73667732,194.709811111
495.512329074,-284.710133945,-52.9036457096
266.672048314,1056.69663386,194.910584671
495.089708543,-290.993129316,-53.5665562735
267.813693429,1065.80344292,195.060190292
494.738832592,-296.258966464,-54.1122903853
268.74686533,1073.31264402,195.172656686
494.449562357,-300.632923925,-54.5591723277
269.506670743,1079.46476679,195.258520095
494.212384162,-304.239507039,-54.9237452804
270.12078311,1084.46426607,195.323855557
494.019597806,-307.185161628,-55.2187908165
270.61267321,1088.48928344,195.37310413
493.864476422,-309.565454435,-55.4552390837
271.002527102,1091.69356663,195.410003784
493.741086738,-311.465666717,-55.642667274
271.314375005,1094.26847133,195.43775354
493.642101341,-312.995283926,-55.7925058766
271.56107812,1096.31518469,195.458249851
493.563614204,-314.212177647,-55.9109003194
271.748754944,1097.87931171,195.472775021
493.503799436,-315.142397784,-56.0008302089
271.889542486,1099.05645897,195.483100532
493.458868336,-315.842688256,-56.0682221315
271.996474071,1099.952103,195.490707053
493.424707385,-316.375806028,-56.1193906587
272.081299823,1100.66354927,195.496597337
493.397587173,-316.79946725,-56.1599707748
272.149493141,1101.23604356,195.501250588
493.375770948,-317.14052101,-56.1925898872
272.20486102,1101.70096708,195.505013487
493.358048832,-317.417653193,-56.2190811993
272.24970501,1102.07743181,195.5080746
493.343689298,-317.642206558,-56.240547795
272.286070122,1102.38267523,195.510563096
493.332040918,-317.824371428,-56.2579618517
272.315072802,1102.62608833,195.512552429
493.322748365,-317.969698218,-56.2718544775
272.336928874,1102.80950443,195.514054124
493.315744148,-318.079240202,-56.2823262115
272.353195055,1102.94600035,195.515173216
493.31053051,-318.160779924,-56.2901210632
272.365541393,1103.04959778,195.516023457
493.306572797,-318.222678165,-56.2960382749
272.375745452,1103.13521584,195.516726709
493.303301505,-318.273841358,-56.3009292637
272.384197706,1103.20613277,195.517309598
493.300591613,-318.316224595,-56.3049809258
272.391129153,1103.26428799,195.517787858
493.298369169,-318.35098428,-56.3083038088
272.39671514,1103.31115364,195.518173446
493.296578031,-318.378998377,-56.3109818411
272.401202263,1103.34879928,195.518483287
493.295139182,-318.401502632,-56.3131331555
272.404748737,1103.37855269,195.518728243
493.294001926,-318.419289902,-56.3148335458
272.407392366,1103.40073136,195.518910877
493.293154167,-318.432549341,-56.3161010941
272.409355832,1103.41720368,195.519046544
493.292524509,-318.442397551,-56.3170425429
272.410812661,1103.42942554,195.519147215
493.292057318,-318.449704721,-56.3177410785
272.411869049,1103.43828791,195.519220221
493.29171854,-318.455003417,-56.3182476122
272.412623429,1103.44461662,195.519272359
493.291476613,-318.458787313,-56.3186093372
272.413177122,1103.4492617,195.519310629
493.291299045,-318.461564599,-56.3188748345
272.413670101,1103.45339742,195.519344703
493.291140946,-318.46403736,-56.3191112205
272.41411004,1103.45708818,195.519375112
493.290999857,-318.466244088,-56.3193221747
272.414508776,1103.46043326,195.519402674
493.290871982,-318.468244145,-56.319513372
272.414782512,1103.46272969,195.519421596
493.290784194,-318.469617207,-56.3196446311
272.415069531,1103.46513755,195.519441437
493.290692146,-318.471056905,-56.3197822605
272.415166533,1103.46595132,195.519448142
493.290661037,-318.471543471,-56.3198287742
0.0,-0.0,-0.0
522.424304699,0.0648188743829,0.111123953092
119.756562792,370.995310032,102.977881711
519.531980445,-22.8628901057,-6.25216053074
152.869595042,493.848207124,128.437015249
516.829246294,-46.4615338193,-11.9875755183
174.72639129,585.809913917,143.623229882
514.325693588,-70.2179560632,-17.1177844664
190.989426114,661.670132342,153.808921834
512.027814779,-93.6498935438,-21.670322701
203.769355844,726.548216631,161.022930475
509.931895207,-116.383149392,-25.6931913549
214.030251517,782.398094785,166.252559236
508.048524211,-137.916060558,-29.2042171318
222.325923853,830.278107982,170.075083314
506.386548908,-157.797399885,-32.2206335317
229.083358199,871.268789454,172.892512664
504.935764697,-175.840698613,-34.7897398092
234.668030814,906.667631443,174.993450848
503.668192199,-192.155072131,-36.9828629583
239.372182757,937.67066143,176.585569241
502.550593266,-206.982835534,-38.8746026413
243.338439907,964.714896708,177.792328393
501.571794345,-220.320034713,-40.4981527614
246.653444813,987.990923912,178.700148584
500.727439472,-232.094560405,-41.8731673423
249.380839792,1007.6284722,179.37414127
500.014434596,-242.236910499,-43.0153374677
251.614473573,1024.03810516,179.877376212
499.417976833,-250.86031703,-43.9577430132
253.446345166,1037.71931813,180.256795254
498.920258103,-258.153243729,-44.7350224966
254.95963632,1049.18162969,180.546125831
498.503219976,-264.334020546,-45.3796543282
256.201436293,1058.69774249,180.767000728
498.156989112,-269.514185347,-45.9102082585
257.215482604,1066.53895143,180.936788643
497.87155548,-273.81697157,-46.3445712962
258.040488908,1072.95928956,181.068779897
497.637527779,-277.364853607,-46.6988754992
258.7068798,1078.17435372,181.171023429
497.447305434,-280.262556068,-46.9855719678
259.240375693,1082.37147766,181.249561941
497.294249203,-282.604099036,-47.2153016823
259.663036749,1085.71190354,181.309491985
497.172503549,-284.473377777,-47.3973855836
260.001021131,1088.39574204,181.355518061
497.07483787,-285.978098944,-47.5429375995
260.268334244,1090.52881937,181.390356412
496.997397697,-287.175192842,-47.6579342155
260.471650672,1092.15885559,181.415708735
496.938381135,-288.090283369,-47.7452756548
260.624148222,1093.38554539,181.434111855
496.894049807,-288.779186849,-47.810723726
260.739961164,1094.31883067,181.44783481
496.860344964,-289.303636652,-47.8604144772
260.831824468,1095.06014365,181.458565718
496.833586919,-289.720409995,-47.89982147
260.905670453,1095.65664794,181.467103921
496.812062072,-290.05591908,-47.9314969205
260.965624613,1096.14104663,181.474019657
496.794576679,-290.328545509,-47.957221609
261.01418102,1096.53326088,181.479635091
496.780408972,-290.549447548,-47.9780669615
261.053555219,1096.85126156,181.484195249
496.768916211,-290.728650092,-47.9949770223
261.084956868,1097.10483952,181.48783706
496.759747812,-290.871613439,-48.0084675517
261.108620247,1097.29591019,181.490584171
496.75283718,-290.97937385,-48.0186361895
261.126231205,1097.43809984,181.492630228
496.747693205,-291.059587368,-48.0262054193
261.139598085,1097.54601716,181.494184094
496.743788375,-291.120478833,-48.0319513539
261.150645497,1097.6352044,181.49546891
496.740560796,-291.170809835,-48.036700768
261.159796246,1097.70907697,181.496533539
496.737887114,-291.212503677,-48.0406351491
261.167300457,1097.76965549,181.497406873
496.735694368,-291.24669796,-48.0438618454
261.173347995,1097.81847371,181.498110855
496.733927165,-291.274256373,-48.0464623567
261.178205853,1097.85768758,181.498676463
496.732507544,-291.296394565,-48.0485513966
261.182045331,1097.88868034,181.499123571
496.731385485,-291.313892497,-48.0502025651
261.184907363,1097.91178276,181.499456896
496.730549054,-291.326936249,-48.0514334211
261.187033037,1097.92894112,181.499704485
496.729927812,-291.336624261,-48.0523476173
261.188610217,1097.94167198,181.4998882
496.729466863,-291.343812567,-48.0530259318
261.189753873,1097.95090342,181.500021423
496.729132613,-291.34902507,-48.0535178025
261.190570572,1097.95749568,181.500116563
496.728893919,-291.352747413,-48.0538690565
261.191170005,1097.9623342,181.500186395
496.728718723,-291.355479521,-48.0541268682
261.191703708,1097.96664214,181.500248571
496.728562738,-291.357912058,-48.0543564113
261.19217999,1097.9704866,181.500304058
496.728423534,-291.360082889,-48.0545612589
261.192611664,1097.97397097,181.500354349
496.728297368,-291.362050412,-48.0547469215
261.192908012,1097.97636303,181.500388875
496.728210753,-291.363401138,-48.0548743809
261.193218742,1097.97887116,181.500425077
496.728119935,-291.364817417,-48.0550080262
261.193323757,1097.97971882,181.500437312
496.728089241,-291.365296067,-48.0550531934
0.0,-0.0,-0.0
522.424304699,0.0648188743829,0.111123953092
116.261644547,392.159213739,95.215342097
519.75074755,-23.1440591583,-5.52316931104
148.309906235,518.376392037,118.765485979
517.274615111,-46.5151833575,-10.559337754
169.338183536,610.786507806,132.780840275
515.0022432,-69.5720690081,-15.0252552707
184.933744205,685.711388134,142.216875301
512.929876788,-91.9448100125,-18.9688532149
197.045779331,748.314079355,148.885260485
511.067908503,-113.138388199,-22.4084211501
206.632025011,800.995927353,153.697106353
509.425009795,-132.707789843,-25.3616023918
214.328255394,845.543641798,157.224719484
507.991025385,-150.468859921,-27.8753809073
220.622949949,883.683911328,159.855102143
506.738244772,-166.52867147,-30.0200838932
225.883970116,916.877565877,161.856349821
505.633776378,-181.125526514,-31.8690847515
230.293062828,945.693862958,163.383919513
504.666546156,-194.255344474,-33.4551743677
233.960829969,970.403158078,164.544031167
503.83222303,-205.846996342,-34.7978558858
236.967315289,991.190264751,165.415285007
503.127727143,-215.831963657,-35.9127135703
239.422388365,1008.52146323,166.073633137
502.538414236,-224.321627523,-36.8322629791
241.431270763,1022.94547441,166.576132376
502.046676312,-231.501483195,-37.5904643964
243.0877644,1035.01332802,166.964333756
501.634662668,-237.586460161,-38.2191086822
244.445085695,1045.02103138,167.264497378
501.292612352,-242.686350654,-38.736388286
245.552164205,1053.25984659,167.497877444
501.010631436,-246.922462327,-39.1598061873
246.452011244,1060.00067177,167.68092954
500.779438855,-250.415360111,-39.5051338078
247.178306284,1065.47284052,167.823954839
500.591523765,-253.268152108,-39.7845326958
247.759411196,1069.87492635,167.934809786
500.440325827,-255.573406901,-40.0083906301
248.219572255,1073.37728688,168.02011983
500.320059485,-257.41371965,-40.185804237
248.58740606,1076.19056194,168.086266762
500.223581277,-258.895130011,-40.327610595
248.878240994,1078.42616573,168.136881172
500.147083136,-260.073686029,-40.4396384102
249.099397204,1080.13438643,168.174134759
500.088784773,-260.974612023,-40.5247184053
249.265246813,1081.41981311,168.201412179
500.044993092,-261.652855295,-40.5884682927
249.391183483,1082.39770863,168.221852456
500.011698633,-262.169190587,-40.636868075
249.491066935,1083.1744077,168.23789809
499.985266444,-262.579515982,-40.6752502667
249.571353635,1083.79935275,168.250700854
499.964003762,-262.909834613,-40.7061013814
249.636532683,1084.30681726,168.261077026
499.946731358,-263.178243179,-40.731156391
249.689317926,1084.71768319,168.269495753
499.932736243,-263.395727205,-40.7514590612
249.732119458,1085.05079077,168.276329333
499.921383499,-263.572156725,-40.7679288608
249.766253306,1085.31640504,168.281784454
499.912326805,-263.712907669,-40.7810681427
249.791974909,1085.51653917,168.285898134
499.905500374,-263.819000364,-40.790972014
249.811117276,1085.66547031,168.288961296
499.900419077,-263.897972437,-40.7983441541
249.825646294,1085.77850233,168.29128719
499.896561827,-263.957921471,-40.8039404715
249.837654045,1085.87191533,168.293210092
499.893373577,-264.00747347,-40.8085662146
249.847600161,1085.94928722,168.294803275
499.890732475,-264.04852198,-40.8123981461
249.855756559,1086.01273476,168.296110068
499.888566449,-264.082186999,-40.8155408197
249.862329643,1086.06386465,168.297163377
499.886820781,-264.109318853,-40.8180736135
249.867609634,1086.10493516,168.298009595
499.885418459,-264.131114379,-40.8201082542
249.871782732,1086.13739517,168.29867849
499.884310074,-264.148341466,-40.8217164256
249.874893443,1086.16159121,168.299177143
499.883483836,-264.161183318,-40.8229152294
249.877203809,1086.17956177,168.299547523
499.882870163,-264.170721371,-40.8238056194
249.878918021,1086.19289521,168.299822346
499.882414832,-264.177798409,-40.8244662702
249.880161041,1086.2025636,168.300021634
499.882084655,-264.182930229,-40.8249453322
249.881048696,1086.20946788,168.300163952
499.88184887,-264.186594954,-40.8252874392
249.881700208,1086.21453539,168.300268411
499.881675809,-264.189284772,-40.8255385373
249.882280279,1086.21904723,168.300361418
499.881521725,-264.191679655,-40.825762103
249.882797941,1086.22307363,168.300444418
499.881384217,-264.193816885,-40.8259616161
249.883267119,1086.22672292,168.300519646
499.881259588,-264.195753952,-40.8261424439
249.883589213,1086.22922818,168.300571291
499.881174029,-264.19708377,-40.8262665842
249.883926939,1086.23185502,168.300625443
499.881084318,-264.198478126,-40.8263967492
249.884041077,1086.23274279,168.300643745
499.881053998,-264.198949368,-40.8264407402
0.0,-0.0,-0.0
522.424304699,0.0648188743829,0.111123953092
112.510114133,408.148018576,87.8794164178
519.972870757,-22.9439697614,-4.84223469475
143.434720017,536.351063093,109.637682547
517.723465773,-45.6487012027,-9.23195125956
163.658833552,628.467710896,122.626843665
515.672300124,-67.683392368,-13.1058782928
178.483907407,701.370897939,131.344561774
513.829591096,-88.5591525082,-16.4826950105
189.837058451,760.894135224,137.471626764
512.203853791,-107.836687836,-19.3803885376
198.762649224,810.288266184,141.901564436
510.784978894,-125.333916991,-21.8456518341
205.958725676,852.048240867,145.183618469
509.545499045,-141.155930431,-23.9479240977
211.910760957,888.067649649,147.676789855
508.452835298,-155.537225018,-25.7594952115
216.859897035,919.129124624,149.583250794
507.496003842,-168.473556836,-27.3127956344
220.952110763,945.629079903,151.037222433
506.670696627,-179.89467234,-28.6271898698
224.290906811,967.836696598,152.135768303
505.97384712,-189.732936489,-29.7181630069
227.007508559,986.29696855,152.971350537
505.390954061,-198.097976566,-30.6177321055
229.22411634,1001.62492611,153.613559103
504.904589572,-205.172501023,-31.359261
231.047809623,1014.42572741,154.11339994
504.497089815,-211.168257334,-31.9739373015
232.53946355,1025.02587963,154.502715065
504.158794976,-216.193401514,-32.4796219916
233.754372165,1033.74223069,154.807358258
503.879915545,-220.367440224,-32.8934812063
234.740738799,1040.86693232,155.047479835
503.651269569,-223.809155114,-33.2309704017
235.536142171,1046.64638839,155.235988961
503.465426865,-226.620146015,-33.5039977274
236.172080473,1051.29300645,155.382823973
503.315898004,-228.891628085,-33.72272951
236.675375635,1054.98828967,155.496352127
503.196960317,-230.704984721,-33.8960662416
237.077508195,1057.955587,155.584844216
503.101548624,-232.164703154,-34.0346031512
237.395349094,1060.31306848,155.652961715
503.025896549,-233.326009688,-34.1440398221
237.636974684,1062.11415304,155.703408896
502.968243212,-234.21375624,-34.2271461973
237.818137188,1063.46930161,155.740518468
502.924936194,-234.882081037,-34.2894141179
237.955680178,1064.50012792,155.768398094
502.892010301,-235.390866601,-34.3366873374
238.064755772,1065.31879946,155.790327891
502.865870765,-235.795192945,-34.3741752598
238.152422756,1065.97747035,155.807850994
502.844843531,-236.120682542,-34.4043070498
238.223587836,1066.51228223,155.822056817
502.827762411,-236.385166973,-34.4287776947
238.281217261,1066.94525944,155.833577598
502.813922299,-236.59947103,-34.448606818
238.32794439,1067.29627431,155.842926662
502.802695302,-236.773320659,-34.4646924443
238.36520735,1067.576155,155.850388019
502.793738929,-236.912013294,-34.4775252267
238.39328601,1067.78703123,155.856013578
502.786988118,-237.016554435,-34.4871980621
238.414182035,1067.94395209,155.860201946
502.781963111,-237.094371534,-34.4943982215
238.430041793,1068.06304562,155.863381896
502.778148592,-237.153443784,-34.4998639827
238.443149174,1068.16146652,155.866010664
502.774995662,-237.202271043,-34.5043818104
238.454005995,1068.2429853,155.868188532
502.77238382,-237.242719172,-34.5081243443
238.46290914,1068.30983273,155.869974809
502.770241791,-237.275891795,-34.5111936997
238.470083958,1068.36370201,155.871414529
502.768515463,-237.302626804,-34.5136674031
238.47584727,1068.40697265,155.872571145
502.767128677,-237.324103533,-34.5156545751
238.480402343,1068.44117135,155.873485369
502.766032572,-237.341078644,-34.5172252271
238.483797773,1068.46666332,155.874166896
502.765215487,-237.353732658,-34.5183960623
238.486319596,1068.48559631,155.874673099
502.764608614,-237.363131199,-34.5192656789
238.488190697,1068.49964381,155.875048699
502.764158327,-237.370104721,-34.5199109163
238.489547481,1068.50982995,155.875321063
502.763831808,-237.375161477,-34.5203788014
238.490516374,1068.51710396,155.875515566
502.763598635,-237.378772598,-34.5207129268
238.491227512,1068.52244284,155.875658327
502.763427492,-237.381423072,-34.5209581667
238.491860671,1068.52719628,155.875785435
502.763275115,-237.383782925,-34.5211765163
238.492425707,1068.53143829,155.875898869
502.763139131,-237.385888893,-34.5213713747
238.492937823,1068.53528299,155.876001679
502.763015883,-237.387797626,-34.5215479836
238.493289395,1068.5379224,155.87607226
502.762931272,-237.389107993,-34.5216692276
238.493658028,1068.5406899,155.876146267
502.762842554,-237.390481954,-34.5217963558
238.493782612,1068.54162521,155.876171278
502.762812571,-237.390946302,-34.5218393205
0.0,-0.0,-0.0
522.424304699,0.0648188743829,0.111123953092
108.513619492,419.025301944,80.9619323158
520.195463965,-22.3126925188,-4.21187161169
138.340958293,548.086835812,101.13583941
518.163275586,-44.0336360484,-8.02484876831
157.62273736,638.51610194,113.131297467
516.337801285,-64.6147244272,-11.3468132527
171.566030244,708.427131838,121.133791398
514.727417626,-83.6218867416,-14.196039293
182.176521137,764.700335104,126.765691997
513.322057696,-100.874888779,-16.6189536865
190.554679572,811.374776997,130.877781555
512.094472668,-116.476926416,-18.6842110742
197.385163145,851.111318155,133.977985248
511.012363977,-130.658930863,-20.4631486607
203.005201203,885.057390759,136.341156524
510.06482912,-143.416470512,-21.987876423
207.615596641,913.816984811,138.143102027
509.247581158,-154.680069101,-23.277632559
211.354724089,937.792510023,139.507160836
508.557565916,-164.382880121,-24.3478109945
214.383179632,957.643098356,140.547634627
507.980410308,-172.632888451,-25.2299905924
216.845523136,974.074965431,141.350051815
507.498847701,-179.610213433,-25.9570131064
218.865774927,987.76498186,141.977094593
507.095381434,-185.523654582,-26.5595392776
220.514563536,999.080133888,142.467471971
506.760442199,-190.479849846,-27.0551402298
221.855105826,1008.37041048,142.852573474
506.484333887,-194.596638238,-27.4606879842
222.941958596,1015.95496931,143.15692385
506.257963168,-197.991152138,-27.7913624117
223.817424198,1022.1015711,143.396492201
506.07397197,-200.763597592,-28.0588508893
224.516760377,1027.03973752,143.583634545
505.925934255,-203.00393977,-28.273126917
225.069848394,1030.96464866,143.728722729
505.808183559,-204.792443334,-28.4429202488
225.511525443,1034.1150183,143.842172773
505.713724651,-206.232163314,-28.5786157628
225.860472178,1036.6171975,143.929818157
505.63882841,-207.377567816,-28.6858007149
226.125656828,1038.52843,143.994971855
505.581751302,-208.253164964,-28.7671921301
226.324433534,1039.9662196,144.043033685
505.53887725,-208.912346753,-28.8281723771
226.475321387,1041.05975377,144.079196295
505.506280609,-209.414173001,-28.8744667625
226.594962546,1041.92813187,144.107675165
505.480402506,-209.812969526,-28.9111777017
226.691110288,1042.62673132,144.130450533
505.459585603,-210.13400786,-28.9406845201
226.769152517,1043.19391338,144.148916722
505.442675361,-210.394875164,-28.9646474541
226.832346303,1043.65305909,144.163887968
505.428973717,-210.606248052,-28.9840651482
226.883582014,1044.02526444,144.176034725
505.417859051,-210.777719648,-28.9998169956
226.924438382,1044.32202555,144.185727192
505.408992296,-210.914515028,-29.0123834841
226.955223604,1044.54561116,144.193033971
505.402309037,-211.01762602,-29.0218555902
226.978133188,1044.71198441,144.198473512
505.397334314,-211.094378521,-29.0289063289
226.995520835,1044.83824882,144.202603089
505.393557968,-211.152642594,-29.0342586599
227.009890705,1044.94259396,144.206016687
505.39043659,-211.200801825,-29.0386827283
227.021793079,1045.02901829,144.208844632
505.387850886,-211.240696555,-29.0423475916
227.031553518,1045.09988751,144.211164007
505.385730294,-211.273415312,-29.0453532465
227.039419133,1045.15699719,144.213033338
505.384021242,-211.299784531,-29.0477756109
227.045737294,1045.20287032,144.214535048
505.382648335,-211.320967411,-29.0497215411
227.050730866,1045.23912564,144.215722021
505.3815632,-211.337710262,-29.0512595955
227.054453143,1045.2661505,144.216606859
505.380754293,-211.35019114,-29.0524061308
227.05721771,1045.2862219,144.217264065
505.380153493,-211.359461085,-29.0532576991
227.059268914,1045.30111402,144.217751702
505.379707713,-211.366339192,-29.053889545
227.060756291,1045.31191259,144.218105308
505.379384462,-211.371326758,-29.0543477195
227.061818441,1045.31962392,144.218357826
505.379153622,-211.37488847,-29.0546749103
227.062598026,1045.32528377,144.218543169
505.378984192,-211.377502678,-29.0549150603
227.063292125,1045.33032299,144.21870819
505.378833339,-211.379830242,-29.0551288783
227.063911546,1045.33482003,144.218855457
505.378698717,-211.381907395,-29.0553196924
227.064472952,1045.33889586,144.218988932
505.378576702,-211.383790012,-29.0554926359
227.064858361,1045.34169395,144.219080564
505.378492937,-211.385082449,-29.0556113635
227.065262474,1045.34462782,144.219176644
505.378405108,-211.386437611,-29.0557358532
227.065399048,1045.34561936,144.219209115
505.378375425,-211.386895606,-29.0557779262
0.0,-0.0,-0.0
522.424304699,0.0648188743829,0.111123953092
104.418946268,425.223948118,74.6089214671
520.409001174,-21.3678977552,-3.64879638922
132.931934725,553.113197748,93.2209056351
518.598857631,-41.6785218187,-6.9230483606
151.130009131,640.633313101,104.222686541
517.002128498,-60.4377118405,-9.73014484019
164.213296607,707.32357974,111.570549709
515.608785576,-77.4668686416,-12.1162713977
174.214042683,760.95585735,116.790232853
514.391775184,-92.8674040533,-14.1493933827
182.197985334,805.72384835,120.664933152
513.319048651,-106.866946479,-15.9000147609
188.671636694,843.451109422,123.592551009
512.379776234,-119.460863085,-17.3999622769
193.926242142,875.103214853,125.814612441
511.569690171,-130.580363555,-18.6683600519
198.154530394,901.30178091,127.493674798
510.885747626,-140.159300753,-19.7205190351
201.559088809,922.877163473,128.774048819
510.313689693,-148.304139078,-20.5876349111
204.31483836,940.664375632,129.762161758
509.83639321,-155.192617264,-21.3020947245
206.567949279,955.437289921,130.535480008
509.436510192,-161.0308309,-21.8941012919
208.401745544,967.617587267,131.141349564
509.104551841,-165.924023773,-22.3809735138
209.889485211,977.598791054,131.617945818
508.830905096,-169.988505998,-22.7793278496
211.093615803,985.734751846,131.995053362
508.606555402,-173.339899483,-23.104104954
212.062235402,992.320190572,132.292282241
508.424208783,-176.077134687,-23.3668007694
212.835157139,997.605948272,132.524830539
508.277495531,-178.289033373,-23.5772216858
213.445929139,1001.80407504,132.705401198
508.160799122,-180.054837184,-23.7439495248
213.933348864,1005.17191077,132.84686648
508.067186467,-181.47629232,-23.8771870624
214.318234326,1007.84574088,132.956403247
507.992961541,-182.607173926,-23.9824242933
214.610613487,1009.88749771,133.038026133
507.936396222,-183.471675769,-24.0623323851
214.829708494,1011.42313738,133.098343389
507.893906715,-184.122508038,-24.1221989397
214.995981934,1012.59087729,133.143769456
507.861602502,-184.61797906,-24.1676467695
215.127799507,1013.51804987,133.179569529
507.835956593,-185.01172584,-24.203685742
215.2337179,1014.26386163,133.208214455
507.815326497,-185.328699394,-24.2326520685
215.31968124,1014.86930902,133.231440596
507.79856802,-185.586263651,-24.256175924
215.389282738,1015.35938311,133.250266255
507.784989355,-185.794959897,-24.2752378057
215.445709494,1015.75662947,133.265537787
507.773974457,-185.964259965,-24.2907009945
215.490702648,1016.07333586,133.277721922
507.765187295,-186.099322846,-24.303037187
215.524603377,1016.31193694,133.286906096
507.758564033,-186.201127886,-24.3123356988
215.549830575,1016.4894769,133.293742709
507.75363397,-186.276908243,-24.3192572156
215.568976724,1016.62421227,133.298932598
507.749891526,-186.334434324,-24.3245114502
215.584799571,1016.73555541,133.303222467
507.746798172,-186.381983542,-24.3288544337
215.597905206,1016.82777421,133.306776205
507.744235682,-186.421372932,-24.3324521262
215.608652221,1016.90339386,133.309690755
507.742134128,-186.453677241,-24.3354026918
215.617312787,1016.96433093,133.312039713
507.740440421,-186.479712437,-24.3377806573
215.62426944,1017.01327792,133.313926687
507.73907984,-186.500626987,-24.3396909207
215.629767606,1017.05196234,133.315418151
507.738004447,-186.517157751,-24.3412007842
215.633865991,1017.08079768,133.316529961
507.737202803,-186.529480527,-24.3423263046
215.636909884,1017.10221363,133.31735574
507.736607397,-186.538633045,-24.3431622644
215.63916833,1017.11810329,133.317968452
507.736165619,-186.545424023,-24.3437825291
215.64080598,1017.12962518,133.318412752
507.73584527,-186.550348409,-24.3442323056
215.641975439,1017.13785302,133.318730036
507.735616504,-186.553865003,-24.3445534993
215.642833785,1017.14389197,133.318962915
507.735448594,-186.556446095,-24.3447892475
215.643598008,1017.1492687,133.319170259
507.735299096,-186.558744175,-24.3449991463
215.644280007,1017.15406694,133.319355295
507.735165682,-186.560795015,-24.345186463
215.644898129,1017.15841576,133.319523003
507.735044763,-186.562653783,-24.3453562366
215.645322475,1017.16140125,133.319638136
507.734961751,-186.563929848,-24.345472788
215.645767412,1017.16453161,133.319758856
507.73487471,-186.565267843,-24.3455949959
215.645917785,1017.16558956,133.319799656
507.734845293,-186.565720036,-24.3456362977
0.0,-0.0,-0.0
522.424304699,0.0648188743829,0.111123953092
99.9097589141,425.595599906,68.5855498579
520.627754532,-19.999367306,-3.12169675585
126.967068332,550.778941719,85.6818099692
519.043130181,-38.5327619956,-5.89223363029
144.137840453,635.152434695,95.7959100458
517.660438562,-55.3582084335,-8.24645490136
156.534630963,699.330962047,102.609981336
516.452799615,-70.575457478,-10.251721825
166.110336474,751.221359808,107.5263353
515.388386623,-84.409104525,-11.9778111296
173.709909428,794.061235113,111.179478014
514.456434701,-96.8543106867,-13.4562999999
179.787597236,829.499399675,113.92459672
513.652693401,-107.842889118,-14.7062100892
184.626603276,858.539714478,115.98689103
512.974130214,-117.309310821,-15.7427773172
188.492783148,882.281651516,117.554195928
512.406587598,-125.358644604,-16.5968630002
191.604047063,901.748958141,118.76157223
511.933069641,-132.166456805,-17.3004588632
194.1365228,917.850564259,119.7059017
511.536360156,-137.936380732,-17.8833703817
196.190560389,931.083896575,120.445750255
511.207041731,-142.772389241,-18.3626973618
197.852466085,941.900812419,121.02784423
510.935574915,-146.789400746,-18.7548345632
199.194696664,950.700450474,121.488446068
510.713014959,-150.10166346,-19.0745153203
200.272594273,957.81202773,121.851595401
510.532124677,-152.80694847,-19.3330698306
201.13158118,963.513237548,122.135898508
510.386584263,-154.993038752,-19.5401598738
201.809662388,968.037123767,122.356817447
510.270821431,-156.7382468,-19.7042392856
202.3503596,971.663740386,122.530079484
510.177958128,-158.143130728,-19.835353416
202.777043236,974.541507994,122.664424511
510.104327641,-159.260836594,-19.9389081633
203.101015482,976.738144795,122.764688363
510.048215501,-160.115272665,-20.0175350147
203.343695423,978.389783986,122.838864667
510.006066499,-160.758530347,-20.0764396493
203.527816823,979.645433516,122.89475954
509.974021221,-161.248236071,-20.1211563118
203.673752735,980.642221773,122.938829323
509.948580912,-161.63740191,-20.1566149216
203.790995663,981.443912177,122.974101657
509.928116226,-161.950688078,-20.1851144448
203.886137006,982.094634726,123.002700762
509.911492131,-162.205255978,-20.2082590863
203.963161101,982.621294251,123.025876275
509.89802236,-162.411524118,-20.2270136677
204.025599863,983.048156043,123.044673603
509.887095801,-162.578854294,-20.2422275544
204.075383251,983.388447609,123.059668772
509.878379117,-162.712345554,-20.2543648499
204.112891155,983.644802254,123.070970734
509.871808978,-162.812965911,-20.2635134356
204.140801462,983.835543985,123.079383179
509.86691846,-162.887864397,-20.2703233492
204.161983288,983.980293405,123.085768973
509.863206035,-162.944721019,-20.2754928621
204.179488036,984.099908882,123.091047123
509.860137494,-162.99171687,-20.2797658163
204.193986448,984.198977016,123.095419396
509.857595559,-163.030647849,-20.2833054961
204.205875381,984.280211705,123.099005148
509.855510864,-163.062576196,-20.2862084834
204.21545604,984.345672618,123.101894985
509.853830742,-163.088308387,-20.2885481036
204.223151678,984.398252734,123.104216415
509.852481076,-163.108979526,-20.2904275632
204.229233845,984.439808134,123.106051244
509.85141431,-163.125317897,-20.2919130794
204.23376752,984.470783289,123.107418998
509.850619096,-163.137497254,-20.2930204502
204.237134688,984.493788354,123.108434867
509.850028467,-163.146543249,-20.2938429296
204.239632981,984.510856995,123.109188616
509.849590233,-163.15325519,-20.2944531921
204.241444544,984.523233745,123.109735186
509.849272454,-163.158122263,-20.2948957157
204.242738194,984.53207203,123.1101255
509.849045522,-163.161597928,-20.2952117298
204.24368769,984.538559018,123.110411981
509.84887896,-163.16414898,-20.2954436765
204.244533068,984.544334651,123.11066705
509.848730661,-163.166420313,-20.2956501905
204.245287489,984.549488859,123.110894676
509.848598317,-163.168447284,-20.2958344865
204.24597125,984.554160306,123.111100984
509.848478368,-163.170284419,-20.2960015224
204.246440656,984.557367282,123.111242616
509.848396022,-163.171545632,-20.2961161943
204.246932842,984.560729877,123.111391122
509.848309679,-163.172868054,-20.2962364315
204.247099182,984.561866307,123.111441312
509.848280498,-163.173314985,-20.2962770673
0.0,-0.0,-0.0
522.424304699,0.0648188743829,0.111123953092
94.9269119584,420.224388483,62.8039729005
520.850284032,-18.2661701576,-2.62800667698
120.607920277,542.22271039,78.5553475164
519.476921465,-34.909096949,-4.95483482334
136.960293104,624.18286224,87.9454843066
518.27748951,-49.9621954177,-6.93619811439
148.879410186,686.774284973,94.3628429257
517.220356207,-63.6473224904,-8.64124526543
158.025881918,736.777293993,98.9918081898
516.294813756,-75.9594370555,-10.101336098
165.183838359,777.279459528,102.409103686
515.496627121,-86.8308770221,-11.3354014985
170.799314164,809.999653529,104.948560034
514.822773047,-96.1966531598,-12.3586105464
175.239174296,836.482649503,106.865127244
514.259182899,-104.160574765,-13.2015358605
178.784880135,858.039333434,108.334976988
513.788972279,-110.896257204,-13.8958289957
181.654413068,875.771855158,109.481439977
513.395040453,-116.605126445,-14.4709541279
183.971568954,890.284748666,110.37810885
513.068032555,-121.390014948,-14.9438226808
185.839959177,902.10921325,111.082752236
512.798473604,-125.364593945,-15.3306390234
187.344937071,911.704118303,111.639770999
512.577479977,-128.641881554,-15.6459586054
188.551011526,919.443132074,112.078689301
512.397864213,-131.318611223,-15.9009695428
189.51057636,925.637907571,112.422261128
512.253350194,-133.481636557,-16.1052097104
190.267090723,930.547654341,112.689253478
512.13840436,-135.208438969,-16.2670233049
190.869730717,934.480072661,112.898741427
512.046196827,-136.598514396,-16.396320915
191.344924858,937.598377487,113.061299147
511.97308654,-137.704446429,-16.4984364379
191.705513788,939.97741815,113.182732039
511.917370977,-138.54988798,-16.5759673636
191.975500977,941.765519288,113.272630366
511.875519949,-139.186377338,-16.6340492445
192.180271385,943.124501519,113.34039217
511.843701264,-139.670931512,-16.6781405384
192.342531721,944.203067618,113.393830555
511.818440874,-140.056004117,-16.7131027731
192.472862574,945.070366361,113.436607457
511.798120936,-140.365995502,-16.7412030528
192.578607058,945.774227122,113.471288472
511.781614438,-140.617886085,-16.7640233653
192.664203691,946.343813212,113.499386418
511.768239958,-140.821984659,-16.7825151231
192.73358415,946.805415109,113.52217274
511.757390703,-140.987554701,-16.7975157901
192.788897427,947.173367679,113.540347662
511.748735693,-141.119641689,-16.809482976
192.830568844,947.450540797,113.55404486
511.742212042,-141.219203513,-16.8185033351
192.86157572,947.656761662,113.564239393
511.737356128,-141.293314034,-16.8252177982
192.885106712,947.813251612,113.571977514
511.733669973,-141.349572484,-16.8303148517
192.904552237,947.942564974,113.578373138
511.730623145,-141.396073895,-16.8345279121
192.920657709,948.049662332,113.583670902
511.728099198,-141.434595276,-16.8380179758
192.933864187,948.137479017,113.588015527
511.726029254,-141.466187696,-16.8408802711
192.944506409,948.208242636,113.591516872
511.724361022,-141.491649149,-16.8431870958
192.95305463,948.265081248,113.594329474
511.723020907,-141.512102797,-16.8450402101
192.959810554,948.310001744,113.596552485
511.721961689,-141.528269263,-16.8465049029
192.964846409,948.343484936,113.598209585
511.721172103,-141.540320474,-16.8475967509
192.968586524,948.368352546,113.599440348
511.720585654,-141.54927129,-16.848407701
192.971361516,948.386803017,113.600353537
511.720150521,-141.55591261,-16.849009409
192.973373712,948.40018171,113.601015718
511.719834991,-141.560728473,-16.8494457294
192.974810632,948.40973546,113.601488592
511.719609665,-141.564167568,-16.8497573137
192.975865282,948.416747563,113.601835668
511.719444281,-141.566691778,-16.849986009
192.976804281,948.422990717,113.602144687
511.719297032,-141.568939212,-16.8501896281
192.977642249,948.428562137,113.602420458
511.719165625,-141.570944856,-16.8503713407
192.978401731,948.433611713,113.602670402
511.719046524,-141.572762661,-16.8505360351
192.978923121,948.437078273,113.602841991
511.718964761,-141.574010604,-16.8506490996
192.979469811,948.440713046,113.603021907
511.718879029,-141.575319112,-16.8507676513
192.979654571,948.441941461,113.603082712
511.718850055,-141.57576134,-16.8508077175
0.0,-0.0,-0.0
522.424304699,0.0648188743829,0.111123953092
89.8036016605,410.844258341,57.4317112947
521.058990773,-16.4175082119,-2.19249509456
114.331658124,530.216820983,72.048380048
519.86663859,-31.3262227473,-4.15361509482
130.081517595,610.599398575,80.8752970695
518.815784484,-44.8807561737,-5.84084987936
141.479297555,671.196721923,86.8994743197
517.895770116,-57.075876105,-7.28537271852
150.103969295,718.681378269,91.2136707441
517.102373931,-67.8443701084,-8.50603544413
156.726968747,756.247940266,94.3617800463
516.43258081,-77.121713249,-9.51794863784
161.888375487,786.228561072,96.7102874527
515.872398921,-85.0105996857,-10.3514390686
165.968426658,810.391525277,98.4976267772
515.40504012,-91.6829246788,-11.0378694948
169.24570717,830.124418537,99.8846009941
515.013503291,-97.3381710382,-11.6064148067
171.877178853,846.186727611,100.965547461
514.688487546,-102.078166527,-12.0738266084
173.989855184,859.219273268,101.812822864
514.420573523,-106.015484791,-12.456147924
175.68593594,869.760505413,102.481228877
514.200930329,-109.262062112,-12.7677835777
177.041642608,878.241723163,103.007174602
514.022413386,-111.913719775,-13.0198014778
178.118087543,885.017641405,103.41851407
513.878784257,-114.056494655,-13.2216347159
178.965425965,890.380073516,103.73800122
513.764542776,-115.767137966,-13.3815347861
179.639596841,894.670230654,103.988650071
513.672900592,-117.144212783,-13.5092984081
180.170689449,898.069286805,104.183194045
513.600238773,-118.239808676,-13.6101986318
180.573401645,900.660849269,104.328587017
513.5448651,-119.077354208,-13.6868041972
180.874763626,902.607733835,104.436257953
513.503270956,-119.707901963,-13.7441914035
181.103236732,904.086833877,104.517422087
513.471647616,-120.187933876,-13.7877546935
181.284222213,905.260390174,104.581433721
513.446542332,-120.56941329,-13.8222978425
181.429557194,906.20385191,104.632675402
513.426347182,-120.876512415,-13.8500610485
181.547451653,906.969370817,104.674213491
513.409942062,-121.126052777,-13.8726075378
181.642867786,907.588747987,104.707859321
513.396649731,-121.328246852,-13.8908773997
181.720197296,908.090633473,104.735140213
513.38586712,-121.492271808,-13.9056980504
181.781841418,908.490653319,104.756897084
513.377265277,-121.623126096,-13.9175216168
181.828278502,908.791956755,104.773292005
513.370781703,-121.721758719,-13.9264337174
181.862829297,909.016116736,104.785493415
513.365955621,-121.79517755,-13.933067594
181.889048549,909.186211644,104.794754291
513.362292112,-121.850910912,-13.9381034717
181.910714811,909.326762025,104.802408124
513.359264003,-121.896978294,-13.9422659653
181.928659038,909.44316229,104.808747865
513.356755563,-121.935140124,-13.9457141393
181.943372931,909.538604653,104.813946834
513.354698337,-121.966437662,-13.9485420794
181.95522964,909.615511532,104.818136587
513.353040354,-121.991661456,-13.9508212158
181.964753227,909.677283492,104.821502111
513.351708473,-122.011924187,-13.9526520873
181.972279916,909.726102246,104.824162093
513.350655763,-122.027939751,-13.9540991994
181.977890243,909.76249078,104.826144898
513.349871028,-122.039878473,-13.9551779419
181.982056986,909.789515951,104.827617555
513.349288182,-122.04874574,-13.9559791581
181.985148498,909.809567106,104.828710214
513.348855723,-122.055325067,-13.9565736438
181.987390201,909.824106416,104.829502531
513.348542131,-122.060095977,-13.9570047269
181.988991007,909.834488935,104.830068334
513.34831819,-122.06350297,-13.9573125713
181.990165942,909.842109307,104.830483616
513.348153823,-122.066003619,-13.9575385214
181.991212033,909.848894016,104.830853362
513.348007478,-122.068230075,-13.9577396965
181.992145571,909.854948713,104.831183326
513.347876878,-122.070216997,-13.957919228
181.992991669,909.860436292,104.831482386
513.347758509,-122.072017834,-13.9580819455
181.993572521,909.864203539,104.831687693
513.347677248,-122.073254128,-13.9581936529
181.994181558,909.868153586,104.831902964
513.347592043,-122.074550422,-13.9583107816
181.994387389,909.869488551,104.831975718
513.347563247,-122.074988522,-13.9583503668
0.0,-0.0,-0.0
522.424304699,0.0648188743829,0.111123953092
84.9721826166,400.164247674,52.6350117617
521.238011928,-14.7182160316,-1.83295713827
108.567974903,517.501774495,66.3207706771
520.192531572,-28.1591049946,-3.50520493055
123.608358903,595.469936093,74.568590914
519.277247788,-40.2524390947,-4.93663379395
134.347170012,653.147573196,80.1567153667
518.487950688,-50.9313883933,-6.14602735738
142.326741303,697.319304099,84.1126218096
517.82163224,-60.131824264,-7.14844552612
148.417788342,731.85963868,87.0098111278
517.264366416,-67.9554647353,-7.97400710123
153.165727685,759.31789815,89.1884652916
516.799447496,-74.5727047513,-8.65383121466
156.941636028,781.524712995,90.8654974889
516.409959644,-80.1813344831,-9.21684907431
159.951276448,799.47195236,92.1651178004
516.086648183,-84.8823059335,-9.67967754727
162.354271828,813.956014727,93.1795914655
515.82014136,-88.7872369099,-10.0582237697
164.275337337,825.623520482,93.9773528416
515.601653408,-92.0071221125,-10.3667657982
165.805929443,834.981621453,94.6036354982
515.42407645,-94.6369892173,-10.6162704512
167.018213946,842.440239009,95.0926694318
515.281204289,-96.7621647204,-10.8160827363
167.970651461,848.332124374,95.4720805186
515.16756533,-98.4587648345,-10.9743762311
168.727317019,853.039243691,95.7695571081
515.076406758,-99.8245416741,-11.1008520065
169.322706207,856.764636763,96.0003950621
515.004128564,-100.911155321,-11.2007319939
169.773772499,859.602705171,96.1729198749
514.949047348,-101.741839247,-11.2765607659
170.111095893,861.733472662,96.3006858004
514.907672944,-102.367223851,-11.3333648499
170.366706114,863.351515436,96.3969866868
514.876216704,-102.843326037,-11.3764849339
170.569111342,864.634850057,96.472929654
514.851244098,-103.221683087,-11.4106763087
170.731597772,865.666269273,96.533716903
514.83115569,-103.526268946,-11.4381565837
170.863373365,866.502954817,96.5829834243
514.814837289,-103.773767063,-11.4604732338
170.970003082,867.179776118,96.6228794494
514.801615229,-103.974306211,-11.4785568429
171.056406895,867.72812027,96.6552221212
514.790889625,-104.136988555,-11.4932263934
171.125275942,868.165112376,96.6810118485
514.782333262,-104.266771684,-11.5049294098
171.177150505,868.494230882,96.7004434319
514.775883969,-104.364596874,-11.5137506414
171.215744117,868.73906587,96.7149034932
514.771083405,-104.437414658,-11.5203168762
171.245029682,868.924838666,96.7258779541
514.767439268,-104.492691745,-11.5253014048
171.269228732,869.078336929,96.7349475341
514.764427171,-104.538381978,-11.5294214542
171.289269919,869.205455617,96.7424596257
514.761931995,-104.576231374,-11.5328344672
171.305702786,869.309683381,96.7486197721
514.759885647,-104.607272674,-11.5356335705
171.318944353,869.39366741,96.7535839743
514.758236432,-104.632289954,-11.5378894661
171.329580084,869.461122428,96.7575715015
514.756911594,-104.652386787,-11.5397016678
171.337985594,869.514431693,96.7607230315
514.755864451,-104.668271226,-11.5411340232
171.34425091,869.55416688,96.763072213
514.755083866,-104.6801122,-11.5422017654
171.348904067,869.583677287,96.7648169632
514.754504102,-104.688906867,-11.5429948113
171.352356452,869.605572201,96.7661114968
514.75407393,-104.695432326,-11.5435832347
171.354859815,869.621448362,96.7670501921
514.753761996,-104.700164174,-11.5440099219
171.356647469,869.632785485,96.7677205228
514.753539239,-104.703543272,-11.544314627
171.357959539,869.641106478,96.7682125242
514.753375741,-104.706023447,-11.544538273
171.359127726,869.648514962,96.768650575
514.753230171,-104.708231673,-11.5447373966
171.360170219,869.655126306,96.7690414944
514.753100261,-104.710202327,-11.5449150973
171.361115068,869.661118383,96.7693958003
514.752982519,-104.71198842,-11.5450761555
171.36176371,869.665231965,96.769639034
514.752901687,-104.713214592,-11.5451867238
171.362443828,869.669545147,96.7698940712
514.752816933,-104.714500272,-11.5453026581
171.362673681,869.671002836,96.7699802642
514.752788289,-104.714934785,-11.5453418396
0.0,-0.0,-0.0
522.424304699,0.0648188743829,0.111123953092
80.6737113284,389.789499533,48.4954761346
521.383439608,-13.2769918936,-1.54845171447
103.151090365,503.674935029,61.2161012806
520.472218434,-25.2816053332,-2.96881265886
117.30835263,578.035950088,68.8341398079
519.686441415,-35.8825182078,-4.16868353909
127.246953098,631.85906772,73.9398522434
519.023106686,-45.0159414688,-5.16308028754
134.594536937,672.633527238,77.5681230936
518.468344797,-52.7827377347,-5.98194499899
140.207332199,704.407187998,80.2463308876
518.005520856,-59.3519912839,-6.6561903165
144.610021551,729.758389271,82.2828297325
517.617792283,-64.9200153174,-7.21454118667
148.084919486,750.050134243,83.8477001125
517.295944108,-69.5869972093,-7.67350034418
150.839452393,766.310936208,85.0617880937
517.030645473,-73.463720905,-8.04885992178
153.029695057,779.34056467,86.0121444689
516.813149367,-76.6603600891,-8.35479076196
154.767617936,789.74947519,86.7557112739
516.636379433,-79.2712506835,-8.60217424687
156.139817172,798.020443937,87.3349260636
516.494157158,-81.3811001256,-8.8002809662
157.215316167,804.53891704,87.7835171249
516.381035484,-83.0654713457,-8.95721867955
158.068174536,809.737412639,88.1348293911
516.290292105,-84.4214100816,-9.08260770472
158.738294557,813.846106885,88.4072574417
516.218343263,-85.5002022943,-9.18162680988
159.245423351,816.972968132,88.6107961184
516.163513126,-86.324911474,-9.25680015033
159.624364248,819.318750799,88.7614899322
516.122327371,-86.9458003235,-9.31311223316
159.911336632,821.099030423,88.8750379484
516.091014588,-87.4184807751,-9.3558583759
160.138470386,822.51040884,88.9645615139
516.066155888,-87.7941191035,-9.38975295685
160.320741138,823.644332272,89.0362048279
516.04615912,-88.0965166111,-9.41699452428
160.468517954,824.563898157,89.0942550323
516.029915168,-88.3422365082,-9.43911726089
160.588066904,825.307582772,89.1412509277
516.016753436,-88.5413346842,-9.45704372987
160.684920686,825.909979998,89.1793410467
516.006076772,-88.7028479967,-9.47158579827
160.762107027,826.389973106,89.2097083558
515.997559453,-88.8316984525,-9.48318710772
160.82023947,826.751433503,89.2325858522
515.991139591,-88.9288206002,-9.49193167383
160.863484926,827.020303438,89.2496084528
515.986360935,-89.001115046,-9.49844083976
160.896298183,827.224299211,89.2625267605
515.982733428,-89.0559948488,-9.50338204551
160.923410773,827.392845472,89.2732021399
515.979735078,-89.1013566928,-9.50746628511
160.94586391,827.532419857,89.2820438304
515.977251289,-89.1389340503,-9.51084963316
160.964273801,827.646856159,89.2892939898
515.975214281,-89.1697522413,-9.51362440714
160.979108014,827.739063212,89.2951363919
515.973572593,-89.1945897079,-9.51586069466
160.991022688,827.813121093,89.2998292122
515.972253801,-89.2145420921,-9.51765714467
161.00043878,827.871647439,89.3035380886
515.971211437,-89.2303123584,-9.51907705005
161.007457264,827.915270644,89.3063026759
515.970434415,-89.2420682228,-9.52013551131
161.012669731,827.947668238,89.3083559249
515.969857297,-89.2507996753,-9.52092166395
161.016537061,827.971705072,89.3098793382
515.969429088,-89.2572782311,-9.52150497269
161.01934129,827.98913425,89.3109839919
515.969118578,-89.2619760675,-9.52192795105
161.021343783,828.001580326,89.3117728311
515.968896838,-89.2653308774,-9.52223000763
161.022813533,828.010715217,89.3123518118
515.968734086,-89.2677932247,-9.52245170971
161.024122105,828.018848323,89.3128673029
515.96858918,-89.2699855791,-9.5226491025
161.025289876,828.026106305,89.3133273293
515.968459863,-89.2719420685,-9.52282525859
161.026348266,828.032684439,89.3137442687
515.968342658,-89.2737153228,-9.52298491684
161.027074854,828.037200343,89.3140305003
515.968262195,-89.2749326813,-9.52309452398
161.027836698,828.041935363,89.3143306215
515.968177828,-89.2762091203,-9.52320945056
161.028094172,828.043535616,89.3144320511
515.968149315,-89.27664051,-9.52324829155
0.0,-0.0,-0.0
522.424304699,0.0648188743829,0.111123953092
76.3688769506,377.372608425,44.6519950886
521.516612137,-11.8616975111,-1.2997633292
97.5881445024,486.609108473,56.4022952244
520.733892361,-22.3939294202,-2.4914853813
110.741267819,556.451941363,63.3673696309
520.073148926,-31.4683821493,-3.47901960522
119.934020778,606.48454702,68.0537157592
519.520561573,-39.1851617669,-4.29215612271
126.736621172,644.261328124,71.40925235
519.059556953,-45.7121965446,-4.96163039286
131.965640713,673.803766655,73.9128116777
518.673356137,-51.2444983252,-5.51599058895
136.036027586,697.129076937,75.8122687178
518.352778651,-55.8815804154,-5.97164156226
139.231005901,715.640157496,77.2728361438
518.088529164,-59.7334921898,-6.34427689611
141.753233511,730.367959705,78.4086651772
517.87189433,-62.9096843986,-6.64797561415
143.743856336,742.071501435,79.2931036566
517.695825168,-65.5038840322,-6.89354597804
145.309223331,751.334348036,79.9796645982
517.554167212,-67.6002537047,-7.09019490816
146.532362696,758.612652717,80.5100411859
517.441494711,-69.2738694796,-7.2459738596
147.500023844,764.403868054,80.9246647944
517.351111853,-70.6211556814,-7.37043410425
148.258972108,768.973009034,81.2458045442
517.279448992,-71.6930691346,-7.46871750033
148.832534236,772.445687046,81.4855554164
517.224836871,-72.5125237568,-7.54333073484
149.260678533,775.048333418,81.6629588809
517.183814923,-73.129458811,-7.59922238654
149.5846665,777.022088359,81.7965647994
517.152626704,-73.5991300388,-7.6416489903
149.84094828,778.585961079,81.9018617292
517.12786691,-73.9723774187,-7.67528995971
150.046515093,779.841833373,81.9861010451
517.107949713,-74.2728504142,-7.70232755265
150.213117719,780.859919425,82.0543344139
517.091770406,-74.5170064882,-7.7242845918
150.347856255,781.683032051,82.1095560068
517.078661056,-74.7148374293,-7.74207678583
150.456989774,782.34960539,82.1543014259
517.068026888,-74.8753226611,-7.75650992181
150.543945505,782.880630794,82.1899671311
517.059543472,-75.0033528974,-7.76802432345
150.609425901,783.280460786,82.2168318403
517.053149165,-75.0998567706,-7.77670337957
150.658132135,783.577838068,82.2368187841
517.048389531,-75.1716909783,-7.7831637806
150.695085752,783.803443695,82.2519853158
517.044776465,-75.2262213988,-7.78806796737
150.725617377,783.989832115,82.2645176683
517.04179005,-75.2712944492,-7.79212160775
150.750900588,784.14417322,82.2748967436
517.03931615,-75.3086325687,-7.79547960732
150.771629995,784.270710933,82.2834071351
517.037287251,-75.3392545516,-7.79823359208
150.788332602,784.372664937,82.2902647969
517.035652098,-75.3639338854,-7.80045312467
150.801747554,784.454548841,82.2957729318
517.034338556,-75.3837592376,-7.80223611505
150.812349057,784.519258392,82.3001260639
517.033300343,-75.3994290977,-7.80364538193
150.820250971,784.567489433,82.3033708136
517.032526414,-75.4111101145,-7.80469591274
150.826119461,784.603308637,82.305780642
517.031951593,-75.419785975,-7.80547617517
150.830473477,784.629883808,82.3075686009
517.031525089,-75.4262232826,-7.80605511347
150.833630583,784.6491534,82.3088650708
517.031215815,-75.4308912084,-7.80647492267
150.835885052,784.66291363,82.3097908816
517.030994958,-75.4342246585,-7.80677471609
150.837539736,784.673013016,82.310470392
517.030832854,-75.4366713283,-7.80699475706
150.839012957,784.682004818,82.3110753867
517.030688525,-75.4388497242,-7.80719067088
150.840327658,784.690029078,82.3116152851
517.030559723,-75.4407937568,-7.80736550712
150.841519212,784.697301694,82.3121046142
517.030442984,-75.4425557209,-7.80752396912
150.842337216,784.702294353,82.312440541
517.030362842,-75.4437653285,-7.80763275503
150.84319491,784.707529252,82.3127927683
517.03027881,-75.4450336406,-7.80774682052
150.843484778,784.709298442,82.3129118076
517.030250411,-75.4454622837,-7.80778537048
0.0,-0.0,-0.0
522.424304699,0.0648188743829,0.111123953092
71.8266383228,361.897455656,40.9523432914
521.644227512,-10.4073438589,-1.07364882058
91.6584167918,465.374893383,51.7278341008
520.985723832,-19.4302265765,-2.05533198313
103.90048675,530.865952406,58.1389330666
520.435015953,-27.1032708259,-2.86358546476
112.462905425,577.613012874,62.4825714385
519.975583754,-33.5933919253,-3.52899324663
118.836428824,613.019610847,65.624128855
519.590703331,-39.0944624178,-4.07995254179
123.696854386,640.410230245,67.9613603838
519.271224043,-43.705405214,-4.53278455875
127.459027466,661.848310131,69.7349487183
519.007881274,-47.5356267051,-4.90309873161
130.399728448,678.738240662,71.1013249451
518.791990777,-50.6939450884,-5.2048957248
132.703907488,692.064377184,72.1581236031
518.616527238,-53.2735546923,-5.44892143552
134.506159995,702.555821878,72.9744828996
518.475356974,-55.3581416372,-5.64432849674
135.908759573,710.766987413,73.6028764874
518.363072651,-57.0223562321,-5.79912036124
137.015030606,717.28097792,74.0928657395
518.273001357,-58.3620795205,-5.92278946294
137.88067479,722.408655641,74.4716919074
518.201585641,-59.4279805617,-6.02044620363
138.533721613,726.299141967,74.7541591325
518.147161929,-60.2428424784,-6.09458237603
139.020565356,729.211204631,74.9629787467
518.106281542,-60.8563217845,-6.15011594227
139.388617838,731.41750829,75.1201266646
518.075200971,-61.323362869,-6.19227039614
139.679541279,733.164365121,75.2439066506
518.05052665,-61.6945205061,-6.22569536863
139.912758834,734.566375184,75.3428868272
518.030678218,-61.9933114415,-6.25255924142
140.101683035,735.702399568,75.4230251243
518.014554777,-62.2361007078,-6.27437516054
140.254416568,736.620516112,75.4878552813
518.001490696,-62.432824066,-6.2920529962
140.378087939,737.363798899,75.5403696777
517.990893251,-62.5924107403,-6.30639335737
140.476603258,737.955790129,75.5822170888
517.982439133,-62.7197240936,-6.31783374197
140.550774419,738.401439266,75.6137317985
517.97606691,-62.8156875868,-6.32645700499
140.60593733,738.732848028,75.6371747692
517.971323716,-62.8871195407,-6.33287587429
140.647785241,738.984245013,75.6549618188
517.967723129,-62.9413445968,-6.33774853299
140.682357733,739.191924128,75.6696582521
517.964747029,-62.9861652381,-6.34177611284
140.710985219,739.363883382,75.6818286949
517.962281674,-63.0232942608,-6.34511252378
140.734455231,739.504857462,75.6918073309
517.960259783,-63.0537447556,-6.34784880292
140.753365197,739.618437895,75.6998477098
517.958630278,-63.0782858796,-6.3500540658
140.768552462,739.709656125,75.7063055599
517.957321273,-63.0980002045,-6.35182559297
140.780554227,739.781740086,75.7114091014
517.956286646,-63.1135823085,-6.35322579933
140.789499633,739.835466393,75.7152131016
517.95551539,-63.1251979076,-6.35426957599
140.796142979,739.875366029,75.7180382265
517.954942555,-63.1338251801,-6.35504482187
140.801071823,739.904968201,75.7201342845
517.954517524,-63.1402264364,-6.355620038
140.804645704,739.926432466,75.7216541458
517.954209319,-63.14486822,-6.3560371481
140.807197774,739.941759789,75.722739473
517.953989224,-63.1481830014,-6.35633501406
140.809070874,739.953009297,75.7235360583
517.95382768,-63.1506159689,-6.3565536403
140.810738553,739.963025049,75.7242452866
517.953683849,-63.1527821649,-6.35674829453
140.812226782,739.971963049,75.724878201
517.953555493,-63.15471531,-6.35692200668
140.813575606,739.980063789,75.7254518318
517.953439157,-63.1564674064,-6.35707944988
140.814501574,739.985624942,75.7258456311
517.953359292,-63.1576702397,-6.35718753636
140.815472469,739.991455906,75.7262585383
517.95327555,-63.1589314487,-6.35730086848
140.815800593,739.993426539,75.7263980849
517.953247249,-63.1593576912,-6.35733917059
0.0,-0.0,-0.0
522.424304699,0.0648188743829,0.111123953092
66.9301533602,342.900530919,37.3120372562
521.767711233,-8.91362891611,-0.865629617536
85.5185629704,440.860744339,47.2681097998
521.218606254,-16.5489922106,-1.66976974704
96.9905419308,502.575354409,53.2247853283
520.760515055,-23.0073120145,-2.33175248596
105.05528032,546.726893119,57.2970978937
520.376760677,-28.4814782631,-2.87984767949
111.007816004,579.788498577,60.2317487689
520.058217928,-33.069904469,-3.33030592545
115.520703165,605.135905564,62.4143188009
519.795648393,-36.8814425547,-3.69866566682
118.998911613,624.828357634,64.0729960895
519.580392649,-40.0243654265,-3.99886149392
121.697283705,640.213071356,65.3436629226
519.405445566,-42.591408338,-4.24158674523
123.792700476,652.238942514,66.3185580138
519.264691187,-44.6658468097,-4.43594831427
125.414826327,661.601680839,67.0652791787
519.152737887,-46.3219643125,-4.58990921393
126.689175526,669.000081701,67.6454560438
519.06293228,-47.6551738856,-4.71291233008
127.683338946,674.806602254,68.0928546442
518.991727317,-48.7158966875,-4.81004157211
128.431648992,679.202299748,68.4258458878
518.93746427,-49.5268031477,-4.88377618365
128.988584977,682.487097162,68.6716876478
518.896704599,-50.1373062261,-4.93900834418
129.409110579,684.972760627,68.8565034226
518.865715825,-50.60208214,-4.98093372911
129.741200164,686.938969819,69.001960909
518.841114391,-50.9714400265,-5.01417689888
130.007222192,688.515870161,69.1182015027
518.821324597,-51.2687823253,-5.0408945542
130.222593534,689.792850525,69.2122614445
518.805248794,-51.5103944616,-5.06259169523
130.396625357,690.824392949,69.2883161274
518.792223316,-51.7061639418,-5.08017327754
130.537488548,691.659181869,69.3498984268
518.781657188,-51.864976757,-5.09443555186
130.649664362,692.323849317,69.398956207
518.773228054,-51.9916727141,-5.10581363768
130.734100346,692.824089803,69.4358918516
518.766874663,-52.0871708198,-5.11438994069
130.796886331,693.196029496,69.4633622508
518.762145487,-52.1582563439,-5.12077385348
130.84451097,693.478134502,69.4842021829
518.758555541,-52.2122184135,-5.12561997558
130.883851778,693.71115712,69.5014191698
518.755588237,-52.2568216746,-5.12962562076
130.916424821,693.904084224,69.5156756595
518.753130168,-52.2937706187,-5.13294386096
130.94312767,694.06223671,69.5273637963
518.751114253,-52.3240734243,-5.13566523761
130.964641115,694.189650118,69.5367810554
518.749489565,-52.3484955192,-5.13785848993
130.981918524,694.291973065,69.5443444188
518.748184429,-52.3681142249,-5.13962036873
130.995571525,694.372829377,69.5503214003
518.74715286,-52.3836207515,-5.14101294901
131.005747374,694.433092254,69.5547762997
518.746383884,-52.3951800116,-5.14205104082
131.013304354,694.477845297,69.5580847562
518.745812742,-52.4037654391,-5.14282206438
131.018910955,694.511047766,69.5605393744
518.745388967,-52.4101356472,-5.14339414762
131.022976227,694.535122294,69.562319208
518.745081673,-52.4147549166,-5.14380898595
131.02587917,694.552313424,69.5635901693
518.744862229,-52.4180536202,-5.14410522958
131.028009782,694.5649308,69.5645229966
518.744701162,-52.4204747869,-5.14432266508
131.029906722,694.576164349,69.5653535218
518.744557757,-52.4226304761,-5.14451625913
131.031599536,694.58618906,69.566094678
518.744429779,-52.4245542448,-5.14468902516
131.033133774,694.595274681,69.5667664092
518.744313788,-52.4262978429,-5.14484561084
131.034187026,694.601511934,69.5672275533
518.744234158,-52.427494842,-5.14495310863
131.035291378,694.608051783,69.5677110716
518.744150664,-52.4287499337,-5.14506582349
131.035664605,694.610261988,69.5678744817
518.744122447,-52.4291741087,-5.14510391699
0.0,-0.0,-0.0
522.424304699,0.0648188743829,0.111123953092
62.0741956239,322.370033633,33.9567668663
521.876540187,-7.53875336501,-0.689613484097
79.5440629302,415.205987257,43.1984958675
521.419570412,-13.9702444014,-1.34876326321
90.3733568671,473.775611956,48.7737608452
521.036757685,-19.4217144124,-1.89448971922
97.9197270728,515.18430495,52.5696571145
520.718998103,-23.9911466058,-2.34298492783
103.457279784,545.91317834,55.3036223014
520.457075167,-27.7869247457,-2.70972852874
107.637922242,569.299493209,57.3395778851
520.242350216,-30.9168614613,-3.00860040548
110.836262188,587.317685102,58.8781270519
520.067834999,-33.4733045803,-3.25025040057
113.295680822,601.265194561,60.047402166
519.927428387,-35.5391831546,-3.44374756393
115.186197827,612.047970409,60.9369733328
519.81575189,-37.1884711414,-3.59702145248
116.663698441,620.524487793,61.6247874218
519.72616845,-38.5161867793,-3.71947397579
117.811864554,627.151348769,62.1533239423
519.655139719,-39.5725420956,-3.81616713215
118.673594576,632.153580995,62.545715986
519.601011019,-40.3801124379,-3.88956978233
119.313589434,635.883724992,62.8348815593
519.56035229,-40.9881053208,-3.94455278345
119.796079753,638.701996554,63.0519636217
519.529440275,-41.4509707654,-3.98628880932
120.176653603,640.928669875,63.2226355577
519.504899788,-41.8188107288,-4.01938169407
120.481231546,642.712802192,63.3589116526
519.485159028,-42.1149312404,-4.04597848144
120.727635313,644.156526676,63.4691050597
519.46912306,-42.3555505813,-4.06757743703
120.926624699,645.322068267,63.558150441
519.456129861,-42.5505155586,-4.0850794535
121.087611827,646.264845191,63.6302163314
519.445589919,-42.7086756997,-4.09927717894
121.21576424,647.015205801,63.6876030799
519.437181676,-42.8348509441,-4.11060376675
121.312197432,647.579772802,63.730796522
519.430844032,-42.9299565417,-4.11914125122
121.383888603,647.999447614,63.7629137978
519.426126578,-43.0007498867,-4.12549626793
121.438259037,648.31770547,63.7872748684
519.42254553,-43.0544901535,-4.13032045409
121.483166432,648.580556557,63.8073981714
519.419585582,-43.0989100763,-4.13430796744
121.520344453,648.798156198,63.8240593935
519.417133606,-43.1357071421,-4.13761118715
121.550819691,648.976518244,63.8377178024
519.415122688,-43.1658853867,-4.14032024496
121.575370636,649.120202856,63.8487217194
519.413502027,-43.1902070924,-4.142503569
121.595086316,649.235586171,63.8575588645
519.412200127,-43.209745153,-4.14425747217
121.610665376,649.326758669,63.8645421273
519.411171114,-43.2251879378,-4.14564374851
121.622276344,649.39470787,63.8697468615
519.410404044,-43.2366996815,-4.14667714107
121.63089887,649.445167676,63.8736120824
519.409834318,-43.2452498171,-4.14744467432
121.637295885,649.482603282,63.876479719
519.409411594,-43.2515938391,-4.14801416782
121.64193421,649.509746792,63.8785589998
519.409105062,-43.2561941201,-4.14842712823
121.645246326,649.529129219,63.8800437775
519.408886161,-43.2594792636,-4.14872203081
121.647677232,649.543354782,63.8811335278
519.408725494,-43.2618904776,-4.14893848201
121.649841518,649.556020064,63.8821037605
519.408582444,-43.2640373053,-4.14913119968
121.651772899,649.567322379,63.8829695863
519.408454784,-43.2659531659,-4.14930318362
121.653523349,649.577565871,63.8837543052
519.40833908,-43.2676895966,-4.14945906045
121.654725025,649.584597973,63.8842930133
519.408259648,-43.2688816752,-4.14956607161
121.655984998,649.591971208,63.8848578571
519.408176361,-43.2701316075,-4.14967827622
121.656410817,649.594463059,63.8850487516
519.408148213,-43.2705540389,-4.14971619728
0.0,-0.0,-0.0
522.424304699,0.0648188743829,0.111123953092
57.451663905,301.715047025,30.9278537993
521.968265428,-6.34425113014,-0.545696645422
73.948035267,390.038303793,39.5546850066
521.586234026,-11.7767545151,-1.08947576496
84.0835639929,445.095973739,44.7364676701
521.269124263,-16.3303144982,-1.53635728426
91.1079022153,483.684444163,48.2629662804
521.007737826,-20.1129233348,-1.90177243817
96.2422290321,512.118946354,50.806273031
520.793453283,-23.2320088262,-2.19955609378
100.090766297,533.584692412,52.6898448598
520.619296391,-25.7795949339,-2.44032231653
103.009829632,549.974922194,54.102195875
520.479178324,-27.8383211146,-2.63310903468
105.232282607,562.525618829,55.1667220491
520.367731491,-29.4819026376,-2.78581829384
106.957265133,572.324165492,55.9843895708
520.278332384,-30.805027821,-2.90781831848
108.290945212,579.945636499,56.6097235806
520.207449872,-31.8577339239,-3.00415309328
109.288175459,585.677103223,57.072401833
520.15343264,-32.662516827,-3.07728294037
110.026803172,589.939423348,57.4125267207
520.112857662,-33.2684123699,-3.13206118844
110.582553223,593.153381961,57.6673970451
520.082009334,-33.7296815697,-3.17364160554
111.020258115,595.688870732,57.8675015672
520.057519415,-34.0962532746,-3.20661099233
111.370149314,597.718054527,58.0271046291
520.037819338,-34.3913529582,-3.23310845609
111.652948288,599.358540776,58.1560432587
520.021816421,-34.6311427998,-3.25462672769
111.881159274,600.68194047,58.2601573158
520.008850003,-34.8254356001,-3.27206336081
112.065676896,601.751762333,58.3443675368
519.998331788,-34.9830504205,-3.28620804312
112.212490351,602.602830619,58.411392385
519.989940878,-35.1087906006,-3.29749231237
112.322924922,603.242932296,58.4618212352
519.9836163,-35.2035682511,-3.30599789765
112.405002472,603.718624869,58.4993080226
519.978908571,-35.2741174756,-3.31232916897
112.467237073,604.079288925,58.5277359257
519.975334907,-35.3276724225,-3.31713532925
112.518631562,604.377115184,58.5512147374
519.972381061,-35.3719391632,-3.32110794272
112.561174435,604.623635758,58.570651529
519.96993414,-35.4086093323,-3.32439881934
112.596043459,604.825681423,58.5865834869
519.967927368,-35.4386835042,-3.32709775412
112.624131538,604.98843046,58.599417923
519.966310048,-35.4629213332,-3.32927291958
112.646686096,605.119113701,58.6097243864
519.965010832,-35.4823920136,-3.33102026877
112.664507376,605.222369823,58.6178682545
519.963983941,-35.497781541,-3.33240136484
112.677788869,605.299321329,58.623937733
519.963218453,-35.5092535841,-3.33343089577
112.687651635,605.356464466,58.6284449931
519.962649902,-35.5177742326,-3.33419556086
112.694968601,605.398857331,58.6317888806
519.962228049,-35.5240963759,-3.33476292624
112.700273866,605.42959466,58.6342134397
519.961922149,-35.5286807917,-3.33517434347
112.704062177,605.451543051,58.6359447518
519.9617037,-35.5319546056,-3.33546814403
112.706842558,605.467651731,58.6372154336
519.961543364,-35.5343575039,-3.33568378638
112.709317972,605.481993478,58.6383467456
519.961400609,-35.5364969278,-3.33587578388
112.711526984,605.494791763,58.6393563101
519.961273212,-35.5384061811,-3.33604712514
112.713529044,605.50639101,58.6402712974
519.961157746,-35.5401366232,-3.33620241948
112.714903443,605.514353792,58.6408994315
519.961078478,-35.5413245906,-3.33630903075
112.716344512,605.522702822,58.641558037
519.960995363,-35.5425702122,-3.33642081606
112.716831534,605.525524443,58.6417806186
519.960967273,-35.5429911867,-3.33645859541
0.0,-0.0,-0.0
522.424304699,0.0648188743829,0.111123953092
53.205678174,282.085356167,28.2416996815
522.042920864,-5.35187212166,-0.431053729259
68.6340203106,365.189118182,36.2352370452
521.726349669,-9.89219990582,-0.876608278324
78.0711072409,416.598076154,41.0381474223
521.465407877,-13.6638301408,-1.24093107849
84.5892138803,452.396004218,44.3119361107
521.251488338,-16.7738696708,-1.53781994724
89.3211753911,478.571034476,46.66060212
521.077628419,-19.314072379,-1.77785951468
92.8388637704,498.159703903,48.3870089451
520.937749492,-21.366836246,-1.97006210817
95.4813559333,512.959588443,49.6711604494
520.826492998,-23.00566085,-2.12230714372
97.5131993777,524.406071875,50.6485580941
520.737246662,-24.3249594577,-2.24393514513
99.0735186051,533.248971172,51.3912184098
520.666485332,-25.3746236233,-2.33997528279
100.234510509,539.866252095,51.9381848023
520.612560482,-26.1770829695,-2.41288085486
101.091421327,544.769953774,52.3389547499
520.572054914,-26.7812302185,-2.46749077564
101.734532126,548.45808489,52.6385461213
520.541259368,-27.2411688302,-2.50894326814
102.240075879,551.362057408,52.8733375137
520.516811358,-27.6066833506,-2.54181112912
102.643594968,553.682661996,53.060342074
520.497144997,-27.9009321027,-2.5682269409
102.96935407,555.556523083,53.2112428399
520.481169472,-28.1400304992,-2.58967888391
103.231984983,557.066760769,53.3329746099
520.46822525,-28.3337629942,-2.60706176675
103.444172225,558.286696938,53.4313596823
520.457725041,-28.4909232527,-2.62116284342
103.612899721,559.256599693,53.5096190276
520.449348496,-28.6163007773,-2.63241232347
103.739759274,559.98573917,53.5684729707
520.443034746,-28.7108050618,-2.64089168511
103.834011598,560.527412463,53.6122073166
520.438335077,-28.7811507957,-2.64720343583
103.90545912,560.937995877,53.6453643414
520.434767532,-28.8345512661,-2.65199477741
103.964449812,561.276975163,53.6727433364
520.431818743,-28.8786903192,-2.65595514201
104.01327241,561.557512353,53.6954050236
520.429376012,-28.9152547115,-2.65923587163
104.053282903,561.787405926,53.7139777702
520.427372676,-28.9452421319,-2.66192648449
104.085508981,561.972565858,53.7289378699
520.425758126,-28.9694100441,-2.66409494295
104.111383996,562.121231067,53.7409502136
520.424461134,-28.9888245586,-2.66583690424
104.131827437,562.238686762,53.7504413288
520.423436002,-29.0041696925,-2.66721374172
104.147062281,562.326215647,53.7575144907
520.422671824,-29.0156086425,-2.66824009809
104.15837513,562.391210729,53.7627668783
520.422104247,-29.0241047116,-2.66900240532
104.166767624,562.439427259,53.7666634475
520.421683116,-29.0304086175,-2.66956802122
104.172852579,562.474386306,53.7694886765
520.42137774,-29.0349798086,-2.66997816983
104.177197571,562.499348866,53.7715060632
520.421159665,-29.0382441786,-2.67027106445
104.180386483,562.517669535,53.7729866895
520.420999604,-29.0406401452,-2.67048604186
104.183225591,562.533980491,53.7743049066
520.420857093,-29.0427733974,-2.67067744733
104.185759136,562.548535936,53.7754812524
520.420729914,-29.0446771431,-2.67084826025
104.188055308,562.561727621,53.7765473886
520.420614646,-29.0464025934,-2.67100307573
104.189631604,562.570783544,53.7772792812
520.420535514,-29.0475871338,-2.67110935826
104.191284354,562.580278692,53.7780466747
520.420452541,-29.0488291621,-2.67122079888
104.191842913,562.583487642,53.7783060214
520.420424499,-29.0492489223,-2.67125846174
0.0,-0.0,-0.0
522.424304699,0.0648188743829,0.111123953092
49.011519009,261.905238957,25.7070051426
522.108182216,-4.46442859969,-0.33333250728
63.423716501,339.87686391,33.1228617653
521.847610882,-8.22686581695,-0.696751407453
72.2084121009,387.795827942,37.584151647
521.633995445,-11.3293307622,-0.992899883191
78.2348487,420.9065912,40.6090226762
521.460382948,-13.8633511051,-1.23233819556
82.5743944257,444.909050383,42.763201646
521.320703259,-15.9111225852,-1.42405748043
85.7699918269,462.685882737,44.3342673832
521.209605345,-17.5459641445,-1.57591842288
88.1945962278,476.252309608,45.5145021283
521.120486288,-18.8620587247,-1.69723862343
90.0392120528,486.634958046,46.4031973264
521.049825919,-19.9091758659,-1.79303499248
91.4026926788,494.35280172,47.0535935704
520.995978034,-20.7096897018,-1.86575501398
92.404373037,500.045190189,47.5280350738
520.955530295,-21.3123731138,-1.92022567374
93.1536239076,504.312086115,47.8815609107
520.924778723,-21.7711976345,-1.96157233221
93.7411378522,507.663333606,48.1579592853
520.90036563,-22.1358269847,-1.99435619984
94.2091799427,510.336151447,48.3776938867
520.880727359,-22.4293632614,-2.02070446041
94.5864528851,512.491116199,48.5547400714
520.864774654,-22.6678827194,-2.04210152944
94.890246093,514.22579826,48.6973892779
520.851848924,-22.8611460777,-2.0594399444
95.1354519226,515.625675813,48.8125681079
520.841363717,-23.0179257375,-2.0735049459
95.3302850263,516.737781274,48.9041149154
520.83299914,-23.1429996155,-2.08472564467
95.4766853791,517.573326824,48.9729204188
520.826694411,-23.2372750145,-2.09318331133
95.5854077831,518.193773989,49.0240270256
520.822001458,-23.3074503684,-2.09947891257
95.6677970886,518.663912016,49.0627604318
520.81843901,-23.3607214978,-2.10425799456
95.7358042564,519.051959263,49.0947357121
520.815494435,-23.40475364,-2.10820822561
95.792077161,519.373036196,49.1211960673
520.813055194,-23.4412294668,-2.11148056056
95.8381851389,519.636104911,49.1428782357
520.811054721,-23.4711442514,-2.11416428864
95.8753170836,519.847954414,49.160340424
520.809442478,-23.4952536233,-2.11632719837
95.9051277107,520.018029239,49.1743602232
520.80814734,-23.5146211109,-2.11806470222
95.9286784693,520.152387742,49.1854364377
520.807123673,-23.5299290747,-2.11943801655
95.9462277124,520.2525057,49.1936902952
520.806360587,-23.5413403164,-2.12046174658
95.9592584724,520.32684499,49.1998191211
520.80579382,-23.5498158055,-2.12122210315
95.968925032,520.381991375,49.2043657128
520.805373292,-23.5561044414,-2.12178627169
95.975933545,520.421973725,49.2076621497
520.805068351,-23.5606645597,-2.12219537077
95.9809379058,520.450522598,49.210015959
520.804850588,-23.5639210224,-2.1224875159
95.9846106936,520.471475045,49.2117434711
520.804690756,-23.5663111852,-2.12270194319
95.9878805597,520.490128861,49.2132814749
520.804548448,-23.5684392701,-2.12289285888
95.9907984714,520.506774834,49.2146539385
520.804421452,-23.5703384043,-2.1230632347
95.993442973,520.521861034,49.2158978068
520.804306348,-23.572059675,-2.12321765402
95.9952583788,520.532217437,49.2167517042
520.804227329,-23.5732413461,-2.12332366458
95.9971618253,520.543076074,49.2176470148
520.804144475,-23.5744803658,-2.12343482003
95.9978051058,520.546745808,49.2179495907
520.804116473,-23.5748991092,-2.12347238651
0.0,-0.0,-0.0
522.424304699,0.0648188743829,0.111123953092
44.9338924393,241.615403766,23.3432430159
522.164039473,-3.68999028353,-0.251552340123
58.3833453024,314.590188724,30.231963519
521.950675314,-6.78617017497,-0.547092556459
66.5263536931,359.093259876,34.3547147568
521.77726726,-9.31506072252,-0.786036928152
72.0686280899,389.584640129,37.1304603179
521.637752198,-11.3586898263,-0.977359175994
76.0230775428,411.464391154,39.0923806758
521.526785317,-12.9902265248,-1.1289045927
78.9646794338,427.83374518,40.5377522238
521.437771428,-14.3036626378,-1.24997194492
81.1730788645,440.195103093,41.6120442424
521.367194482,-15.3486664571,-1.34556806973
82.7906119422,449.299454036,42.3913562316
521.313410193,-16.1475660686,-1.41813567297
83.9714531117,455.971771064,42.956388582
521.273010236,-16.7490349137,-1.47249193987
84.8507847439,460.950735379,43.3756006134
521.242295,-17.2069350591,-1.51375166397
85.5380355414,464.848282822,43.702312241
521.217910756,-17.5708299738,-1.54646653802
86.0841498103,467.948883103,43.9614088046
521.198295696,-17.8637751025,-1.57275931109
86.5234816879,470.443764811,44.169762061
521.182361847,-18.1018142101,-1.59411130594
86.8766911899,472.448907225,44.3373717776
521.169451398,-18.2946883215,-1.61141319441
87.1614269606,474.065017696,44.4725352171
521.158978585,-18.4511521954,-1.6254485633
87.3874451006,475.347630525,44.5798595225
521.150623898,-18.5759741354,-1.63664562074
87.5571488602,476.310545851,44.6604615543
521.144326623,-18.6700596262,-1.64508546689
87.6831058691,477.02516803,44.7202962359
521.139639218,-18.7400936145,-1.65136780273
87.7785151673,477.566437457,44.7656253795
521.136080982,-18.7932574288,-1.65613681453
87.8572434401,478.013047844,44.8030331456
521.133139889,-18.8372008661,-1.66007872174
87.9223698088,478.382480061,44.833980539
521.130703533,-18.8736032095,-1.6633441612
87.9757200296,478.685099936,44.8593337689
521.128705425,-18.9034577277,-1.66602223404
88.0186765224,478.928755678,44.8797487913
521.127095088,-18.9275185282,-1.66818058597
88.0531582314,479.12433628,44.896136915
521.125801481,-18.9468469973,-1.66991442842
88.0803960334,479.278826283,44.9090826893
521.124779024,-18.9621241209,-1.67128484878
88.1006909224,479.393935034,44.918728852
521.124016841,-18.9735123727,-1.67230642152
88.1157593917,479.479399556,44.9258910423
521.123450744,-18.9819707865,-1.67306517578
88.1269370259,479.542795733,44.9312039587
521.123030713,-18.9882467528,-1.67362815545
88.1350408144,479.5887577,44.9350558673
521.122726134,-18.9927976839,-1.67403639242
88.140827095,479.621575383,44.937806237
521.122508628,-18.9960475858,-1.67432792191
88.1450736673,479.64566032,44.9398247553
521.122348984,-18.9984329332,-1.67454189734
88.1488543141,479.667102646,44.9416218146
521.122206845,-19.0005567307,-1.6747324107
88.152227983,479.686236725,44.9432254291
521.122079999,-19.0024520387,-1.67490242749
88.1552855001,479.703577679,44.9446787725
521.121965032,-19.0041698415,-1.6750565214
88.1573844138,479.715481816,44.9456764618
521.121886106,-19.005349132,-1.67516230856
88.1595850995,479.727963142,44.9467225296
521.121803349,-19.0065856554,-1.67527322977
88.1603288295,479.732181248,44.9470760529
521.121775381,-19.0070035551,-1.67531071708
0.0,-0.0,-0.0
522.424304699,0.0648188743829,0.111123953092
41.0120458697,221.549165918,21.1525333418
522.211146886,-3.02618285958,-0.18391908775
53.5074308859,289.56332505,27.5201836684
522.037906717,-5.55084708633,-0.42245973305
61.0163439046,330.702664125,31.3066387172
521.898526844,-7.59106340649,-0.613457465279
66.0823231947,358.612805911,33.8379684192
521.787667564,-9.21987734277,-0.764744993041
69.7341352406,378.845186534,35.6456753709
521.698740037,-10.5311232465,-0.885605687615
72.4220164349,393.822548563,36.9633938367
521.628231597,-11.5743859891,-0.981038151549
74.3652455385,404.709455602,37.9072186034
521.574499531,-12.3719557147,-1.05348118411
75.7714869546,412.617898694,38.5857288693
521.534138812,-12.9724239361,-1.10774395927
76.8123347017,418.483272066,39.0861614455
521.503453413,-13.4295625345,-1.14893263349
77.6222401383,423.054313608,39.4744977695
521.479092861,-13.792852385,-1.18159112059
78.2636633489,426.678404366,39.7814572252
521.45949686,-14.0853104975,-1.20783854509
78.7783221773,429.586861683,40.0276630565
521.443578496,-14.3229538693,-1.22915370196
79.1912419499,431.919582421,40.2253161078
521.430680594,-14.5155073008,-1.24642573825
79.5235708912,433.796650874,40.3844477932
521.42021796,-14.6717110154,-1.26043688916
79.7870285244,435.284453675,40.5106410444
521.411871393,-14.796325397,-1.27161462515
79.9846484116,436.400312468,40.6053203351
521.405580239,-14.8902544326,-1.28003990703
80.1312180698,437.227835398,40.675553749
521.400897391,-14.9601719573,-1.28631140139
80.2421805569,437.854277199,40.7287316759
521.397342614,-15.0132473603,-1.29107218308
80.3337037593,438.370944576,40.7725978839
521.39440438,-15.0571177185,-1.29500728744
80.4093879342,438.798177516,40.8088755739
521.391970392,-15.0934595228,-1.29826709139
80.4713690529,439.148044051,40.8385869916
521.389974227,-15.1232643907,-1.30094054234
80.5212633172,439.429674919,40.8625057257
521.388365455,-15.1472851759,-1.30309516929
80.5613065592,439.655695532,40.8817028376
521.387073106,-15.1665814997,-1.30482601938
80.5929328143,439.834203638,40.8968652988
521.386051643,-15.1818332156,-1.30619407458
80.6164948383,439.967192762,40.9081618598
521.385290201,-15.1932025274,-1.3072138842
80.6339875863,440.065924473,40.9165487386
521.384724654,-15.2016468737,-1.30797132895
80.6469627052,440.139157405,40.9227697348
521.384305032,-15.2079124023,-1.30853333697
80.6563692342,440.192248516,40.9272797986
521.384000748,-15.2124557645,-1.30894086937
80.6630854752,440.230155272,40.9305000013
521.383783454,-15.2157002614,-1.30923189571
80.6680144299,440.257974415,40.9328632764
521.383623965,-15.2180816416,-1.30944550184
80.6724025047,440.282740751,40.9349672273
521.383481965,-15.2202019069,-1.30963568639
80.676318146,440.304840633,40.9368446655
521.383355241,-15.2220940627,-1.30980540975
80.6798667916,440.324869143,40.9385461469
521.383240386,-15.2238090086,-1.30995923771
80.6823028233,440.338618051,40.939714163
521.383161537,-15.2249863377,-1.31006484229
80.6848569467,440.353033445,40.9409388043
521.383078861,-15.2262208046,-1.31017557206
80.6857201163,440.357905143,40.9413526743
521.383050919,-15.2266380093,-1.31021299468
0.0,-0.0,-0.0
522.424304699,0.0648188743829,0.111123953092
37.1918559476,201.70841787,19.0627992265
522.251201738,-2.456383082,-0.127087911087
48.753570647,264.833236241,24.9257375587
522.111932351,-4.49380361022,-0.317821372453
55.6427685312,302.65209662,28.3884778485
522.00116101,-6.12038703825,-0.468898889611
60.3383331473,328.570313536,30.7273999891
521.912304065,-7.4298387124,-0.5895912955
63.6869507094,347.157090116,32.37989
521.841851611,-8.47167516183,-0.684890486089
66.0610837031,360.404684338,33.5410210979
521.788162226,-9.26815544555,-0.757232078587
67.7576898804,369.9067715,34.3655292151
521.747833575,-9.86780395851,-0.811418722394
69.0028618129,376.894220884,34.9685988882
521.717172562,-10.3243187002,-0.85254954017
69.9659182547,382.306684185,35.4338111461
521.692831371,-10.6871128848,-0.88516211113
70.7251809242,386.578336566,35.7998999175
521.673250947,-10.9791720362,-0.911372608179
71.3322667004,389.994490682,36.0925159792
521.657345238,-11.2164912235,-0.93265776782
71.8180153708,392.726941952,36.3267857831
521.64445759,-11.4087819558,-0.949905495438
72.2081211914,394.920948916,36.5149929707
521.634003276,-11.5647725494,-0.963896925598
72.5168611132,396.657035637,36.6639911907
521.625663346,-11.6892169004,-0.975058928098
72.7481492967,397.957434475,36.7756360458
521.619377194,-11.7830177689,-0.983472350272
72.9195267359,398.920896609,36.8583754731
521.61469807,-11.8528398875,-0.989735016404
73.0491786422,399.649731127,36.9209780003
521.611146119,-11.9058428646,-0.994489096305
73.1560580567,400.250517074,36.9725898596
521.608210222,-11.9496533568,-0.998418661082
73.2444007786,400.747082677,37.0152537897
521.605778169,-11.9859455679,-1.00167387602
73.3167216067,401.15357551,37.0501824577
521.603783592,-12.0157097626,-1.00434356336
73.3749216881,401.480690151,37.078292734
521.6021761,-12.0396977676,-1.00649515706
73.4216195657,401.743150035,37.1008484785
521.600884778,-12.0589677582,-1.00822357046
73.4584945743,401.950397606,37.1186602428
521.599864128,-12.0741986603,-1.0095896997
73.4859629335,402.104774939,37.1319286527
521.599103291,-12.0855524564,-1.01060807362
73.5063535537,402.219372782,37.1417783977
521.598538194,-12.0939852789,-1.01136445202
73.5214769159,402.304367295,37.1490838811
521.598118905,-12.1002422568,-1.01192566883
73.5324401938,402.36598143,37.1543798518
521.597814864,-12.1047794187,-1.0123326275
73.540267613,402.409971688,37.1581610311
521.597597742,-12.1080194878,-1.01262324412
73.5460118671,402.44225441,37.1609359147
521.597438381,-12.1103976182,-1.01283654953
73.5511256471,402.47099379,37.1634062459
521.597296493,-12.1125149899,-1.01302646634
73.5556887607,402.496638392,37.1656105708
521.59716987,-12.1144045635,-1.01319595075
73.5598241116,402.519878923,37.1676082623
521.597055106,-12.116117169,-1.01334956215
73.5626628523,402.535832521,37.1689795959
521.59697632,-12.1172928914,-1.01345501806
73.5656391674,402.552559259,37.170417392
521.596893709,-12.1185256736,-1.01356559194
73.566645008,402.558212026,37.1709032936
521.59686579,-12.1189423089,-1.01360296187
0.0,-0.0,-0.0
522.424304699,0.0648188743829,0.111123953092
33.4627417645,182.130912193,17.0543531837
522.285124883,-1.9703304569,-0.079395919154
44.1127717601,240.418998192,22.4338420616
522.174424834,-3.59510191037,-0.23030370316
50.521514496,275.681227527,25.6429590898
522.085625108,-4.90309603001,-0.350860097412
54.8410989254,299.577119237,27.7866533604
522.015218042,-5.94377382394,-0.446051576975
57.809435958,316.082156097,29.2471251274
521.961563258,-6.73936909706,-0.518311186747
59.8909986022,327.697966345,30.2650545967
521.921260604,-7.33835171916,-0.572436302452
61.4001434522,336.135507383,31.0006574946
521.890619359,-7.794359671,-0.613520361793
62.5575039012,342.615721844,31.5633680925
521.866293865,-8.15675120187,-0.646095824339
63.4642717474,347.698083038,32.0034529587
521.846726069,-8.44848625771,-0.672276477502
64.1858699884,351.743330106,32.353556798
521.830830619,-8.68554209435,-0.693537394117
64.7611334314,354.96715773,32.6328231412
521.817951284,-8.87761942354,-0.710765476052
65.2218116757,357.54834432,32.8565374672
521.807503714,-9.03343688882,-0.724740968387
65.5855927469,359.586263526,33.0332493161
521.799169164,-9.15774311601,-0.73589025546
65.8576531732,361.110170929,33.1654347975
521.792887068,-9.25143986826,-0.744294092909
66.0589905022,362.237827636,33.2632739958
521.788210963,-9.32118448387,-0.750549624279
66.2111674231,363.090086712,33.33723262
521.784661304,-9.37412862596,-0.755298287955
66.3365252238,363.792108966,33.3981626954
521.781727301,-9.4178904862,-0.759223375779
66.4400803457,364.372007629,33.4484993971
521.779296817,-9.45414241047,-0.762474881996
66.5248136467,364.846488836,33.4896896362
521.777303526,-9.48387356443,-0.765141527677
66.5929759623,365.228166468,33.5228260989
521.775697072,-9.5078349404,-0.767290669966
66.6476500695,365.534309206,33.5494064665
521.774406583,-9.52708353933,-0.7690171141
66.6908127553,365.775990283,33.5703911148
521.773386591,-9.54229753346,-0.770381686824
66.7229586777,365.955982563,33.586020066
521.772626245,-9.55363872553,-0.771398900446
66.7468182058,366.089576042,33.5976204855
521.772061514,-9.56206218649,-0.772154417051
66.7645125303,366.188648765,33.6062235174
521.771642495,-9.56831221842,-0.772714994428
66.7773385665,366.260462927,33.6124596349
521.77133865,-9.57284434352,-0.773121489421
66.7864954238,366.311732789,33.6169118036
521.771121668,-9.57608081571,-0.773411774918
66.7932150333,366.34935622,33.6201789718
521.770962409,-9.57845630604,-0.773624837293
66.7991969238,366.382849041,33.6230874636
521.770820613,-9.58057132719,-0.773814537712
66.8045345146,366.412734361,33.6256826929
521.770694072,-9.58245880309,-0.773983829018
66.8093716156,366.439817365,33.6280345843
521.770579383,-9.58416950739,-0.774137265392
66.8126920092,366.45840827,33.629649028
521.770500647,-9.58534392456,-0.774242601149
66.8161732596,366.477899788,33.6313416875
521.77041809,-9.58657533825,-0.77435304904
66.8173497285,366.48448683,33.6319137131
521.770390189,-9.58699151106,-0.774390376393
0.0,-0.0,-0.0
522.424304699,0.0648188743829,0.111123953092
29.8213804801,162.803314209,15.1247871662
522.313661891,-1.55849494655,-0.0396479204543
39.7582520767,217.335157631,20.1220134122
522.224908108,-2.86531654834,-0.160095407031
45.6662264979,249.925379056,23.0678770142
522.154537484,-3.90506227379,-0.255200640622
49.5059345269,271.210874158,24.9667803388
522.100910481,-4.69994561086,-0.327394606025
52.1183224198,285.742880442,26.2511926665
522.0606287,-5.29839256603,-0.38147045587
53.9777954777,296.105676172,27.162567633
522.030003328,-5.75399283805,-0.42251707562
55.3864243457,303.967129274,27.8512923381
522.005690437,-6.1160604602,-0.455062825452
56.480393577,310.078660012,28.385244205
521.986132781,-6.40753480246,-0.481219582653
57.3452896161,314.911345467,28.8072554206
521.970245568,-6.64437879084,-0.50246108792
58.0313682141,318.743643493,29.1422000287
521.957372908,-6.83628445133,-0.519673439591
58.5786854313,321.800293534,29.4094843148
521.946930752,-6.99196264634,-0.533636170536
59.0096015568,324.206477485,29.6199823378
521.938600522,-7.11615776203,-0.54477527639
59.3311494288,326.001755029,29.7770861922
521.932321682,-7.20977075969,-0.553171439364
59.5687199446,327.328051783,29.893177182
521.927648001,-7.27945302931,-0.559421257943
59.7480660072,328.329232375,29.980825805
521.924100182,-7.33234984257,-0.564165584855
59.8956658781,329.153152251,30.0529658135
521.9211677,-7.37607258164,-0.568087087989
60.0175008082,329.833221761,30.1125172221
521.918738476,-7.4122920978,-0.571335624639
60.1171287146,330.389315607,30.1612168777
521.916746219,-7.44199667268,-0.573999834869
60.1972320036,330.836416905,30.2003743759
521.915140597,-7.46593662742,-0.576147014322
60.26145802,331.194890589,30.2317716166
521.913850778,-7.48516801816,-0.577871881663
60.3121451196,331.477792786,30.2565510079
521.912831314,-7.50036841093,-0.57923520809
60.3498855759,331.68843254,30.2750015903
521.912071362,-7.51169946389,-0.580251492661
60.3778923536,331.844744477,30.288693791
521.911506923,-7.52011539418,-0.581006319229
60.3986594625,331.960649437,30.2988467193
521.911088122,-7.5263598385,-0.581566384611
60.4137113529,332.044656299,30.3062055737
521.910784434,-7.53088791181,-0.581972508337
60.4244565342,332.104626525,30.3114589192
521.910567565,-7.53412149054,-0.582262528705
60.4323412993,332.148632279,30.3153138186
521.910408389,-7.53649485714,-0.582475396483
60.4393601358,332.187805098,30.3187453753
521.910266666,-7.53860798742,-0.582664923642
60.4456227528,332.222757336,30.3218072177
521.910140191,-7.54049377588,-0.582834060326
60.4512979542,332.25443109,30.3245818778
521.910025561,-7.54220295078,-0.582987356561
60.4551935519,332.276172701,30.3264864776
521.909946866,-7.54337631799,-0.583092596111
60.4592777815,332.298967051,30.3284833056
521.909864352,-7.54460663077,-0.583202943124
60.4606580027,332.306670149,30.3291581131
521.909836465,-7.54502243151,-0.583240236386
0.0,-0.0,-0.0
522.424304699,0.0648188743829,0.111123953092
26.5698816563,145.478356291,13.4118107901
522.335587398,-1.2410701221,-0.00923725139954
35.7130505664,195.79038029,17.9895033817
522.265245713,-2.28007449418,-0.104274157138
40.9679971438,224.843315757,20.5999982294
522.21164077,-3.07439156903,-0.176416116542
44.3561874203,243.638199917,22.2737483462
522.171375564,-3.67241246417,-0.230452936266
46.6979050774,256.65147372,23.4270424455
522.140762796,-4.12768847514,-0.271469895162
48.4393788596,266.342671959,24.2826815521
522.116459913,-4.48949846642,-0.30399210567
49.7747539865,273.781380713,24.9376782071
522.096910308,-4.78076544214,-0.330129931789
50.820845805,279.609773287,25.4506119231
522.081029636,-5.01744093057,-0.351356058824
51.644993492,284.200224485,25.8549230464
522.068162276,-5.20921004917,-0.368555948524
52.2990477128,287.842676883,26.1758778828
522.057724421,-5.36477747138,-0.382508569526
52.8119592392,290.698685993,26.4276339006
522.049397621,-5.4888842112,-0.393639609521
53.1935569267,292.823293577,26.614968601
522.043121367,-5.58243059214,-0.402029692554
53.4748860888,294.389520056,26.753097228
522.03844961,-5.65206327303,-0.408274985292
53.6869299747,295.569953422,26.8572175881
522.034903253,-5.70492244189,-0.413015876495
53.8612256513,296.540203206,26.942808659
522.031971978,-5.74861406477,-0.416934539734
54.0049522599,297.340256512,27.0133924301
522.029543755,-5.78480780417,-0.420180723805
54.1223855921,297.993929681,27.0710664561
522.027552318,-5.81449123859,-0.422843004599
54.216742669,298.519140692,27.1174090398
522.025947357,-5.83841415532,-0.424988629038
54.2923574037,298.940020179,27.1545476654
522.024658069,-5.85763185901,-0.426712247197
54.3520075569,299.272034254,27.1838459255
522.023639026,-5.87282143354,-0.428074586271
54.3964074766,299.519162402,27.2056541737
522.022879387,-5.88414442205,-0.429090134822
54.4293483436,299.702508405,27.2218342199
522.02231518,-5.89255436261,-0.429844414722
54.4537697986,299.838435293,27.2338297834
522.021896551,-5.89879436265,-0.430404074487
54.4714680566,299.936941231,27.2425230492
522.021592989,-5.90331921325,-0.430809904084
54.4841012433,300.007255467,27.2487284234
522.021376209,-5.90655049058,-0.43109971441
54.4933707972,300.058848151,27.2532816125
522.021217098,-5.90892216801,-0.431312428021
54.501621899,300.104772219,27.2573345537
522.021075434,-5.91103379432,-0.431501817917
54.5089836641,300.145746366,27.2609506589
522.020949011,-5.91291824063,-0.431670832107
54.5156546307,300.182875598,27.2642274532
522.020834428,-5.91462619907,-0.431824017318
54.5202335889,300.208361106,27.2664766532
522.020755765,-5.91579873118,-0.431929180651
54.525034131,300.235079876,27.2688347
522.020673285,-5.91702816832,-0.432039447747
54.5266563904,300.244109011,27.2696315619
522.02064541,-5.91744367313,-0.432076713998
0.0,-0.0,-0.0
522.424304699,0.0648188743829,0.111123953092
23.396818436,128.475682931,11.7545029133
522.353986198,-0.973590598422,0.0161416663959
31.5832444701,173.63015326,15.8371190481
522.300398928,-1.76745327683,-0.0559587213869
36.2596464723,199.507701918,18.1567304142
522.260147001,-2.36513228105,-0.109964342059
39.3228676079,216.488633979,19.6716410131
522.229544331,-2.82014808972,-0.150957591366
41.5328426737,228.756695123,20.7620169088
522.205249465,-3.18175134603,-0.183460985607
43.1945697615,237.990551019,21.5805075442
522.18570631,-3.47285192131,-0.2095836791
44.4787491643,245.1280349,22.212798737
522.169830879,-3.70939219767,-0.230797513502
45.4805804521,250.694787361,22.7062858393
522.156967765,-3.90105174882,-0.247987441685
46.2698729395,255.079974192,23.0951661292
522.146533354,-4.0565302819,-0.261931981272
46.88545638,258.499650343,23.3985223953
522.138209302,-4.18056610491,-0.273056573797
47.3415909574,261.033351534,23.6233343041
522.13193512,-4.27405902957,-0.28144179681
47.6768926695,262.895744833,23.7886093712
522.127264905,-4.34365191821,-0.287683471804
47.9290802495,264.296428455,23.9129256038
522.123719718,-4.39648087949,-0.29242161666
48.1360338481,265.445836825,24.014949628
522.120789411,-4.44014753333,-0.29633800982
48.3064634418,266.392366704,24.0989719823
522.118361989,-4.4763205883,-0.29958231335
48.4455640108,267.164884234,24.1675516603
522.116371209,-4.50598705866,-0.302243051844
48.5572332941,267.785046503,24.2226087798
522.114766779,-4.52989630333,-0.304387433276
48.6466593575,268.281672444,24.2667002474
522.113477916,-4.54910302391,-0.306110052899
48.7171660789,268.673225632,24.3014642268
522.112459209,-4.56428391739,-0.307471602729
48.7696248685,268.964548549,24.3273298978
522.111699821,-4.57560043463,-0.308486562938
48.8085325723,269.180615901,24.3465141942
522.1111358,-4.58400556874,-0.309240405857
48.8373710177,269.340764589,24.3607337331
522.11071731,-4.5902420025,-0.30979974139
48.8582667375,269.456804489,24.3710369677
522.110413847,-4.59476426705,-0.310205335875
48.8731804878,269.539624568,24.3783906558
522.110197139,-4.59799369763,-0.310494978303
48.8841224359,269.600388041,24.3837859409
522.110038081,-4.60036401959,-0.310707568681
48.8938615012,269.654471506,24.3885881186
522.109896463,-4.60247443907,-0.310896848857
48.9025503079,269.702722591,24.3928724353
522.109770082,-4.60435780837,-0.31106576513
48.9104233498,269.746443469,24.3967545205
522.109655537,-4.60606479067,-0.311218861594
48.9158271704,269.776452141,24.3994190724
522.1095769,-4.60723665264,-0.311323964001
48.921492279,269.807911781,24.4022124658
522.109494447,-4.60846538713,-0.311434167215
48.9234066545,269.818542738,24.4031564212
522.109466581,-4.60888065446,-0.311471411877
0.0,-0.0,-0.0
522.424304699,0.0648188743829,0.111123953092
19.9825418589,110.02209364,9.99496626717
522.370731428,-0.728683290686,0.039056422266
27.3699144897,150.820966684,13.6713200062
522.330490018,-1.32609104266,-0.0149245397245
31.6476056954,174.487993291,15.7937906348
522.299895346,-1.78090041005,-0.0558990498164
34.5652068786,190.652699093,17.2380326962
522.27560683,-2.14233964551,-0.0883875723803
36.6887454702,202.429889017,18.2874183253
522.256068784,-2.43330820089,-0.114498305625
38.295554586,211.343588528,19.081107258
522.240197503,-2.66974120183,-0.135702424402
39.5309382916,218.195388974,19.6915443798
522.227337753,-2.86131382367,-0.152884479387
40.4940942099,223.536828813,20.1675420682
522.21690607,-3.01672183333,-0.166822631734
41.2395213754,227.670424496,20.5359924746
522.208584195,-3.14070139192,-0.177942128427
41.7887926948,230.716102804,20.8075138
522.202311653,-3.23415190511,-0.186323510266
42.1909579481,232.945986999,21.0063310726
522.197642659,-3.30371322314,-0.192562325934
42.4925682756,234.618271687,21.1554452447
522.1940984,-3.35651821815,-0.197298300184
42.7395366108,235.987559089,21.2775498181
522.191168859,-3.40016506192,-0.201212899159
42.9425578788,237.113164997,21.37792966
522.188742072,-3.43632170614,-0.204455716382
43.1080208062,238.030522377,21.4597417341
522.186751813,-3.46597471745,-0.2071152359
43.2407005945,238.76611464,21.5253457876
522.185147802,-3.48987311489,-0.209258634908
43.3468547575,239.354639725,21.5778350406
522.183859276,-3.50907112163,-0.210980465324
43.4304899318,239.818314397,21.6191900653
522.182840836,-3.52424512769,-0.212341391367
43.4926821742,240.163106982,21.6499425408
522.182081646,-3.53555651071,-0.213355886575
43.5387900996,240.418727263,21.672741907
522.181517773,-3.54395783147,-0.214109384122
43.5729550082,240.608135391,21.6896358013
522.181099392,-3.55019143578,-0.214668463395
43.5977046766,240.745345677,21.7018740895
522.180796009,-3.55471164859,-0.215073872056
43.6153662602,240.843259956,21.7106074712
522.180579358,-3.557939614,-0.215363381783
43.6283227531,240.915089525,21.7170142726
522.180420341,-3.56030886055,-0.215575874762
43.6398538379,240.979016691,21.7227162412
522.180278761,-3.56241832253,-0.215765068218
43.650140571,241.036045282,21.7278028968
522.180152412,-3.56430083735,-0.215933907101
43.6594608297,241.087715781,21.7324116518
522.180037897,-3.56600704519,-0.216086933424
43.6658575999,241.123178752,21.7355747812
522.179959281,-3.56717837549,-0.216191987678
43.6725633405,241.160354598,21.7388906961
522.17987685,-3.56840655251,-0.216302140402
43.6748292942,241.172916776,21.7400111862
522.179848991,-3.56882163144,-0.216339367999
0.0,-0.0,-0.0
522.424304699,0.0648188743829,0.111123953092
16.7070684503,92.1650186945,8.33001539896
522.384071298,-0.532382001996,0.0571617307932
23.4906100241,129.648888643,11.7028964153
522.353482715,-0.987033923208,0.0162014617816
27.5679117687,152.210036084,13.725518155
522.329199035,-1.34834806529,-0.0162757588989
30.3665230072,167.711384894,15.1114745845
522.309664879,-1.63921593343,-0.0423774028429
32.4136036233,179.053359437,16.1247537743
522.293796759,-1.87556711894,-0.0635741381439
33.9535263853,187.584023349,16.8872019558
522.280939569,-2.06707344266,-0.0807502098207
35.1363029521,194.135823004,17.4728783662
522.270509964,-2.22242766645,-0.0946835081277
36.0420374178,199.152681867,17.9214182461
522.262189746,-2.34636431404,-0.105799132197
36.7044295671,202.82152775,18.2494707496
522.255918454,-2.43978248142,-0.114177594902
37.1868737067,205.493602357,18.488415008
522.25125039,-2.50931972159,-0.120414237597
37.5473339355,207.490013501,18.6669493917
522.247706836,-2.56210643833,-0.125148562276
37.8416503508,209.120060833,18.8127269177
522.244777879,-2.6057381736,-0.129061797745
38.0830409711,210.456966254,18.9322923393
522.242351576,-2.6418823019,-0.132303485434
38.2794127581,211.544530507,19.0295607419
522.240361713,-2.67152504845,-0.134962078581
38.4366460077,212.415327203,19.107443777
522.238758021,-2.69541517307,-0.137104730986
38.5622983542,213.111216522,19.1696843814
522.237469753,-2.71460653405,-0.138825961639
38.661204651,213.658977705,19.2186770305
522.236451515,-2.7297752873,-0.140186413628
38.7347012126,214.066013512,19.255083359
522.235692477,-2.74108275463,-0.141200555454
38.7891617187,214.367623709,19.2820603574
522.235128716,-2.74948116706,-0.14195379053
38.829500283,214.591024109,19.30204212
522.234710418,-2.75571261346,-0.142512675056
38.8587140885,214.752813849,19.3165132554
522.234407095,-2.76023126148,-0.142917942499
38.8795571333,214.868245099,19.3268379367
522.234190487,-2.76345810944,-0.143207351379
38.8948453245,214.952912837,19.3344110114
522.234031502,-2.76582653581,-0.143419770338
38.9084500122,215.028257082,19.341150164
522.23388995,-2.76793526754,-0.143608897891
38.9205853304,215.095463801,19.3471614564
522.233763627,-2.76981713068,-0.143777677962
38.9315794768,215.156350539,19.3526074706
522.233649134,-2.77152274787,-0.14393065098
38.9391245271,215.198135798,19.3563449582
522.233570534,-2.77269367268,-0.144035668639
38.9470335228,215.241936608,19.3602627309
522.233488119,-2.77392142453,-0.144145782993
38.9497059587,215.256736821,19.3615865402
522.233460266,-2.77433635976,-0.144182997623
0.0,-0.0,-0.0
522.424304699,0.0648188743829,0.111123953092
13.8501680162,76.4898511493,6.89283613609
522.393720688,-0.38971471873,0.0701743595428
20.2692093808,111.982438066,10.0810562486
522.369440638,-0.75093484737,0.0377056110201
24.1438184356,133.427216199,12.0023483746
522.349909402,-1.04172704444,0.0116107806222
26.8153375848,148.217950008,13.3263638499
522.334043654,-1.27801674193,-0.00958041985875
28.7580943817,158.972670465,14.2893903038
522.321188387,-1.4694732396,-0.0267520063112
30.2183935066,167.056347819,15.0132998289
522.310760341,-1.62478704086,-0.04068166592
31.3204033495,173.156426237,15.5596319699
522.302441368,-1.74869143888,-0.0517943869823
32.1182889993,177.572953495,15.9552063437
522.296171013,-1.8420852969,-0.0601706614373
32.695442801,180.767609889,16.2413551226
522.291503648,-1.91160444147,-0.0664056752234
33.1245915567,183.143001526,16.454128334
522.287960624,-1.96437742126,-0.0711387633449
33.4737272154,185.075492668,16.6272335278
522.285032104,-2.00799780182,-0.0750509766995
33.759255709,186.655902138,16.7688033202
522.282606164,-2.04413252383,-0.0782918176649
33.9909996643,187.938604796,16.8837069881
522.280616599,-2.07376755594,-0.0809497163827
34.1762164698,188.963775103,16.975542179
522.279013147,-2.09765146316,-0.0830918091176
34.3240186739,189.781853497,17.0488267181
522.277725071,-2.11683782956,-0.0848125901735
34.4402285772,190.425068025,17.106447186
522.276706986,-2.13200263509,-0.0861726868009
34.5265090412,190.902623892,17.1492278747
522.275948061,-2.14330715959,-0.0871865637233
34.5904017897,191.256264864,17.1809080852
522.275384385,-2.15170338629,-0.0879396020471
34.6377046271,191.51808181,17.2043624904
522.274966149,-2.15793321091,-0.0884983405866
34.6719503539,191.70762866,17.2213427469
522.274662872,-2.16245068292,-0.0889035021683
34.6963775053,191.842830504,17.2334546208
522.274446296,-2.16567669107,-0.0891928354517
34.7142914393,191.941982288,17.2423370115
522.274287335,-2.16804450104,-0.0894051989241
34.7302304779,192.030203183,17.2502401829
522.274145804,-2.17015268396,-0.0895942770745
34.7444462402,192.108885948,17.2572888863
522.2740195,-2.17203405732,-0.0897630130584
34.7573237393,192.180161525,17.2636740348
522.273905024,-2.17373923062,-0.0899159461173
34.7661604965,192.229072013,17.268055634
522.273826436,-2.17490985068,-0.0900209363448
34.7754228096,192.280337895,17.2726482416
522.273744033,-2.17613728299,-0.0901310219352
34.7785523679,192.297659652,17.2741999964
522.273716184,-2.17655211024,-0.0901682268444
0.0,-0.0,-0.0
522.424304699,0.0648188743829,0.111123953092
11.6386657863,64.3314322497,5.78398877479
522.400027407,-0.296329765389,0.0786616373551
17.6478481325,97.5736031287,8.76626890808
522.380498391,-0.587064421338,0.0525719803836
21.2986780304,117.776609575,10.5770796131
522.364634446,-0.823307362664,0.0313849824093
23.8044283603,131.641979003,11.8200784298
522.351780639,-1.01472597206,0.0142168015189
25.626984861,141.726894105,12.7241814934
522.341353779,-1.17000903559,0.000289904720639
26.9740875002,149.180785525,13.3924522691
522.333035751,-1.29388891069,-0.0108206121319
27.9362298252,154.504537188,13.8697590867
522.326766109,-1.38726428362,-0.0191952250813
28.6259379943,158.320817549,14.2119194154
522.322099274,-1.4567696681,-0.0254290020617
29.135598572,161.140846995,14.4647613922
522.318556653,-1.50953220216,-0.0301611512838
29.5483336267,163.424563167,14.6695201812
522.315628467,-1.55314394847,-0.0340725885604
29.8846553749,165.285468922,14.8363710208
522.313202802,-1.58927151785,-0.0373127866209
30.156843141,166.791510238,14.9714052771
522.311213463,-1.61890068382,-0.0399701580693
30.3738928773,167.99246528,15.0790855018
522.309610194,-1.64277986326,-0.042111825855
30.5467909228,168.949123639,15.1648619276
522.308322264,-1.66196243172,-0.0438322655387
30.682544343,169.700256883,15.2322106896
522.307304294,-1.67712423536,-0.0451920923463
30.7832291284,170.257352336,15.2821616013
522.306545456,-1.68842652211,-0.0462057681305
30.8577310384,170.669575954,15.3191229222
522.305981844,-1.69682108675,-0.046958657063
30.9128569927,170.974591124,15.3464716066
522.305563656,-1.70304967815,-0.0475172847565
30.9527498429,171.195320548,15.3662629668
522.305260413,-1.70756625591,-0.0479223659597
30.9811965661,171.352717812,15.3803757675
522.305043862,-1.71079162546,-0.0482116418437
31.0020538302,171.468122156,15.3907233405
522.304884919,-1.71315896671,-0.0484239631857
31.0206085428,171.570786331,15.3999285909
522.304743404,-1.7152667323,-0.0486130038258
31.0371546644,171.662336908,15.4081373454
522.304617114,-1.71714773325,-0.0487817063336
31.0521410989,171.745257623,15.4155723226
522.304502651,-1.71885256899,-0.0489346090541
31.0624239198,171.80215299,15.4206737739
522.304424072,-1.72002295733,-0.0490395784524
31.0732009549,171.861782863,15.4260204126
522.304341678,-1.72125014666,-0.049149642203
31.0768420822,171.881929399,15.4278268276
522.304313832,-1.72166489179,-0.0491868397309
0.0,-0.0,-0.0
522.424304699,0.0648188743829,0.111123953092
9.70387924758,53.670519259,4.8174603336
522.404777444,-0.225870094804,0.0850383990588
15.3381426112,84.8412326599,7.61328969114
522.388914929,-0.462075912454,0.0638547340047
18.7472337589,103.700967007,9.3050283311
522.376062283,-0.653464439152,0.0466892539986
21.0887622172,116.654888159,10.4669744369
522.365636362,-0.808723097396,0.0327645483274
22.7643666118,125.924680414,11.2984769204
522.357319085,-0.932583501676,0.0216557795892
23.9376314225,132.415422514,11.8806986947
522.351050009,-1.02594419774,0.0132824843457
24.7681437269,137.009977225,12.2928342291
522.346383595,-1.09543865692,0.00704968825145
25.376695805,140.376601445,12.5948241953
522.342841293,-1.14819289723,0.00231828365109
25.8665111912,143.086349289,12.8378922687
522.339913371,-1.19179778808,-0.0015925381356
26.2637530559,145.28396237,13.0350214427
522.337487925,-1.22791967838,-0.00483222632021
26.5840508544,147.055906087,13.1939676842
522.335498766,-1.25754418672,-0.00748917960135
26.8387241769,148.464803366,13.3203481407
522.333895641,-1.28141961239,-0.00963051036901
27.0411341636,149.584570386,13.420793213
522.332607828,-1.30059916534,-0.0113506793174
27.1997801422,150.462227067,13.4995206302
522.33158995,-1.31575858552,-0.0127102921359
27.3172875849,151.112298179,13.5578332404
522.33083118,-1.32705909553,-0.0137238084024
27.404152841,151.592851455,13.6009397939
522.330267618,-1.33545234052,-0.0144765788544
27.4683808404,151.94817163,13.6328126906
522.329849468,-1.34167995278,-0.0150351186389
27.5148363365,152.205171293,13.655866053
522.329546253,-1.34619582052,-0.0154401360962
27.5479503825,152.388363742,13.6722987801
522.329329721,-1.34942068302,-0.0157293664565
27.5722232337,152.522645206,13.6843440979
522.329170793,-1.35178765212,-0.0159416543868
27.5938118464,152.642076995,13.6950573746
522.32902929,-1.35389508636,-0.0161306652775
27.6130597789,152.748559809,13.7046090883
522.328903011,-1.3557757916,-0.0162993412377
27.6304903691,152.844988754,13.7132589565
522.328788559,-1.35748035934,-0.0164522198959
27.6424485949,152.911143654,13.7191931844
522.328709987,-1.35865056369,-0.0165571727754
27.6549801339,152.980470217,13.7254119175
522.328627601,-1.35987756011,-0.0166672192048
27.6592137085,153.003891055,13.7275128146
522.328599758,-1.36029224004,-0.0167044108797
0.0,-0.0,-0.0
522.424304699,0.0648188743829,0.111123953092
7.98278744094,44.1613824443,3.96153997118
522.408443335,-0.171357078486,0.0899429670366
13.2286700305,73.1811669031,6.56498797396
522.395591621,-0.362721404632,0.0727796579954
16.4075926204,90.7668714697,8.14261110408
522.385166457,-0.517960429629,0.0588567135508
18.5571431901,102.658070539,9.20938910553
522.376849783,-0.641805170274,0.047749349944
20.0161492856,110.729227719,9.93346200723
522.370581162,-0.735154059269,0.0393771138705
21.0299411235,116.337476505,10.4365852061
522.365915086,-0.804639729405,0.0331451062118
21.7639810889,120.398151552,10.8008734658
522.362373042,-0.857387297672,0.0284143001373
22.3498484694,123.639142413,11.0916269037
522.359445332,-0.900986673536,0.0245039730826
22.8219550217,126.250814155,11.3259232113
522.357020062,-0.937103995193,0.0212646947337
23.2007392869,128.346231306,11.5139056774
522.355031047,-0.966724756629,0.0186080775735
23.5007687331,130.005980808,11.6628037657
522.353428039,-0.990597162501,0.0164670177019
23.7385254957,131.321240659,11.7807972674
522.352140318,-1.00977428958,0.0147470663704
23.9244524689,132.349780381,11.8730687792
522.351122514,-1.02493179236,0.013387625556
24.0619315655,133.110308599,11.9412966657
522.350363799,-1.03623087303,0.0123742375109
24.1634337937,133.671814409,11.9916700116
522.349800279,-1.04462305641,0.0116215622908
24.2384158325,134.086611788,12.0288819532
522.349382159,-1.05084988097,0.0110630931687
24.2926136139,134.386431571,12.0557791219
522.349078966,-1.05536517752,0.0106581269503
24.3312281113,134.600045252,12.0749426563
522.34886245,-1.05858963213,0.010368933181
24.3595231788,134.756572297,12.0889848837
522.348703533,-1.06095630184,0.0101566721074
24.3846823646,134.895751768,12.1014708435
522.348562041,-1.06306346952,0.00996768512887
24.4071083238,135.01981122,12.1126003523
522.348435771,-1.06494393688,0.00979903050831
24.4274124832,135.132132941,12.1226768623
522.348321328,-1.06664828902,0.00964617119224
24.4413397041,135.209177712,12.1295886383
522.348242761,-1.06781834535,0.00954123159051
24.4559325354,135.289904607,12.1368307423
522.348160381,-1.06904518657,0.00943119908173
24.4608619979,135.317174173,12.1392771274
522.34813254,-1.06945981405,0.0093940121129
0.0,-0.0,-0.0
522.424304699,0.0648188743829,0.111123953092
6.46773088816,35.7790644197,3.20981427927
522.411453742,-0.126525795596,0.0939624068222
11.2531670728,62.2520213038,5.58470153903
522.401029192,-0.281748874077,0.080040892451
14.1744467917,78.4124503626,7.03446311335
522.392713009,-0.405580892409,0.0689346697771
16.0508825573,88.7928495935,7.9656913182
522.386444757,-0.498920191471,0.0605632937255
17.3167572901,95.7956355729,8.59391389387
522.381778956,-0.56839872297,0.054331926256
18.2170789476,100.776191596,9.0407214289
522.37823712,-0.621140872071,0.0496016061703
18.9269995752,104.703453437,9.39303770173
522.375309583,-0.664735768549,0.0456916808245
19.4939558112,107.839840417,9.67440419115
522.372884456,-0.700849379468,0.0424527352529
19.945761797,110.339219131,9.89862444911
522.370895558,-0.730467097595,0.0397963910165
20.301788299,112.308748642,10.0753116389
522.369292644,-0.754337050731,0.0376555511058
20.5828111815,113.863360057,10.2147763766
522.368005,-0.773512207469,0.0359357764726
20.801911825,115.075419156,10.3235106425
522.366987256,-0.788668152886,0.0345764753225
20.9635568408,115.969635177,10.4037310965
522.366228586,-0.799966072629,0.033563191388
21.0827064293,116.628767612,10.462862111
522.365665099,-0.808357393747,0.0328105934963
21.1706203027,117.115104962,10.5064915951
522.365247004,-0.814583578521,0.032252181749
21.2341105285,117.466331313,10.5380002247
522.364943828,-0.819098411142,0.0318472571369
21.2793177954,117.716416736,10.560435482
522.364727325,-0.822322534447,0.031558093078
21.31242913,117.899587765,10.5768678264
522.364568417,-0.824688960989,0.0313458538117
21.3418604519,118.062401042,10.5914738737
522.364426933,-0.826795912172,0.0311568862494
21.3680862455,118.207481496,10.6044890845
522.364300671,-0.828676186317,0.0309882489564
21.3918240856,118.338798624,10.6162695898
522.364186234,-0.830380363336,0.0308354053443
21.408102931,118.428852775,10.6243483808
522.364107672,-0.831550299449,0.030730476523
21.4251566062,118.523193263,10.6328117012
522.364025297,-0.832777014612,0.0306204553196
21.4309166107,118.555057456,10.6356702504
522.363997457,-0.83319159949,0.030583272171
0.0,-0.0,-0.0
522.424304699,0.0648188743829,0.111123953092
5.24632246453,29.0225593496,2.60361507481
522.413880647,-0.0903912865531,0.0972035971962
9.35364658707,51.7441367447,4.64198414274
522.40556486,-0.214212999115,0.0860982987718
11.9131325321,65.9031384872,5.91219538292
522.399296908,-0.307544529811,0.0777276194075
13.5509307138,74.9633857994,6.7249958642
522.39463133,-0.377017278626,0.0714967705449
14.6826476999,81.224008147,7.28664021325
522.391089663,-0.429755037906,0.0667668441491
15.5587360063,86.0705000977,7.72142220144
522.388162266,-0.47334630584,0.0628572442221
16.2492861566,89.8906013953,8.06412591697
522.385737255,-0.509456910859,0.0596185682269
16.7943130523,92.905672619,8.33460989538
522.383748452,-0.539072163737,0.0569624450798
17.2207355964,95.264628807,8.54623327237
522.382145614,-0.562940130026,0.0548217833547
17.5555218297,97.1166558142,8.7123797215
522.380858032,-0.582113690678,0.0531021518633
17.8154827468,98.5547514356,8.84139215532
522.379840336,-0.59726837455,0.0517429638522
18.0066988939,99.6125531227,8.93628819542
522.379081702,-0.608565353875,0.0507297642567
18.1473410094,100.39058088,9.00608554016
522.378518242,-0.616955976513,0.0499772290063
18.2509502792,100.963744192,9.05750434869
522.378100167,-0.623181643028,0.0494188637382
18.3256906911,101.377205877,9.09459623012
522.377797006,-0.62769609984,0.0490139728294
18.3788655361,101.671367441,9.12098564475
522.377580513,-0.630919954773,0.048724832839
18.4177900834,101.886696797,9.14030297628
522.377421613,-0.633286184337,0.0485126112386
18.4523726381,102.078006367,9.1574654828
522.377280136,-0.635392960138,0.0483236594042
18.483176063,102.248409993,9.1727524843
522.37715388,-0.63727307777,0.0481550361473
18.5110471095,102.40259176,9.18658422123
522.377039448,-0.638977112935,0.0480022052562
18.5301548466,102.508295162,9.19606693745
522.37696089,-0.640146951664,0.0478972851697
18.5501672201,102.619002983,9.20599860358
522.376878519,-0.641373564717,0.0477872731237
18.5569254298,102.656389183,9.20935254309
522.37685068,-0.641788115085,0.0477500930698
0.0,-0.0,-0.0
522.424304699,0.0648188743829,0.111123953092
4.18510781499,23.1518748178,2.07697119637
522.415989234,-0.0589944797568,0.100019404265
7.33951140137,40.6019453732,3.64242547514
522.409721524,-0.152319709971,0.0916492899383
9.58101968251,53.0019007979,4.75483252851
522.405056127,-0.221787768778,0.085418861682
11.0623899697,61.1967963616,5.49000119103
522.401514598,-0.274521967726,0.0806892545832
12.1746727007,67.3499100753,6.0420006223
522.398587314,-0.318110292751,0.0767799185807
13.0337075872,72.1020649618,6.46831911521
522.396162396,-0.354218459856,0.0735414612219
13.7020715361,75.7994339174,6.8000121914
522.394173671,-0.383831713313,0.0708855173873
14.2196225069,78.662510539,7.05686031773
522.392570895,-0.407698068179,0.0687450001759
14.6228913967,80.893382107,7.25699298535
522.391283362,-0.426870334339,0.0670254847776
14.9342747003,82.615945255,7.41152505416
522.390265706,-0.442023995042,0.0656663885251
15.1623776473,83.8778039227,7.5247270831
522.389507102,-0.453320211649,0.0646532573315
15.3296594936,84.8032021022,7.60774505391
522.388943663,-0.46171026779,0.0639007728854
15.4526338457,85.4834926456,7.66877426244
522.388525604,-0.467935513973,0.0633424453133
15.5412089324,85.9734874646,7.71273194232
522.388222455,-0.472449665989,0.0629375817392
15.6041587187,86.3217237971,7.74397241339
522.38800597,-0.47567330326,0.0626484612686
15.650203163,86.576440271,7.76682317001
522.387847076,-0.478039373063,0.0624362539947
15.6910864179,86.802605178,7.78711255523
522.387705605,-0.480146006625,0.0622473149182
15.7274823283,87.0039463213,7.80517496523
522.387579354,-0.48202599732,0.0620787030453
15.7603975717,87.1860324805,7.82151000928
522.387464927,-0.483729917433,0.0619258824728
15.7829547976,87.3108183825,7.83270461955
522.387386371,-0.484899677179,0.0618209694688
15.8065724164,87.4414703439,7.8444254777
522.387304003,-0.486126207416,0.0617109648495
15.814546381,87.4855820749,7.84838276564
522.387276166,-0.486540729795,0.0616737873062
0.0,-0.0,-0.0
522.424304699,0.0648188743829,0.111123953092
3.15440358638,17.4500705554,1.56545427877
522.418037183,-0.028501330379,0.102754289457
5.50234984586,30.4388375426,2.73068397299
522.41337193,-0.0979656482992,0.0965241966915
7.28466209227,40.2985346554,3.61520297432
522.409830509,-0.150697007417,0.0917948442738
8.73508653829,48.3222377834,4.33501410253
522.406903316,-0.194282985093,0.0878857187867
9.83438958435,54.4035485571,4.88057198381
522.404478474,-0.230389207644,0.0846474358192
10.6707563327,59.0303036459,5.29564087316
522.402489809,-0.260000866301,0.0819916350088
11.3085171231,62.5583771676,5.61214628662
522.400887083,-0.283865935851,0.0798512330675
11.8000645138,65.2776025866,5.85608948546
522.39959959,-0.303037169484,0.0781318102683
12.1766254655,67.3607263914,6.04296768068
522.398581966,-0.318190014078,0.0767727872061
12.4509157463,68.8780919015,6.17909139282
522.397823384,-0.329485622317,0.0757597105709
12.6512669768,69.9864288477,6.27852091819
522.397259963,-0.337875226603,0.0750072666493
12.7981317129,70.7988802317,6.35140635921
522.396841917,-0.344100137519,0.0744489691441
12.903698769,71.3828740833,6.40379675154
522.396538777,-0.348614046419,0.0740441273733
12.978616629,71.7973174117,6.44097669524
522.3963223,-0.351837510074,0.0737550224723
13.0333589026,72.1001499948,6.46814397954
522.39616341,-0.354203452452,0.0735428266274
13.0819255908,72.3688194031,6.49224647189
522.396021943,-0.356309972556,0.0733538977249
13.1251306055,72.607828295,6.51368807908
522.395895696,-0.358189862002,0.0731852949331
13.1641787925,72.8238417006,6.53306675818
522.395781273,-0.359893690348,0.0730324825896
13.1909253705,72.971802963,6.54634044508
522.39570272,-0.361063387096,0.0729275752359
13.2189174531,73.1266543168,6.56023224647
522.395620354,-0.362289851275,0.0728175765416
13.2283656351,73.1789213704,6.56492115376
522.395592518,-0.36270435133,0.072780401
0.0,-0.0,-0.0
522.424304699,0.0648188743829,0.111123953092
2.34794625947,12.9887669871,1.16522969422
522.419639555,-0.00464262419872,0.10489411317
4.13025850589,22.8484640999,2.04974869556
522.416098217,-0.0573718430662,0.100164952694
5.60342749207,30.9979893446,2.78084739395
522.413171092,-0.100956051649,0.0962559858612
6.82376587314,37.7488639637,3.38647221308
522.410746306,-0.137060808682,0.0930178343255
7.8245830582,43.2853539215,3.8831539181
522.408757688,-0.166671265411,0.0903621413064
8.61525962069,47.6593529106,4.27554776676
522.407154999,-0.190535366273,0.0882218262375
9.21641041823,50.9849011085,4.57388450866
522.405867536,-0.209705821739,0.0865024732261
9.67203411657,53.5053976753,4.7999996488
522.404849935,-0.224858051269,0.0851435053234
10.001437505,55.3276472589,4.96347467412
522.404091372,-0.23615320101,0.0841304698088
10.2407981073,56.6517828936,5.08226361451
522.403527964,-0.244542464752,0.0833780564268
10.4156157652,57.6188690192,5.16902141872
522.403109927,-0.250767122991,0.0828197815825
10.5409494041,58.3122110264,5.2312214907
522.402806794,-0.255280848665,0.0824149562431
10.629732958,58.8033589632,5.2752826454
522.402590322,-0.258504181478,0.0821258630776
10.6945230277,59.1617756563,5.30743640977
522.402431436,-0.260870027818,0.0819136758453
10.7519454002,59.4794344464,5.33593376593
522.402289972,-0.262976462416,0.0817247546109
10.80298256,59.7617705367,5.36126227814
522.402163728,-0.264856275554,0.0815561586619
10.8490724773,60.0167385878,5.38413559875
522.402049307,-0.26656003474,0.0814033525217
10.880622317,60.1912713519,5.39979302901
522.401970756,-0.267729684007,0.0812984494259
10.9136239637,60.3738354666,5.41617095675
522.401888393,-0.268956098403,0.0811884551958
10.9247590321,60.4354343256,5.42169702527
522.401860557,-0.269370581632,0.0811512811634
0.0,-0.0,-0.0
522.424304699,0.0648188743829,0.111123953092
1.78231224642,9.85969711279,0.884519001337
522.420763423,0.0120912484819,0.106394935475
3.25548123259,18.0092223575,1.61561769973
522.417836348,-0.0314916433864,0.102486086729
4.47581961367,24.7600969765,2.22124251886
522.415411604,-0.067595309645,0.0992480330156
5.47663679873,30.2965869344,2.71792422388
522.413423021,-0.097204871793,0.0965924202246
6.28322082646,34.758585535,3.11821256795
522.41182036,-0.121068251673,0.0944521698156
6.93115801113,38.342954599,3.43976827697
522.410532919,-0.140238127958,0.0927328687455
7.44328042934,41.1760003617,3.69392238292
522.409515336,-0.1553898997,0.0913739418989
7.82503720198,43.2878672709,3.88337914284
522.408756785,-0.166684708186,0.0903609369881
8.10809122011,44.8537135512,4.02385208216
522.408193387,-0.175073718466,0.0896085463376
8.31481248539,45.9972894642,4.12644288447
522.407775358,-0.18129818864,0.0890502883587
8.46254301224,46.8145303768,4.19975799672
522.40747223,-0.185811777942,0.0886454752496
8.56695774902,47.3921495414,4.25157653416
522.407255761,-0.189035013368,0.088356390818
8.64303439067,47.8130032068,4.28933155469
522.407096879,-0.191400788229,0.0881442099958
8.71037619012,48.1855359638,4.3227516857
522.406955417,-0.193507159186,0.0879552944692
8.77016452018,48.5162832635,4.35242319443
522.406829175,-0.195386915529,0.0877867036138
8.8241050975,48.8146809273,4.37919260999
522.406714756,-0.197090623238,0.0876339020899
8.86100060068,49.0187857395,4.39750296536
522.406636207,-0.198260237167,0.0875290021638
8.89956943729,49.2321473792,4.41664375646
522.406553845,-0.19948661451,0.0874190112565
8.91257731307,49.3041065519,4.42309925458
522.406526009,-0.199901085215,0.0873818383464
0.0,-0.0,-0.0
522.424304699,0.0648188743829,0.111123953092
1.47316898617,8.1495252447,0.73109869839
522.421377663,0.0212369819779,0.107215193979
2.69350736725,14.9003998637,1.33672351752
522.418952951,-0.0148658563231,0.103977214518
3.69432455231,20.4368898216,1.83340522255
522.416964394,-0.0444747394325,0.101321662624
4.50090858004,24.8988884222,2.23369356661
522.415361754,-0.0683375720481,0.0991814612951
5.14884576472,28.4832574862,2.55524927563
522.41407433,-0.0875070086981,0.0974621996522
5.66096818293,31.316303249,2.80940338158
522.41305676,-0.102658432956,0.0961033039678
6.04272495557,33.4281701582,2.9988601415
522.41229822,-0.113952982409,0.0950903222882
6.32626652587,34.9967135622,3.13957504133
522.411734829,-0.122341800297,0.0943379488919
6.53664774879,36.1605362494,3.24398219321
522.411316805,-0.12856612772,0.0937797037151
6.68920245216,37.0044643598,3.31969142905
522.411013681,-0.133079613507,0.0933748998895
6.79814434631,37.6071276212,3.37375668657
522.410797215,-0.136302775012,0.0930858220867
6.87810490047,38.0494669724,3.41343920013
522.410638335,-0.138668495617,0.0928736461309
6.94929782801,38.4433040527,3.44877055404
522.410496875,-0.140774818265,0.0926847349365
7.01283136499,38.7947697234,3.48030071949
522.410370635,-0.142654531497,0.0925161479466
7.07041462977,39.1133186234,3.50887791383
522.410256218,-0.144358200135,0.0923633499272
7.10994614662,39.3320057831,3.52849645982
522.410177669,-0.145527787239,0.0922584524062
7.15139617621,39.5613060947,3.54906711817
522.410095308,-0.146754136456,0.0921484640218
7.1654047665,39.6388011896,3.55601924701
522.410067473,-0.147168597656,0.0921112919643
0.0,-0.0,-0.0
522.424304699,0.0648188743829,0.111123953092
1.22033838108,6.75087461902,0.605624819133
522.421880014,0.0287167204032,0.107886035002
2.22115556614,12.2873645769,1.10230652416
522.419891478,-0.000891601469463,0.10523053344
3.02773959387,16.7493631775,1.50259486822
522.418288855,-0.0247539817603,0.103090372678
3.67567677854,20.3337322415,1.82415057724
522.417001446,-0.0439230550473,0.101371143621
4.18779919675,23.1667780042,2.07830468319
522.415983887,-0.059074192103,0.100012273695
4.56955596939,25.2786449135,2.26776144311
522.415225355,-0.0703685274609,0.0989993112151
4.8530975397,26.8471883175,2.40847634294
522.41466197,-0.0787571863333,0.0982469520787
5.06347876261,28.0110110047,2.51288349482
522.414243951,-0.08498139577,0.0976887174837
5.21603346599,28.8549391151,2.58859273066
522.41394083,-0.0894947960016,0.0972839213314
5.32497536014,29.4576023765,2.64265798818
522.413724367,-0.0927178964081,0.096994849008
5.4049359143,29.8999417277,2.68234050174
522.413565488,-0.0950835721683,0.0967826770735
5.47612884183,30.293778808,2.71767185565
522.41342403,-0.0971898548895,0.0965937694596
5.53966237882,30.6452444787,2.7492020211
522.413297791,-0.0990695324907,0.0964251856658
5.5972456436,30.9637933787,2.77777921544
522.413183375,-0.100773168834,0.0962723905419
5.63677716045,31.1824805384,2.79739776143
522.413104827,-0.101942733767,0.0961674950098
5.67822719003,31.41178085,2.81796841978
522.413022467,-0.103169059738,0.09605750871
5.69223578032,31.4892759449,2.82492054862
522.412994632,-0.103583513082,0.096020337358
0.0,-0.0,-0.0
522.424304699,0.0648188743829,0.111123953092
1.00081718506,5.53648995787,0.496681705023
522.422316181,0.0352110174105,0.108468493223
1.80740121279,9.99848855845,0.89697004909
522.420713573,0.0113490118029,0.106328366062
2.45533839747,13.5828576225,1.21852575811
522.419426175,-0.00781976049288,0.104609164
2.96746081568,16.4159033852,1.47267986406
522.418408625,-0.0229706596449,0.103250315409
3.34921758832,18.5277702944,1.66213662398
522.4176501,-0.0342648176571,0.102237368834
3.63275915862,20.0963136985,1.80285152381
522.41708672,-0.0426533448086,0.10148502151
3.84314038154,21.2601363856,1.90725867569
522.416668705,-0.048877456511,0.100926795681
3.99569508491,22.104064496,1.98296791153
522.416365587,-0.053390785872,0.100522005884
4.10463697906,22.7067277575,2.03703316905
522.416149126,-0.0566138356692,0.100232938099
4.18459753322,23.1490671087,2.0767156826
522.415990248,-0.0589794742818,0.100020769496
4.25579046076,23.542904189,2.11204703652
522.415848791,-0.0610857239307,0.0998318648489
4.31932399774,23.8943698596,2.14357720197
522.415722554,-0.0629653720174,0.0996632837017
4.37690726252,24.2129187597,2.17215439631
522.415608138,-0.0646689816074,0.0995104909769
4.41643877937,24.4316059193,2.1917729423
522.415529591,-0.0658385281775,0.0994055970918
4.45788880896,24.6609062309,2.21234360065
522.415447232,-0.0670648348914,0.0992956125189
4.47189739925,24.7384013259,2.21929572949
522.415419398,-0.0674792817271,0.0992584417497
0.0,-0.0,-0.0
522.424304699,0.0648188743829,0.111123953092
0.806584027734,4.46199860059,0.400288344067
522.422702103,0.0409571760507,0.108983853488
1.45452121241,8.04636766463,0.721844053082
522.421414714,0.0217886505958,0.107264673562
1.96664363062,10.8794134274,0.975998159035
522.420397172,0.00663794654763,0.105905842468
2.34840040326,12.9912803366,1.16545491896
522.419638652,-0.00465606602545,0.104892908937
2.63194197356,14.5598237406,1.30616981879
522.419075277,-0.0130444851536,0.104140571301
2.84232319648,15.7236464278,1.41057697067
522.418657265,-0.0192685167065,0.103582352659
2.99487789985,16.5675745382,1.48628620651
522.418354149,-0.0237817879461,0.103177568075
3.103819794,17.1702377997,1.54035146403
522.418137689,-0.0270047962385,0.102888504012
3.18378034816,17.6125771508,1.58003397758
522.417978813,-0.0293704043885,0.102676338141
3.2549732757,18.0064142311,1.6153653315
522.417837357,-0.0314766269129,0.102487435926
3.31850681268,18.3578799018,1.64689549695
522.41771112,-0.033356250793,0.10231885695
3.37609007746,18.6764288018,1.67547269128
522.417596706,-0.0350598384459,0.102166066193
3.41562159431,18.8951159615,1.69509123727
522.417518159,-0.0362293699546,0.102061173658
3.4570716239,19.1244162731,1.71566189562
522.417435801,-0.0374556608768,0.101951190502
3.47108021419,19.201911368,1.72261402446
522.417407967,-0.0378701023755,0.101914020211
0.0,-0.0,-0.0
522.424304699,0.0648188743829,0.111123953092
0.647937184672,3.58436906405,0.321555709015
522.423017318,0.0456505478603,0.109404791007
1.16005960288,6.41741482677,0.575709814968
522.421999782,0.0305000010468,0.108045974014
1.54181637552,8.52928173598,0.765166574889
522.421241267,0.0192061056851,0.107033050994
1.82535794583,10.09782514,0.905881474719
522.420677895,0.010817773612,0.106280721166
2.03573916874,11.2616478272,1.0102886266
522.420259885,0.00459380665422,0.105722508317
2.18829387212,12.1055759376,1.08599786244
522.419956771,8.05822542332e-05,0.105317727933
2.29723576627,12.7082391991,1.14006311996
522.419740312,-0.00314239258836,0.105028666871
2.37719632043,13.1505785502,1.17974563351
522.419581437,-0.00550797618763,0.104816503201
2.44838924796,13.5444156305,1.21507698743
522.419439982,-0.00761417685418,0.104627602947
2.51192278495,13.8958813012,1.24660715288
522.419313746,-0.00949378122746,0.10445902572
2.56950604973,14.2144302012,1.27518434722
522.419199332,-0.0111973511987,0.104306236548
2.60903756658,14.4331173609,1.29480289321
522.419120786,-0.0123668705695,0.104201345102
2.65048759616,14.6624176725,1.31537355156
522.419038428,-0.013593148766,0.104091363087
2.66449618645,14.7399127675,1.3223256804
522.419010594,-0.0140075859632,0.104054193182
0.0,-0.0,-0.0
522.424304699,0.0648188743829,0.111123953092
0.51212241821,2.83304576273,0.254154105953
522.423287168,0.0496684538764,0.109765147426
0.89387919085,4.94491267193,0.443610865874
522.422528656,0.0383746526695,0.10875223285
1.17742076116,6.51345607595,0.584325765704
522.421965287,0.029986390528,0.107999909294
1.38780198407,7.67727876313,0.688732917586
522.421547279,0.0237624754587,0.107441701098
1.54035668745,8.52120687353,0.764442153424
522.421244167,0.0192492886846,0.107036924089
1.6492985816,9.12387013502,0.818507410945
522.421027709,0.0160263407121,0.106747865436
1.72925913576,9.56620948616,0.858189924498
522.420868835,0.0136607768346,0.106535703535
1.80045206329,9.96004656647,0.893521278413
522.42072738,0.0115545937276,0.106346804855
1.86398560028,10.3115122371,0.925051443866
522.420601145,0.00967500502493,0.106178229034
1.92156886506,10.6300611372,0.9536286382
522.420486732,0.00797144925363,0.106025441136
1.96110038191,10.8487482968,0.97324718419
522.420408186,0.00680193963395,0.105920550564
2.00255041149,11.0780486084,0.993817842543
522.420325828,0.00557567166213,0.105810569466
2.01655900178,11.1555437034,1.00076997138
522.420297994,0.00516123791947,0.105773399871
0.0,-0.0,-0.0
522.424304699,0.0648188743829,0.111123953092
0.381756772639,2.1118669092,0.189456759921
522.42354619,0.0535251475944,0.110111045189
0.665298342947,3.68041031322,0.330171659751
522.422982823,0.0451369407259,0.10935872659
0.875679565861,4.8442330004,0.434578811633
522.422564817,0.0389130666685,0.108800522072
1.02823426924,5.6881611108,0.510288047472
522.422261706,0.0343999096332,0.10839574773
1.13717616339,6.2908243723,0.564353304992
522.422045249,0.0311769828983,0.108106690982
1.21713671755,6.73316372343,0.604035818545
522.421886375,0.0288114346078,0.107894530479
1.28832964508,7.12700080375,0.639367172461
522.421744921,0.0267052653793,0.107705633044
1.35186318207,7.4784664744,0.670897337913
522.421618686,0.0248256890614,0.107537058333
1.40944644685,7.79701537448,0.699474532247
522.421504274,0.0231221445164,0.107384271442
1.4489779637,8.01570253411,0.719093078238
522.421425728,0.0219526426018,0.107279381561
1.49042799328,8.24500284572,0.73966373659
522.421343371,0.0207263827106,0.107169401187
1.50443658357,8.32249794068,0.746615865428
522.421315537,0.020311951699,0.107132231838
0.0,-0.0,-0.0
522.424304699,0.0648188743829,0.111123953092
0.283541570308,1.56854340402,0.14071489983
522.423741333,0.0564307087162,0.110371638188
0.493922793222,2.7323660912,0.245122051712
522.423323329,0.0502068652319,0.109813436411
0.646477496598,3.5762942016,0.320831287551
522.423020218,0.0456937303638,0.109408664057
0.755419390747,4.17895746309,0.374896545071
522.422803762,0.042470819459,0.109119608728
0.835379944909,4.62129681423,0.414579058624
522.422644888,0.0401052827878,0.108907449268
0.90657287244,5.01513389454,0.44991041254
522.422503435,0.0379991239056,0.10871855276
0.970106409428,5.3665995652,0.481440577992
522.4223772,0.0361195568199,0.108549978878
1.02768967421,5.68514846527,0.510017772326
522.422262788,0.0344160206433,0.108397192737
1.06722119106,5.90383562491,0.529636318317
522.422184243,0.0332465244739,0.108292303371
1.10867122064,6.13313593651,0.550206976669
522.422101886,0.0320202706051,0.108182323538
1.12267981093,6.21063103147,0.557159105507
522.422074052,0.0316058416297,0.108145154371
0.0,-0.0,-0.0
522.424304699,0.0648188743829,0.111123953092
0.210381222915,1.16382268718,0.104407151882
522.423886695,0.0585950536035,0.110565753352
0.36293592629,2.00775079758,0.180116387721
522.423583585,0.0540819352012,0.110160982475
0.47187782044,2.61041405907,0.234181645241
522.42336713,0.0508590360534,0.1098719282
0.551838374601,3.05275341021,0.273864158794
522.423208256,0.0484935080132,0.109659769513
0.623031302132,3.44659049052,0.30919551271
522.423066803,0.0463873568135,0.109470873695
0.68656483912,3.79805616118,0.340725678162
522.422940569,0.0445077965855,0.109302300427
0.744148103901,4.11660506125,0.369302872496
522.422826157,0.0428042666235,0.109149514844
0.783679620751,4.33529222089,0.388921418487
522.422747612,0.0416347747207,0.109044625861
0.825129650333,4.56459253249,0.409492076839
522.422665255,0.0404085253259,0.108934646429
0.839138240625,4.64208762745,0.416444205677
522.422637421,0.039994097862,0.108897477397
0.0,-0.0,-0.0
522.424304699,0.0648188743829,0.111123953092
0.152554703376,0.843928110401,0.0757092358385
522.42400159,0.0603057681981,0.110719183309
0.261496597525,1.44659137189,0.129774493359
522.423785134,0.0570828777738,0.110430129818
0.341457151687,1.88893072303,0.169457006912
522.423626261,0.0547173561362,0.110217971706
0.412650079218,2.28276780334,0.204788360828
522.423484809,0.0526112106384,0.110029076398
0.476183616206,2.634233474,0.23631852628
522.423358574,0.0507316554981,0.109860503587
0.533766880986,2.95278237407,0.264895720614
522.423244163,0.0490281301476,0.109707718417
0.573298397836,3.17146953371,0.284514266605
522.423165618,0.0478586414107,0.109602829718
0.614748427418,3.40076984531,0.305084924957
522.423083261,0.0466323953351,0.109492850584
0.628757017711,3.47826494027,0.312037053795
522.423055427,0.0462179689931,0.109455681652
0.0,-0.0,-0.0
522.424304699,0.0648188743829,0.111123953092
0.10894189415,0.602663261493,0.0540652575207
522.424088244,0.061595990286,0.110834900167
0.188902448311,1.04500261263,0.0937477710736
522.423929371,0.0592304732918,0.110622742471
0.260095375842,1.43883969294,0.129079124989
522.423787918,0.0571243319277,0.110433847535
0.32362891283,1.7903053636,0.160609290442
522.423661684,0.0552447804767,0.110265275054
0.38121217761,2.10885426367,0.189186484776
522.423547272,0.053541258469,0.110112490185
0.42074369446,2.3275414233,0.208805030766
522.423468728,0.0523717720277,0.110007601692
0.462193724043,2.55684173491,0.229375689118
522.423386371,0.0511455283591,0.109897622773
0.476202314335,2.63433682987,0.236327817956
522.423358537,0.0507311028311,0.109860453915
0.0,-0.0,-0.0
522.424304699,0.0648188743829,0.111123953092
0.0799605541614,0.442339351134,0.0396825135529
522.424145826,0.0624533607039,0.110911795693
0.151153481693,0.836176431449,0.0750138674683
522.424004374,0.0603472222923,0.110722901021
0.214687018681,1.18764210211,0.106544032921
522.42387814,0.0584676734765,0.110554328777
0.272270283461,1.50619100218,0.135121227255
522.423763728,0.0567641538572,0.110401544122
0.311801800311,1.72487816181,0.154739773245
522.423685183,0.0555946690546,0.110296655775
0.353251829893,1.95417847342,0.175310431597
522.423602827,0.0543684271057,0.110186677011
0.367260420185,2.03167356838,0.182262560436
522.423574993,0.0539540021577,0.110149508205
0.0,-0.0,-0.0
522.424304699,0.0648188743829,0.111123953092
0.0711929275312,0.393837080316,0.0353313539154
522.424163247,0.0627127381383,0.110935058614
0.134726464519,0.745302750972,0.066861519368
522.424037013,0.0608331912561,0.110766486543
0.192309729299,1.06385165104,0.095438713702
522.423922601,0.0591296733889,0.110613702045
0.231841246149,1.28253881068,0.115057259692
522.423844056,0.0579601897889,0.110508813807
0.273291275732,1.51183912229,0.135627918045
522.4237617,0.0567339491019,0.110398835155
0.287299866024,1.58933421725,0.142580046883
522.423733866,0.0563195245802,0.110361666387
0.0,-0.0,-0.0
522.424304699,0.0648188743829,0.111123953092
0.063533536988,0.351465670657,0.0315301654527
522.424178465,0.0629393292218,0.110955381175
0.121116801768,0.670014570729,0.0601073597867
522.424064054,0.0612358129162,0.110802596816
0.160648318618,0.888701730363,0.079725905777
522.423985509,0.0600663303875,0.110697708674
0.2020983482,1.11800204197,0.100296564129
522.423903152,0.0588400908231,0.110587730123
0.216106938493,1.19549713693,0.107248692967
522.423875319,0.058425666682,0.110550561389
0.0,-0.0,-0.0
522.424304699,0.0648188743829,0.111123953092
0.0575832647802,0.318548900072,0.028577194334
522.424190288,0.0631153594691,0.110971168858
0.0971147816301,0.537236059706,0.0481957403243
522.424111743,0.0619458778969,0.110866280802
0.138564811212,0.766536371315,0.0687663986765
522.424029386,0.0607196393352,0.110756302341
0.152573401505,0.844031466275,0.0757185275147
522.424001553,0.0603052155323,0.110719133638
0.0,-0.0,-0.0
522.424304699,0.0648188743829,0.111123953092
0.03953151685,0.218687159634,0.0196185459903
522.424226154,0.0636493936783,0.111019065113
0.0809815464322,0.447987471243,0.0401892043425
522.424143798,0.0624231560236,0.110909086734
0.0949901367247,0.525482566203,0.0471413331807
522.424115964,0.0620087325271,0.110871918058
0.0,-0.0,-0.0
522.424304699,0.0648188743829,0.111123953092
0.0414500295823,0.229300311609,0.0205706583522
522.424222343,0.0635926373533,0.111013974768
0.0554586198747,0.306795406569,0.0275227871904
522.424194509,0.0631782140676,0.110976806111
0.0,-0.0,-0.0
522.424304699,0.0648188743829,0.111123953092
0.0140085902925,0.0774950949601,0.00695212883824
522.424276866,0.0644044513185,0.111086784455
0.0,-0.0,-0.0
522.424304699,0.0648188743829,0.111123953092
