0,1,2
0.0,-0.0,-0.0
0.00275187901796,0.00218294716587,-0.0161259107099
0.0119845983364,0.00946972922478,-0.0702363078321
0.0230030908178,0.0180936972082,-0.134831447952
0.0413612416526,0.0324009342911,-0.242462746527
0.0672825180848,0.0524917110141,-0.394425522283
0.105344645438,0.0818209633973,-0.617796861467
0.159681414058,0.123515355366,-0.936973834119
0.235864857271,0.181854115223,-1.3844163571
0.350557414894,0.26948920185,-2.05817877408
0.531908332995,0.407594796687,-3.123812208
0.837726695379,0.639330025419,-4.92044771833
1.37196224442,1.04279806711,-8.06043818971
2.25445868646,1.70754053233,-13.2503820798
3.50489912035,2.64526843223,-20.6057575296
5.38596656988,4.04448317474,-31.6695117246
8.34532789179,6.22674598482,-49.0740951365
12.0621629492,8.93514658278,-70.9331034245
16.2352519724,11.9263535631,-95.4629570003
21.0052070031,15.2568876423,-123.444104196
26.4013128849,18.8693160663,-154.96921727
32.2023526715,22.5516811555,-188.665267465
38.2005996442,26.108519502,-223.244688742
44.6829206574,29.6136658552,-260.258811283
51.6665019155,32.9711141246,-299.671112966
59.0187723799,36.0037430606,-340.588384397
66.5385910684,38.5114857758,-381.781897063
74.1923674146,40.3561712618,-422.94461278
82.0293428472,41.4103768223,-464.195025964
89.9151180498,41.5388649727,-504.699951623
97.8386672694,40.6450633179,-544.262118857
105.842667544,38.6348984781,-582.909343591
113.868845328,35.4665952776,-620.163824024
121.92843704,31.0903566643,-655.780015882
130.081921707,25.4041441016,-689.615703479
138.454520943,18.2427469376,-721.787151628
147.123171386,9.43663720993,-752.116111944
156.10199906,-1.16615286469,-780.100722474
165.203235901,-13.4730180893,-804.71912732
174.379135012,-27.4290222357,-825.535753839
183.716770215,-43.1168794567,-842.468254176
193.437947334,-60.9744305493,-855.476523633
203.677127829,-81.3959668279,-864.116904301
214.468466237,-104.588929115,-867.716718422
225.866512383,-130.77320171,-865.585528332
237.84287576,-159.891073322,-857.088874132
250.304802526,-191.554221835,-841.848113817
263.141519872,-225.14298345,-819.86331223
276.217372763,-259.836239766,-791.587726145
289.362327247,-294.644059966,-757.957204949
302.515486808,-328.846349138,-719.894487604
315.599626881,-361.702004608,-678.434611711
328.522235057,-392.501586185,-634.660222165
341.060994816,-420.436998652,-590.094192479
353.065587272,-445.01442209,-545.985022194
364.539213548,-466.152382412,-502.912327554
375.54227022,-483.884762234,-461.098148942
386.114569946,-498.218503104,-420.72605053
396.254088543,-509.10805061,-382.054037477
405.90795622,-516.498586351,-345.464571899
415.037381622,-520.403414892,-311.226085589
423.66302162,-520.919366922,-279.332841117
431.801750077,-518.148088562,-249.758384897
439.470103283,-512.199704008,-222.452486348
446.671700917,-503.21809919,-197.391319671
453.457795423,-491.290092906,-174.374308934
459.86966891,-476.495256322,-153.233781777
465.910175478,-458.980499497,-133.927498697
471.515722783,-439.198136315,-116.603807495
476.634237115,-417.692754169,-101.348762659
481.288069259,-394.857301215,-88.0038512198
485.569522404,-370.674697839,-76.2249770836
489.570445501,-345.059755234,-65.6879184658
493.290661037,-318.471543471,-56.3198287742
496.728089241,-291.365296067,-48.0550531934
499.881053998,-264.198949368,-40.8264407402
502.762812571,-237.390946302,-34.5218393205
505.378375425,-211.386895606,-29.0557779262
507.734845293,-186.565720036,-24.3456362977
509.848280498,-163.173314985,-20.2962770673
511.718850055,-141.57576134,-16.8508077175
513.347563247,-122.074988522,-13.9583503668
514.752788289,-104.714934785,-11.5453418396
515.968149315,-89.27664051,-9.52324829155
517.030250411,-75.4454622837,-7.80778537048
517.953247249,-63.1593576912,-6.35733917059
518.744122447,-52.4291741087,-5.14510391699
519.408148213,-43.2705540389,-4.14971619728
519.960967273,-35.5429911867,-3.33645859541
520.420424499,-29.0492489223,-2.67125846174
520.804116473,-23.5748991092,-2.12347238651
521.121775381,-19.0070035551,-1.67531071708
521.383050919,-15.2266380093,-1.31021299468
521.59686579,-12.1189423089,-1.01360296187
521.770390189,-9.58699151106,-0.774390376393
521.909836465,-7.54502243151,-0.583240236386
522.02064541,-5.91744367313,-0.432076713998
522.109466581,-4.60888065446,-0.311471411877
522.179848991,-3.56882163144,-0.216339367999
522.233460266,-2.77433635976,-0.144182997623
522.273716184,-2.17655211024,-0.0901682268444
522.304313832,-1.72166489179,-0.0491868397309
522.328599758,-1.36029224004,-0.0167044108797
522.34813254,-1.06945981405,0.0093940121129
522.363997457,-0.83319159949,0.030583272171
522.37685068,-0.641788115085,0.0477500930698
522.387276166,-0.486540729795,0.0616737873062
522.395592518,-0.36270435133,0.072780401
522.401860557,-0.269370581632,0.0811512811634
522.406526009,-0.199901085215,0.0873818383464
522.410067473,-0.147168597656,0.0921112919643
522.412994632,-0.103583513082,0.096020337358
522.415419398,-0.0674792817271,0.0992584417497
522.417407967,-0.0378701023755,0.101914020211
522.419010594,-0.0140075859632,0.104054193182
522.420297994,0.00516123791947,0.105773399871
522.421315537,0.020311951699,0.107132231838
522.422074052,0.0316058416297,0.108145154371
522.422637421,0.039994097862,0.108897477397
522.423055427,0.0462179689931,0.109455681652
522.423358537,0.0507311028311,0.109860453915
522.423574993,0.0539540021577,0.110149508205
522.423733866,0.0563195245802,0.110361666387
522.423875319,0.058425666682,0.110550561389
522.424001553,0.0603052155323,0.110719133638
522.424115964,0.0620087325271,0.110871918058
522.424194509,0.0631782140676,0.110976806111
522.424276866,0.0644044513185,0.111086784455
522.424304699,0.0648188743829,0.111123953092
0.0,-0.0,-0.0
0.00923271931849,0.00728681036292,-0.0541103917882
0.0202512117998,0.0159108858658,-0.118705507035
0.0386093626346,0.0302182569264,-0.226336778199
0.0645306390669,0.0503091364927,-0.378299547074
0.10259276642,0.0796389521198,-0.601670692654
0.15692953504,0.121334298569,-0.920847176042
0.233112978253,0.179673764177,-1.36828932979
0.347805535876,0.267309589313,-2.04205134017
0.529156453977,0.405416057669,-3.10768428821
0.834974816361,0.63715203049,-4.90431956758
1.3692103654,1.0406211943,-8.04430950481
2.25170680744,1.70536513718,-13.2342524936
3.50214724133,2.64309439528,-20.5896271857
5.38321469086,4.0423104623,-31.6533809677
8.34265323367,6.2246323565,-49.0584182358
12.0601499635,8.93353151876,-70.9213145852
16.2337264794,11.9251095937,-95.4540292209
21.0040494532,15.2559247127,-123.437332264
26.4004312226,18.8685621241,-154.964057562
32.2016704561,22.5510756271,-188.661268862
38.200060074,26.108016704,-223.241516015
44.6824902082,29.6132372334,-260.256265227
51.6661557318,32.9707379473,-299.669045146
59.0184907274,36.0034018845,-340.58667665
66.5383583992,38.5111657926,-381.780456466
74.1921725589,40.3558616829,-422.943371881
82.0291779018,41.4100688844,-464.193935933
89.9149767516,41.5385515005,-504.698973534
97.8385449564,40.6447382124,-544.261222753
105.842560773,38.6345562069,-582.908505808
113.868751346,35.4662309987,-620.163024536
121.928353721,31.0899654887,-655.7792368
130.081847429,25.4037205108,-689.61492757
138.4544545,18.2422849706,-721.786362111
147.123111817,9.4361307574,-752.115291899
156.101945544,-1.16670982948,-780.099854614
165.203187626,-13.4736302053,-804.71819579
174.379091278,-27.4296931582,-825.534744021
183.716730475,-43.117612377,-842.467151834
193.437911198,-60.9752292911,-855.475313233
203.677094983,-81.396835128,-864.115569865
214.468436395,-104.58986962,-867.715245111
225.866485287,-130.77421578,-865.583902884
237.842851161,-159.892160104,-857.087086765
250.304780175,-191.555377631,-841.84615974
263.14149953,-225.144201661,-819.861192338
276.217354201,-259.837511169,-791.585447365
289.362310248,-294.645373342,-757.954779998
302.515471184,-328.847692476,-719.891932583
315.599612466,-361.703365748,-678.431945011
328.522221703,-392.502953486,-634.657463193
341.060982383,-420.438361783,-590.091361112
353.065575635,-445.01577253,-545.982136934
364.539202602,-466.153713317,-502.909404312
375.542259881,-483.88606803,-461.095201054
386.114560143,-498.219779258,-420.723089176
396.254079217,-509.109293531,-382.051071996
405.907947315,-516.49979344,-345.461609931
415.037373091,-520.404584391,-311.223133159
423.66301342,-520.920497585,-279.32990287
431.801742173,-518.149179552,-249.755464339
439.470095643,-512.2007548,-222.44958605
446.671693512,-503.219109585,-197.388441405
453.457788231,-491.291062698,-174.37145397
459.869661911,-476.496185311,-153.230951005
465.910168652,-458.981387675,-133.924692591
471.515716114,-439.198984362,-116.601025867
476.634230583,-417.693563401,-101.346004719
481.288062849,-394.858073106,-88.0011159385
485.569516103,-370.675433403,-76.2222636188
489.5704393,-345.060455033,-65.6852262355
493.290654926,-318.472208415,-56.3171570099
496.728083212,-291.365927387,-48.0524009562
499.881048042,-264.199548589,-40.8238069399
502.762806681,-237.391515157,-34.5192227974
505.378369594,-211.38743607,-29.0531774281
507.734839514,-186.566234259,-24.3430505122
509.848274766,-163.173805159,-20.2937046918
511.718844363,-141.576229845,-16.848247374
513.34755759,-122.075437867,-13.9558006219
514.752782662,-104.715367378,-11.5428013308
515.968143713,-89.2770584338,-9.52071584268
517.030244832,-75.4458672399,-7.80526002214
517.953241689,-63.1597512616,-6.35482003696
518.744116903,-52.4295578338,-5.1425901417
519.408142683,-43.2709294313,-4.14720694518
519.960961755,-35.5433595975,-3.33395312537
520.42041899,-29.0496115,-2.66875614629
520.804110972,-23.5752567932,-2.12097271365
521.121769886,-19.0073571721,-1.67281323766
521.38304543,-15.2269882714,-1.307717323
521.596860306,-12.1192898204,-1.01110877166
521.770384708,-9.58733678636,-0.771897390001
521.909830987,-7.54536590659,-0.580748218532
522.020639934,-5.91778571536,-0.42958546657
522.109461107,-4.60922154607,-0.308980782654
522.179843518,-3.56916160942,-0.213849229188
522.233454794,-2.7746756404,-0.141693232764
522.273710713,-2.1768908665,-0.0876787429909
522.304308362,-1.72200324919,-0.0466975695526
522.328594288,-1.36063028068,-0.0142153103531
522.34812707,-1.06979759983,0.011882976161
522.363991989,-0.833529178262,0.0330721253627
522.376845212,-0.64212552618,0.0502388564548
522.387270698,-0.486878004903,0.0641624778494
522.39558705,-0.363041517975,0.0752690334394
522.401855089,-0.269707666536,0.0836398698106
522.406520541,-0.200238109281,0.0898703943991
522.410062005,-0.147505575543,0.0945998232749
522.412989164,-0.103920452803,0.0985088482179
522.41541393,-0.0678161898321,0.101746935671
522.417402499,-0.0382069845533,0.10440250024
522.419005126,-0.0143444472462,0.106542662015
522.420292527,0.00482439342124,0.10826185971
522.421310069,0.0199751204668,0.109620684568
522.422068584,0.0312690202862,0.110633601802
522.422631953,0.0396572838635,0.111385920892
522.423049959,0.0458811604442,0.111944122227
522.42335307,0.0503942982337,0.112348892371
522.423569525,0.0536172003823,0.112637945149
522.423728398,0.055982724876,0.112850102223
522.423869851,0.0580888688219,0.113038996237
522.423996085,0.0599684193178,0.113207567602
522.424110497,0.0616719378043,0.113360351224
522.424189041,0.0628414203689,0.113465238728
522.424271398,0.0640676586935,0.113575216496
522.424299231,0.0644820821203,0.113612384939
0.0,-0.0,-0.0
0.0110184924814,0.0086243214429,-0.0645950511314
0.0293766433161,0.0229319728291,-0.172226265943
0.0552979197484,0.0430230561406,-0.324189033621
0.0933600471017,0.0723544121135,-0.54755961332
0.147696815721,0.114052453119,-0.866734564279
0.223880258934,0.172393909394,-1.31417558081
0.338572816558,0.260031841604,-1.98793633601
0.519923734658,0.398140853234,-3.05356777147
0.825742097043,0.629879055026,-4.85020235693
1.35997764608,1.03335160328,-7.99019061354
2.24247408812,1.6981000298,-13.180130723
3.49291452201,2.63583347193,-20.5355029828
5.37398197154,4.0350537177,-31.5992554412
8.33367529828,6.21757038645,-49.0057902008
12.0533941647,8.92814182145,-70.8817444547
16.2286073034,11.920962236,-95.4240649113
21.0001652745,15.2527169199,-123.414604616
26.3974729249,18.8660523079,-154.946741018
32.1993814415,22.5490610757,-188.647848957
38.1982497051,26.1063447161,-223.230867531
44.6810459805,29.6118123798,-260.247719553
51.6649942389,32.9694876134,-299.662104101
59.0175457511,36.0022677957,-340.580943677
66.5375777704,38.5101018183,-381.775619723
74.1915188,40.3548317723,-422.939205005
82.0286244958,41.4090437364,-464.190275039
89.9145026851,41.53750712,-504.695687973
97.838134587,40.6436541959,-544.258211979
105.842202548,38.6334140346,-582.905690373
113.868436032,35.4650144596,-620.16033719
121.92807418,31.088658209,-655.776617455
130.081598222,25.4023039955,-689.612318305
138.454231578,18.2407392197,-721.783706502
147.122911959,9.43443525815,-752.112533045
156.101765996,-1.16857532338,-780.096934372
165.203025662,-13.4756812827,-804.71506083
174.37894455,-27.4319421073,-825.531345185
183.716597147,-43.1200699329,-842.463441238
193.437789959,-60.9779083241,-855.47123861
203.676984783,-81.3997482233,-864.111077455
214.468336273,-104.593025701,-867.710284983
225.86639438,-130.777619447,-865.578430422
237.842768629,-159.895808513,-857.081069067
250.304705186,-191.559258371,-841.839580703
263.14143128,-225.148292548,-819.854055
276.217291922,-259.841781197,-791.577775071
289.362253215,-294.649784775,-757.946615583
302.515418765,-328.852204916,-719.88333027
315.599564102,-361.707938282,-678.422966726
328.522176899,-392.507546944,-634.64817428
341.06094067,-420.442941404,-590.081828494
353.065536592,-445.020309635,-545.972422903
364.539165878,-466.158184863,-502.899562435
375.542225192,-483.890455253,-461.085276231
386.114527254,-498.224066893,-420.713119043
396.254047925,-509.113469484,-382.041087992
405.90791744,-516.503848955,-345.451637777
415.037344467,-520.408513539,-311.213193133
423.662985909,-520.924296165,-279.320010611
431.801715652,-518.152844733,-249.745631647
439.470070008,-512.20428481,-222.439821583
446.671668669,-503.222503739,-197.378751124
453.457764101,-491.294320301,-174.36184215
459.869638426,-476.499305676,-153.221420641
465.910145753,-458.984370767,-133.915245276
471.515693738,-439.20183247,-116.59166097
476.63420867,-417.696280937,-101.33671958
481.288041344,-394.860665023,-87.9919070887
485.569494964,-370.677903115,-76.213128223
489.570418494,-345.062804417,-65.6761623334
493.290634423,-318.474440535,-56.3081620139
496.728062983,-291.368046382,-48.0434717046
499.88102806,-264.201559584,-40.8149397617
502.76278692,-237.393423982,-34.5104137888
505.37835003,-211.38924937,-29.0444223722
507.734820126,-186.567959264,-24.3343449907
509.848255533,-163.17544925,-20.2850443192
511.718825267,-141.577801023,-16.8396275102
513.347538611,-122.076944577,-13.9472164412
514.752763783,-104.716817719,-11.5342482459
515.968124921,-89.2784594135,-9.51218989379
517.030226114,-75.4472245858,-7.79675797902
517.953223036,-63.1610702952,-6.34633891728
518.744098306,-52.4308437392,-5.13412706226
519.408124132,-43.272187298,-4.13875909421
519.960943241,-35.5445939717,-3.32551800766
520.420400509,-29.0508262465,-2.66033164931
520.804092517,-23.5764550729,-2.1125571136
521.121751453,-19.0085417664,-1.6644050224
521.383027015,-15.2281615769,-1.29931519394
521.596841905,-12.1204538702,-1.00271163035
521.770366319,-9.58849331148,-0.763504301624
521.909812607,-7.54651637404,-0.572358390984
522.020621562,-5.91893136139,-0.421198232852
522.109442741,-4.61036332031,-0.300595630281
522.179825157,-3.57030030935,-0.205465727907
522.233436437,-2.7758119938,-0.133310990478
522.273692359,-2.17802545539,-0.0792974467834
522.30429001,-1.72313649594,-0.038316992735
522.328575937,-1.36176246154,-0.00583530470876
522.348108721,-1.0709289231,0.0202625223164
522.36397364,-0.834659804964,0.041451298293
522.376826864,-0.64325558866,0.0586177270278
522.387252351,-0.488007609794,0.072541103182
522.395568703,-0.364170757892,0.0836474631512
522.401836743,-0.270836631397,0.0920181520862
522.406502196,-0.201366869425,0.098248566936
522.41004366,-0.148634180298,0.102977912513
522.412970819,-0.105048929127,0.106886868606
522.415395585,-0.0689445597724,0.110124899026
522.417384154,-0.0393352672494,0.112780416823
522.418986782,-0.0154726596325,0.114920540903
522.420274182,0.00369623751477,0.116639708318
522.421291725,0.0188470092,0.117998509243
522.42205024,0.0301409422956,0.119011408636
522.422613609,0.0385292305874,0.119763714477
522.423031615,0.0447531255062,0.12032190598
522.423334725,0.0492662765925,0.120726668995
522.423551181,0.0524891882366,0.121015716682
522.423710054,0.0548547197004,0.121227870019
522.423851507,0.0569608698511,0.121416760706
522.423977741,0.0588404258851,0.121585329102
522.424092152,0.0605439493906,0.121738110033
522.424170697,0.0617134354009,0.12184299569
522.424253054,0.0629396773379,0.121952971521
522.424280887,0.063354101986,0.121990139309
0.0,-0.0,-0.0
0.0183581508348,0.0143076958426,-0.107631209038
0.044279427267,0.0343987827747,-0.259593980765
0.0823415546203,0.0637312023528,-0.482964185885
0.13667832324,0.105431402419,-0.802137672037
0.212861766453,0.163774510369,-1.24957759189
0.327554324076,0.251414252555,-1.9233371162
0.508905242177,0.389525551979,-2.98896703255
0.814723604562,0.621265883419,-4.78560096202
1.3489591536,1.02474170586,-7.9255874849
2.23145559564,1.68949453366,-13.1155245307
3.48189602953,2.62723220695,-20.4708941696
5.36296347906,4.02645685712,-31.534645202
8.32295219127,6.20919892399,-48.9429161646
12.0453274124,8.921765286,-70.8344809055
16.2224958579,11.9160630798,-95.3882792382
20.9955287585,15.248932537,-123.387463109
26.3939418992,18.8630946456,-154.926061561
32.1966494059,22.5466892012,-188.631822186
38.1960890201,26.104377488,-223.218149482
44.6793223234,29.6101366144,-260.237511685
51.6636080403,32.96801721,-299.65381148
59.0164179682,36.0009336784,-340.574092758
66.5366461347,38.5088493043,-381.769838161
74.1907385801,40.3536181035,-422.934222498
82.027964043,41.4078341172,-464.185895858
89.91393692,41.5362730493,-504.691756083
97.8376448409,40.6423714169,-544.254607262
105.841775034,38.6320605028,-582.902317871
113.868059728,35.4635708738,-620.157116496
121.927740569,31.0871050586,-655.773476659
130.081300813,25.4006192106,-689.609188008
138.453965539,18.2388988904,-721.780519042
147.122673444,9.43241482927,-752.109220143
156.10155172,-1.17080011014,-780.093426242
165.202832369,-13.4781291132,-804.711293485
174.378769442,-27.4346277205,-825.527259633
183.71643803,-43.1230062177,-842.458980002
193.43764527,-60.9811107498,-855.466338918
203.676853268,-81.4032319322,-864.105674728
214.468216785,-104.59680145,-867.70431925
225.866285889,-130.781692806,-865.571848099
237.842670134,-159.900176114,-857.07383066
250.304615694,-191.563905356,-841.831666924
263.141349829,-225.15319231,-819.845469576
276.217217597,-259.84689652,-791.568546141
289.362185152,-294.655070349,-757.936794717
302.515356206,-328.85761222,-719.872982727
315.599506383,-361.713418173,-678.412167015
328.522123429,-392.513052357,-634.637001017
341.06089089,-420.448430562,-590.070362179
353.065489997,-445.02574806,-545.960738462
364.53912205,-466.163544846,-502.887724299
375.542183793,-483.895714227,-461.073338399
386.114488004,-498.229206495,-420.701126779
396.254010582,-509.118475162,-382.029079107
405.907881786,-516.508710164,-345.4396432
415.037310308,-520.413223132,-311.201237251
423.662953076,-520.928849073,-279.308112225
431.801684002,-518.157237531,-249.733804947
439.470039415,-512.208515349,-222.428076977
446.671639021,-503.226571179,-197.367095778
453.457735304,-491.298223787,-174.350281202
459.8696104,-476.503044369,-153.209957691
465.910118425,-458.98794461,-133.903882235
471.515667035,-439.205244198,-116.580397079
476.634182519,-417.699535837,-101.325551634
481.28801568,-394.863769034,-87.9808309144
485.569469736,-370.680860327,-76.2021404085
489.570393664,-345.065617079,-65.6652605194
493.290609954,-318.47711232,-56.2973430869
496.728038841,-291.370582256,-48.0327318606
499.881004212,-264.203965701,-40.8042745842
502.762763336,-237.395707341,-34.4998185814
505.378326683,-211.391417953,-29.0338920622
507.734796989,-186.570021757,-24.3238742634
509.848232581,-163.177414517,-20.2746278988
511.718802477,-141.579678679,-16.8292598157
513.347515962,-122.078744768,-13.9368916676
514.752741253,-104.718550175,-11.5239608754
515.968102494,-89.280132557,-9.50193516324
517.030203776,-75.448845297,-7.786532003
517.953200776,-63.1626449685,-6.33613810853
518.744076111,-52.4323786036,-5.12394795274
519.408101992,-43.2736884694,-4.12859830184
519.960921147,-35.5460669127,-3.31537253111
520.420378452,-29.0522756015,-2.65019894759
520.804070492,-23.5778846399,-2.10243511327
521.121729454,-19.009954888,-1.65429190462
521.383005038,-15.2295611327,-1.28920939675
521.596819945,-12.1218423036,-0.992611832516
521.770344373,-9.58987270267,-0.753409378726
521.909790673,-7.54788848579,-0.562267390263
522.020599637,-5.92029767928,-0.411110352031
522.109420823,-4.61172498549,-0.290510252933
522.179803245,-3.57165828016,-0.195382336517
522.233414529,-2.7771671448,-0.123229113429
522.273670454,-2.17937848598,-0.0692167076924
522.304268108,-1.72448791368,-0.0282371189364
522.328554037,-1.36311259842,0.00424388207431
522.348086822,-1.0722780294,0.0303411564191
522.363951743,-0.836008074199,0.0515294834744
522.376804968,-0.644603179871,0.0686955485291
522.387230455,-0.48935465112,0.0826186297052
522.395546808,-0.365517360631,0.093724754379
522.401814848,-0.272182903601,0.102095265976
522.406480302,-0.202712895621,0.10832554883
522.410021766,-0.149980019763,0.113054794213
522.412948926,-0.106394614258,0.116963667493
522.415373692,-0.0702901170623,0.120201629314
522.417362261,-0.040680719698,0.122857090852
522.418964889,-0.0168180275898,0.124997169593
522.420252289,0.00235093742861,0.126716300586
522.421269832,0.017501762758,0.128075072724
522.422028347,0.0287957358413,0.129087950659
522.422591716,0.0371840538327,0.129840240561
522.423009722,0.0434079707875,0.130398420239
522.423312833,0.0479211378532,0.130803174679
522.423529288,0.0511440609081,0.131092216242
522.423688161,0.0535096007471,0.131304365084
522.423829614,0.0556157583549,0.13149325177
522.423955848,0.0574953210433,0.131661816595
522.42407026,0.0591988505807,0.131814594289
522.424148804,0.0603683407313,0.131919477724
522.424231161,0.0615945870097,0.132029451225
522.424258995,0.0620090131257,0.132066618226
0.0,-0.0,-0.0
0.0259212764322,0.0200910083658,-0.151962764681
0.0639834037855,0.0494249229399,-0.37533231343
0.118320172405,0.0911281527304,-0.694503152477
0.194503615618,0.149473474987,-1.14194136333
0.309196173242,0.237115667433,-1.81569900234
0.490547091342,0.375230178211,-2.88132657234
0.796365453727,0.606973644127,-4.6779596075
1.33060100277,1.01045431299,-7.81794342255
2.2130974448,1.67521369508,-13.0078755587
3.4635378787,2.61295780771,-20.3632409889
5.34460532822,4.01218938648,-31.4269897503
8.30506516013,6.19529091179,-48.8380298787
12.0318769042,8.91118547967,-70.7556671265
16.2123082932,11.9079427152,-95.3286200514
20.9878011759,15.2426651552,-123.342221916
26.3880574732,18.8581999581,-154.891594936
32.1920968138,22.5427663439,-188.605111487
38.192488673,26.1011254727,-223.196953516
44.6764502831,29.6073674368,-260.220499052
51.6612983383,32.9655878919,-299.639990418
59.0145388693,35.9987295421,-340.56267397
66.5350938694,38.5067795723,-381.76020109
74.1894386088,40.3516117869,-422.925916663
82.0268636285,41.4058334235,-464.178595058
89.9129942731,41.5342306365,-504.685200272
97.8368288548,40.6402469823,-544.248596249
105.841062736,38.6298174032,-582.896693376
113.867432755,35.4611770238,-620.151744479
121.927184729,31.0845280176,-655.768237219
130.08080529,25.3978222635,-689.603965399
138.453522283,18.235842228,-721.775200383
147.122276048,9.4290575431,-752.103691515
156.101194708,-1.17449845183,-780.087571199
165.20251032,-13.4821996627,-804.705005264
174.378477689,-27.4390950589,-825.520439808
183.716172921,-43.1278918508,-842.451532664
193.4374042,-60.986440501,-855.458159309
203.676634147,-81.4090310912,-864.096655068
214.468017704,-104.603087998,-867.694359456
225.866105129,-130.78847608,-865.56085875
237.842506029,-159.907450541,-857.061745861
250.304466588,-191.571646184,-841.818454507
263.141214121,-225.161355184,-819.831135797
276.217093763,-259.855419374,-791.55313801
289.36207175,-294.663877599,-757.920398356
302.515251977,-328.86662292,-719.855707101
315.599410217,-361.722550322,-678.394136534
328.522034342,-392.522227424,-634.618346935
341.060807949,-420.457578821,-590.051218897
353.065412364,-445.034811961,-545.941231071
364.539049028,-466.172478134,-502.867960361
375.542114817,-483.904479225,-461.053408067
386.114422608,-498.237772544,-420.681105617
396.253948363,-509.126817959,-382.009030234
405.907822382,-516.516812092,-345.419618251
415.037253393,-520.421072247,-311.181276934
423.662898373,-520.936436893,-279.288247928
431.80163127,-518.164558326,-249.714060353
439.469988443,-512.215565515,-222.408469462
446.671589623,-503.233349298,-197.347637302
453.457687324,-491.304728419,-174.330980339
459.869563704,-476.5092741,-153.190820451
465.910072893,-458.993899332,-133.884911807
471.515622544,-439.210928462,-116.561592191
476.634138947,-417.704958455,-101.306906937
481.28797292,-394.868939905,-87.9623394374
485.569427703,-370.685786266,-76.1837964548
489.570352293,-345.070301832,-65.6470601493
493.290569186,-318.481562011,-56.2792811013
496.727998618,-291.374805164,-48.0148019083
499.880964479,-264.207972093,-40.7864692912
502.762724043,-237.399508892,-34.4821301065
505.378287783,-211.39502798,-29.016311936
507.734758438,-186.573454749,-24.3063936124
509.84819434,-163.180685269,-20.2572379151
511.718764507,-141.58280323,-16.8119511811
513.347478224,-122.08174005,-13.9196546907
514.752703716,-104.721432425,-11.5067863438
515.968065128,-89.282915828,-9.48481512492
517.030166559,-75.451541071,-7.76945997102
517.953163687,-63.1652639159,-6.31910809382
518.744039131,-52.4349311188,-5.10695416534
519.408065104,-43.2761847584,-4.11163509527
519.960884336,-35.5485160913,-3.2984348946
520.420341704,-29.0546854198,-2.6332826389
520.804033796,-23.5802614365,-2.08553667074
521.121692801,-19.0123042405,-1.63740829166
521.38296842,-15.2318878469,-1.27233800564
521.596783357,-12.1241504566,-0.975750457423
521.770307809,-9.59216576606,-0.736556142422
521.909754127,-7.55016940127,-0.545420702098
522.020563106,-5.92256892599,-0.39426887259
522.109384305,-4.61398846775,-0.27367295308
522.179766736,-3.57391559725,-0.178548352253
522.233378027,-2.77941975619,-0.106397657381
522.273633958,-2.18162755883,-0.0523871514805
522.304231616,-1.726734295,-0.011409007344
522.328517548,-1.36535684223,0.0210708466815
522.348050336,-1.07452055339,0.0471671983191
522.363915259,-0.838249201289,0.0683547758938
522.376768486,-0.64684317547,0.0855202337781
522.387193975,-0.491593729071,0.0994428224834
522.395510329,-0.367755706665,0.110548554328
522.40177837,-0.274420698039,0.118918769856
522.406443824,-0.20495027952,0.125148832343
522.409985288,-0.152217092045,0.129877910449
522.412912449,-0.108631428986,0.133786645472
522.415337215,-0.0725267184488,0.137024492764
522.417325784,-0.0429171461263,0.139679860379
522.418928412,-0.0190543130179,0.141819863424
522.420215813,0.000114765263829,0.143538933611
522.421233356,0.0152656801148,0.14489765769
522.421991871,0.026559719929,0.145910499798
522.42255524,0.0349480874835,0.146662763092
522.422973247,0.0411720412122,0.147220923027
522.423276357,0.045685234944,0.14762566315
522.423492813,0.0489081770418,0.14791469449
522.423651686,0.0512737308571,0.148126835828
522.423793138,0.0533799009097,0.148315715832
522.423919373,0.0552594747034,0.148484274696
522.424033784,0.0569630143057,0.148637046986
522.424112329,0.0581325113663,0.148741926712
522.424194685,0.0593587648901,0.148851896322
522.424222519,0.0597731934542,0.148889062008
0.0,-0.0,-0.0
0.0380621273533,0.0293357194107,-0.223367051085
0.0923988959728,0.0710422971325,-0.542532786531
0.168582339186,0.129389918979,-0.989968894679
0.283274896809,0.217034742751,-1.66372412744
0.46462581491,0.355152959352,-2.72934856277
0.770444177295,0.586900466027,-4.52598071789
1.30467972633,0.990387202897,-7.66596080641
2.18717616837,1.65515468945,-12.8558859425
3.43761660226,2.59290704992,-20.2112454033
5.31868405179,3.99214805066,-31.2749910018
8.27976417357,6.17572338354,-48.6896770834
12.0128630953,8.89632824529,-70.6442626698
16.1979127098,11.8965558093,-95.2443254353
20.9768845099,15.2338874404,-123.278316489
26.3797460194,18.8513524191,-154.842918181
32.1856671959,22.53728389,-188.567393136
38.1874042529,26.0965845824,-223.167025331
44.6723945668,29.6035037604,-260.196479527
51.6580368251,32.9622004813,-299.620478411
59.0118854655,35.9956572846,-340.546554611
66.5329020079,38.5038949502,-381.746597963
74.187603016,40.3488151021,-422.914193627
82.025309827,41.4030435059,-464.168291512
89.9116632492,41.5313809942,-504.675949052
97.8356766819,40.6372810092,-544.240114719
105.840056974,38.6266836264,-582.888758107
113.866547474,35.4578303761,-620.14416628
121.926399888,31.0809229387,-655.760846885
130.080105618,25.3939071787,-689.596599637
138.452896412,18.2315611728,-721.767699976
147.12171493,9.42435297006,-752.095895799
156.100690613,-1.17968344759,-780.079315961
165.202055592,-13.4879089463,-804.696139936
174.378065739,-27.4453632603,-825.510825584
183.715798592,-43.1347492856,-842.441034295
193.437063815,-60.9939235835,-855.44662909
203.676324753,-81.4171755038,-864.08394104
214.467736606,-104.611919144,-867.680320508
225.865849901,-130.798007199,-865.545368806
237.842274316,-159.917673875,-857.044712005
250.304256054,-191.582526954,-841.799831366
263.141022506,-225.172830984,-819.810932162
276.216918912,-259.867402832,-791.531420117
289.361911629,-294.67626228,-757.89728758
302.515104807,-328.879294818,-719.831357019
315.599274432,-361.735393931,-678.368722493
328.521908552,-392.535132107,-634.592053936
341.060690839,-420.470446329,-590.024236376
353.065302749,-445.047561186,-545.913735342
364.538945923,-466.185043874,-502.840103034
375.542017426,-483.916808363,-461.025316211
386.11433027,-498.249821853,-420.65288574
396.253860512,-509.138553163,-381.980771305
405.907738504,-516.528208338,-345.391393047
415.037173032,-520.432112669,-311.153142834
423.662821134,-520.947109507,-279.260249174
431.801556812,-518.174855025,-249.686230327
439.469916471,-512.225481191,-222.380832652
446.671519875,-503.242881923,-197.320210568
453.457619577,-491.313875937,-174.303775766
459.869497771,-476.518034494,-153.163846508
465.910008602,-459.002272429,-133.858172991
471.515559723,-439.218920648,-116.535086708
476.634077425,-417.712582124,-101.280627246
481.287912544,-394.876208983,-87.9362757149
485.569368353,-370.69271034,-76.15794067
489.57029388,-345.076886164,-65.6214067489
493.290511622,-318.487815216,-56.2538227573
496.727941823,-291.3807389,-47.9895296681
499.880908377,-264.213600811,-40.7613727612
502.762668563,-237.404849036,-34.4571982342
505.378232858,-211.400098305,-28.9915327838
507.734704006,-186.578275666,-24.2817546726
509.848140345,-163.185277615,-20.2327267728
511.718710893,-141.587189604,-16.7875547023
513.34742494,-122.085944302,-13.8953592149
514.752650713,-104.72547743,-11.482578886
515.968012367,-89.2868213834,-9.46068447659
517.030114008,-75.4553233533,-7.74539698866
517.953111318,-63.1689379579,-6.2951043357
518.743986917,-52.4385115647,-5.08300147038
519.40801302,-43.2796859871,-4.08772550465
519.960832358,-35.551950946,-3.27456134552
520.420289816,-29.0580648196,-2.60943915183
520.803981982,-23.5835943113,-2.06171836641
521.121641049,-19.0155984491,-1.61361088992
521.382916718,-15.2351501598,-1.24855783087
521.596731696,-12.1273866186,-0.951984400435
521.770256181,-9.59538066793,-0.712801557231
521.909702526,-7.55336718771,-0.521675346647
522.020511526,-5.92575308988,-0.370530858944
522.109332742,-4.61716169216,-0.249940830653
522.179715186,-3.57708013541,-0.154820903219
522.233326488,-2.78257766436,-0.0826737719207
522.273582426,-2.18478048146,-0.0286659438814
522.30418009,-1.72988342547,0.012310164033
522.328466027,-1.36850296111,0.0447884013608
522.347998819,-1.07766424917,0.0708834524207
522.363863745,-0.841390928942,0.092069973588
522.376716974,-0.649983308939,0.109234575655
522.387142465,-0.494732569641,0.123156470211
522.395458821,-0.37089351602,0.134261648354
522.401726863,-0.277557730235,0.142631446566
522.406392318,-0.208086733298,0.14886119844
522.409933783,-0.155353106777,0.153590040768
522.412860944,-0.111767080845,0.157498580912
522.41528571,-0.0756620697238,0.160736266776
522.41727428,-0.0460522508979,0.163391502001
522.418876909,-0.0221892191313,0.165531398353
522.42016431,-0.00301998126921,0.167250382833
522.421181853,0.0121310597093,0.168609039169
522.421940368,0.0234251935435,0.16962183078
522.422503737,0.0318136309285,0.170374056569
522.422921744,0.0380376364692,0.170932188675
522.423224854,0.0425508677717,0.17133690862
522.42344131,0.0457738366991,0.17162592555
522.423600183,0.0481394102063,0.171838056311
522.423741636,0.0502455977922,0.172026926899
522.42386787,0.0521251872323,0.172195477358
522.423982281,0.0538287410156,0.172348242031
522.424060826,0.0549982478118,0.172453116528
522.424143183,0.0562245115437,0.172563080656
522.424171016,0.0566389435579,0.172600244489
0.0,-0.0,-0.0
0.0543367686195,0.0417082942909,-0.319162838455
0.130520211833,0.100056941935,-0.766598575642
0.245212769456,0.187703301657,-1.44035268233
0.426563687557,0.325824181483,-2.50597516013
0.732382049941,0.557574572278,-4.30260706498
1.26661759898,0.961066527401,-7.44258436872
2.14911404102,1.62584202592,-12.6325034517
3.39955447491,2.56360288707,-19.9878573567
5.28062192444,3.96285353726,-31.0515999623
8.24251702538,6.14704803928,-48.4710770553
11.9848968484,8.87459299849,-70.4802164452
16.1767512527,11.8799160483,-95.1202447686
20.9608430708,15.2210689168,-123.184263162
26.3675357857,18.8413545683,-154.771275984
32.1762230016,22.5292771312,-188.511869393
38.1799366933,26.0899483763,-223.122955142
44.6664382758,29.5978504843,-260.161093037
51.653247134,32.957235546,-299.591713461
59.0079889363,35.9911445766,-340.522770741
66.5296833246,38.4996475697,-381.726505963
74.1849075439,40.3446866141,-422.896857486
82.023028176,41.3989143013,-464.15303309
89.9097087479,41.527153035,-504.66222772
97.8339848188,40.6328706305,-544.227513929
105.83858011,38.6220145074,-582.87694798
113.865247528,35.452835633,-620.132867103
121.925247432,31.0755347698,-655.749807678
130.079078225,25.3880485681,-689.585577162
138.45197739,18.2251483184,-721.756456298
147.120890993,9.41729956268,-752.084190349
156.099950408,-1.18746283481,-780.066902585
165.201387878,-13.4964801416,-804.682793175
174.37746084,-27.4547782371,-825.496337549
183.715248935,-43.14505358,-842.425202186
193.436564,-61.0051719967,-855.429230993
203.675870446,-81.4294217849,-864.06474852
214.467323848,-104.625201578,-867.659121503
225.865475129,-130.812345758,-865.521973934
237.841934073,-159.933056887,-857.018981959
250.303946911,-191.598902002,-841.771698602
263.140741142,-225.19010399,-819.780410849
276.216662165,-259.885442063,-791.498611063
289.36167651,-294.694907245,-757.862374717
302.514888707,-328.898373601,-719.794572758
315.599075048,-361.754732346,-678.33033199
328.521723845,-392.554563296,-634.552336806
341.060518877,-420.489822104,-589.983478822
353.065141792,-445.066759192,-545.872203671
364.538794526,-466.203965742,-502.798026195
375.541874418,-483.935373953,-460.982886066
386.114194683,-498.267965935,-420.610263086
396.253731513,-509.156224011,-381.938090439
405.907615341,-516.545368428,-345.348763809
415.03705503,-520.448736519,-311.110651804
423.662707717,-520.963179006,-279.217963097
431.801447481,-518.190357905,-249.644199553
439.46981079,-512.24040971,-222.339094107
446.671417459,-503.257232986,-197.278789658
453.4575201,-491.327646408,-174.262690698
459.869400957,-476.531221302,-153.12311003
465.9099142,-459.014875279,-133.817791858
471.515467479,-439.230949147,-116.495058175
476.633987088,-417.724054932,-101.240939892
481.28782389,-394.887147078,-87.8969146751
485.569281206,-370.703128156,-76.1188937925
489.570208106,-345.086791621,-65.5826656296
493.290427097,-318.497221293,-56.2153763129
496.727858428,-291.389663162,-47.9513643643
499.880825998,-264.222065048,-40.7234728885
502.762587096,-237.412878036,-34.41954709
505.378152207,-211.40772035,-28.9541123303
507.734624079,-186.585521535,-24.2445460126
509.848061059,-163.192178734,-20.1957111499
511.718632168,-141.593780053,-16.7507122753
513.347346699,-122.092260054,-13.8586693483
514.752572886,-104.731552986,-11.4460219654
515.967934895,-89.2926866038,-9.42424357097
517.030036845,-75.4610026356,-7.70905828672
517.953034421,-63.1744539761,-6.25885508638
518.743910248,-52.4438864069,-5.04682934669
519.40793654,-43.2849413411,-4.05161848531
519.960756036,-35.5571061837,-3.23850876273
520.420213624,-29.0631364108,-2.57343197406
520.8039059,-23.5885957257,-2.02574922401
521.121565056,-19.0205415402,-1.5776733182
521.382840799,-15.2400451405,-1.21264627821
521.596655837,-12.1322421536,-0.916094170812
521.770180371,-9.60020413465,-0.676928654204
521.909626756,-7.55816483787,-0.485816383885
522.020435788,-5.93053019206,-0.334682984967
522.109257028,-4.62192229341,-0.214101854543
522.179639493,-3.58182763446,-0.118988985614
522.233250809,-2.78731516284,-0.0468472365896
522.273506759,-2.18951045983,0.00715654692042
522.304104431,-1.7346076838,0.0481295794108
522.328390375,-1.3732226768,0.080605374947
522.347923172,-1.08238030988,0.106698461673
522.363788103,-0.846104020957,0.127883387286
522.376641335,-0.654693996307,0.14504669676
522.387066829,-0.499441306818,0.158967542906
522.395383187,-0.375600697725,0.170071884762
522.401651231,-0.282263739685,0.178441052677
522.406316687,-0.212791870269,0.184670335414
522.409858154,-0.160057581498,0.189398821635
522.412785315,-0.116471008212,0.193307067444
522.415210083,-0.0803655436958,0.196544509491
522.417198653,-0.0507553530469,0.199199544762
522.418801282,-0.026892021628,0.201339279968
522.420088683,-0.00772254305642,0.203058134999
522.421106227,0.00742868817157,0.20441668902
522.421864742,0.0187229638243,0.205429404364
522.422428112,0.0271115065402,0.206181573505
522.422846118,0.0333355902339,0.206739663582
522.423149228,0.037848878207,0.207144353049
522.423365685,0.0410718876034,0.207433348214
522.423524558,0.0434374908147,0.207645463001
522.42366601,0.0455437048466,0.207834319365
522.423792245,0.0474233178875,0.208002857132
522.423906656,0.0491268930617,0.208155610301
522.423985201,0.0502964145433,0.2082604769
522.424067558,0.0515226936725,0.208370432748
522.424095391,0.0519371308901,0.208407593782
0.0,-0.0,-0.0
0.0761834432131,0.058348483433,-0.447435673611
0.190876000837,0.145995074994,-1.12118984075
0.372226918937,0.284116983333,-2.18681202795
0.678045281322,0.51586803062,-3.98344394124
1.21228083036,0.919363279706,-7.12342029426
2.0947772724,1.58414585768,-12.313335998
3.34521770629,2.52191460066,-19.6686859736
5.22628515582,3.92117376565,-30.7324263036
8.18914454715,6.10609707674,-48.1575728912
11.9448756488,8.84361031743,-70.2452077765
16.1464932425,11.8562240877,-94.9426035293
20.9379184612,15.2028293266,-123.049656659
26.3500924838,18.827130609,-154.66875431
32.1627342302,22.5178824026,-188.432406613
38.1692725791,26.080497311,-223.059868654
44.657933161,29.5897896181,-260.110416481
51.6464082868,32.9501444108,-299.550495186
59.0024256237,35.9846863072,-340.488663541
66.5250879585,38.4935555124,-381.697665897
74.1810592601,40.3387514476,-422.871945552
82.0197707505,41.3929645521,-464.131078666
89.9069184139,41.5210480832,-504.642456958
97.8315694601,40.6264902115,-544.209330091
105.836471704,38.6152485996,-582.859877718
113.863391705,35.4455877399,-620.116508556
121.923602174,31.067706826,-655.733799179
130.077611514,25.3795288454,-689.569566865
138.450665392,18.215814961,-721.740099021
147.119714741,9.40702690692,-752.067136469
156.098893694,-1.19879926209,-780.048794022
165.200434652,-13.5089762193,-804.66330226
174.37659729,-27.4685096631,-825.475162101
183.714464249,-43.1600867173,-842.402047103
193.435850469,-61.0215868401,-855.403772813
203.675221882,-81.4472968486,-864.036654088
214.466734599,-104.644592797,-867.62808164
225.864940109,-130.833282315,-865.487712652
237.841448348,-159.955521704,-856.981296583
250.303505582,-191.622818414,-841.730491501
263.140339471,-225.215334397,-819.735703943
276.216295638,-259.911793789,-791.450552988
289.36134086,-294.722145552,-757.811235644
302.514580205,-328.926247036,-719.740693654
315.598790412,-361.782986134,-678.274101588
328.521460162,-392.58295337,-634.494164854
341.060273388,-420.518131695,-589.923784577
353.064912013,-445.094809308,-545.81137714
364.538578394,-466.231612474,-502.736402619
375.541670263,-483.962500049,-460.920746343
386.114001122,-498.294475955,-420.547842605
396.253547356,-509.182042265,-381.875585772
405.907439516,-516.570439992,-345.2863357
415.036886574,-520.473024089,-311.048426937
423.662545806,-520.986656051,-279.156039114
431.801291402,-518.213006446,-249.582650098
439.469659922,-512.262218386,-222.27797317
446.671271251,-503.278197235,-197.21813437
453.457378089,-491.347761612,-174.202527656
459.869262746,-476.550482938,-153.063457847
465.909779432,-459.03328289,-133.758660375
471.515335793,-439.248516752,-116.436443325
476.633858124,-417.740809801,-101.182824902
481.287697329,-394.903119869,-87.8392777387
485.569156796,-370.718339963,-76.0617170839
489.570085658,-345.101254009,-65.5259368172
493.290306431,-318.510953232,-56.1590791451
496.727739374,-291.402690333,-47.8954790022
499.880708395,-264.234419311,-40.6679763103
502.762470796,-237.424595646,-34.3644148222
505.378037071,-211.418842668,-28.8993179459
507.734509977,-186.59609358,-24.1900618279
509.847947872,-163.202246472,-20.1415096897
511.718519783,-141.603393335,-16.6967644767
513.347235004,-122.101471499,-13.804944986
514.752461782,-104.740413063,-11.392492311
515.967824298,-89.3012389915,-9.37088382641
517.029926688,-75.4692830235,-7.65584822366
517.952924644,-63.182495532,-6.20577602954
518.743800795,-52.4517214418,-4.99386324222
519.407827359,-43.292601581,-3.99874772731
519.960647081,-35.5646199666,-3.18571772774
520.420104855,-29.0705278297,-2.5207074351
520.803797286,-23.595884485,-1.97308038802
521.121456571,-19.0277449799,-1.52505071751
521.38273242,-15.2471782004,-1.16006178241
521.596547544,-12.1393175095,-0.863540902533
521.770072147,-9.60723257861,-0.62440076065
521.909518589,-7.56515551534,-0.433308905762
522.020327664,-5.93749081033,-0.282191746293
522.109148941,-4.62885877282,-0.161623646722
522.179531433,-3.58874494693,-0.0665211149093
522.233142772,-2.79421784566,0.00561275182696
522.273398737,-2.19640214162,0.0596106121686
522.303996422,-1.74149099784,0.100579140735
522.328282376,-1.38009934549,0.133051360294
522.347815181,-1.08925163178,0.159141570275
522.363680117,-0.852971,0.180324159218
522.376533355,-0.661557457634,0.197485575708
522.386958853,-0.506301915246,0.211404886466
522.395275215,-0.382459030682,0.22250800359
522.401543261,-0.28912035777,0.230876248445
522.406208719,-0.219647212021,0.237104844137
522.409750187,-0.166911954457,0.241832808839
522.41267735,-0.123324580457,0.245740623599
522.415102118,-0.0872184526763,0.248977708581
522.417090689,-0.0576077180945,0.251632451021
522.418693319,-0.033743948318,0.253771950231
522.419980721,-0.0145741176185,0.255490615685
522.420998264,0.000577391922747,0.25684901987
522.42175678,0.0118718750386,0.257861623518
522.42232015,0.0202605718413,0.258613709701
522.422738156,0.0264847698629,0.259171738224
522.423041267,0.0309981407389,0.259576383057
522.423257723,0.0342212093381,0.259865346348
522.423416596,0.0365868560011,0.260077437741
522.423558049,0.0386931087214,0.260266273276
522.423684283,0.0405727562882,0.260434792454
522.423798695,0.042276362754,0.260587528775
522.42387724,0.0434459057177,0.260692383809
522.423959596,0.0446722073719,0.260802327529
522.42398743,0.0450866522023,0.260839484465
0.0,-0.0,-0.0
0.114692557623,0.0876470634058,-0.673753807484
0.296043475724,0.225770593236,-1.73937490144
0.601861838109,0.45752310746,-3.53600703484
1.13609738715,0.861023068983,-6.67598141638
2.01859382919,1.5258150329,-11.8658912251
3.26903426308,2.46359442906,-19.2212349566
5.15010171261,3.86286581084,-30.2849718846
8.11391413238,6.04851380666,-47.7157213756
11.8885697275,8.80014728255,-69.914616921
16.1039735187,11.823042977,-94.6930146023
20.9057287732,15.1773154744,-122.860683189
26.3256116939,18.8072531133,-154.524901279
32.1438094226,22.5019711569,-188.320948089
38.1543137703,26.0673087747,-222.97140206
44.6460044567,29.5785475974,-260.039366295
51.6368174794,32.9402597592,-299.49271568
58.9946241323,35.9756873254,-340.440859975
66.5186441148,38.4850689628,-381.657250984
74.1756631798,40.3304844833,-422.837041039
82.0152032779,41.3846773657,-464.100323363
89.9030059489,41.5125440447,-504.614765798
97.8281828083,40.6176011949,-544.183866503
105.833515469,38.6058208349,-582.835978293
113.860789639,35.4354863775,-620.09361019
121.921295357,31.0567948621,-655.711395291
130.075555046,25.3676502113,-689.547164865
138.448825855,18.2027994181,-721.717215833
147.118065536,9.39269886809,-752.043282914
156.097412095,-1.21461374517,-780.023469156
165.199098156,-13.5264111645,-804.636047643
174.375386528,-27.4876709005,-825.445554968
183.713364063,-43.1810670414,-842.369674657
193.434850047,-61.0444981063,-855.368182682
203.674312549,-81.4722488577,-863.997380394
214.465908431,-104.671663807,-867.584692032
225.864189976,-130.862513205,-865.439821192
237.84076733,-159.986888698,-856.92861983
250.302886811,-191.656214459,-841.672892863
263.139776302,-225.250567262,-819.673213955
276.215781742,-259.948594258,-791.383379328
289.360870256,-294.7601856,-757.73975589
302.514147666,-328.965175269,-719.665384358
315.598391334,-361.822446496,-678.195506077
328.52109046,-392.622604766,-634.412855838
341.059929196,-420.55767116,-589.840348052
353.064589848,-445.133986665,-545.726358217
364.538275364,-466.270226571,-502.65026986
375.541384025,-484.000386994,-460.833892356
386.113729738,-498.331502339,-420.460596385
396.253289157,-509.218102276,-381.788222059
405.907192998,-516.605456846,-345.199079157
415.036650388,-520.506945616,-310.96145462
423.662318796,-521.019445142,-279.069487483
431.801072569,-518.244637946,-249.496622073
439.469448396,-512.292676391,-222.192544204
446.671066258,-503.307475342,-197.13335635
453.45717898,-491.375853344,-174.118437748
459.869068967,-476.577381949,-152.980082059
465.90959048,-459.05898852,-133.676012453
471.515151161,-439.273048573,-116.354517576
476.633677309,-417.7642059,-101.101597877
481.287519882,-394.925423073,-87.7587189482
485.568982366,-370.739579736,-75.981801608
489.569913977,-345.121446501,-65.4466474158
493.29013725,-318.530124941,-56.080393099
496.727572454,-291.42087714,-47.8173685785
499.880543509,-264.251665733,-40.5904093273
502.762307737,-237.440952341,-34.2873570697
505.377875643,-211.434367437,-28.8227324833
507.734349999,-186.610849333,-24.1139099586
509.847789177,-163.216297445,-20.0657530083
511.718362211,-141.616809194,-16.6213623588
513.3470784,-122.11432578,-13.7298551833
514.752306006,-104.752776295,-11.3176746668
515.967669233,-89.3131722177,-9.29630367855
517.029772241,-75.4808361199,-7.58147729715
517.95277073,-63.1937148512,-6.1315882204
518.743647337,-52.4626521396,-4.91983331511
519.407674281,-43.3032879952,-3.92485107309
519.960494318,-35.575101701,-3.11193250828
520.419952354,-29.0808385548,-2.44701516204
520.803645002,-23.6060517386,-1.89946597508
521.121304468,-19.0377929954,-1.45150093103
521.382580464,-15.2571278571,-1.0865652579
521.596395709,-12.149186522,-0.790088027003
521.769920411,-9.6170360294,-0.550983353209
521.909366931,-7.57490618567,-0.359920034446
522.020176069,-5.94719947148,-0.208825574026
522.108997395,-4.63853369873,-0.0882756886186
522.179379928,-3.59839308611,0.00681239426274
522.232991296,-2.80384553919,0.0789352433589
522.273247285,-2.20601446066,0.132924824461
522.303844986,-1.75109162254,0.173887057571
522.328130954,-1.38969068298,0.20635427873
522.34766377,-1.09883549685,0.232440467677
522.363528715,-0.862548795719,0.25361979049
522.37638196,-0.671130337171,0.270778561018
522.386807464,-0.515870807715,0.284695725658
522.395123831,-0.392024743066,0.295797130885
522.401391881,-0.298683673536,0.304164085511
522.406057341,-0.229208744047,0.31039172087
522.409598811,-0.176472132545,0.315118956612
522.412525975,-0.132883639508,0.31902616886
522.414950745,-0.0967765847838,0.322262754746
522.416939317,-0.0671650900277,0.324917087878
522.418541948,-0.0433007076262,0.327056257218
522.41982935,-0.0241303848093,0.328774657688
522.420846895,-0.00897848631185,0.330132852432
522.421605411,0.00231628674381,0.331145299957
522.422168781,0.010705198891,0.331897270183
522.422586788,0.016929556692,0.332455212669
522.422889898,0.0214430434285,0.332859795114
522.423106355,0.0246661947648,0.333148713853
522.423265228,0.0270319021559,0.333360772545
522.423406681,0.0291382089442,0.333549578965
522.423532915,0.0310179047622,0.333718072162
522.423647327,0.0327215549605,0.333870784934
522.423725872,0.0338911279468,0.333975623801
522.423808228,0.0351174610801,0.334085550569
522.423836062,0.0355319165498,0.334122701777
0.0,-0.0,-0.0
0.181350918101,0.138124855848,-1.06562027198
0.487169280485,0.369877853039,-2.86225292043
1.02140482952,0.773382808385,-6.00222566196
1.90390127156,1.43818621233,-11.1921289406
3.15434170545,2.37597884254,-18.5474652069
5.03540915498,3.77526547883,-29.6111981503
7.99976311476,5.96133462001,-47.0451306609
11.8033710865,8.73455119946,-69.4142533134
16.039747757,11.7730661279,-94.3158938356
20.8571617153,15.1389387258,-122.57546042
26.2887028873,18.7773802009,-154.307926248
32.1152904348,22.4780707686,-188.152898584
38.1317780032,26.0475024193,-222.838043851
44.6280371903,29.5616641657,-259.932269476
51.6223735905,32.9254113797,-299.40561932
58.9828760903,35.9621637381,-340.36879263
66.5089411462,38.4723084279,-381.596311091
74.1675382773,40.3180461694,-422.784397001
82.0083262418,41.3722000668,-464.053923243
89.8971152707,41.4997315884,-504.572974153
97.8230838957,40.6042002165,-544.145422308
105.829064649,38.5915994339,-582.799881206
113.856872087,35.4202411533,-620.059010901
121.917822347,31.040319032,-655.677529189
130.072458968,25.3497080156,-689.513287759
138.446056387,18.1831334998,-721.682597384
147.115582631,9.37104366816,-752.007183254
156.095181531,-1.2385213793,-779.985130453
165.197086052,-13.5527739679,-804.594776547
174.373563723,-27.5166489744,-825.400712075
183.711707732,-43.212800796,-842.320635487
193.433343915,-61.0791568729,-855.314262607
203.672943554,-81.5099988948,-863.93787427
214.464664642,-104.712623624,-867.51894555
225.863060657,-130.906744718,-865.36725038
237.839742063,-160.034355909,-856.848796052
250.301955258,-191.706755234,-841.585609984
263.138928458,-225.30389046,-819.578519024
276.215008079,-260.004292132,-791.281587717
289.360161768,-294.817761334,-757.631440283
302.513496486,-329.024096654,-719.551267269
315.597790529,-361.882174266,-678.076411071
328.520533881,-392.682622311,-634.289650875
341.059411021,-420.617519619,-589.713921103
353.064104835,-445.193287124,-545.597535211
364.537819157,-466.328674365,-502.519760691
375.540953099,-484.05773389,-460.702291806
386.113321174,-498.387546272,-420.328402842
396.252900443,-509.272682978,-381.655851694
405.906821869,-516.658458004,-345.066872257
415.036294814,-520.558288198,-310.829679333
423.661977038,-521.069072922,-278.938350463
431.80074312,-518.292512802,-249.366279162
439.469129947,-512.338774209,-222.063109634
446.670757646,-503.351786402,-197.004908654
453.456879225,-491.418367809,-173.991033166
459.868777236,-476.61809019,-152.853759936
465.909306017,-459.097889511,-133.550793561
471.514873201,-439.310171933,-116.230393234
476.633405096,-417.799609289,-100.978532503
481.28725274,-394.959171332,-87.6366663029
485.568719765,-370.771717467,-75.8607238978
489.569655516,-345.151998149,-65.3265184917
493.289882551,-318.559130625,-55.9611785133
496.727321159,-291.448391192,-47.6990262892
499.880295276,-264.277755563,-40.4728905544
502.762062254,-237.465694666,-34.1706099622
505.377632617,-211.457849791,-28.7067010552
507.734109155,-186.633166991,-23.9985355652
509.847550265,-163.237547692,-19.9509774483
511.71812499,-141.637097538,-16.5071240701
513.346842637,-122.133763594,-13.6160901438
514.752071489,-104.771470395,-11.2043220254
515.967435787,-89.3312150554,-9.18331091072
517.029539723,-75.4983032342,-7.46880155715
517.952539017,-63.2106764446,-6.01918995263
518.743416308,-52.4791766019,-4.80767428057
519.407443824,-43.3194424782,-3.81289398192
519.960264337,-35.5909461858,-3.00014426968
520.419722766,-29.0964240375,-2.33536776113
520.803415743,-23.6214199261,-1.7879365521
521.12107548,-19.0529805905,-1.34006943351
521.382351699,-15.2721664823,-0.975214465711
521.596167126,-12.1641030074,-0.67880337396
521.769691975,-9.63185321811,-0.439752443195
521.909138613,-7.58964343551,-0.248732363784
522.019947845,-5.96187309612,-0.0976722980695
522.108769247,-4.65315622951,0.0228499883582
522.179151839,-3.6129750469,0.117916177528
522.232763253,-2.81839653391,0.190022332174
522.273019275,-2.22054216986,0.243999368183
522.303617003,-1.76560161999,0.28495206212
522.327902991,-1.40418661443,0.317411709471
522.347435824,-1.11332011091,0.34349180556
522.363300782,-0.877024217399,0.364666179381
522.376154039,-0.685598313016,0.381820940626
522.386579551,-0.53033274492,0.395734853365
522.394895925,-0.406481863854,0.406833664647
522.40116398,-0.313137164511,0.415198664258
522.405829444,-0.243659533448,0.421424844478
522.409370917,-0.190920871333,0.426150975662
522.412298084,-0.147330683451,0.43005727496
522.414722856,-0.111222224817,0.433293104592
522.41671143,-0.0816095787361,0.435946817519
522.418314062,-0.0577442684783,0.438085487026
522.419601465,-0.0385732003232,0.439803485979
522.42061901,-0.0234207127283,0.441161363371
522.421377527,-0.0121255005431,0.44217357433
522.421940898,-0.00373626224482,0.442925368853
522.422358905,0.00248833755047,0.443483180972
522.422662016,0.00700199976465,0.443887668883
522.422878472,0.0102252764125,0.444176520114
522.423037346,0.0125910757783,0.444388529258
522.423178799,0.014697464456,0.444577291562
522.423305033,0.0165772333532,0.444745745388
522.423419445,0.0182809497863,0.444898422479
522.42349799,0.0194505682429,0.445003236848
522.423580347,0.0206769490542,0.445113137932
522.42360818,0.0210914206368,0.445150280458
0.0,-0.0,-0.0
0.305818362384,0.231750572586,-1.79663190377
0.840053911424,0.635259943572,-4.93660519889
1.72255035346,1.30007617933,-10.1265027176
2.97299078735,2.23788418833,-17.481830677
4.85405823688,3.63718893502,-28.5455592783
7.81841219665,5.82327885498,-45.9794902228
11.6675803525,8.63041670516,-68.6165051465
15.9376659131,11.6939826793,-93.716258472
20.7801056645,15.0783420046,-122.122725391
26.2302111734,18.7302776198,-153.963890325
32.0701273362,22.440417581,-187.886605147
38.0961062972,26.0163125838,-222.626792442
44.5996057473,29.5350797889,-259.762642999
51.5995224339,32.9020264608,-299.267670707
58.9642926682,35.9408550502,-340.254634143
66.4935942345,38.4521882781,-381.49975835
74.15468826,40.2984178411,-422.700963626
81.9974503597,41.3524922835,-463.980358688
89.8877996416,41.4794759464,-504.506688308
97.8150206051,40.5829957689,-544.084417866
105.822026386,38.5690788632,-582.742573145
113.850677204,35.3960822209,-620.004053115
121.912330496,31.0141938791,-655.623708746
130.067563209,25.3212424247,-689.45942276
138.441677125,18.1519185631,-721.627526935
147.111656527,9.33665718895,-751.949730717
156.091654464,-1.27649793049,-779.92409031
165.193904438,-13.5946630204,-804.529046222
174.370681447,-27.5627051752,-825.329274764
183.709088699,-43.263247539,-842.242497835
193.430962388,-61.1342637299,-855.228335041
203.670778876,-81.5700306288,-863.843034447
214.462697946,-104.777768995,-867.414152212
225.861274966,-130.977102379,-865.251574433
237.838120903,-160.109868565,-856.721556043
250.300482281,-191.787164667,-841.446479091
263.137587845,-225.388732944,-819.427573865
276.213784762,-260.092918195,-791.119332385
289.359041508,-294.909379616,-757.458788721
302.51246684,-329.117859424,-719.369371944
315.596840537,-361.977222554,-677.886585225
328.51965382,-392.778133235,-634.093278247
341.058591685,-420.712762274,-589.512417055
353.063337933,-445.287657939,-545.392216024
364.537097805,-466.421688036,-502.311757604
375.54027172,-484.148994999,-460.49255255
386.112675153,-498.47673294,-420.117721492
396.252285811,-509.359539895,-381.444891268
405.906235043,-516.742799864,-344.856174817
415.035732583,-520.639989065,-310.619671968
423.66143665,-521.148043188,-278.729362275
431.800222198,-518.368691687,-249.15855829
439.468626418,-512.412123249,-221.856837924
446.670269669,-503.422290052,-196.800211081
453.456405255,-491.486010347,-173.787999196
459.868315952,-476.682856221,-152.652452133
465.908856224,-459.15977735,-133.351244899
471.514433693,-439.369228701,-116.032589758
476.632974673,-417.855926768,-100.782417384
481.286830336,-395.012852748,-87.4421657487
485.568304542,-370.822833816,-75.6677775957
489.569246839,-345.200588329,-65.1350847054
493.289479822,-318.605258504,-55.7712022869
496.726923812,-291.492143282,-47.5104405697
499.879902771,-264.319239212,-40.285617555
502.761674098,-237.505032051,-33.9845670079
505.377248346,-211.495180319,-28.5217988862
507.733728334,-186.668642406,-23.8146806886
509.847172499,-163.27132294,-19.7680770821
511.717749897,-141.669340669,-16.3250800789
513.346469849,-122.164651996,-13.4348004748
514.751700673,-104.801174205,-11.0236896821
515.967066663,-89.3598815277,-9.00325216997
517.029172069,-75.5260526863,-7.28924812465
517.952172632,-63.2376206946,-5.840078779
518.743051006,-52.5054245812,-4.62894441579
519.407079428,-43.3451011463,-3.63448598938
519.959900692,-35.6161110818,-2.82200540612
520.419359744,-29.1211763886,-2.15745337395
520.80305324,-23.6458261638,-1.6102102056
521.120713405,-19.0770991758,-1.16249916654
521.381989976,-15.2960477844,-0.797772831618
521.595805691,-12.1877897617,-0.501467156222
521.769330773,-9.65538180978,-0.262501884098
521.908777599,-7.61304469822,-0.0715507219267
522.01958698,-5.98517301476,0.0794545236516
522.1084085,-4.67637476431,0.199932821362
522.178791187,-3.63612896058,0.29496411519
522.232402672,-2.84150112386,0.36704366136
522.272658749,-2.2436096699,0.421000702359
522.303256517,-1.7886409082,0.46193819228
522.327542538,-1.42720349788,0.494385768112
522.347075397,-1.13631896764,0.520456153098
522.362940377,-0.900008432215,0.541622638964
522.37579365,-0.708570667867,0.558771010011
522.386219177,-0.553295481233,0.572679739708
522.394535561,-0.429436928424,0.583774416632
522.400803625,-0.336086447399,0.592136300243
522.405469096,-0.266604513184,0.598360161188
522.409010573,-0.213862584786,0.603084531872
522.411937744,-0.170269697301,0.606989376063
522.414362519,-0.134159002476,0.610224000341
522.416351096,-0.104544522527,0.612876724753
522.41795373,-0.0806777343509,0.615014597602
522.419241135,-0.0615054789965,0.616731956596
522.420258681,-0.0463520530699,0.618089328178
522.421017199,-0.0350561414239,0.619101162087
522.421580571,-0.026666383622,0.619852676564
522.421998578,-0.02044139837,0.620410280898
522.42230169,-0.0159274566497,0.620814618137
522.422518146,-0.0127039804025,0.621103361771
522.42267702,-0.0103380345367,0.62131529194
522.422818473,-0.00823151542269,0.62150398393
522.422944708,-0.00635163012249,0.621672375007
522.42305912,-0.00464780818835,0.621824995225
522.423137665,-0.0034781173042,0.621929770551
522.423220022,-0.0022516605504,0.622039630697
522.423247855,-0.00183716330254,0.622076759387
0.0,-0.0,-0.0
0.53423554904,0.403515443205,-3.13996680642
1.41673199108,1.06834663594,-8.32984370718
2.66717242497,2.00617707349,-15.6851525937
4.5482398745,3.40551527555,-26.748873705
7.51259383427,5.5916461764,-44.1828030329
11.4355251471,8.45362282874,-67.2535376141
15.7640286279,11.5604813091,-92.6965939939
20.6494271936,14.9764541589,-121.35519524
26.1312059517,18.6513103732,-153.381790036
31.9937744432,22.3774306374,-187.436613222
38.0358450789,25.9642261521,-222.270109187
44.5516002993,29.490746922,-259.476415681
51.5609527036,32.8630732695,-299.035008645
58.9329339118,35.9053894194,-340.062173955
66.4677012618,38.4187169851,-381.337038195
74.1330105282,40.2657704568,-422.560401607
81.9791045116,41.3197099879,-463.856465566
89.8720866585,41.4457729357,-504.395092432
97.8014206092,40.5476997668,-543.981749883
105.810155675,38.5315742529,-582.646160789
113.840229219,35.3558290907,-619.911627954
121.903068406,30.9706431584,-655.533228316
130.059306575,25.2737675052,-689.368898595
138.434291661,18.0998344897,-721.535007285
147.105035373,9.27925647833,-751.853238252
156.08570632,-1.33991683516,-779.821599715
165.188538919,-13.664640807,-804.418704908
174.365820768,-27.6396690193,-825.209374445
183.704671978,-43.3475722972,-842.111370113
193.426946214,-61.226401765,-855.084150695
203.667128407,-81.6704263453,-863.683909633
214.459381362,-104.886739439,-867.238339349
225.858263633,-131.094813555,-865.057514364
237.835387039,-160.236224991,-856.508105255
250.297998312,-191.921733895,-841.213089147
263.135327093,-225.530737849,-819.174373249
276.211721817,-260.241270098,-790.847166752
289.357152355,-295.062751836,-757.169191227
302.510730497,-329.274830702,-719.064275841
315.595238519,-362.136352738,-677.568193367
328.518169731,-392.938042641,-633.763911605
341.057210001,-420.872225372,-589.174449439
353.062044674,-445.445662644,-545.047854892
364.535881357,-466.577420551,-501.962899981
375.539122682,-484.301792243,-460.140787657
386.111585743,-498.62605513,-419.764380815
396.251249331,-509.504958856,-381.091086472
405.905245453,-516.884004763,-344.502814674
415.034784469,-520.77676859,-310.267472417
423.660525374,-521.280246933,-278.378874934
431.799343745,-518.496217581,-248.810199015
439.467777296,-512.534906634,-221.510911416
446.669446776,-503.540304694,-196.456926679
453.45560598,-491.59922973,-173.447506725
459.867538071,-476.791254386,-152.314856323
465.908097722,-459.263351328,-133.016600876
471.513692534,-439.468057338,-115.700873934
476.632248835,-417.950163783,-100.453534282
481.28611802,-395.102671056,-87.1159914554
485.567604335,-370.908352324,-75.3442108403
489.56855767,-345.281872151,-64.8140553997
493.288800686,-318.682414633,-55.4526181786
496.726253751,-291.565316679,-47.1941891241
499.879240876,-264.388609783,-39.9715682419
502.761019536,-237.57080457,-33.6725811066
505.376600335,-211.557588464,-28.211726638
507.733086141,-186.727940544,-23.5063652405
509.846535458,-163.327770813,-19.4613627805
511.717117364,-141.723219994,-16.0198022946
513.345841202,-122.21626015,-13.1307880112
514.751075351,-104.850796413,-10.7207798283
515.966444195,-89.4077646515,-8.70130448275
517.028552079,-75.5723984329,-6.98814804261
517.951554784,-63.2826165229,-5.53972054022
518.742434984,-52.5492531114,-4.32922578087
519.406464933,-43.3879416943,-3.33530725848
519.959287464,-35.6581238177,-2.5232781074
520.418747566,-29.1624974893,-1.85910260729
520.802441937,-23.686567002,-1.31217485398
521.120102825,-19.1173577614,-0.86472561877
521.381379989,-15.3359085616,-0.500215049137
521.595196189,-12.2273243768,-0.204086196132
521.768721665,-9.69465126299,0.0347353947278
521.908168806,-7.65210068254,0.225570957226
522.018978438,-6.02405909415,0.376484249227
522.107800159,-4.71512440236,0.49688876167
522.178183005,-3.67477026019,0.591861523188
522.231794612,-2.88005973133,0.663896437179
522.272050779,-2.28210609542,0.717819939217
522.302648617,-1.82709003605,0.758731926431
522.326934692,-1.46561506368,0.791159253907
522.346467595,-1.17470031131,0.817213349817
522.362332611,-0.938365228426,0.838366604696
522.375185913,-0.746907580613,0.855504257046
522.385611464,-0.591616268312,0.869404292886
522.393927867,-0.467744853676,0.880492034977
522.400195945,-0.374384679549,0.888848691914
522.404861426,-0.304895531014,0.895068662588
522.408402911,-0.252148126631,0.899790080272
522.411330089,-0.208550713209,0.903692483715
522.413754869,-0.172436269366,0.906925086173
522.41574345,-0.142818714901,0.909576152486
522.417346088,-0.118949448967,0.911712689047
522.418633496,-0.0997752032501,0.913428974597
522.419651045,-0.0846202041923,0.914785497748
522.420409565,-0.0733231198871,0.915796699205
522.420972937,-0.0649324911274,0.916547743946
522.421390946,-0.0587068596501,0.917104999746
522.421694058,-0.0541924493317,0.917509084252
522.421910515,-0.0509686384533,0.917797647405
522.422069389,-0.0486024469765,0.918009445107
522.422210843,-0.0464957091833,0.918198019155
522.422337077,-0.0446156287318,0.918366304978
522.42245149,-0.0429116299232,0.9185188298
522.422530035,-0.041741817613,0.918623539637
522.422612392,-0.0405152335409,0.918733331113
522.422640226,-0.0401006932634,0.918770436597
0.0,-0.0,-0.0
0.882496442037,0.66484168822,-5.18985865456
2.13293687593,1.60269457626,-12.5451509335
4.01400432546,3.00206853041,-23.6088686351
6.97835828523,5.18824090182,-41.0427995079
11.0204606381,8.13865012475,-64.814328029
15.4560634773,11.3247018877,-90.8869292712
20.4188821983,14.7974907858,-120.000076989
25.9571282519,18.5130722767,-152.357378773
31.8598073038,22.2673751292,-186.646213002
37.9302508155,25.8732973069,-221.644285372
44.4675562546,29.4133676539,-258.974509811
51.4934692026,32.7950579162,-298.627124543
58.8780900922,35.8434139937,-339.724749975
66.4224296537,38.3601640594,-381.051677716
74.0951165577,40.2085891839,-422.313790729
81.9470395686,41.2622192075,-463.638971867
89.844626378,41.3865953558,-504.199050504
97.7776549099,40.4856561613,-543.8012522
105.789413121,38.4655833641,-582.47651966
113.821973549,35.2849423853,-619.748862581
121.886885431,30.8938946928,-655.373749241
130.044880782,25.1900530164,-689.209204466
138.421388264,18.0079453931,-721.371656494
147.093467558,9.17794363608,-751.682741249
156.075314493,-1.45189253433,-779.640380828
165.179165106,-13.7882340306,-804.223495459
174.357329028,-27.775633866,-824.997160442
183.696955918,-43.4965705535,-841.879206634
193.419929969,-61.3892326785,-854.828806338
203.660751094,-81.8478751858,-863.402056098
214.453587377,-105.079366049,-866.926890311
225.853002941,-131.302910399,-864.713717796
237.830611096,-160.459621669,-856.129945913
250.293658943,-192.159663612,-840.799605958
263.131377687,-225.781823866,-818.725803657
276.208117978,-260.503584509,-790.365017403
289.353852128,-295.333945869,-756.656184882
302.507697226,-329.552388573,-718.523842159
315.592439909,-362.417725607,-677.004237734
328.515577138,-393.220789036,-633.180546895
341.054796305,-421.154176985,-588.575880298
353.05978545,-445.725029116,-544.437989987
364.533756321,-466.852762482,-501.345097511
375.537115406,-484.571936937,-459.517860405
386.109682631,-498.890048053,-419.138684968
396.249438686,-509.762042933,-380.464588802
405.903516723,-517.133630521,-343.877122523
415.033128195,-521.018562599,-309.643851631
423.658933452,-521.513943456,-277.758300512
431.797809164,-518.721636346,-248.193405694
439.466293954,-512.751933506,-220.898437247
446.668009252,-503.74889348,-195.84914098
453.454209716,-491.799333681,-172.844673614
459.866179181,-476.982827713,-151.717160223
465.906772685,-459.446388885,-132.424138469
471.512397793,-439.642698714,-115.113602541
476.63098086,-418.116681016,-99.8712839671
481.284873667,-395.261370123,-86.5385420509
485.566381135,-371.059443631,-74.7713824286
489.567353754,-345.425470918,-64.2457234137
493.287614294,-318.818710179,-54.8886188489
496.725083214,-291.6945655,-46.6343228058
499.878084603,-264.511130196,-39.4156034604
502.759876075,-237.686958899,-33.1202719284
505.375468317,-211.667790169,-27.6628076177
507.731964287,-186.832639686,-22.9605584021
509.845422604,-163.427426966,-18.9183923027
511.716012386,-141.818331608,-15.4793764839
513.344743013,-122.307353383,-12.5926035624
514.749982969,-104.938375916,-10.1845484855
515.965356799,-89.4922672021,-8.16677744653
517.027469012,-75.6541809108,-6.45512236887
517.950475458,-63.362010599,-5.00800887837
518.741358849,-52.6265818957,-3.79864702559
519.405391466,-43.4635224493,-2.80568480746
519.95821621,-35.7322399316,-1.99445524975
520.417678147,-29.2353898993,-1.33094667351
520.801374045,-23.7584327587,-0.784577589421
521.119036196,-19.1883702729,-0.337592064472
521.380314397,-15.4062172345,0.0265363401119
521.594131445,-12.2970559745,0.32235200476
521.767657607,-9.76391371243,0.560919107424
521.9071053,-7.72098544366,0.751549920175
522.01791537,-6.09264324421,0.902300344537
522.106737443,-4.78346714814,1.02257416911
522.177120566,-3.74292132382,1.11744325879
522.230732385,-2.94806448854,1.18939912079
522.270988711,-2.35000083465,1.24326321906
522.301586669,-1.89490109194,1.28413003624
522.325872841,-1.53335966139,1.31652150011
522.34540582,-1.24239143725,1.34254674506
522.361270899,-1.00601292276,1.36367656542
522.374124252,-0.814520095315,1.38079523297
522.384549843,-0.659200252016,1.39467987039
522.392866279,-0.535306081068,1.40575532961
522.399134382,-0.441928757026,1.41410272915
522.403799881,-0.372426844263,1.42031580943
522.407341381,-0.319669751269,1.42503199681
522.41026857,-0.276064330149,1.42893007724
522.41269336,-0.239943253203,1.43215909868
522.414681949,-0.210320259029,1.43480722819
522.416284593,-0.18644660922,1.43694139794
522.417572006,-0.167268841973,1.43865578223
522.418589559,-0.152111059589,1.44001080265
522.419348082,-0.140811900509,1.44102088392
522.419911456,-0.132419730772,1.44177109667
522.420329467,-0.126192955934,1.44232773515
522.42063258,-0.12167771653,1.44273137202
522.420849038,-0.11845331359,1.44301961551
522.421007913,-0.116086687557,1.44323117859
522.421149367,-0.113979562857,1.44341954374
522.421275602,-0.112099137126,1.44358764314
522.421390015,-0.110394825375,1.443739999
522.42146856,-0.109224798227,1.44384459284
522.421550918,-0.107997988891,1.44395426269
522.421578751,-0.107583372483,1.44399132707
0.0,-0.0,-0.0
1.25044043389,0.937863535532,-7.35528821339
3.13150788342,2.33724894624,-18.4190069811
6.09586184319,4.52342605858,-35.8529393407
10.3054832413,7.59783249168,-60.6096863408
14.9337173604,10.9260373145,-87.8149376445
20.0315267964,14.4976847576,-117.720980147
25.6663666456,18.2827617135,-150.644272503
31.6368517513,22.0845662717,-185.328897593
37.7549098744,25.7224664639,-220.603286057
44.3282111195,29.2850522968,-258.140567343
51.3816976333,32.6822173182,-297.949758407
58.7873179643,35.7404909926,-339.164435582
66.347536986,38.2627993426,-380.577693204
74.032450113,40.1133706804,-421.903955876
81.8940258949,41.1663489374,-463.277260641
89.79923388,41.2877828465,-503.872726427
97.7383749141,40.3819388087,-543.500502514
105.755133295,38.3551589433,-582.193553746
113.791806005,35.1662294914,-619.477062051
121.86014467,30.7652800268,-655.107135322
130.021044767,25.0496883202,-688.941930469
138.400068592,17.8538052921,-721.09796512
147.074355247,9.00793369003,-751.396789129
156.058145626,-1.63985042033,-779.33617752
165.163678507,-13.9957398842,-803.895569599
174.343299978,-28.0039508905,-824.640467423
183.684208557,-43.7468070213,-841.488814856
193.408338901,-61.6627281568,-854.399299043
203.650215686,-82.1459455283,-862.927853604
214.444015733,-105.402947726,-866.402821855
225.844312375,-131.652489979,-864.13517667
237.822721388,-160.834907335,-855.493566588
250.28649049,-192.559361066,-840.103796868
263.124853472,-226.203614018,-817.970988441
276.202164651,-260.94422277,-789.553752275
289.348400372,-295.789481628,-755.793067823
302.502686479,-330.01859185,-717.614655954
315.58781682,-362.890312243,-676.055560888
328.511294384,-393.69565662,-632.199302526
341.050809082,-421.627683539,-587.569141175
353.05605341,-446.194168649,-543.412327504
364.530245949,-467.315119017,-500.306155499
375.533799568,-485.025542624,-458.470364678
386.106538869,-499.333301543,-418.086593055
396.246447672,-510.193674572,-379.41120303
405.900661026,-517.552719387,-342.825140454
415.030392189,-521.424483382,-308.595396527
423.656303751,-521.906251546,-276.715006934
431.795274187,-519.100030489,-247.156504593
439.46384362,-513.116223358,-219.868829259
446.665634607,-504.099002653,-194.827443374
453.451903228,-492.135184673,-171.831327281
459.863934431,-477.304344476,-150.712472468
465.904583858,-459.753563538,-131.428269322
471.510259014,-439.935766443,-114.126477773
476.628886295,-418.396099407,-98.8926154935
481.282818123,-395.527653668,-85.5679576356
485.564360535,-371.312946156,-73.8085779502
489.565365009,-345.666386285,-63.2904881812
493.285654498,-319.047356681,-53.9406763738
496.723149608,-291.911374241,-45.6933363833
499.876174561,-264.71663609,-38.4811829657
502.757987195,-237.881770746,-32.1920030425
505.373598342,-211.852602641,-26.7402433051
507.730111102,-187.008208905,-22.0432306414
509.843584286,-163.594525009,-18.0058367839
511.714187077,-141.977795831,-14.5711022619
513.342928919,-122.460067663,-11.6881002165
514.748178469,-105.085187986,-9.28333096196
515.963560534,-89.6339107671,-7.26842710826
517.025679899,-75.7912554586,-5.55929774727
517.948692525,-63.4950732651,-4.11439475739
518.739581186,-52.7561754294,-2.90693871115
519.40361821,-43.5901797736,-1.9155851935
519.95644661,-35.8564370662,-1.1057007021
520.415911577,-29.357531555,-0.443314007374
520.79961,-23.8788499279,0.102115305163
521.117274237,-19.3073542337,0.548320799537
521.378554151,-15.5240189485,0.911806348028
521.592372599,-12.4138883686,1.20709518721
521.765899896,-9.87995807342,1.44523420743
521.9053485,-7.83639539803,1.63552060525
522.016159294,-6.20754825956,1.78599706628
522.104981946,-4.89796667469,1.90605105828
522.175365528,-3.8570988803,2.00074575987
522.228977697,-3.06199629293,2.07256864746
522.269234285,-2.46374784097,2.12633282195
522.299832443,-2.00850753467,2.16712365813
522.324118773,-1.64685447378,2.19945479552
522.34365188,-1.35579643271,2.22543151
522.359517062,-1.11934496583,2.24652191096
522.372370499,-0.927793046887,2.26360864403
522.382796158,-0.772425279864,2.27746737963
522.391112648,-0.648492884973,2.28852217774
522.397380791,-0.555086754094,2.29685400534
522.402046321,-0.485563401168,2.30305549524
522.405587844,-0.432790034145,2.30776288468
522.408515052,-0.38917116244,2.31165369334
522.410939858,-0.353038943825,2.31487669112
522.41292846,-0.323406812531,2.31751988062
522.414531114,-0.299525799097,2.31965006914
522.415818536,-0.280342116712,2.32136125529
522.416836095,-0.265179659155,2.32271374796
522.417594623,-0.253877015063,2.32372194495
522.418158001,-0.245482256934,2.32447075821
522.418576014,-0.239253561587,2.3250263583
522.41887913,-0.234736929563,2.3254292422
522.419095589,-0.231511532133,2.32571694798
522.419254465,-0.229144176172,2.32592811639
522.41939592,-0.227036401583,2.32611613015
522.419522156,-0.225155395881,2.32628391596
522.419636569,-0.22345055848,2.32643598761
522.419715115,-0.222280170467,2.32654038633
522.419797473,-0.221052982755,2.3266498516
522.419825307,-0.220638238469,2.32668684684
0.0,-0.0,-0.0
1.88106744953,1.39937338049,-11.0637177004
4.8454214093,3.58552368223,-28.4976480259
9.22048515511,6.78197713575,-54.2274172439
14.161922382,10.340656774,-83.2744642863
19.4679794559,14.0643629462,-114.403929319
25.2472937155,17.9530510189,-148.173979721
31.3173187227,21.8243408117,-183.439794537
37.5044870019,25.5084703848,-219.115360424
44.1296589071,29.1033488904,-256.951098268
51.222686743,32.5225748958,-296.984877607
58.6583211807,35.5949094409,-338.366880461
66.2411850803,38.1250403485,-379.903253118
73.9435061516,39.9785670815,-421.320837087
81.8188104827,41.0305158977,-462.762547954
89.7348488702,41.1476634388,-503.40824683
97.682671198,40.2347434127,-543.072270589
105.706527918,38.1983251939,-581.79047143
113.749036516,34.9975095155,-619.089704792
121.822236968,30.5823786368,-654.726985068
129.987257343,24.8499727283,-688.560649596
138.369849911,17.6343883057,-720.707338987
147.047266664,8.76582880296,-750.988478612
156.033812583,-1.90760672819,-778.901633575
165.141730461,-14.2914283658,-803.42698891
174.32341818,-28.3293712717,-824.130657227
183.666143583,-44.1035374956,-840.930743526
193.391912909,-62.0526769076,-853.785241298
203.635285963,-82.5709860221,-862.249853976
214.43045197,-105.864410505,-865.653513494
225.831997334,-132.151061908,-863.308003108
237.811541341,-161.370162798,-854.583749107
250.276332593,-193.129442634,-839.109094076
263.115608558,-226.805201463,-816.892038622
276.193728756,-261.572675852,-788.394238472
289.340675253,-296.439154429,-754.559585364
302.495586306,-330.683442018,-716.315487172
315.581265981,-363.564222678,-674.700118343
328.505225816,-394.372772193,-630.797484202
341.045159291,-422.302809041,-586.131050924
353.05076522,-446.863018369,-541.947346926
364.525271869,-467.974249929,-498.822338318
375.529101144,-485.672151293,-456.974452182
386.102084276,-499.965107477,-416.584228523
396.242209524,-510.808870506,-377.907093381
405.896614622,-518.149995557,-341.323128269
415.026515388,-522.002951548,-307.098504125
423.652577582,-522.46528085,-275.225559403
431.79168224,-519.639194191,-245.676251376
439.46037161,-513.635252562,-218.399048846
446.662269847,-504.597790711,-193.369010258
453.448635046,-492.613622975,-170.384865035
459.860753731,-477.762326202,-149.278414694
465.901482398,-460.191078904,-130.006839795
471.507228469,-440.353152281,-112.717565846
476.625918401,-418.794009642,-97.4958053554
481.279905521,-395.906823187,-84.1827138936
485.561497447,-371.673880436,-72.4344632992
489.562547059,-346.009362457,-61.9271994208
493.282877568,-319.372829322,-52.5878165634
496.720409788,-292.219958786,-44.3504227875
499.873468131,-265.009095992,-37.1476567463
502.755310751,-238.1589748,-30.8672710309
505.370948686,-212.115542077,-25.4236657803
507.727485236,-187.257962564,-20.7341380704
509.840979485,-163.832194439,-16.7035650962
511.71160071,-142.204575653,-13.2749494516
513.340358444,-122.67721882,-10.397336555
514.745621587,-105.293919823,-7.99726306504
515.961015323,-89.8352699436,-5.98645657482
517.023144822,-75.9860971574,-4.28093650312
517.946166205,-63.6841922408,-2.83919228028
518.737062333,-52.9403459044,-1.63445954426
519.401105601,-43.7701619435,-0.645404747138
519.953939182,-36.0329099514,0.162557765105
520.413408443,-29.5310724539,0.82334140998
520.797110443,-24.0499309808,1.36742790135
521.114777635,-19.4763909299,1.81251883412
521.376059977,-15.6913692667,2.17508583125
521.589880408,-12.5798560334,2.46962191436
521.763409313,-10.0448016762,2.70714927029
521.902859209,-8.00033407452,2.89694355361
522.013671027,-6.37076668451,3.04702856548
522.102494501,-5.06060670537,3.16676845318
522.172878734,-4.01927964892,3.26121398371
522.226491398,-3.22382651773,3.33284687371
522.266748358,-2.62531446754,3.38646827452
522.297346799,-2.16987365962,3.42715054718
522.321633353,-1.80806136788,3.45939548865
522.34116664,-1.51687521086,3.4853028617
522.357031968,-1.28031968382,3.50633693933
522.369885524,-1.08868347609,3.52337804372
522.380311279,-0.933247350113,3.53719977023
522.388627846,-0.809260432159,3.54822504731
522.394896048,-0.715813210886,3.55653462536
522.399561621,-0.646259275472,3.56271955469
522.403103176,-0.593462694995,3.56741437344
522.406030411,-0.549824637225,3.57129479203
522.408455239,-0.513676526011,3.57450918309
522.41044386,-0.484031361431,3.5771453142
522.412046529,-0.460139844441,3.57926981424
522.413333962,-0.44094772464,3.58097643083
522.414351531,-0.425778598364,3.5823253118
522.415110066,-0.414470983211,3.5833308165
522.415673449,-0.406072532975,3.58407763012
522.416091466,-0.39984109819,3.58463174653
522.416394584,-0.395322479717,3.58503355457
522.416611046,-0.392095663736,3.58532049206
522.416769923,-0.3897272666,3.58553109657
522.416911379,-0.387618565,3.58571860825
522.417037616,-0.385736732023,3.58588594601
522.417152031,-0.384031144828,3.58603761156
522.417230578,-0.382860242075,3.5861417315
522.417312936,-0.381632514641,3.58625090445
522.41734077,-0.38121758795,3.5862878009
0.0,-0.0,-0.0
2.96435395977,2.18613498335,-17.4339293127
7.40253579827,5.42898823775,-43.5349068965
12.9205394398,9.41016524193,-75.9723880517
18.5848748136,13.3941578693,-109.206704548
24.6003516075,17.4512446262,-144.360967085
30.8283486702,21.4321172781,-180.549241088
37.1232945912,25.1878619582,-216.850551109
43.8284786485,28.8322038421,-255.146777425
50.982056257,32.2849575542,-295.524578214
58.4634244122,35.378534838,-337.161644975
66.0806773299,37.9204149429,-378.885078334
73.8093733332,39.7783266357,-420.441110527
81.7054437793,40.828652968,-461.986371939
89.6378450031,40.9392804958,-502.708033962
97.5987717956,40.0156519837,-542.426835415
105.633336475,37.9646808782,-581.183028099
113.684644189,34.7459422271,-618.506015667
121.765172196,30.309446861,-654.154191298
129.936400633,24.5517257589,-687.986170559
138.324368927,17.3064911274,-720.118786845
147.006499697,8.40379601991,-750.373284594
155.997194832,-2.30822662575,-778.246918305
165.10870347,-14.7340605537,-802.721002352
174.293501688,-28.8167173657,-823.362573835
183.638961852,-44.6379650021,-840.089985588
193.36719804,-62.6370484187,-852.860192753
203.612823,-83.2081100741,-861.228560486
214.410044669,-106.55627691,-864.5249162
225.813469161,-132.898690103,-862.062272863
237.794721073,-162.172897415,-853.213741398
250.261050366,-193.984474617,-837.611488709
263.10170006,-227.707523182,-815.267850568
276.18103752,-262.515297807,-786.649061177
289.329053435,-297.413579761,-752.703385829
302.484904748,-331.68058265,-714.360760768
315.571410909,-364.574883256,-672.66104885
328.496096322,-395.388156042,-628.688972744
341.03665984,-423.315116375,-583.968292913
353.042809783,-447.865819353,-539.744439717
364.517788995,-468.96238196,-496.591376703
375.522032981,-486.641412725,-454.725555133
386.095382939,-500.912082066,-414.325862692
396.235833813,-511.730852578,-375.646316379
405.890527373,-519.045026368,-339.065696885
415.02068329,-522.869704805,-304.848941732
423.646972098,-523.30281588,-272.987342568
431.786278679,-520.446875996,-243.45199276
439.455148482,-514.412682378,-216.190654665
446.657208065,-505.344812702,-191.177780743
453.443718555,-493.330077657,-168.211725174
459.855968846,-478.448056221,-147.124005516
465.896816723,-460.846072176,-127.871487894
471.502669477,-440.977916814,-110.60109529
476.62145366,-419.389529143,-95.3975819023
481.27552396,-396.474202505,-82.1019247492
485.557190375,-372.213879618,-70.3704448229
489.558307891,-346.522398501,-59.8794909938
493.278700108,-319.859585523,-50.5558170917
496.716288157,-292.681359817,-42.3334025993
499.86939673,-265.446288623,-35.144772134
502.751284461,-238.573263851,-28.877627126
505.366962693,-212.508416086,-23.4462980746
507.723535033,-187.631041497,-18.7680375569
509.837060973,-164.187132267,-14.7477313161
511.707709929,-142.543165998,-11.3283251203
513.336491571,-123.001354783,-8.45882289363
514.741775163,-105.605416982,-6.06581618049
515.957186456,-90.1356996016,-4.061175656
517.019331198,-76.2767431437,-2.36108686609
517.942365755,-63.9662476467,-0.924095825127
518.733273117,-53.2149729783,0.276539098005
519.397325779,-44.0385018615,1.26213504951
519.950167153,-36.2959820239,2.06720564707
520.409642873,-29.7897432857,2.72557729323
520.793350255,-24.3049093163,3.26764336044
521.111021894,-19.7283004692,3.71105732913
521.372307887,-15.9407473783,4.07224229031
521.586131302,-12.8271586424,4.36564579783
521.759662627,-10.2904169566,4.60225286613
521.899114464,-8.24459097194,4.7913067356
522.009927826,-6.61394241439,4.94080279261
522.098752535,-5.30291420942,5.06007009628
522.169137747,-4.2608977561,5.15414073888
522.222751155,-3.46491842455,5.22548777064
522.263008675,-2.86601068771,5.27889436368
522.293607541,-2.41026890734,5.31941329912
522.317894432,-2.0482175946,5.35152855625
522.337427991,-1.75683912308,5.37733160312
522.35329354,-1.52012739164,5.39828094072
522.366147274,-1.32836465828,5.41525339547
522.376573174,-1.17282591894,5.4290194408
522.384889857,-1.04875715662,5.44000030266
522.391158145,-0.955248254724,5.44827640569
522.395823783,-0.885648412063,5.45443641918
522.399365387,-0.832816985967,5.45911232498
522.402292663,-0.789150128077,5.46297711145
522.404717525,-0.752978160553,5.46617855346
522.406706173,-0.723313431761,5.46880406502
522.408308864,-0.699406147931,5.4709200066
522.409596315,-0.680201362761,5.47261974817
522.410613898,-0.665022226104,5.47396319523
522.411372443,-0.653707148914,5.4749646493
522.411935835,-0.645303156471,5.47570845442
522.412353858,-0.639067609529,5.47626033861
522.41265698,-0.634546009207,5.47666052798
522.412873444,-0.631317063846,5.47694630955
522.413032324,-0.628947103803,5.47715606565
522.413173782,-0.626837010674,5.47734282196
522.413300021,-0.624953935879,5.47750948561
522.413414437,-0.623247223171,5.47766054018
522.413492985,-0.622075547743,5.47776424068
522.413575345,-0.620847010136,5.47787297383
522.413603179,-0.620431809636,5.47790972164
0.0,-0.0,-0.0
4.4381818385,3.24284254006,-26.100977295
10.7151892042,7.7774078814,-63.0014562542
17.0940184748,12.2780355362,-100.43364716
23.5368989388,16.6383255621,-138.093396995
30.0363940695,20.8065045841,-175.867420356
36.5112319188,24.6811143689,-213.21350587
43.3476039067,28.4060956837,-252.265071305
50.5993023493,31.9128618007,-293.200652471
58.154201784,35.0403748283,-335.248073595
65.8264533634,37.6008940563,-377.270900176
73.5971780453,39.4656841821,-419.04774064
81.5262546135,40.5133494476,-460.757743539
89.4846150804,40.6135699429,-501.600044614
97.4663035444,39.6729253575,-541.405726185
105.517815768,37.5988792553,-580.222110783
113.583039035,34.3517599262,-617.582693131
121.675148365,29.8814635973,-653.248072634
129.856184076,24.0837125663,-687.077314312
138.252641477,16.7916105058,-719.18757038
146.942214055,7.83497341564,-749.399812647
155.939457646,-2.93801140565,-777.210816661
165.056632128,-15.4302053545,-801.603699182
174.24633751,-29.5834752222,-822.146970926
183.596111425,-45.4790575323,-838.759387839
193.328238298,-63.5569746706,-851.396276291
203.577414529,-84.2112774792,-859.612486292
214.377877684,-107.645793139,-862.739283858
225.784265048,-134.076123584,-860.091649727
237.768209668,-163.437167142,-851.046959404
250.236963708,-195.331098198,-835.243436639
263.079778993,-229.128550848,-812.700270259
276.161035299,-263.999659914,-783.890919215
289.310736942,-298.947840839,-749.770536063
302.468070342,-333.250387419,-711.273025665
315.555879218,-366.165721207,-669.440887388
328.481708267,-396.986159168,-625.359944477
341.023264825,-424.908003379,-580.554383892
353.030272201,-449.443478526,-536.26787338
364.505996219,-470.516702647,-493.071201722
375.51089382,-488.165799275,-451.177696379
386.084821921,-502.401176281,-410.763634396
396.225785997,-513.180415536,-372.080806599
405.880934187,-520.451995562,-335.505938079
415.011492231,-524.232012767,-301.302019941
423.638138185,-524.619000276,-269.458695843
431.777763001,-521.715953761,-239.945699983
439.446917168,-515.634040452,-212.709684114
446.649231032,-506.518218833,-187.724148085
453.435970501,-494.455291839,-164.786858986
459.848428203,-479.524840208,-143.72889044
465.889463952,-461.874415351,-124.506615014
471.495484838,-441.958626871,-107.266163493
476.614417559,-420.324161944,-92.091568201
481.268618948,-397.364503468,-78.8235274762
485.550402755,-373.061049946,-67.1186017744
489.551627286,-347.327098334,-56.6534637197
493.272116755,-320.622893949,-47.3546466409
496.709792788,-293.404735597,-39.1559281692
499.862980522,-266.131539829,-31.9896539445
502.744939346,-239.222447047,-25.7434457919
505.360681086,-213.123876772,-20.3315251973
507.71730983,-188.215331786,-15.6710753243
509.830885713,-164.74285751,-11.6669962259
511.701578373,-143.07315117,-8.2621445261
513.330397691,-123.50858124,-5.40545913936
514.735713512,-106.092743804,-3.02361880258
515.951152472,-90.6056010883,-1.02872061967
517.013321239,-76.7312408585,0.662787132968
517.936376557,-64.4072202056,2.0922688568
518.727301623,-53.6442503695,3.28643012162
519.391369089,-44.4578808403,4.26656204037
519.944222746,-36.7070674403,5.06706433543
520.403708646,-30.1938995434,5.72162588526
520.787424508,-24.7032522666,6.26050046876
521.105103155,-20.121812059,6.7012655314
521.366394902,-16.330273628,7.06026747992
521.58022302,-13.2134173454,7.35188203213
521.753758158,-10.6740192371,7.58703547655
521.893213056,-8.62605470475,7.77491984727
522.004028848,-6.99370403145,7.92348564376
522.092855505,-5.68130895274,8.04200649992
522.163242259,-4.63820716193,8.13548500908
522.216856842,-3.84139941806,8.20638053112
522.257115244,-3.24186874052,8.2594478389
522.28771478,-2.78565313083,8.29970878644
522.312002203,-2.42322552071,8.33161921003
522.331536189,-2.13154428325,8.3572574762
522.347402085,-1.89458663505,8.37807296905
522.3602561,-1.70262470907,8.39493699346
522.370682229,-1.54692442283,8.40861509182
522.378999093,-1.42272681084,8.41952580102
522.385267519,-1.32912080356,8.42774903115
522.389933259,-1.25944868796,8.43386969074
522.393474941,-1.20656240353,8.43851572407
522.39640228,-1.16285020489,8.44235582002
522.398827195,-1.12664067978,8.44553680935
522.400815887,-1.09694515057,8.44814554764
522.402418613,-1.07301304461,8.45024797138
522.403706093,-1.05378832004,8.45193685402
522.404723698,-1.03859342379,8.45327171839
522.40548226,-1.02726659893,8.45426677461
522.406045664,-1.01885388125,8.45500582788
522.406463695,-1.01261186044,8.45555418632
522.406766824,-1.00808556572,8.45595181906
522.406983293,-1.00485326803,8.4562357749
522.407142176,-1.00248084746,8.45644419096
522.407283637,-1.00036856361,8.45662975417
522.407409879,-0.998483533794,8.45679535308
522.407524298,-0.996775049163,8.45694544263
522.407602848,-0.995602157294,8.45704848063
522.407685209,-0.994372344212,8.45715651913
522.407713044,-0.993956712649,8.45719303218
0.0,-0.0,-0.0
6.59576849648,4.76569372139,-38.7746124527
14.5726499177,10.4168248451,-85.5968587158
21.8287708888,15.3516629208,-128.025308859
28.7971169903,19.8420197369,-168.539036964
35.5672719497,23.9110576266,-207.601341057
42.6127349094,27.7641464839,-247.857719419
50.0178888199,31.3551413107,-289.666434404
57.6863601067,34.534931371,-332.348324312
65.4428541872,37.1239171471,-374.83027997
73.2775911728,38.9991163189,-416.943852884
81.2567381989,40.0426727769,-458.904090127
89.2543661394,40.1270692493,-499.929103905
97.2673941415,39.1606407637,-539.866064457
105.344448377,37.0516968836,-578.773200906
113.430618955,33.7617116087,-616.190308636
121.540145681,29.2404024762,-651.881361547
129.735919971,23.3822615513,-685.706113368
138.145127459,16.0194761617,-717.782221948
146.845871722,6.98151087027,-747.930275106
155.852941928,-3.88335922058,-775.646352284
164.978615738,-16.4755439408,-799.916328659
174.175680335,-30.7351778771,-820.310963492
183.531922057,-46.7426860336,-836.749644197
193.26988129,-64.9392492659,-849.18526779
203.524380192,-85.7187632771,-857.17195199
214.329701006,-109.283079525,-860.043185257
225.740527939,-135.845464123,-857.116970315
237.728506872,-165.336813674,-847.777160609
250.200893411,-197.354179742,-831.671138242
263.046952694,-231.262986597,-808.828424205
276.131083183,-266.228695601,-779.733339864
289.283309681,-301.251195825,-745.351359833
302.44286282,-335.606430214,-706.622306134
315.532622707,-368.552621719,-664.592577057
328.460164463,-399.383087048,-620.349577148
341.00320815,-427.296549216,-575.418046308
353.011499547,-451.808516357,-531.038932228
364.488338902,-472.846120183,-487.778215452
375.494215266,-490.449759817,-445.844512245
386.069009102,-504.631699999,-405.410166391
396.210741658,-515.351201612,-366.723614929
405.866570612,-522.558507832,-330.158485242
414.997730795,-526.271205054,-295.974841407
423.624911534,-526.588728556,-264.159857943
431.765012863,-523.614787548,-234.6812347
439.434592825,-517.461099149,-207.483963045
446.637287436,-508.273188583,-182.54011879
453.424369764,-496.137842108,-159.646597867
459.83713803,-481.134639057,-138.633815955
465.878455084,-463.411469363,-119.457409511
471.48472772,-443.424168048,-102.262319879
476.603882848,-421.720541926,-87.1314969831
481.258280521,-398.694355003,-73.905227202
485.540240099,-374.32618642,-62.2404405563
489.541624864,-348.52851944,-51.8143043376
493.26225995,-321.762226411,-42.5530229981
496.700067722,-294.484174261,-34.390073048
499.853373984,-267.153802131,-27.2575332309
502.735439255,-240.190621889,-21.0429082695
505.351276084,-214.041485253,-15.660257747
507.707989282,-189.086203837,-11.026662306
509.821639944,-165.570902032,-7.04704541284
511.692398042,-143.862605588,-3.66413085739
513.321273772,-124.263916754,-0.826760874899
514.726637849,-106.818247729,1.53825333623
515.942118236,-91.3049834662,3.51847268936
517.004322974,-77.4075327379,5.19705248328
517.927409378,-65.0632381229,6.61522172707
518.718360952,-54.2827377828,7.79963132033
519.382450583,-45.0815312415,8.77153287914
519.935322632,-37.3182865532,9.56515434298
520.394823773,-30.7947326,10.2139772928
520.778552333,-25.2953718874,10.7480451526
521.096241472,-20.7066901174,11.1848207752
521.357541836,-16.909178233,11.5405350202
521.571376995,-13.7874243929,11.8294553787
521.744917841,-11.2440447269,12.0624196732
521.884377323,-9.19287485997,12.248542805
521.995196755,-7.55797299915,12.3957076631
522.084026327,-6.24352920865,12.5131044058
522.154415391,-5.19880068329,12.6056911975
522.208031733,-4.40075129267,12.6759067773
522.248291455,-3.80028693544,12.7284631474
522.278891994,-3.34336113853,12.7683355861
522.303180213,-2.98036952482,12.7999375477
522.322714839,-2.6882344946,12.8253276685
522.338581255,-2.45090826073,12.8459416031
522.351435692,-2.25864778041,12.8626423411
522.361862162,-2.10270536417,12.8761879992
522.370179299,-1.97831462952,12.8869930649
522.37644793,-1.88456307866,12.8951366733
522.381113822,-1.81478263887,12.9011980695
522.38465562,-1.76181413164,12.9057991176
522.387583056,-1.71803397537,12.9096020319
522.39000805,-1.68176815818,12.9127522214
522.391996807,-1.65202646467,12.9153357007
522.393599586,-1.62805715481,12.9174177678
522.394887108,-1.60880254465,12.9190902979
522.395904746,-1.59358402761,12.9204122375
522.396663333,-1.58223959511,12.9213976592
522.397226755,-1.57381379988,12.9221295566
522.397644801,-1.56756207591,12.9226726056
522.397947939,-1.56302874512,12.9230663883
522.398164416,-1.55979142288,12.9233475948
522.398323304,-1.55741531444,12.9235539929
522.39846477,-1.5552997471,12.9237377594
522.398591016,-1.55341178704,12.9239017549
522.398705438,-1.55170064662,12.9240503912
522.39878399,-1.55052593153,12.9241524315
522.398866354,-1.54929420674,12.924259424
522.398894191,-1.54887792909,12.9242955835
0.0,-0.0,-0.0
9.8024315744,6.95479412702,-57.5443539554
18.9621590808,13.2300023245,-111.137384355
26.8177878664,18.3287853852,-156.838478165
34.0970584872,22.7328372186,-198.861857469
41.4853185009,26.7962539759,-241.095674099
49.1344237063,30.521694045,-284.294425776
56.9799058445,33.7836234644,-327.9669756
64.8660059167,36.4170992723,-371.156888977
72.7983697355,38.308860206,-413.785431999
80.8534172884,39.3468604167,-456.126252483
88.9103110069,39.4080273978,-497.428159417
96.9704895113,38.4034419765,-537.563639224
105.085880952,36.2427386577,-576.607889842
113.203435683,32.8891345963,-614.110481882
121.339021565,28.2920796727,-649.840612455
129.556822896,22.3442205394,-683.65916179
137.985068746,14.876396361,-715.684651987
146.70248239,5.71757166077,-745.737190959
155.724206134,-5.28382789641,-773.311896482
164.862547893,-18.0245473112,-797.39883197
174.070576642,-32.4421251342,-817.572171827
183.436451176,-48.6157511305,-833.752313517
193.183094315,-66.9882940477,-845.888619877
203.445516266,-87.9533769598,-853.534225746
214.258066367,-111.709873814,-856.026043171
225.675499132,-138.467540391,-852.686691548
237.669479915,-168.151303725,-842.909761956
250.147269763,-200.350607597,-826.356311777
262.99815388,-234.423167584,-803.071225687
276.086558735,-269.527562174,-773.554912116
289.24253977,-304.658526753,-738.78806116
302.405393488,-339.090075807,-699.719152786
315.498054199,-372.080216582,-657.400220647
328.42814233,-402.923822665,-612.920854412
340.973396918,-430.823282746,-567.80642358
352.983597188,-455.299016973,-523.293699508
364.462094593,-476.282632298,-479.941470543
375.469425942,-493.817893322,-437.951348205
386.04550671,-507.91980692,-397.489836671
396.188381605,-518.550112441,-358.800394087
405.845222491,-525.66165799,-322.252047077
414.977277724,-529.274223618,-288.100525647
423.60525338,-529.488563754,-256.329367946
431.746063005,-526.409428762,-226.903282213
439.416275868,-520.149335936,-199.764822293
446.619536417,-510.854637018,-174.883973733
453.407128362,-498.612082183,-152.056367837
459.82035824,-483.501239517,-131.111466899
465.862093415,-465.67049205,-112.003830539
471.468740236,-445.577479117,-94.8766428037
476.588225939,-423.771654405,-79.8112575565
481.242915355,-400.647189489,-66.6473665385
485.525136189,-376.183447008,-55.0424674938
489.526759115,-350.291704166,-44.6744771184
493.247610632,-323.433755598,-35.4691186894
496.68561421,-296.067303582,-27.3594280208
499.839096642,-268.652555457,-20.2770934676
502.721320127,-241.609568391,-14.1094519542
505.33729829,-215.38582924,-8.77032768153
507.694137011,-190.36160293,-4.17665348296
509.807898818,-166.783128332,-0.233391578758
511.678754176,-145.01791402,3.11692832606
513.307713753,-125.368905475,5.9256048363
514.713149551,-107.87924236,8.2656277009
515.928691511,-92.3274572801,10.2240482032
516.990949713,-78.3959569756,11.8834317089
517.91408232,-66.0217671656,13.2848052691
518.705073293,-55.2154178209,14.4547378723
519.369195869,-45.9923344346,15.4144218941
519.922095251,-38.2107604807,16.1978297888
520.381619046,-31.6718931184,16.8381350973
520.76536648,-26.1596853298,17.3650687935
521.083071213,-21.5603267411,17.7959234892
521.344384383,-17.754007802,18.1467584358
521.558230008,-14.6250332314,18.4316804211
521.731779339,-12.075783382,18.6613959263
521.871245633,-10.0198877765,18.8449053498
521.982070474,-8.38122462502,18.9899912199
522.07090438,-7.06376036815,19.1057198016
522.141296877,-6.01663351351,19.1969833172
522.194915832,-5.21675353984,19.2661898968
522.235177516,-4.61491264296,19.3179880661
522.265779546,-4.15693980625,19.3572839835
522.290068948,-3.79311667418,19.3884282095
522.309604526,-3.50031261147,19.4134501013
522.325471715,-3.26244296734,19.433764939
522.338326778,-3.06974232506,19.4502233729
522.348753756,-2.91344293406,19.4635725003
522.357071298,-2.7887674768,19.4742207995
522.363340234,-2.69480134967,19.4822462556
522.368006354,-2.62486120657,19.4882197098
522.371548324,-2.57177147754,19.4927540036
522.374475902,-2.52789113073,19.4965017434
522.376901015,-2.49154232168,19.4996062285
522.378889868,-2.46173256776,19.5021522255
522.380492725,-2.43770840788,19.504204085
522.38178031,-2.41840973717,19.5058523494
522.382797998,-2.40315639581,19.5071551097
522.383556621,-2.39178600422,19.5081262345
522.384120071,-2.38334092865,19.5088475132
522.384538137,-2.37707489922,19.5093826834
522.38484129,-2.37253119512,19.509770753
522.385057777,-2.36928646515,19.5100478796
522.385216673,-2.36690491964,19.5102512831
522.385358146,-2.36478451141,19.5104323835
522.385484398,-2.3628922313,19.5105939997
522.385598826,-2.36117717542,19.5107404795
522.385677382,-2.35999977233,19.5108410394
522.38575975,-2.3587652291,19.5109464796
522.385787588,-2.35834799892,19.5109821145
0.0,-0.0,-0.0
13.456016732,9.27375707344,-78.7744213381
23.4341536272,15.822393572,-136.885354931
31.7028788004,20.8771001618,-184.666838872
39.6974996318,25.3139638388,-230.402569744
47.7557403734,29.2671944525,-275.937002766
55.8885541192,32.6652417701,-321.222153273
63.9807029946,35.3724704238,-365.542049704
72.0661580039,37.2934119557,-408.982549868
80.2391063348,38.3262113342,-451.91901226
88.3874447748,38.3551415546,-493.652640901
96.5200219519,37.2957604747,-534.09751262
104.694067176,35.05988895,-573.356288074
112.859506446,31.6134459097,-610.994274261
121.03476832,26.9055227274,-646.789189836
129.286050952,20.8260424156,-680.604087453
137.743196647,13.2039092915,-712.559213949
146.48588632,3.86741044003,-742.474279435
155.529809231,-7.33475710491,-769.8432006
164.687327692,-20.2938926322,-793.66238939
173.9119437,-34.9436578291,-813.511253942
183.292383903,-51.3613529815,-829.311899912
193.052152195,-69.9922533062,-841.008718691
203.326544831,-91.2294866315,-848.153652519
214.150013882,-115.267451217,-850.088919617
225.577421119,-142.310647609,-846.144215073
237.580462162,-172.275161373,-835.727707258
250.066407,-204.739241447,-818.520732613
262.924571719,-239.049320285,-794.590827141
276.019425538,-274.353970483,-764.461981892
289.181070509,-309.640520015,-729.137042982
302.348902799,-344.180309637,-689.576970752
315.445938692,-377.231195972,-646.841777285
328.37986711,-408.090494643,-602.023936295
340.928455826,-435.966134046,-556.649351928
352.941534595,-460.385834542,-511.948377078
364.422532157,-481.287785132,-468.46912396
375.432057378,-498.720671415,-426.402892298
386.010078558,-512.703501113,-385.907606823
396.154675802,-523.201627419,-347.219411215
405.813042382,-530.17169666,-310.700568588
414.946447053,-533.636675162,-276.600464723
423.575621161,-533.699214359,-244.897355861
431.717498625,-530.465557178,-215.551614064
439.388665647,-524.049363368,-188.502268806
446.592779392,-514.598168666,-163.716283877
453.381139615,-502.19864659,-140.987492105
459.795065394,-486.93032959,-120.144003573
465.8374309,-468.942305872,-101.138828838
471.444641816,-448.694836219,-84.1125873135
476.564625862,-426.739763507,-69.1443100242
481.219755082,-403.47183827,-56.0728500985
485.502369758,-378.868634704,-44.5565792457
489.504351708,-352.839661149,-34.2745466766
493.225529493,-325.848050388,-25.1517831837
496.663828243,-298.352716099,-17.1206900798
499.817576246,-270.814979207,-10.1123941038
502.700038233,-243.655685836,-4.01399809373
505.316229451,-217.323243174,1.2610093823
507.673257394,-192.19857191,5.79590362999
509.787186746,-168.52807355,9.68565721696
511.658188719,-146.679956363,12.9880192232
513.28727469,-126.957662491,15.7544896748
514.692818604,-109.403931939,18.0577608184
515.908453383,-93.7960539182,19.9841309835
516.970792179,-79.8149745231,21.6152956465
517.893994434,-67.3972569823,22.9919830788
518.685044798,-56.5532728454,24.1406403435
519.349217037,-47.2983390862,25.0823715086
519.902157624,-39.490080473,25.8507726129
520.361715567,-32.9289196486,26.4785638979
520.745491451,-27.3980093067,26.9950168217
521.063219693,-22.7831078557,27.41717356
521.324552167,-18.9639681614,27.7608410245
521.538413568,-15.8244822324,28.039889764
521.711975689,-13.2666871245,28.2648332252
521.851452253,-11.203912287,28.4445035441
521.962285248,-9.55977387774,28.5865357832
522.051125687,-8.23791279005,28.6998142001
522.121523358,-7.18729474798,28.7891341402
522.175146253,-6.38475004674,28.8568587592
522.215410895,-5.78090536387,28.9075433379
522.246015172,-5.32140838617,28.9459925074
522.270306358,-4.95637484195,28.9764644518
522.289843371,-4.66259689303,29.0009455231
522.305711725,-4.42393622714,29.020821076
522.318567731,-4.23059485833,29.0369236373
522.328995474,-4.07377583349,29.04998412
522.337313627,-3.9486859172,29.0604021763
522.343583023,-3.85440744034,29.0682541023
522.348249486,-3.78423482385,29.0740983964
522.351791716,-3.73096863741,29.0785346482
522.354719509,-3.68694244753,29.0822013533
522.357144799,-3.65047283077,29.0852387125
522.359133799,-3.62056400426,29.0877296594
522.360736774,-3.59646000158,29.0897371533
522.362024452,-3.57709719385,29.0913497785
522.363042215,-3.56179316023,29.0926243704
522.363800894,-3.55038498114,29.0935744973
522.364364386,-3.54191184002,29.0942801805
522.364782482,-3.53562498677,29.0948037792
522.365085658,-3.53106618269,29.0951834578
522.365302161,-3.52781066961,29.0954545924
522.365461068,-3.52542120961,29.0956535979
522.365602551,-3.52329375472,29.0958307825
522.365728813,-3.52139518608,29.0959889042
522.365843249,-3.51967443064,29.0961322168
522.365921811,-3.51849311475,29.0962306024
522.366004185,-3.51725446883,29.0963337627
522.366032025,-3.51683585209,29.0963686271
0.0,-0.0,-0.0
16.9471026692,11.2560744574,-98.8205208813
27.6195272943,17.8828551866,-160.590049967
36.8035572503,23.0532324536,-213.201065713
45.5869404329,27.4147668996,-262.883670913
54.200767723,31.0470135569,-310.878001358
62.6261172078,33.8807640111,-357.035165979
70.9537086596,35.8558818811,-401.770220141
79.3103634953,36.8894242498,-445.645620635
87.5996996411,36.8781496645,-488.056170421
95.8430718902,35.745084068,-528.986322663
104.106381175,33.4057583612,-568.584207235
112.344390349,29.8302579736,-606.440949938
120.579588892,24.9672910744,-642.348620393
128.88132286,18.7029505501,-676.174817747
137.381928312,10.8635253146,-708.043442026
146.162565275,1.27647197648,-737.774428286
155.239770402,-10.2090235291,-764.860515363
164.426007082,-23.4764543453,-788.307467707
173.675440406,-38.4538810287,-807.70257822
183.077656531,-55.2157813628,-822.970900834
192.85703438,-74.2106715528,-834.050346945
203.149301699,-95.8307880283,-840.491722071
213.989067013,-120.264011667,-841.645296494
225.431354581,-147.7072335,-836.851347227
237.447907118,-178.063925681,-825.539150093
249.946009562,-210.896511607,-807.419021579
262.81502539,-245.535593793,-782.590610008
275.91948862,-281.115843932,-751.6110715
289.089571618,-316.614468881,-715.514115744
302.264819683,-351.299355424,-675.277843498
315.368371685,-384.428476901,-631.972935388
328.308018908,-415.302897701,-586.695299174
340.861572196,-443.138659918,-540.970833923
352.878936749,-467.473940329,-496.020298085
364.363656529,-488.256221755,-452.376547234
375.376447785,-505.541081504,-410.216311096
385.95735753,-519.353112957,-369.685425402
396.104518613,-529.662709854,-331.009727993
405.765156213,-536.431816091,-294.541943217
414.900569481,-539.687817932,-260.522562343
423.531527398,-539.535960746,-228.922516731
431.674994224,-536.084519158,-199.696183135
439.347581379,-529.448698826,-172.777735193
446.552964964,-519.777645636,-148.129974266
453.342468624,-507.157879038,-125.544314772
459.757430102,-491.668844168,-104.84705577
465.800733711,-473.460586071,-85.9890889698
471.408784139,-452.997004529,-69.1074523815
476.52950984,-430.833252232,-54.2779458911
481.185293584,-407.364857919,-41.3383087962
485.468494379,-382.566872258,-29.9482224679
489.471010629,-356.346315952,-19.7883938652
493.192673962,-329.168176305,-10.7829056772
496.631411983,-301.493044619,-2.86328995133
499.785555202,-273.783783142,4.04009509925
502.66837212,-246.462327214,10.0404525212
505.284880398,-219.97835722,15.2247471501
507.642189932,-194.713698919,19.6765302313
509.756368617,-170.914972599,23.4906663783
511.627588776,-148.951354576,26.7252853628
513.25686284,-129.126972716,29.4321605093
514.662567646,-111.484005011,31.6835548779
515.878340551,-95.7980047106,33.5646971886
516.940799281,-81.7478807012,35.1560504887
517.864105182,-69.2695500109,36.4979178584
518.655243929,-58.3731618757,37.6165714209
519.319490072,-49.0738807621,38.5329882937
519.872491976,-41.2284689065,39.2802318308
520.332100737,-34.6362698082,39.8903818343
520.71591896,-29.0793214089,40.3920610701
521.033682184,-24.4427813935,40.8019580522
521.295043385,-20.6057931662,41.1355235465
521.508928264,-17.451673994,41.4062948114
521.682509418,-14.8819828798,41.6245130333
521.822001263,-12.8096314402,41.7987730759
521.932846394,-11.1578709675,41.9365020832
522.021696554,-9.82988912229,42.0463277622
522.092101925,-8.77441107464,42.1329088982
522.145730684,-7.96815687493,42.1985452374
522.185999727,-7.36152277954,42.2476606385
522.216607349,-6.89990409356,42.2849166527
522.240901189,-6.53318557565,42.3144412886
522.260440337,-6.23805191456,42.3381602965
522.276310424,-5.99829009706,42.3574168604
522.289167835,-5.80405679808,42.3730179683
522.299596717,-5.64651441222,42.3856717276
522.307915778,-5.52084754491,42.3957653539
522.314185859,-5.42613425938,42.4033727628
522.318852831,-5.35563802681,42.4090350603
522.322395449,-5.30212620178,42.4133331637
522.325323561,-5.25789699025,42.4168856849
522.327749117,-5.22125920249,42.4198284587
522.329738333,-5.1912124615,42.422241836
522.331341483,-5.16699731327,42.4241868153
522.332629303,-5.1475452233,42.4257492225
522.333647177,-5.13217062332,42.4269841229
522.334405939,-5.12070984197,42.4279046624
522.334969491,-5.11219763207,42.4285883703
522.335387634,-5.10588179095,42.4290956638
522.335690842,-5.10130196687,42.4294635191
522.335907369,-5.09803144313,42.4297262104
522.336066294,-5.09563096571,42.4299190188
522.336207792,-5.09349370149,42.4300906858
522.336334067,-5.09158637888,42.4302438835
522.336448516,-5.08985768936,42.4303827333
522.336527087,-5.08867092664,42.4304780551
522.33660947,-5.08742656955,42.430578003
522.336637313,-5.08700602265,42.4306117817
0.0,-0.0,-0.0
20.1467279098,12.7586668741,-116.854139826
32.12571845,19.6531786687,-185.628121778
42.2682579809,24.7900963803,-243.1005244
51.6932039042,28.8304437003,-295.680503552
60.6483889147,31.8797880867,-344.777081874
69.3475028891,33.9534324451,-391.516848855
77.9795154176,35.0046617493,-436.818871186
86.4768307265,34.9515642664,-480.247811931
94.881790959,33.7294907261,-521.906522625
103.274213597,31.260160671,-562.017116315
111.616540339,27.5198431564,-600.212141628
119.937489629,22.4570045515,-636.307259565
128.311137675,15.9527750229,-670.179047023
136.873508564,7.83026423815,-701.95859204
145.707946545,-2.0839041956,-731.467662827
154.832244584,-13.9396951347,-758.198464241
164.059049605,-27.610163186,-781.169726328
173.343493595,-43.0158038907,-799.979974169
182.776395631,-60.2271184122,-814.559107408
192.583380648,-79.6965736293,-824.837557566
202.900792298,-101.814889733,-830.365636047
213.763465437,-126.761068591,-830.505140859
225.226657637,-154.721715418,-824.611230155
237.262181718,-185.583587313,-812.141686669
249.777346906,-218.888397409,-792.845295079
262.661585913,-253.946249916,-766.8638733
275.779525861,-289.874063207,-734.797657146
288.961439467,-325.636425311,-697.719925618
302.147082448,-360.497284774,-656.630314908
315.259766472,-393.715353239,-612.612390763
328.207427,-424.597125229,-566.765430718
340.767935771,-452.36975856,-520.614010025
352.791304109,-476.585353388,-475.365440216
364.281237686,-497.203534432,-431.532341225
375.298603373,-514.288782185,-389.27240193
385.883558576,-527.872875278,-348.715718059
396.034310117,-537.932683729,-310.074711264
405.698127936,-544.436959202,-273.689672732
414.836353811,-547.418725815,-239.789590767
423.469809467,-546.986470783,-208.336061893
431.615501689,-543.250991684,-179.275853574
439.290077226,-536.329397494,-152.537005931
446.497238714,-526.372831558,-128.077063894
453.288343262,-513.467532006,-105.684491221
459.704754761,-497.692765416,-85.1833902982
465.749371724,-479.199760297,-66.5220028879
471.358597462,-458.457065774,-49.8327578256
476.480361454,-436.024051564,-35.1873181353
481.137061501,-412.297195929,-22.4220881613
485.421082826,-387.24825345,-11.1985886519
489.424347053,-360.781009755,-1.19979157834
493.146690109,-333.36281607,7.6514083227
496.586043063,-305.456400067,15.4245691671
499.74073954,-277.526585346,22.1902950544
502.624053318,-249.996688293,28.0621468319
505.241005438,-223.318008306,33.1276468472
507.598709161,-197.873518324,37.4706763962
509.713236878,-173.910105921,41.185932232
511.584762463,-151.798178618,44.3320194945
513.214299827,-131.842733927,46.961049716
514.620229857,-114.085219166,49.1447099444
515.836196116,-98.298952158,50.9668208765
516.898822735,-84.1602220546,52.5062287366
517.822273722,-71.6041128997,53.8026756188
518.61353619,-60.640485685,54.8822004425
519.277885786,-51.2843067574,55.7656106883
519.830973524,-43.3912298589,56.485271908
520.290653421,-36.7592126681,57.0724267133
520.674530909,-31.1688620975,57.5548507801
520.992343104,-26.5045645621,57.9487705868
521.253744517,-22.6446812008,58.2691719653
521.467662261,-19.4717917138,58.5291572941
521.641270057,-16.8868416595,58.7386126436
521.780783294,-14.8022065391,58.9058234789
521.891645411,-13.1406695336,59.0379458687
521.980509181,-11.8048368881,59.1432731584
522.05092533,-10.7431251822,59.2262861446
522.104562296,-9.93211303487,59.2892019065
522.1448375,-9.32190114138,59.3362730416
522.175449805,-8.85756108577,59.3719746744
522.199747361,-8.48868137243,59.4002652158
522.219289496,-8.19180883927,59.4229914612
522.23516201,-7.95063465829,59.4414416531
522.248021387,-7.75525735025,59.4563895067
522.258451864,-7.59678716699,59.4685134195
522.266772197,-7.47038029153,59.4781844049
522.273043236,-7.37510931274,59.4854732774
522.277710922,-7.30419800475,59.4908984853
522.281254081,-7.25037111968,59.4950166207
522.284182641,-7.20588150939,59.4984203931
522.286608567,-7.16902802294,59.5012399493
522.288598088,-7.13880439076,59.5035522756
522.290201483,-7.11444668563,59.5054158164
522.291489499,-7.09488008096,59.506912804
522.292507529,-7.07941497154,59.5080959979
522.293266407,-7.06788672178,59.5089779935
522.293830045,-7.05932440174,59.5096330738
522.294248252,-7.05297138035,59.5101191265
522.294551507,-7.04836459573,59.5104715793
522.294768066,-7.0450748191,59.5107232715
522.294927015,-7.0426602106,59.5109080069
522.295068536,-7.04051036479,59.511072486
522.29519483,-7.03859181423,59.5112192692
522.295309296,-7.03685294832,59.5113523052
522.295387879,-7.03565919943,59.5114436358
522.295470275,-7.03440751713,59.5115393987
522.295498122,-7.03398449458,59.5115717631
0.0,-0.0,-0.0
24.0487816178,14.2779684924,-138.515037395
37.20403067,21.1457356144,-213.271389163
48.0668645693,25.9299216027,-274.005766391
57.8691748854,29.346555664,-327.828956379
67.1290947973,31.5929803634,-377.62263555
76.1621395129,32.6956956599,-425.03152574
84.9552367435,32.6100606809,-469.938859771
93.5862552107,31.2917242613,-512.648210632
102.157180042,28.6725449823,-553.501139323
110.642468738,24.7376966706,-592.195666042
119.080157465,19.4358442426,-628.585343901
127.551205231,12.642184406,-662.563310401
136.196888519,4.17636679978,-694.27368679
145.103654424,-6.13557982301,-723.543161314
154.29108857,-18.4422424398,-749.865028083
163.572159785,-32.6035859643,-772.27505331
172.903349493,-48.5305105542,-790.386959633
182.377160593,-66.2882273866,-804.138153608
192.220902985,-86.3335697725,-813.451552316
202.571755846,-109.054868853,-817.878433317
213.464866472,-134.619767034,-816.796186619
224.955811387,-163.201839115,-809.579696387
237.016503651,-194.667167921,-795.722822999
249.554290691,-228.532251448,-775.022020173
262.45870194,-264.082574533,-747.67066117
275.594491866,-300.414116242,-714.320927282
288.792069236,-336.47706072,-676.093013952
301.991470742,-371.531453238,-634.011403015
315.11623851,-404.837794711,-589.173711561
328.074500072,-435.70998222,-542.681625045
340.644208708,-463.389452301,-496.056144021
352.675516861,-487.445611042,-450.486894522
364.172344606,-507.852829685,-406.461474755
375.195758352,-524.6862498,-364.114446667
385.786061722,-537.986207372,-323.556877314
395.941559519,-547.737274378,-284.984973716
405.609580995,-553.916302547,-248.723977804
414.751524382,-556.562961243,-214.989087384
423.388281203,-555.789457089,-183.730912463
431.536914505,-551.709457735,-154.887311229
439.214117778,-544.442212322,-128.379186537
446.42362876,-534.141134711,-104.157967906
453.216848809,-520.89200269,-82.0088432134
459.63517639,-504.773770655,-61.7534961186
465.681528799,-485.93900775,-43.3371236641
471.292307537,-464.86176108,-26.8866586141
476.415443454,-442.106369976,-12.4688626543
481.073354217,-418.070369281,0.0813058228516
485.358459695,-392.721508664,11.0999041694
489.3627122,-365.959663591,20.9010641227
493.085953341,-338.254973305,29.5632603774
496.526118768,-310.07268208,37.1573093213
499.681546222,-281.879921866,43.7549235444
502.565516458,-254.101627147,49.4700379634
505.183054983,-227.191001168,54.3908017867
507.541279505,-201.532360423,58.6014532024
509.656268355,-177.37289074,62.1964462163
511.528197463,-155.084447791,65.2349317158
513.158082692,-134.973048338,67.7694048905
514.56431028,-117.07925691,69.8708308535
515.780531991,-101.173721498,71.6213042792
516.843380417,-86.9296076775,73.0976973581
517.767023086,-74.2810033921,74.3390626912
518.558449006,-63.2374225275,75.3711491582
519.222935279,-53.8135923035,76.2145526864
519.776136417,-45.8638457616,76.9007883448
520.235910296,-39.1844909914,77.4600809122
520.619866082,-33.5544322572,77.9191774772
520.937742972,-28.8571381519,78.2937431865
521.199197512,-24.9700392357,78.5981995179
521.413158675,-21.7748379956,78.8451212926
521.58680167,-19.1717504601,79.0439639725
521.726343168,-17.0725146394,79.2026379683
521.837227727,-15.3993571504,79.3279708193
521.926109475,-14.0541930585,79.4278508098
521.996539864,-12.9850720904,79.5065430992
522.050187674,-12.1684047226,79.5661645825
522.090471018,-11.5539403317,79.610760416
522.121089508,-11.086365723,79.6445799483
522.145391973,-10.7149172726,79.6713762188
522.164938056,-10.4159779688,79.6929004128
522.180813776,-10.1731250991,79.7103742421
522.19367575,-9.9763880624,79.7245311314
522.204108333,-9.81681513385,79.7360135043
522.212430347,-9.68952871354,79.7451727556
522.218702653,-9.59359488299,79.7520759444
522.223371281,-9.52219023343,79.7572140845
522.226915155,-9.4679888812,79.7611143152
522.229844307,-9.42318977199,79.7643379829
522.232270723,-9.38607991533,79.7670083475
522.234260645,-9.35564603793,79.7691983218
522.235864364,-9.33111889586,79.7709632574
522.23715264,-9.31141618404,79.7723810352
522.238170875,-9.2958434991,79.773501623
522.238929907,-9.28423505937,79.7743369499
522.239493659,-9.27561318062,79.7749573682
522.23991195,-9.26921596841,79.7754177026
522.240215266,-9.2645771397,79.7757515062
522.24043187,-9.26126447993,79.7759898807
522.240590851,-9.25883307585,79.7761648412
522.240732399,-9.25666827613,79.7763206173
522.24085872,-9.25473638052,79.7764596338
522.240973209,-9.25298541943,79.7765856306
522.241051807,-9.25178336707,79.7766721287
522.24113422,-9.25052297835,79.7767628246
522.241162072,-9.25009701335,79.7767934764
0.0,-0.0,-0.0
28.203014414,15.4163490004,-161.012910696
42.3565093706,21.9184168823,-240.437213302
53.7161405983,26.0386049907,-302.986857374
63.9074302492,28.6053485127,-357.892578176
73.5690454446,29.8257497812,-408.646428441
82.8091169278,29.7301656777,-455.832080721
91.7735035741,28.3111868323,-500.137037098
100.603180877,25.5185275178,-542.11535135
109.293122323,21.3510289205,-581.577718945
117.896366272,15.7585349021,-618.442989317
126.50455074,8.6091078411,-652.635694904
135.266869913,-0.281228483702,-684.323948533
144.274427895,-11.0865194441,-713.345357053
153.549512948,-23.9531049033,-739.197645754
162.905688392,-38.7241139918,-760.939900431
172.301411214,-55.297953724,-778.207239523
181.831580794,-73.7325907983,-790.949000346
191.725873656,-94.4896067312,-799.081332159
202.122647365,-117.953546894,-802.159193903
213.057499798,-144.277139269,-799.58174687
224.586461696,-173.617051933,-790.750813674
236.681596861,-205.813277418,-775.207058877
249.250316125,-240.351098348,-752.80724468
262.182290347,-276.48604166,-723.808892543
275.342455348,-313.289198011,-688.927712218
288.561411488,-349.694377667,-649.340060336
301.779583337,-384.958148703,-606.099073469
314.920830648,-418.3445667,-560.31728329
327.893545268,-449.17787164,-513.09681018
340.475793456,-476.718273953,-465.951321476
352.51792139,-500.557115192,-420.046621266
364.024142307,-520.686957064,-375.838780966
375.055795176,-537.195865186,-333.433831328
385.653383281,-550.134479195,-292.919499305
395.815345231,-559.496628918,-254.472112971
405.489091315,-565.268911227,-218.398430998
414.636096851,-567.498897807,-184.896906991
423.277348555,-566.303065512,-153.905112407
431.429986193,-561.798340294,-125.350400653
439.110766981,-554.106363036,-99.145324706
446.323476512,-543.383125031,-75.2341602759
453.119576437,-529.713663577,-53.3985013064
459.540512319,-513.176410013,-33.457409265
465.589227054,-493.925449929,-15.3525759065
471.202119706,-472.441407256,0.795702541728
476.327123011,-449.294541697,14.9265370871
480.986681696,-424.88355641,27.2065011442
485.273262798,-399.171254107,37.9683906278
489.27886041,-372.052709878,47.5225517727
493.003323878,-344.001389607,55.9490448002
496.444595093,-315.485535902,63.3201454118
499.601017406,-286.975027952,69.708848582
502.48588107,-258.896716042,75.2294646441
505.104217674,-231.70606728,79.9708450814
507.46315098,-205.788987999,84.0176060125
509.578767409,-181.392995926,87.4638462215
511.451245683,-158.891669134,90.3693454818
513.081604331,-138.59223139,92.7870341229
514.488236872,-120.534164026,94.7869539017
515.70480623,-104.484882041,96.4490453405
516.767956515,-90.1137759544,97.847728175
517.691860044,-77.3537257935,99.0211919549
518.483508408,-66.2138211548,99.9948177161
519.148180684,-56.7084961982,100.788932293
519.701536146,-48.6904892361,101.433996274
520.161437922,-41.9541186206,101.958976053
520.545500263,-36.2762359272,102.389348857
520.863465197,-31.5392030162,102.740086403
521.124992037,-27.619328794,103.024913716
521.339012287,-24.3972586868,103.255755021
521.512703183,-21.7723296996,103.441535009
521.652283142,-19.6555118262,103.589701962
521.763198242,-17.9683612558,103.706678715
521.852104457,-16.6119606068,103.799854815
521.922554225,-15.5339177686,103.873229891
521.976216791,-14.7104406963,103.928797434
522.016511212,-14.0908557036,103.970347229
522.04713812,-13.6193862551,104.001850733
522.071447266,-13.2448447069,104.026808243
522.090998721,-12.9434167451,104.046853276
522.106878804,-12.6985425233,104.063125669
522.119744313,-12.5001682067,104.076309261
522.130179763,-12.3392674405,104.087002208
522.138504063,-12.2109219443,104.095531763
522.144778092,-12.114189963,104.101960363
522.149448003,-12.0421912733,104.106745263
522.152992851,-11.9875390197,104.11037736
522.155922807,-11.9423672386,104.113379408
522.15834989,-11.9049486832,104.115866191
522.160340359,-11.8742616468,104.11790561
522.161944518,-11.8495304836,104.119549211
522.163233149,-11.8296638835,104.120869521
522.164251664,-11.8139616656,104.121913071
522.165010903,-11.8022566682,104.122690972
522.165574811,-11.7935630741,104.123268739
522.165993216,-11.7871126513,104.123697426
522.166296616,-11.7824352379,104.124008282
522.166513279,-11.7790950243,104.124230269
522.166672304,-11.7766433965,104.124393202
522.166813891,-11.7744605906,104.124538269
522.166940246,-11.772512626,104.124667728
522.167054767,-11.770747101,104.124785063
522.167133387,-11.7695350504,104.124865615
522.167215822,-11.7682641781,104.124950076
522.167243682,-11.7678346701,104.12497862
0.0,-0.0,-0.0
32.254936508,15.8509817708,-182.15710196
47.2033079632,21.6239279307,-264.857856529
59.117218784,24.8303872769,-329.272988909
69.8262814132,26.3007276002,-385.660677478
79.76769363,26.2462642593,-436.483349485
89.2355856279,24.7343276271,-483.262941333
98.4460690824,21.748081882,-526.966114721
107.431686455,17.3083628934,-567.610825229
116.270893377,11.3682663876,-605.23340164
125.072532854,3.78759817413,-639.817973479
133.99806557,-5.62090719358,-671.57635599
143.145755559,-17.0302816858,-700.368153055
152.542060822,-30.5832417687,-725.701975398
162.001659123,-46.1013682177,-746.669297371
171.485938557,-63.466886157,-762.935580933
181.093226062,-82.7278699269,-774.468906021
191.056523473,-104.350697911,-781.18113427
201.515852904,-128.714044882,-782.635589626
212.507466911,-155.951190504,-778.261773183
224.088045597,-186.197078953,-767.498132609
236.22988261,-219.259250777,-749.945493637
248.84049555,-254.585077247,-725.535847802
261.809763855,-291.394501874,-694.605087751
275.002882355,-328.729965992,-657.944861712
288.250721139,-365.507599819,-616.796814918
301.494236901,-400.981799515,-572.245669901
314.657724173,-434.42294424,-525.418335677
327.649935868,-465.169584948,-477.4136709
340.249093971,-492.506351053,-429.732186093
352.305808443,-516.051973119,-383.507959185
363.824689576,-535.821003453,-339.15798469
374.86744495,-551.916794116,-296.75380063
385.474847772,-564.402067899,-256.355119777
395.645517555,-573.281491335,-218.114428204
405.326974232,-578.553089283,-182.316268477
414.48079731,-580.27356573,-149.139243338
423.128101988,-578.564102864,-118.505902266
431.286131554,-573.545161936,-90.3315955079
438.971729186,-565.340921189,-64.5194310933
446.188745032,-554.110172712,-41.0055912401
452.988722004,-539.9368087,-19.5679620896
459.413169147,-522.898429469,-0.0229491777561
465.465063867,-503.150762796,17.6916396279
471.080801993,-481.182111886,33.4633358938
476.208318841,-457.56961492,47.2381126938
480.870095592,-432.713202025,59.1840415022
485.158662798,-406.569673518,69.6295833574
489.166070799,-379.028321384,78.8802019037
492.892179371,-350.566485823,87.0177312132
496.334938813,-321.655895105,94.1160835626
499.492700034,-292.769618053,100.24968751
502.378766078,-264.336715366,105.533187786
504.998176724,-236.815280075,110.056187133
507.358063891,-210.593051579,113.903672395
509.474524884,-185.917900365,117.169234556
511.347742195,-163.165402996,119.913353218
512.978737935,-142.644176245,122.18943258
514.385915428,-124.392397549,124.066350727
515.602952619,-108.173649173,125.621405032
516.666509117,-93.6528566015,126.9260215
517.590763684,-80.7614655156,128.017327263
518.382711388,-69.5080570271,128.920243997
519.047633965,-59.9067130383,129.65476143
519.601197099,-51.8082876678,130.250055893
520.061270985,-45.0047513011,130.733566126
520.445476715,-39.2705347175,131.129230273
520.763560128,-34.4866942731,131.451179022
521.025184259,-30.5282164111,131.712293689
521.239284021,-27.274500627,131.923710958
521.413039377,-24.6238479441,132.093713388
521.552671091,-22.4863233537,132.229190408
521.663627289,-20.7826931664,132.336075581
521.752566428,-19.4130594259,132.421155829
521.823042274,-18.3245095552,132.488109915
521.876724696,-17.4930129341,132.538782147
521.917034024,-16.8673976172,132.57665381
521.94767226,-16.3913413951,132.605360729
521.971990395,-16.0131572603,132.628097977
521.99154908,-15.7087985392,132.646356976
522.007435034,-15.4615438866,132.661178684
522.020305299,-15.2612414451,132.673187065
522.030744607,-15.0987769689,132.68292682
522.039071984,-14.9691842691,132.690696051
522.045348332,-14.8715123598,132.696551612
522.050019969,-14.7988141101,132.700909995
522.053566128,-14.7436308617,132.704218335
522.056497167,-14.6980202113,132.706952789
522.058925147,-14.6602381235,132.709217909
522.060916352,-14.6292529601,132.711075542
522.062521103,-14.6042815361,132.712572639
522.06381021,-14.5842219368,132.713775262
522.064829102,-14.5683671774,132.714725795
522.065588622,-14.5565484711,132.715434358
522.066152738,-14.5477704232,132.715960625
522.066571298,-14.541257338,132.716351101
522.06687481,-14.5365344864,132.716634249
522.067091553,-14.5331618246,132.716836449
522.067250636,-14.5306863808,132.716984858
522.067392276,-14.5284823704,132.717116995
522.067518678,-14.5265154827,132.717234915
522.067633241,-14.5247328067,132.717341791
522.06771189,-14.5235089819,132.717415163
522.067794355,-14.522225764,132.717492095
522.067822226,-14.5217920836,132.717518096
0.0,-0.0,-0.0
35.9387977959,15.3499811301,-200.435769026
51.7874464083,20.0765492128,-286.627287721
64.4065665488,22.0781749926,-353.365015728
75.4961916885,22.1702091634,-410.224097641
85.7386296097,20.5961869673,-460.895940761
95.5119061694,17.4068534619,-507.238474534
104.922640287,12.6602395832,-549.678266945
114.094482037,6.31690028854,-588.471011804
123.164854628,-1.77217251068,-623.713597417
132.314553942,-11.7962156826,-655.696094739
141.652982175,-23.9252856732,-684.319592552
151.213087222,-38.2964399226,-709.115157896
160.811616182,-54.70422574,-729.21940709
170.41429261,-73.0103614271,-744.340457107
180.124284905,-93.2497097791,-754.474942748
190.179184047,-115.89291073,-759.535566984
200.721324382,-141.309914637,-759.101296892
211.787899468,-169.609267615,-752.643024472
223.436504188,-200.898778051,-739.647826861
235.639780236,-234.946922569,-719.791791585
248.305422678,-271.156745666,-693.09777894
261.323615088,-308.70775591,-659.993949881
274.55991608,-346.611179846,-621.358947796
287.845567997,-383.765637293,-578.506559706
301.122238351,-419.425925289,-532.553781012
314.314800767,-452.872658952,-484.639002222
327.332487791,-483.463576929,-435.851929156
339.953730642,-510.514120845,-387.671819855
352.029488187,-533.676088638,-341.191822031
363.564892239,-552.98960285,-296.782157671
374.622133632,-568.575315473,-254.474252358
385.242339266,-580.50947927,-214.295527019
395.424365719,-588.808873587,-176.371013915
405.11587674,-593.484340175,-140.959605417
414.278588329,-594.602640821,-108.217352313
422.933783679,-592.289812714,-78.0503332918
431.098841382,-586.669886428,-50.360874274
438.790716937,-577.869517697,-25.0419676544
446.013344832,-566.050340327,-2.02112112896
452.818374039,-551.294573952,18.9272394896
459.247396443,-533.678583225,37.9891113788
465.303434514,-513.359758129,55.2307371852
470.92287994,-490.835005478,70.5485096976
476.053671466,-466.68912502,83.8960839294
480.718337826,-441.3232376,95.4428084801
485.009492354,-414.687111923,105.511571553
489.019258694,-386.663319456,114.401739643
492.747510229,-357.733531593,122.197027174
496.19220823,-328.373365,128.973087174
499.351713467,-299.059441331,134.80586693
502.239345655,-270.223265557,139.810245075
504.860155257,-242.325852866,144.076572948
507.221284817,-215.756967974,147.690157421
509.338845832,-190.764831544,150.743895252
511.213025705,-167.727244938,153.299003647
512.844851221,-146.954365779,155.409371669
514.252738473,-128.482857975,157.14245864
515.470384978,-112.07192973,158.572428651
516.534470531,-97.3814242018,159.767178623
517.45918229,-84.3411471675,160.762571893
518.251519852,-72.9590924121,161.58297539
518.916768419,-63.248933643,162.247970421
519.47060202,-55.0593829432,162.785223229
519.930900058,-48.1797451854,163.220382609
520.315292534,-42.381704819,163.575586596
520.633530251,-37.5448367576,163.863981461
520.89528109,-33.5426275872,164.097462227
521.109484407,-30.2530642278,164.286245746
521.283323713,-27.5732732768,164.437865047
521.423022832,-25.4122939772,164.558557535
521.534032553,-23.6899975456,164.653686106
521.623014572,-22.3053750767,164.729335238
521.693524381,-21.2049243194,164.788809643
521.747232664,-20.3643443383,164.833779647
521.787561405,-19.7318987949,164.867367014
521.818214394,-19.2506474047,164.892816523
521.842544237,-18.8683375427,164.91296769
521.862112337,-18.5606593469,164.929146404
521.878005938,-18.3107085496,164.942278437
521.890882397,-18.1082222661,164.952918005
521.901326729,-17.9439866984,164.961547545
521.909658114,-17.8129813922,164.968431202
521.915937482,-17.7142449047,164.973619326
521.920611368,-17.6407543227,164.977480933
521.924159232,-17.584969662,164.980412187
521.927091682,-17.5388619425,164.982834968
521.92952083,-17.5006681133,164.984841911
521.931512993,-17.4693452878,164.986487814
521.933118517,-17.4441017417,164.987814274
521.934408244,-17.4238235493,164.988879825
521.935427626,-17.4077960198,164.989722018
521.936187511,-17.3958485257,164.99034982
521.936751899,-17.3869748244,164.990816105
521.93717066,-17.3803907674,164.991162076
521.937474318,-17.3756164518,164.991412951
521.937691165,-17.3722070391,164.991592105
521.937850325,-17.369704621,164.9917236
521.937992033,-17.3674765941,164.991840676
521.938118496,-17.3654882738,164.991945156
521.938233114,-17.3636861726,164.992039851
521.938311801,-17.3624490121,164.99210486
521.938394306,-17.3611518115,164.992173023
521.93842219,-17.3607134054,164.99219606
0.0,-0.0,-0.0
39.5461350204,13.8491362117,-217.280482987
56.414640991,17.1272324306,-307.139725633
69.5376811328,17.581304597,-374.795830431
81.0101269029,16.0115242198,-431.75822161
91.6219023702,12.6227078328,-482.146017503
101.640319809,7.54011336937,-527.26828229
111.274245848,0.739999243729,-567.809485929
120.710270802,-7.93488250917,-604.08049722
130.160232839,-18.6729637538,-636.509729008
139.751028281,-31.6382201288,-665.072911346
149.52574287,-46.959251451,-689.34314104
159.304873687,-64.3974201139,-708.520277304
169.0604948,-83.7891128311,-722.371660535
178.902485186,-105.152051745,-730.935872185
189.074613321,-128.95993029,-734.134833543
199.722349551,-155.570361495,-731.573481532
210.884214191,-185.061347634,-722.777710506
222.619061649,-217.507893381,-707.297341326
234.900050421,-252.633134177,-684.899800133
247.63516147,-289.790417253,-655.713888411
260.715012,-328.115525921,-620.272046104
274.005658395,-366.587795573,-579.54796598
287.338842111,-404.090473385,-534.930638111
300.657147154,-439.882771236,-487.566856782
313.886191053,-473.260566808,-438.600698658
326.935820419,-503.606354055,-389.104489342
339.584738084,-530.27310831,-340.5259935
351.684347199,-552.951093074,-293.907455983
363.240437857,-571.708934937,-249.565191397
374.315809406,-586.685943795,-207.485875524
384.952033826,-597.972776364,-167.661283084
395.148266049,-605.5990902,-130.186179606
404.852351028,-609.589432726,-95.2910814165
414.026176475,-610.021084683,-63.1075496296
422.691236397,-607.024721342,-33.5245437016
430.865079108,-600.7276763,-6.43102845629
438.564800935,-591.258779458,18.290206967
445.794442106,-578.782325947,40.7204200005
452.605784385,-563.378234673,61.0879786625
459.040523358,-545.121151032,79.5807033037
465.101737944,-524.170022802,96.2687839439
470.725814786,-501.031001981,111.058232536
475.86069702,-476.297067191,123.910936313
480.528972869,-450.37039111,134.997097537
484.823359142,-423.192801421,144.632702505
488.836071088,-394.639345565,153.109768623
492.56699912,-365.196344128,160.513893147
496.014118243,-335.343577374,166.922480643
499.175801564,-305.561464897,172.412998858
502.065389642,-276.284104041,177.100399632
504.687946295,-247.975631322,181.075721142
507.050627357,-221.027957222,184.42449392
509.169562053,-195.689625508,187.238710677
511.04494393,-172.340814904,189.580323051
512.677805617,-151.293317413,191.503683421
514.086579163,-132.582104876,193.074581417
515.304986523,-115.961582199,194.36359676
516.369732705,-101.086027312,195.434612722
517.295015354,-87.8834417564,196.322041777
518.087839724,-76.3611661721,197.049604204
518.753495346,-66.5324188081,197.636403698
519.307666672,-58.2435694141,198.108393697
519.768244599,-51.2810124696,198.489200295
520.152870257,-45.4134359588,198.798931194
520.471300645,-40.5187979857,199.049621451
520.733209701,-36.4689492109,199.252054273
520.947542321,-33.140336396,199.415410577
521.121486451,-30.4288057583,199.546379795
521.261269733,-28.2422784818,199.650465845
521.372346287,-26.4996503438,199.732389874
521.461381847,-25.0987020531,199.797446931
521.531934063,-23.9852888974,199.848521316
521.585674637,-23.134815412,199.887087717
521.626027619,-22.4949304899,199.915863964
521.656699029,-22.0080206304,199.937655585
521.681043491,-21.6212171298,199.954902773
521.700623347,-21.3099234577,199.968745506
521.716526496,-21.0570361091,199.979980194
521.72941069,-20.8521712673,199.989082719
521.739861295,-20.6860066999,199.996465602
521.748197683,-20.5534628452,200.002354854
521.754480823,-20.4535668685,200.006793522
521.759157515,-20.3792133162,200.010097304
521.762707511,-20.322773627,200.012605131
521.765641722,-20.2761245249,200.014677939
521.768072328,-20.2374822481,200.01639498
521.770065688,-20.2057916585,200.017803133
521.771672176,-20.1802517312,200.018937989
521.772962677,-20.1597354588,200.019849623
521.773982671,-20.1435197574,200.020570164
521.774743013,-20.1314319944,200.021107282
521.775307739,-20.1224541128,200.021506213
521.775726752,-20.1157927569,200.02180221
521.776030593,-20.1109623897,200.022016847
521.77624757,-20.1075129497,200.022170123
521.776406826,-20.1049811527,200.022282624
521.776548619,-20.1027269684,200.022382788
521.776675157,-20.1007153049,200.022472177
521.776789844,-20.0988920468,200.022553193
521.776868578,-20.0976403618,200.022608812
521.776951133,-20.0963279319,200.02266713
521.776979034,-20.0958843789,200.022686839
0.0,-0.0,-0.0
43.2834348796,11.2075809306,-233.574166207
60.8839858067,12.5773529524,-325.130834596
74.5146778899,11.1423491421,-393.269364357
86.444660045,7.56815240584,-450.160209143
97.3584731041,2.11722544328,-499.381878346
107.645123441,-5.20170193144,-542.546313404
117.582668762,-14.5517002706,-580.392024341
127.43563289,-26.1156715178,-613.599021763
137.359564363,-40.0470082446,-642.277129882
147.413898663,-56.462177646,-666.075476682
157.42592263,-75.0821586721,-684.284683338
167.377164965,-95.7124672868,-696.754976471
177.386876507,-118.348993731,-703.585794054
187.707150186,-143.466675014,-704.721067169
198.487716368,-171.406311422,-699.806118889
209.768974478,-202.208817331,-688.439012946
221.611515209,-235.910342604,-670.249304584
233.989264602,-272.182610116,-645.113461258
246.810657871,-310.324861333,-613.281153822
259.966929563,-349.427402955,-575.399452514
273.324814847,-388.438912152,-532.542273532
286.716720573,-426.231415127,-486.173141465
300.086398748,-462.074077034,-437.462940501
313.360410666,-495.284246304,-387.552661308
326.449378764,-525.275495398,-337.486604664
339.132354649,-551.445481719,-288.668619494
351.261299067,-573.528158794,-242.079216102
362.842819503,-591.623033249,-197.974094847
373.940468674,-605.888836546,-156.291401314
384.596369146,-616.430985467,-116.98472734
394.810044973,-623.292328058,-80.1164600248
404.529565612,-626.511579319,-45.8866174408
413.717031104,-626.176603713,-14.4009862883
422.394195354,-622.422175826,14.4685390812
430.578815799,-615.378405033,40.8460940736
438.28816219,-605.175782323,64.8586727956
445.526404964,-591.980900287,86.5959677342
452.345489131,-575.870652233,106.288096531
458.787237731,-556.917407262,124.123829687
464.854799127,-535.281468959,140.176972924
470.48455396,-511.478679604,154.363713034
475.624450917,-486.110529611,166.654518739
480.297151283,-459.58003057,177.219847126
484.595498805,-431.820233051,186.367339262
488.611821087,-402.697943722,194.380343073
492.346029462,-372.704361937,201.346260367
495.796115814,-342.323624902,207.34418614
498.960468406,-312.040119354,212.453046296
501.852453373,-282.290629748,216.787654746
504.477150926,-253.542551877,220.439628231
506.841733203,-226.190017045,223.494587335
508.962351173,-200.481850161,226.043387377
510.839205926,-176.800712791,228.148680526
512.473337263,-155.460089888,229.865236009
513.883196793,-136.493102773,231.256918918
515.102536424,-119.648996111,232.390290041
516.168092062,-104.576086525,233.324758842
517.094074205,-91.2004337277,234.093105366
517.88749504,-79.5286679242,234.71831143
518.553649406,-69.5735103449,235.218933648
519.108234525,-61.1788254414,235.619021563
519.569155383,-54.1278994398,235.939961377
519.954066743,-48.1862224528,236.199616799
520.272733198,-43.2300266539,236.408793721
520.534836103,-39.1294174446,236.577047245
520.749327148,-35.7591991055,236.712415071
520.923399711,-33.0138524924,236.8206563
521.063286112,-30.8001067744,236.906466346
521.17444455,-29.0358180096,236.973859226
521.263545709,-27.6174770601,237.027260716
521.334149884,-26.49025457,237.06909213
521.387930022,-25.6292411996,237.100612611
521.428312703,-24.9814308831,237.124095316
521.459006683,-24.4884929139,237.141862345
521.483369056,-24.0969022445,237.15591448
521.502963316,-23.7817569414,237.167187123
521.518878163,-23.5257412459,237.17633433
521.531771833,-23.3183425066,237.183745793
521.542230124,-23.1501229676,237.189757101
521.550572644,-23.0159400957,237.19455231
521.556860404,-22.9148089168,237.198166427
521.561540536,-22.8395360452,237.200856495
521.565093141,-22.7823985572,237.202898471
521.56802951,-22.7351727233,237.204586242
521.570461904,-22.6960527184,237.205984334
521.572456729,-22.6639703524,237.207130919
521.574064399,-22.6381146926,237.208054973
521.575355849,-22.6173447957,237.20879727
521.576376593,-22.6009286362,237.20938397
521.577137494,-22.5886914462,237.209821319
521.577702636,-22.5796025821,237.210146149
521.578121957,-22.5728588806,237.210387165
521.57842602,-22.5679688021,237.210561933
521.578643157,-22.5644767215,237.210686738
521.57880253,-22.5619136275,237.210778342
521.578944428,-22.5596315779,237.210859901
521.579071059,-22.5575950471,237.210932686
521.57918583,-22.5557492507,237.210998654
521.579264622,-22.554482093,237.211043941
521.579347238,-22.5531534395,237.211091427
521.579375159,-22.5527044035,237.211107475
0.0,-0.0,-0.0
46.668402207,7.23896253273,-246.63831651
65.0905443664,6.23929012669,-339.742237299
79.3466254334,2.49306974455,-408.288663001
91.6734387269,-3.38321700954,-464.167223245
102.924366542,-11.3129082351,-511.402931301
113.571369158,-21.4603610993,-551.684277496
123.977209129,-33.9959981258,-586.181192313
134.347849942,-49.0566612422,-615.253088234
144.77060951,-66.7421830826,-638.687635546
155.085332873,-86.7244687518,-655.911376027
165.288132502,-108.771693695,-666.893468356
175.511697325,-132.852272642,-671.82210039
186.019551701,-159.440069315,-670.68254282
196.967322535,-188.853547476,-663.180861861
208.398124376,-221.088951879,-649.009662373
220.374981704,-256.136986174,-627.899311714
232.872975144,-293.611997242,-599.855532563
245.801260962,-332.755705242,-565.264048092
259.051962553,-372.612876037,-524.895277364
272.492750271,-412.10489352,-479.925471324
285.956925449,-450.098988573,-431.887984546
299.389732521,-485.881595304,-381.96845017
312.718932087,-518.799132756,-331.292647681
325.856127551,-548.303510255,-280.863449862
338.580819759,-573.84485817,-232.025884793
350.745668831,-595.206035391,-185.686787902
362.35829442,-612.519330719,-142.03480572
373.483178777,-625.963101218,-100.95653181
384.163123129,-635.657393189,-62.3655800513
394.398106578,-641.65814491,-26.290469553
404.136475815,-644.018337248,7.10089846671
413.340592467,-642.836139847,37.7292367992
422.032529452,-638.249587497,65.7390162182
430.230300732,-630.39079628,91.2666633895
437.951388642,-619.391211198,114.44806916
445.200123215,-605.419198591,135.380652612
452.028649152,-588.547790754,154.29486179
458.47894536,-568.846441669,171.379252664
464.55424521,-546.476529862,186.710710317
470.190922309,-521.963922122,200.216023866
475.336932355,-495.918847837,211.874457243
480.015025901,-468.744890453,221.855955172
484.318201573,-440.365500624,230.458199487
488.338924018,-410.63855647,237.95442002
492.077130146,-380.06032647,244.433681643
495.530832471,-349.119460378,249.976653368
498.698437787,-318.304445869,254.663607689
501.593343439,-288.054826101,258.608961986
504.22064965,-258.841367042,261.904764719
506.587548457,-231.060475043,264.636559503
508.71021735,-204.961206465,266.893801462
510.588866628,-180.928789621,268.739786498
512.224544851,-159.278444025,270.229634606
513.635727471,-140.041288762,271.42501437
514.856202901,-122.961080624,272.388019656
515.922744697,-107.679815086,273.17311644
516.849579021,-94.1214833327,273.811264279
517.643726513,-82.2919511007,274.324609641
518.310488477,-72.2034031591,274.731088529
518.865577701,-63.6970516607,275.052652618
519.326916333,-56.5528968493,275.308229305
519.712175747,-50.5330504367,275.513223759
520.031129785,-45.5119208067,275.677094092
520.293468844,-41.3577702833,275.808050684
520.508152887,-37.9436692392,275.912880651
520.682381908,-35.1626571825,275.996326058
520.822393931,-32.9202051944,276.062198923
520.933652123,-31.1330722581,276.113740901
521.022833196,-29.6963885402,276.15442895
521.093500667,-28.5546024358,276.186178983
521.147329002,-27.6824734925,276.21001474
521.187747864,-27.0263049107,276.227724151
521.218469338,-26.5270096119,276.241101931
521.242853531,-26.1303703423,276.251669572
521.262465338,-25.8111630791,276.260139332
521.278394436,-25.5518482197,276.26701
521.291299651,-25.3417772388,276.272577251
521.301767305,-25.1713905412,276.277092777
521.310117293,-25.0354791789,276.280694871
521.316410683,-24.9330453721,276.283409773
521.321095004,-24.8568030006,276.285430553
521.32465079,-24.7989296257,276.286964497
521.327589787,-24.7510955809,276.288232366
521.330024358,-24.711471773,276.28928263
521.332020969,-24.6789762474,276.290143962
521.333630077,-24.6527876227,276.290838127
521.334922684,-24.6317502587,276.291395754
521.335944341,-24.6151227007,276.291836496
521.336705923,-24.6027279281,276.292165041
521.337271571,-24.5935220244,276.292409061
521.337691267,-24.5866914831,276.292590117
521.337995603,-24.5817384344,276.292721407
521.338212934,-24.5782013858,276.292815164
521.33837245,-24.5756052867,276.292883979
521.338514474,-24.573293851,276.292945248
521.338641219,-24.5712310958,276.292999925
521.338756093,-24.5693615311,276.293049482
521.338834955,-24.5680780562,276.293083503
521.338917645,-24.5667322936,276.293119175
521.338945591,-24.5662774754,276.293131231
0.0,-0.0,-0.0
49.9701247694,1.8389475963,-257.565080327
69.3011123168,-2.1056089667,-351.775551781
84.0732821072,-8.5289451084,-419.422304724
96.8151753219,-17.214485,-473.206260391
108.487944286,-28.3263741044,-517.271106192
119.658252115,-42.0156129559,-553.824434731
130.627172399,-58.3966850285,-583.709135071
141.531766838,-77.5487718169,-606.967504501
152.235273408,-99.0858321512,-623.235916658
162.756712235,-122.732446939,-632.655855088
173.248215299,-148.423708051,-635.543520947
183.989017596,-176.629858939,-631.953011285
195.142904174,-207.640986443,-621.67799455
206.756905847,-241.401137783,-604.532294632
218.897442124,-277.849757396,-580.370445998
231.541310038,-316.539720146,-549.346983139
244.598782164,-356.65469992,-511.995126294
257.96324485,-397.197163074,-469.211755377
271.503640135,-437.067793204,-422.271052314
285.054454434,-475.13814451,-372.764974722
298.562802617,-510.720730459,-321.880086204
311.95793855,-543.199350383,-270.711597324
325.152679807,-572.071468374,-220.205741533
337.927094799,-596.846804286,-171.632833098
350.134701029,-617.361075501,-125.814941522
361.784340447,-633.779913067,-82.8693160256
372.941612997,-646.300408977,-42.6301536182
383.650134964,-655.056234934,-4.97112495554
393.910432033,-660.115580974,30.1130916466
403.671184555,-661.545099754,62.4870157609
412.89506811,-659.452417257,92.0973739217
421.604536819,-653.977623845,119.103257066
429.817910929,-645.25379855,143.651736315
437.552926397,-633.412431786,165.886044114
444.814103636,-618.622957656,185.910071531
451.653824981,-600.953694605,203.95280063
458.114254762,-580.470533059,220.201128036
464.198727607,-557.335556936,234.734219116
469.843609183,-532.084693037,247.489548548
474.996863849,-505.336871202,258.455079133
479.681348238,-477.495928791,267.799331704
483.990244717,-448.475108382,275.808465079
488.016180457,-418.122885428,282.744235227
491.759122784,-386.940657033,288.697138104
495.217108747,-355.421622248,293.749219095
498.388567167,-324.058394729,297.98191493
501.286932426,-293.293277467,301.508954949
503.917328508,-263.600430679,304.422630533
506.286971064,-235.378530003,306.808214323
508.412069031,-208.876805612,308.75350204
510.292843647,-184.483069053,310.32234406
511.930353869,-162.514268855,311.570121393
513.343103409,-142.999418042,312.556064603
514.564923926,-125.67659466,313.33743254
515.632633577,-110.181272212,313.963370966
516.560477079,-96.4352983283,314.462862639
517.355485088,-84.4437390223,314.857134645
518.022966574,-74.2182162834,315.163438162
518.578652755,-65.597210287,315.401473473
519.040486108,-58.3573410011,315.587539003
519.426157679,-52.257247011,315.734416297
519.745452266,-47.1694613982,315.850124022
520.00807097,-42.9603524994,315.941438391
520.222983554,-39.501209504,316.013814027
520.397397848,-36.6835912071,316.070910036
520.537558627,-34.4116765095,316.115598263
520.648934942,-32.6010978922,316.150298661
520.738210646,-31.1455886182,316.177479436
520.808953069,-29.9888556225,316.198519119
520.862838476,-29.1053185494,316.214191041
520.903300182,-28.4405717117,316.225767401
520.934054214,-27.9347517772,316.234482514
520.958464245,-27.5329310554,316.241348662
520.97809683,-27.2095549536,316.246841024
520.994042803,-26.9468541386,316.251293427
521.006961688,-26.7340406331,316.254901665
521.01744043,-26.5614297881,316.257828303
521.025799262,-26.4237444888,316.260163022
521.032099317,-26.3199738085,316.261922742
521.036788599,-26.2427364511,316.263232581
521.040348151,-26.184107846,316.264226875
521.043290261,-26.1356496038,316.26504871
521.04572741,-26.0955087511,316.2657295
521.047726136,-26.0625892071,316.266287826
521.049336948,-26.0360588665,316.266737796
521.050630924,-26.014747006,316.267099262
521.051653663,-25.9979024937,316.267384961
521.052416052,-25.9853459973,316.267597932
521.052982298,-25.9760199782,316.267756113
521.053402439,-25.9691003148,316.267873478
521.053707097,-25.964082641,316.267958585
521.053924658,-25.9604994429,316.26801936
521.054084343,-25.9578694713,316.268063968
521.054226518,-25.9555278773,316.268103685
521.054353397,-25.9534382084,316.268139128
521.054468392,-25.9515442507,316.268171253
521.054547338,-25.9502440299,316.268193306
521.054630115,-25.9488807086,316.26821643
521.054658091,-25.9484199562,316.268224245
0.0,-0.0,-0.0
53.3524631128,-5.22527621229,-266.616972201
73.4240716588,-12.614723655,-360.107203168
88.7301529863,-22.3655657234,-425.502399137
101.978038917,-34.7215614315,-475.732811171
114.244803754,-49.8289833731,-515.597413263
126.03340458,-67.7835118084,-546.964676271
137.576889023,-88.6449121741,-570.367675629
148.783618584,-111.962163056,-585.783698048
159.710088452,-137.41163951,-593.611234968
170.537445038,-164.889862617,-594.352545772
181.566992532,-194.861498351,-588.170166374
192.974019594,-227.582126477,-574.981101513
204.811290117,-262.936509025,-554.752501393
217.150015882,-300.808341416,-527.488842846
229.969551771,-340.687343872,-493.511821907
243.181881714,-381.70197243,-453.508934401
256.68218798,-422.81920625,-408.50025064
270.341144903,-462.928875192,-359.846629479
283.99481024,-500.918482047,-309.181047397
297.5926366,-536.136664799,-257.673169965
311.065729964,-568.013322516,-206.369696834
324.328403473,-596.09838809,-156.143892848
337.161440205,-619.967436226,-108.175189744
349.419402036,-639.51168842,-63.1911391801
361.112594252,-654.929391817,-21.2355483851
372.307948193,-666.434473658,17.9084103067
383.050049646,-674.172449447,54.4051728873
393.340074547,-678.222287131,88.2924221762
403.127101095,-678.663144081,119.466182455
412.374178,-675.610801163,147.897630342
421.104210134,-669.205927797,173.757836699
429.335879569,-659.581327947,197.202170946
437.087221589,-646.86749491,218.379107651
444.362981263,-631.234108089,237.397320906
451.21582055,-612.743927404,254.482239568
457.68812189,-591.458643509,269.817444717
463.783339187,-567.540628283,283.483386568
469.437829359,-541.535707366,295.428052315
474.599567396,-514.071302789,305.647781781
479.291534546,-485.551174587,314.308664623
483.607128602,-455.877918629,321.683822946
487.639167215,-424.890299188,328.022262605
491.387653462,-393.094826539,333.415619191
494.850653239,-360.989217439,337.947063807
498.026621259,-329.070174312,341.698969548
500.929035343,-297.782725988,344.784068978
503.563047357,-267.60440311,347.294682842
505.935900648,-238.936113571,349.31560429
508.063841002,-212.027206174,350.932717636
509.9471025,-187.268053618,352.210318813
511.5867563,-164.977301675,353.203946238
513.001339207,-145.181789563,353.970175672
514.224733502,-127.613819596,354.561122568
515.293809538,-111.902250219,355.020304239
516.222833755,-97.9667464811,355.37459434
517.018848535,-85.8115533341,355.644226726
517.687171821,-75.4477135499,355.845710993
518.243556403,-66.7109411281,355.996372177
518.705968543,-59.374437222,356.109744982
519.092122302,-53.1933295987,356.195857966
519.411815302,-48.0382554119,356.261218217
519.674761163,-43.7736692623,356.311097962
519.889941117,-40.2690611421,356.349555743
520.064572161,-37.4144939728,356.37911673
520.204906968,-35.1128414964,356.401668824
520.316421475,-33.2785986963,356.418772335
520.405807887,-31.8040885494,356.431840828
520.476637996,-30.6322694437,356.441690951
520.530590171,-29.7372179077,356.448834098
520.571101998,-29.0638128264,356.454003431
520.601894119,-28.5514074272,356.457847683
520.626334377,-28.1443569531,356.460847119
520.645991271,-27.8167731592,356.463229221
520.661956985,-27.5506548481,356.465155466
520.674891863,-27.3350732892,356.4667173
520.685383577,-27.1602176044,356.467984177
520.693752755,-27.0207418715,356.468994992
520.700060608,-26.9156218897,356.46975693
520.704755694,-26.8373802992,356.470324121
520.708319651,-26.7779894462,356.470754698
520.711265402,-26.7289012073,356.471110609
520.713705568,-26.6882385068,356.471405448
520.715706767,-26.6548910059,356.471647258
520.717319573,-26.6280157757,356.471842144
520.71861515,-26.6064268694,356.4719987
520.719639155,-26.5893633879,356.472122443
520.720402487,-26.5766436658,356.472214687
520.720969434,-26.5671964159,356.472283201
520.721390095,-26.5601868029,356.472334036
520.72169513,-26.5551039041,356.472370899
520.721912961,-26.5514741278,356.472397223
520.722072843,-26.5488099692,356.472416544
520.722215194,-26.5464379368,356.472433747
520.72234223,-26.5443211044,356.4724491
520.722457368,-26.5424025273,356.472463014
520.722536412,-26.5410854049,356.472472566
520.722619291,-26.5397043619,356.472482582
520.722647301,-26.5392376202,356.472485967
0.0,-0.0,-0.0
56.5283483226,-13.9914861734,-271.866469329
77.4142593464,-25.7727941784,-363.041162816
93.3779161679,-39.9589013774,-424.427999919
107.329583989,-56.9316479316,-469.90272784
120.292841364,-76.8332672076,-503.91170257
132.710036848,-99.7304079942,-528.028863597
144.582592545,-125.110053461,-542.829946586
156.032246331,-152.602051952,-549.115843888
167.285634813,-182.062141177,-547.66564787
178.676275732,-213.949826186,-538.809054619
190.396226454,-248.481060192,-522.634520111
202.506867568,-285.475764051,-499.301034593
215.08633156,-324.759931326,-468.990653472
228.117831867,-365.762048498,-432.207701027
241.515979235,-407.562513436,-389.793995729
255.178533992,-449.103765163,-342.881570695
268.978554943,-489.277993705,-292.899108252
282.754203423,-527.002510942,-241.496761584
296.457873556,-561.67289729,-189.806227617
310.022981199,-592.773748412,-138.806226573
323.365689834,-619.913572882,-89.2807621841
336.267687441,-642.73876441,-42.3031093795
348.584811446,-661.197109751,1.50115869553
360.32911964,-675.517372827,42.1608383694
371.569128549,-685.927415724,79.9398803982
382.350576331,-692.582079543,115.037017787
392.67541192,-695.569052746,147.519266619
402.493187673,-694.978315976,177.311966809
411.767395341,-690.932122818,204.408113349
420.521471841,-683.570052152,228.98729188
428.774525865,-673.023270224,251.210201646
436.544945225,-659.420157468,271.22799327
443.837739535,-642.929753317,289.15207064
450.705898946,-623.608464495,305.202010104
457.192061773,-601.513191391,319.556274012
463.299822087,-576.806160516,332.295452497
468.965527351,-550.042784189,343.377647905
474.137165623,-521.85864383,352.807065929
478.837864124,-492.657107336,360.746307067
483.161272423,-462.329856923,367.454036809
487.200430677,-430.705799871,373.165346936
490.95538388,-398.296495465,377.972681431
494.424231754,-365.604102004,381.960050914
497.60545936,-333.129333116,385.210507257
500.512595304,-301.3198925,387.835475349
503.150824071,-270.656627979,389.927079701
505.52742139,-241.542625751,391.569421779
507.658676088,-214.227308044,392.846238674
509.544837276,-189.103561234,393.822151263
511.186990385,-166.491680338,394.5527446
512.603710845,-146.416297237,395.091752068
513.828939986,-128.603922065,395.485899021
514.899609035,-112.676796038,395.772835036
515.830009773,-98.5523939811,395.977217575
516.627198265,-86.2341313398,396.118224869
517.296502922,-75.7324645494,396.211576697
517.853701692,-66.8803454186,396.272128521
518.316788567,-59.4475639709,396.310551221
518.703504447,-53.1857464583,396.334025691
519.023661898,-47.9636390026,396.347494318
519.286989145,-43.6437883679,396.354674522
519.502480784,-40.0938913503,396.358182857
519.677364502,-37.2025196468,396.359373934
519.817902182,-34.8712461177,396.35912042
519.929577784,-33.0134323091,396.358095955
520.019093251,-31.5199961333,396.35662699
520.090025578,-30.3331502312,396.354950937
520.144055587,-29.4266293612,396.353309057
520.184625843,-28.7445999036,396.351879037
520.215462366,-28.2256347958,396.350706307
520.239937861,-27.8133750219,396.349723091
520.259623091,-27.4815999939,396.348901711
520.275611819,-27.2120775707,396.348226103
520.28856534,-26.9937388189,396.347680223
520.299072174,-26.8166471138,396.34723762
520.307453414,-26.6753879896,396.346884878
520.313770357,-26.5689240182,396.346619152
520.318472209,-26.4896821505,396.346421455
520.322041302,-26.4295320538,396.346271434
520.324991297,-26.3798163021,396.346147469
520.327434979,-26.338633812,396.346044801
520.329439062,-26.3048600424,396.345960617
520.331054192,-26.2776412834,396.34589278
520.332351636,-26.2557764248,396.345838293
520.333377116,-26.2384948385,396.345795231
520.334141548,-26.2256125351,396.345763133
520.334709312,-26.216044533,396.345739294
520.335130579,-26.2089453255,396.345721607
520.335436054,-26.2037974591,396.345708782
520.335654198,-26.2001212886,396.345699623
520.335814311,-26.1974230779,396.345692901
520.335956867,-26.1950207274,396.345686917
520.336084086,-26.1928768387,396.345681576
520.33619939,-26.1909337393,396.345676735
520.336278547,-26.1895997822,396.345673412
520.336361546,-26.1882010875,396.345669927
520.336389597,-26.1877283802,396.34566875
0.0,-0.0,-0.0
59.690129129,-25.218345551,-272.423589957
81.5056496352,-42.8585909495,-358.78304152
98.3272792266,-62.5492325751,-414.648117919
113.070587688,-84.9741832098,-453.433311158
126.721397107,-110.343410403,-479.293957122
139.491067011,-138.123427072,-493.970321872
151.623034524,-167.918510197,-498.932564572
163.418942875,-199.550615327,-495.383031043
175.261067751,-233.480405521,-483.905641324
187.366600088,-269.882780759,-464.823126764
199.81010372,-308.511644318,-438.529077847
212.67984133,-349.138494649,-405.408650849
225.964857051,-391.138472176,-366.156296883
239.583759744,-433.557022799,-321.756974153
253.438002253,-475.327692956,-273.432791533
267.403920927,-515.361186774,-222.653053256
281.32248707,-552.619500528,-171.056037091
295.149780658,-586.555211225,-119.713527936
308.822082497,-616.714505438,-69.5181505365
322.257830123,-642.768295924,-21.1514160868
335.239850364,-664.435971667,24.4308462678
347.625525307,-681.72034973,66.7076894076
359.428988784,-694.876826149,105.775280421
370.720622577,-704.143208284,141.937451637
381.547518129,-709.680400121,175.420954674
391.912532244,-711.58216789,206.317189067
401.765775745,-709.947086663,234.576995334
411.071259975,-704.901849972,260.211297176
419.853041622,-696.583210306,283.403957748
428.130725706,-685.119324992,304.317499106
435.923109648,-670.635379173,323.102820689
443.235510369,-653.298899135,339.87172145
450.121297826,-633.15932766,354.835618804
456.623406302,-610.268331847,368.166075394
462.745592308,-584.78758103,379.942595577
468.42419344,-557.281531693,390.132682541
473.607213672,-528.393405319,398.747649453
478.317948769,-498.525912443,405.945608382
482.650338245,-467.559871377,411.969701322
486.697678362,-435.314474028,417.040290867
490.460062556,-402.306170638,421.250272067
493.935629649,-369.04140143,424.684183574
497.122899769,-336.024738615,427.425478922
500.035460033,-303.706471384,429.583998865
502.67853253,-272.570652969,431.251452149
505.059430303,-243.022459616,432.511055388
507.194491703,-215.31135616,433.444219533
509.083983181,-189.832647438,434.115763003
510.729006625,-166.908200018,434.581206835
512.148181873,-146.560466136,434.891328692
513.375518107,-128.510292138,435.087356558
514.448016486,-112.373462854,435.200984541
515.379997911,-98.0653111732,435.254604412
516.178534174,-85.5884373305,435.266304091
516.84896572,-74.952720684,435.250986098
517.407099391,-65.9884228065,435.221005852
517.870961032,-58.4620129464,435.184144124
518.25832236,-52.1217093824,435.14471272
518.57901311,-46.8344177666,435.106076511
518.842778272,-42.4608288155,435.070387292
519.058627794,-38.8668951263,435.038810793
519.233801637,-35.939737412,435.011524501
519.374572256,-33.579662933,434.988380613
519.486432828,-31.6989308731,434.96916183
519.576096477,-30.1870927095,434.9531029
519.647146172,-28.985635881,434.939859504
519.701265549,-28.0679628794,434.929401508
519.741902893,-27.3775474614,434.921348945
519.772790397,-26.8522039659,434.91514169
519.797306351,-26.4348788745,434.910161948
519.817024118,-26.099028454,434.906125958
519.833039269,-25.8261960208,434.902839479
519.846014197,-25.6051763161,434.900178591
519.856538392,-25.4259104325,434.898020599
519.864933481,-25.2829172488,434.896299591
519.871260861,-25.1751464697,434.895002654
519.875970481,-25.0949320008,434.894037431
519.879545471,-25.0340436687,434.893304812
519.88250034,-24.9837177688,434.892699317
519.88494806,-24.9420298733,434.892197772
519.886955453,-24.9078416318,434.891786471
519.888573252,-24.8802888513,434.891455008
519.889872839,-24.8581556775,434.891188749
519.890900013,-24.8406620228,434.890978308
519.891665708,-24.8276216378,434.89082144
519.89223441,-24.8179362255,434.890704932
519.892656373,-24.8107499034,434.890618486
519.892962353,-24.8055388675,434.890555802
519.893180858,-24.8018175869,434.890511039
519.893341234,-24.7990862666,434.890478184
519.893484026,-24.7966544371,434.890448931
519.893611455,-24.794484241,434.890422826
519.89372695,-24.7925172981,434.890399166
519.893806238,-24.7911669722,434.890382923
519.893889374,-24.7897511143,434.890365892
519.893917471,-24.7892726065,434.890360136
0.0,-0.0,-0.0
63.0188538307,-40.1225960213,-266.454554311
85.9841129106,-64.862541022,-346.089224016
103.73521379,-90.9010551129,-394.213210117
119.240001155,-119.405649349,-423.834380366
133.266829448,-150.024128651,-439.386531026
146.312215113,-182.417085828,-443.571084662
158.811497158,-216.40606949,-438.272249756
171.225173088,-252.473972706,-424.463791812
183.809837123,-290.762314657,-402.785292456
196.660863018,-330.966235922,-373.910259492
209.881726318,-372.813944986,-338.447049118
223.470395507,-415.642591928,-297.276611859
237.351583578,-458.481676062,-251.503712755
251.432070918,-500.274888074,-202.40970658
265.59273417,-539.96839495,-151.472694089
279.678324387,-576.582230217,-100.289820754
293.649566962,-609.633187249,-49.8549887614
307.446311574,-638.732512107,-0.962401262384
320.989799248,-663.613777972,45.8153479596
334.064294541,-684.067589835,89.6437677489
346.529052195,-700.147244842,130.102365221
358.400662391,-712.129383577,167.34461035
369.751697056,-720.257178503,201.703892849
380.630832984,-724.694025916,233.426598926
391.041990581,-725.536876402,262.621934592
400.935936972,-722.890357719,289.260976343
410.277291171,-716.883471665,313.367713368
419.090829187,-707.648644912,335.125757961
427.396731248,-695.309895286,354.695830098
435.214268775,-679.988371451,372.225661507
442.549114219,-661.849382801,387.825121869
449.455075058,-640.935165226,401.695532221
455.975426307,-617.291996415,414.000093861
462.1141119,-591.080676318,424.816086491
467.80745948,-562.873925064,434.119379916
473.003492377,-533.321902755,441.927414614
477.725700007,-502.826513028,448.393047593
482.068354011,-471.258204037,453.743476703
486.12504383,-438.426985573,458.184123036
489.89591862,-404.853941776,461.807992976
493.379162183,-371.049548351,464.699852766
496.573334965,-337.522006009,466.943293835
499.492091142,-304.724066373,468.646384074
502.140695933,-273.142816031,469.900236799
504.526505144,-243.185401658,470.787044282
506.665913811,-215.101327328,471.385816412
508.559208283,-189.288170363,471.761450076
510.207509324,-166.06926197,471.969307002
511.629487549,-145.464984141,472.057214208
512.859229662,-127.190830968,472.061002985
513.933816709,-110.856495612,472.006546358
514.867602863,-96.3752884629,471.914007531
515.667677891,-83.7490386707,471.80039254
516.339395996,-72.9870794288,471.679791737
516.898597018,-63.9171385248,471.562122783
517.363343177,-56.3025569444,471.452356013
517.751441379,-49.8883423167,471.352017262
518.072740961,-44.5396667099,471.262938712
518.337006059,-40.1154730384,471.185752697
518.553264148,-36.4800715135,471.120217929
518.728769201,-33.5192158082,471.065370784
518.869805746,-31.1320209022,471.020074614
518.981877481,-29.2297078048,470.983249069
519.071710296,-27.7005410969,470.953071912
519.142893977,-26.485325289,470.928635557
519.197115378,-25.557150103,470.909647015
519.237829309,-24.8588372971,470.895186554
519.268775014,-24.3274869811,470.88410802
519.293337155,-23.9053916227,470.875261386
519.313092065,-23.5657031872,470.868115086
519.329137382,-23.2897535552,470.862302464
519.342136746,-23.0662090882,470.857595213
519.352680762,-22.8848957056,470.853777515
519.36109166,-22.7402695071,470.85073266
519.367430955,-22.631268074,470.848437993
519.372149444,-22.5501376846,470.846730165
519.375731166,-22.4885541414,470.845433864
519.378691599,-22.4376536536,470.844362474
519.381143927,-22.3954898092,470.843475005
519.3831551,-22.3609112529,470.842747209
519.384775945,-22.3330439193,470.84216068
519.386077979,-22.3106580694,470.841689528
519.387107088,-22.292964707,470.841317142
519.387874224,-22.2797754546,470.841039556
519.388443997,-22.2699794758,470.840833388
519.388866754,-22.2627111166,470.840680417
519.38917331,-22.2574405932,470.840569493
519.389392226,-22.2536768319,470.840490281
519.389552905,-22.250914332,470.840432142
519.389695966,-22.2484547418,470.840380377
519.389823634,-22.2462597717,470.840334182
519.389939347,-22.244270375,470.840292314
519.390018784,-22.2429046345,470.84026357
519.390102077,-22.2414726138,470.840233432
519.390130227,-22.2409886436,470.840223247
0.0,-0.0,-0.0
66.7832990847,-58.7553009111,-254.345034058
90.9461508204,-91.6126854612,-324.323431871
109.573436186,-124.635701102,-361.932704897
125.486880489,-158.841283202,-380.274126169
139.812790997,-194.270807889,-384.727676127
153.254903608,-230.864338971,-378.376888257
166.410593393,-269.188155598,-362.812363273
179.602432877,-309.379225164,-339.104069697
192.960237951,-351.095913592,-308.254772064
206.611243003,-394.045456749,-271.110492665
220.56742506,-437.55015203,-228.725309423
234.76296156,-480.646683461,-182.292826232
249.112453718,-522.30860603,-133.120432315
263.503174863,-561.532394822,-82.6658547924
277.785040305,-597.405369703,-32.4626665021
291.924716782,-629.511556226,16.5822147939
305.866557826,-657.526529341,63.7759329424
319.535300869,-681.242982053,108.652110058
332.717045828,-700.516934957,150.492298712
345.273339018,-715.445223335,188.965375405
357.223697064,-726.31992377,224.268551094
368.643278644,-733.385437343,256.752987964
379.582627986,-736.804577274,286.675570441
390.046918311,-736.674936931,314.156142657
399.98769241,-733.104795876,339.180070571
409.370283579,-726.223636709,361.779315486
418.220306119,-716.158670831,382.133210031
426.558609473,-703.029177884,400.397569437
434.405015597,-686.951899921,416.714576647
441.76560975,-668.089572248,431.190266318
448.694704938,-646.477506857,444.014709703
455.23596961,-622.156840897,455.341922905
461.39356464,-595.287376001,465.246115608
467.103808016,-566.449136193,473.710260051
472.314746781,-536.298396425,480.756821835
477.050093425,-505.236283199,486.533039757
481.404500883,-473.123868034,491.250607343
485.471894934,-439.762942413,495.10056779
489.252488998,-405.678893987,498.175771596
492.744518765,-371.385924298,500.560969786
495.946591173,-337.395576825,502.339682365
498.872437419,-304.162928797,503.618151029
501.527372312,-272.177885637,504.486788608
503.91880078,-241.849428843,505.026709101
506.063182871,-213.427138066,505.314584708
507.960827828,-187.310678289,505.415298298
509.612878115,-163.824719303,505.383988728
511.038062518,-142.98776969,505.265681981
512.270556482,-124.51046697,505.091154771
513.347532471,-107.996979677,504.880847806
514.283382747,-93.3587872704,504.652834059
515.085217662,-80.5970233401,504.423097846
515.758407172,-69.7205288126,504.204961635
516.318828877,-60.554737473,504.00607303
516.784586605,-52.8601544668,503.828790894
517.173527513,-46.3788751745,503.672055289
517.495523364,-40.9744999117,503.536275244
517.760360192,-36.5043869405,503.420673498
517.977085516,-32.8313571544,503.323704259
518.152969338,-29.839923495,503.243346214
518.294309992,-27.4281188118,503.177546463
518.406623208,-25.5062221599,503.124425207
518.496649477,-23.9613302812,503.081181512
518.567986382,-22.7336280262,503.046386226
518.622324454,-21.7959215058,503.019502921
518.663125968,-21.0904411256,502.999112226
518.694138229,-20.5536390163,502.983525581
518.718753189,-20.1272141156,502.971100373
518.738550575,-19.7840422369,502.961075689
518.754630388,-19.5052633981,502.952925303
518.767657698,-19.2794274507,502.946324303
518.778224379,-19.096255767,502.940970681
518.786653356,-18.950147461,502.936700718
518.793006277,-18.8400291043,502.933482737
518.797734907,-18.758067442,502.931087693
518.801324327,-18.6958529395,502.929269755
518.804291123,-18.6444309685,502.927767223
518.806748722,-18.6018351644,502.926522616
518.808764217,-18.5669023683,502.925501934
518.810388545,-18.5387495548,502.924679365
518.811693378,-18.5161343829,502.924018603
518.812724698,-18.4982597714,502.923496354
518.813493484,-18.4849354111,502.923107054
518.814064481,-18.4750390853,502.922817914
518.814488147,-18.4676962717,502.92260338
518.814795361,-18.4623717594,502.922447815
518.815014748,-18.4585694438,502.922336724
518.815175772,-18.4557786462,502.922255186
518.81531914,-18.4532938611,502.922182589
518.815447083,-18.4510764069,502.922117803
518.815563044,-18.4490666319,502.922059084
518.815642652,-18.4476869015,502.922018773
518.815726124,-18.446240212,502.921976506
518.815754334,-18.4457512842,502.921962221
0.0,-0.0,-0.0
70.8840772552,-80.9312969004,-234.670954377
96.2090111679,-122.78439328,-291.603056788
115.328396917,-162.337165071,-316.522374942
131.597954901,-201.720372989,-323.012240117
146.378057506,-241.430596369,-316.663916289
160.540323395,-282.293808638,-300.135103831
174.529363422,-324.519433038,-275.113541489
188.536325254,-367.776512212,-243.002729743
202.72785384,-411.789302717,-204.905456965
217.138907463,-455.896911357,-162.034803824
231.718833464,-499.169788954,-115.642893706
246.394091175,-540.631169674,-67.0344289199
261.061244573,-579.340779504,-17.625038357
275.577467363,-614.45963512,31.1287257822
289.917232053,-645.639910955,78.407989576
304.030718468,-672.619003533,123.617182607
317.847126151,-695.243943894,166.387809093
331.154950703,-713.429236463,206.107148916
343.818600106,-727.308282026,242.519641057
355.86113908,-737.183747614,275.852387721
367.36083162,-743.298283235,306.463263657
378.370456715,-745.812006585,334.611338182
388.896686621,-744.821352014,360.420605477
398.891995617,-740.436406111,383.885262166
408.32256951,-732.785851922,405.040779073
417.215013419,-721.991379412,424.059063357
425.590966232,-708.167407153,441.088685259
433.470898082,-691.426293223,456.264561195
440.861380067,-671.928152407,469.687514219
447.817316848,-649.701963089,481.535823649
454.382836966,-624.784207619,491.953977495
460.562355708,-597.333722878,501.012567927
466.292182218,-567.936976457,508.700488761
471.520393078,-537.25564297,515.044245058
476.270960944,-505.690244881,520.185378385
480.638981703,-473.093616748,524.320917732
484.718771542,-439.260408692,527.628426645
488.51061893,-404.720045147,530.200422948
492.012820172,-369.990200636,532.121476534
495.224036481,-335.585527721,533.474895659
498.158088584,-301.963345371,534.365130783
500.820348999,-269.616208383,534.881851875
503.218279753,-238.954836474,535.105099815
505.368416334,-210.228954486,535.109340084
507.271094647,-183.84015877,534.959381675
508.927482407,-160.114355402,534.710106801
510.356375813,-139.068393571,534.403944477
511.592053056,-120.408559143,534.067032943
512.67179241,-103.734067219,533.714842276
513.610030239,-88.9547633305,533.363525677
514.413900742,-76.071166261,533.028124328
515.088792125,-65.091682887,532.721251317
515.65062568,-55.839693573,532.44848108
516.117553375,-48.0731587038,532.209791198
516.507468933,-41.5315572829,532.001765837
516.830270059,-36.077078615,531.823517047
517.095768118,-31.5656579425,531.672983854
517.313033816,-27.858778213,531.547432984
517.489355695,-24.8398363387,531.443880418
517.631048058,-22.4058916892,531.359439499
517.743640553,-20.466376232,531.291503155
517.833890554,-18.9073361012,531.236380382
517.905404664,-17.6683988011,531.192167686
517.959877667,-16.7221155833,531.158107227
518.000780472,-16.010185205,531.132325369
518.031869705,-15.4684769994,531.112640439
518.05654575,-15.0381558584,531.096961996
518.07639226,-14.6918491282,531.084320624
518.092511968,-14.4105242141,531.07404503
518.105571597,-14.1826261304,531.065722472
518.116164491,-13.9977821493,531.058972589
518.124614376,-13.8503400949,531.053588922
518.130983056,-13.7392166245,531.04953159
518.135723415,-13.6565069072,531.046511825
518.139321737,-13.5937246119,531.044219687
518.142295892,-13.5418333656,531.04232522
518.144759586,-13.498848848,531.040755954
518.14678008,-13.4635972777,531.039469022
518.148408437,-13.4351875661,531.038431879
518.149716506,-13.412366032,531.037598751
518.150750384,-13.3943283182,531.036940267
518.151521076,-13.3808823772,531.036449414
518.152093489,-13.3708957513,531.036084847
518.152518206,-13.3634859379,531.035814349
518.152826182,-13.358112842,531.035618203
518.153046113,-13.3542758323,531.035478132
518.153207537,-13.3514595702,531.035375324
518.15335126,-13.3489521129,531.035283789
518.153479521,-13.3467144257,531.035202102
518.153595769,-13.3446863128,531.035128065
518.153675575,-13.3432939932,531.035077239
518.153759253,-13.3418341035,531.035023945
518.153787534,-13.3413407146,531.035005934
0.0,-0.0,-0.0
75.1351671516,-106.447762612,-205.770602523
101.183631302,-156.822068665,-247.050512423
120.790420808,-202.348869036,-258.84747756
137.622741219,-246.290746385,-254.100490166
153.22679111,-290.322952359,-237.644990368
168.305805349,-334.940894783,-212.152871056
183.170943746,-379.931005416,-179.553460444
198.059175017,-425.103320054,-141.242192039
213.045189075,-469.860385357,-98.5834664986
228.103612867,-513.339307797,-52.8638280365
243.17952337,-554.634527659,-5.36525236785
258.183404895,-592.881422645,42.5504913562
272.982919868,-627.319736784,89.5075063618
287.563062064,-657.670170565,134.768733284
301.881722858,-683.729102478,177.826262959
315.873915386,-705.393173016,218.39726411
329.331323877,-722.62851762,255.961231677
342.121992188,-735.599010136,290.323353575
354.273347751,-744.614540578,321.727772039
365.867429503,-749.914439593,350.529594068
376.959722976,-751.655124301,376.98316174
387.558715361,-749.930906349,401.211233389
397.618013138,-744.852478278,423.212206584
407.104831079,-736.547022991,443.021457658
416.046957002,-725.130947546,460.801295151
424.466969996,-710.714118017,476.691509933
432.386110386,-693.404876775,490.818708485
439.811526308,-673.360946906,503.277658828
446.798820626,-650.605799315,514.234858439
453.392664338,-625.171927935,523.825352394
459.597773641,-597.217378318,532.115849466
465.350450568,-567.334336342,539.100115776
470.598808969,-536.189294148,544.807857677
475.367127266,-504.18245946,549.375082128
479.751019582,-471.159634027,552.985285606
483.84525842,-436.90944608,555.803685629
487.650220592,-401.96516675,557.922375551
491.164273773,-366.847758227,559.425650748
494.386143031,-332.074809697,560.39653177
497.329753917,-298.105852958,560.93778497
500.000546584,-265.435974362,561.138349418
502.406049925,-234.477576311,561.077246789
504.562887563,-205.480624526,560.826916543
506.471426685,-178.848524773,560.452063796
508.132864606,-154.908343401,560.007306436
509.566076172,-133.675486403,559.532715606
510.805459308,-114.852371333,559.050248138
511.888415555,-98.0338015278,558.570903159
512.829432679,-83.1281788754,558.109102875
513.635672681,-70.1354879742,557.679035337
514.312545049,-59.0637602203,557.292671656
514.876021962,-49.7345500994,556.953724685
515.344311443,-41.9035464503,556.660035675
515.735361429,-35.3078885655,556.406076284
516.059099828,-29.8085053145,556.189795456
516.325367497,-25.2600599859,556.007981592
516.543262134,-21.5228388168,555.856837357
516.720093861,-18.4792388137,555.732516001
516.862195571,-16.0254469593,555.631383836
516.975113111,-14.0701363813,555.550182329
517.065623506,-12.4984115218,555.484423328
517.137343858,-11.2494004503,555.431778524
517.191973903,-10.2954263163,555.391291795
517.232994595,-9.57771170452,555.360682798
517.264173415,-9.03160367544,555.337328353
517.288920554,-8.59778827761,555.318737039
517.308824236,-8.2486700837,555.303752748
517.324990376,-7.96506175266,555.291574303
517.338087619,-7.7353142939,555.281710321
517.348711021,-7.54897057014,555.27371028
517.357185241,-7.40033239948,555.267329448
517.363572261,-7.28830754106,555.262520598
517.368326271,-7.20492696979,555.258941486
517.371934955,-7.14163548115,555.256224772
517.374917674,-7.08932339288,555.253979386
517.377388462,-7.04599028097,555.252119436
517.379414774,-7.01045283801,555.250594116
517.38104782,-6.98181274382,555.249364854
517.382359655,-6.95880614715,555.248377398
517.38339651,-6.94062216582,555.247596937
517.384169421,-6.92706719332,555.247015158
517.384743483,-6.91699958784,555.246583058
517.385169422,-6.90952969015,555.246262453
517.385478285,-6.90411302545,555.246029972
517.38569885,-6.90024490269,555.245863954
517.385860738,-6.89740580452,555.245742102
517.386004875,-6.89487801519,555.245633611
517.386133505,-6.89262218344,555.245536792
517.386250088,-6.89057762537,555.245449041
517.386330123,-6.88917401598,555.245388799
517.386414043,-6.88770228875,555.245325633
517.386442405,-6.88720489916,555.245304286
0.0,-0.0,-0.0
78.8096680855,-133.157526576,-167.848380409
105.703398463,-191.677478359,-192.858965247
126.087008511,-242.544346738,-192.361320444
143.91314666,-291.135169422,-177.330839769
160.556795326,-338.945743081,-152.300760148
176.595869556,-386.157316663,-119.9781638
192.404708819,-432.808296188,-82.1250028102
208.131073214,-478.444079513,-40.2651249896
223.79359568,-522.315785918,4.29242078972
239.367650744,-563.616754803,50.2960419411
254.785211389,-601.572804954,96.4379843018
269.929480617,-635.508286832,141.416769866
284.799953589,-665.21419403,184.564921411
299.364923256,-690.544193012,225.448533518
313.567100661,-711.440993888,263.855867228
327.20247512,-727.916408264,299.343198899
340.143765993,-740.160212451,331.761881967
352.423811043,-748.488098521,361.36233473
364.12926936,-753.13622772,388.489798034
375.318924272,-754.257607366,413.388916636
386.003473153,-751.944414818,436.177286152
396.137906989,-746.30745562,456.853934673
405.690688788,-737.472330154,475.451565118
414.691023074,-725.550970805,492.121821311
423.162612168,-710.649443811,506.995077952
431.12761409,-692.872795109,520.189326539
438.59386412,-672.376858517,531.793011012
445.617790429,-649.180663812,541.961452968
452.244704517,-623.313564869,550.820798711
458.479679179,-594.93312291,558.433902536
464.259012552,-564.636626416,564.798473507
469.530865794,-533.094911344,569.946718177
474.319877019,-500.708266151,574.00952298
478.722266782,-467.316741371,577.158306713
482.833340972,-432.704117873,579.547338414
486.653580504,-397.407381845,581.268277942
490.181437183,-361.950649179,582.405122746
493.415711287,-326.854319529,583.040591617
496.370451124,-292.580151275,583.275947458
499.051176171,-259.625683129,583.199463813
501.465493628,-228.404976036,582.889246069
503.630130094,-199.168354282,582.415941474
505.54548948,-172.320936073,581.844149386
507.212803809,-148.190891588,581.228240759
508.651039655,-126.792405222,580.606208329
509.894734418,-107.824500675,579.996336623
510.981433166,-90.8780969192,579.405703784
511.925683541,-75.8603403177,578.847212577
512.734679957,-62.7707630783,578.334301347
513.413856709,-51.6170808973,577.878377023
513.979245207,-42.2192433305,577.481522348
514.449118707,-34.330931284,577.139708088
514.841488226,-27.6872104306,576.845556432
515.166316816,-22.1478942393,576.595998164
515.433479646,-17.5665192598,576.386814714
515.652105817,-13.8023105848,576.213277624
515.829530555,-10.7367766053,576.070784952
515.972108379,-8.26532873184,575.955049145
516.085403978,-6.29596574284,575.862241593
516.176217237,-4.71295455491,575.787176603
516.248177468,-3.45497920268,575.727154151
516.302990165,-2.49416035805,575.681044668
516.344147971,-1.77129749021,575.64621204
516.375430986,-1.22127324059,575.619646845
516.400260813,-0.784347558457,575.598506822
516.420230992,-0.43272679247,575.581472518
516.436451137,-0.147085927126,575.567629118
516.449592128,0.0843076841928,575.556416431
516.460251013,0.271986332064,575.547322538
516.468753536,0.421689157183,575.540069221
516.475161887,0.534516328294,575.53460282
516.479931773,0.618494013525,575.530534301
516.483552509,0.682238723153,575.5274461
516.486545189,0.734925391724,575.524893674
516.489024228,0.778568777162,575.522779389
516.491057307,0.814360666413,575.52104549
516.492695806,0.843205816519,575.519648133
516.494012021,0.866377130981,575.518525647
516.495052339,0.884691299816,575.517638461
516.495827831,0.898343317284,575.516977126
516.49640381,0.908482999659,575.516485938
516.496831172,0.916006376102,575.516121491
516.497141066,0.92146181976,575.515857219
516.497362367,0.925357635046,575.515668499
516.497524796,0.928217058731,575.515529984
516.497669414,0.930762944829,575.515406657
516.497798474,0.933034926334,575.515296598
516.497915446,0.935094121601,575.515196847
516.497995749,0.936507779556,575.515128368
516.498079949,0.937990043004,575.515056564
516.498108405,0.938490993442,575.515032298
0.0,-0.0,-0.0
82.3186986457,-159.842277272,-124.118747723
110.33392703,-225.68776015,-133.612911573
131.928581361,-281.99739116,-121.890171645
150.928096728,-334.626370471,-98.3030628904
168.610909062,-385.018829008,-66.9266246082
185.647312529,-433.781771769,-30.0431531248
202.327074437,-480.759386354,10.6280498089
218.747771735,-525.396710801,53.7500215947
234.934983347,-567.028631117,98.0950704907
250.854178137,-604.993518683,142.39852908
266.411666642,-638.710159576,185.418976073
281.626951757,-668.045070568,226.542688113
296.482315261,-692.910029553,265.394189304
310.93060014,-713.292388583,301.817660839
324.773556167,-729.245193655,335.430166222
337.889852036,-740.981491597,366.116050787
350.318943347,-748.823521836,394.124278729
362.1530563,-753.006245313,419.786163957
373.454927011,-753.680882519,443.334049865
384.237899648,-750.938428254,464.87817135
394.458630306,-744.89001347,484.41584316
404.087069776,-735.660174801,501.97565277
413.154087366,-723.357711656,517.698701354
421.684701267,-708.086050868,531.706258708
429.702141289,-689.94797701,544.108166337
437.215044672,-669.098174716,554.98686636
444.280794719,-645.552510071,564.487725969
450.945443255,-619.338199399,572.729008279
457.21447694,-590.61273101,579.770038098
463.024195294,-559.977936322,585.611639816
468.322818462,-528.108577689,590.287939202
473.135398514,-495.4054864,593.925366491
477.558849743,-461.704318563,596.685059033
481.68908742,-426.785233103,598.712016509
485.526712509,-391.188805813,600.097529662
489.070273851,-355.442179493,600.925336352
492.318658401,-320.068444915,601.277894112
495.286055015,-285.531605484,601.255212054
497.978074137,-252.33157584,600.94501151
500.402412633,-220.884055708,600.424630081
502.575914686,-191.439852429,599.763209947
504.499026367,-164.405701642,599.025266598
506.1730195,-140.110824421,598.264963593
507.616965191,-118.568414086,597.518539165
508.865559557,-99.4745884701,596.801177114
509.956510906,-82.4169227631,596.11664677
510.904435031,-67.3015011749,595.476569788
511.716563252,-54.127488008,594.89375321
512.398358114,-42.9023450727,594.379129075
512.96591838,-33.4446427384,593.933406391
513.437591449,-25.5063231806,593.550978345
513.831460028,-18.8206501104,593.222906645
514.15752711,-13.2464696466,592.945263334
514.425706857,-8.63633973519,592.712980528
514.645164052,-4.84856258125,592.520544342
514.823262446,-1.76387153857,592.362715385
514.966381126,0.722998770432,592.234654181
515.08010619,2.70463775479,592.132051037
515.171263492,4.29750980604,592.049131513
515.243496217,5.56331844058,591.982881885
515.2985164,6.53011935215,591.932026276
515.339829961,7.25748212731,591.893628419
515.371231337,7.81092958365,591.864352951
515.396155094,8.25057410349,591.841061482
515.41620081,8.60438253659,591.822296686
515.432482301,8.89180017178,591.807047841
515.445672989,9.12463276172,591.794696675
515.45637218,9.31347831224,591.784679439
515.464906854,9.46411177659,591.776689641
515.471339436,9.57764026135,591.770668192
515.476127357,9.6621398892,591.766186558
515.479761783,9.72628076122,591.762784781
515.482765777,9.77929485066,591.75997318
515.48525419,9.82320944543,591.757644207
515.487294955,9.85922374494,591.755734245
515.488939649,9.888248133,591.754194999
515.490260841,9.91156342587,591.752958532
515.491305091,9.92999139032,591.75198126
515.492083515,9.94372823373,591.751252771
515.492661672,9.95393091769,591.750711707
515.493090649,9.96150103926,591.750310253
515.493401715,9.96699037911,591.750019146
515.493623852,9.97091040008,591.749811262
515.493786895,9.97378759003,591.749658682
515.493932061,9.97634929427,591.749522832
515.494061608,9.97863539206,591.749401598
515.494179023,9.98070738151,591.749291718
515.494259629,9.98212982277,591.749216284
515.494344147,9.98362129578,591.74913719
515.494372711,9.98412535871,591.749110459
0.0,-0.0,-0.0
86.1506879674,-185.227086651,-78.5632589356
115.74562589,-258.61760766,-73.4983012057
138.682602945,-319.704326687,-52.2971119889
158.803641663,-375.163030102,-22.2735819744
177.534095778,-427.192174079,13.4293031543
195.467643604,-476.306756615,52.8185564942
212.852047339,-522.310519375,94.5082753472
229.799479673,-564.761583438,137.279733408
246.329118988,-603.153341095,179.896224561
262.382335996,-637.020804478,221.160883904
278.006723874,-666.319754442,260.500476438
293.203620477,-691.026714995,297.585514064
307.939330053,-711.176570063,332.30435807
322.023351501,-726.862438972,364.321745984
335.341957628,-738.320861583,393.545500992
347.942712808,-745.883671306,420.2193479
359.924550603,-749.788228723,444.659871298
371.354940155,-750.186718086,467.086904108
382.250390661,-747.170713111,487.602871214
392.569557774,-740.852510463,506.202341376
402.284161228,-731.356580274,522.909446745
411.427018994,-718.790255206,537.855812295
420.024684109,-703.255713904,551.154635072
428.101632193,-684.854677951,562.90862762
435.66743184,-663.741553231,573.194979975
442.78056522,-639.930364374,582.150670421
449.487934659,-613.447222183,589.887348491
455.795504424,-584.450007972,596.461327777
461.63958315,-553.54467394,601.87589072
466.968464228,-521.409610321,606.16665772
471.807672943,-488.44667902,609.456388017
476.254911281,-454.488410693,611.897799545
480.406785423,-419.312480049,613.628336059
484.264033851,-383.462982822,614.739037339
487.825316617,-347.470011283,615.3134664
491.089619895,-311.859272185,615.433900087
494.071292277,-277.097060317,615.199372535
496.776047774,-243.685624039,614.697193324
499.211685167,-212.042304913,614.004101403
501.395181864,-182.418519096,613.188031906
503.327032001,-155.222550515,612.313455741
505.008552709,-130.784635708,611.434382186
506.458933268,-109.117186042,610.585617375
507.713048928,-89.9138439245,609.779800211
508.808792144,-72.7593150972,609.017982845
509.76085563,-57.5587930711,608.310738339
510.576512399,-44.3111504318,607.670359372
511.261256914,-33.0236510428,607.107391452
511.831263877,-23.5136838968,606.621416858
512.304964267,-15.5316872314,606.205532148
512.700521582,-8.80935917711,605.849515078
513.027983835,-3.20470747252,605.548731658
513.297309128,1.43055966783,605.297415457
513.517702449,5.23894277259,605.08940632
513.696559688,8.3403849528,604.918939775
513.840287616,10.8407426832,604.780721635
513.954496447,12.8331188229,604.670045959
514.046041292,14.43461701,604.580653192
514.118580961,15.7072793452,604.509271168
514.173834862,16.6793152292,604.454503576
514.215323869,17.4106164395,604.413166951
514.246858569,17.967060164,604.381657397
514.271888132,18.4090845457,604.356592454
514.292018933,18.7648079564,604.336401171
514.308369525,19.053780885,604.319993784
514.321616192,19.2878730527,604.306704153
514.332360786,19.4777400084,604.295925796
514.340931675,19.6291880619,604.287328913
514.34739155,19.7433304002,604.280849937
514.352199787,19.8282868761,604.276027774
514.355849633,19.8927745005,604.272367518
514.358866373,19.946075173,604.26934228
514.361365342,19.9902271494,604.266836342
514.363414766,20.0264361175,604.264781253
514.365066438,20.0556173863,604.263125048
514.366393235,20.0790586983,604.261794629
514.367441916,20.0975862637,604.260743099
514.368223642,20.1113973519,604.259959256
514.368804251,20.1216551787,604.259377079
514.369235049,20.1292662143,604.25894512
514.369547435,20.1347852222,604.258631894
514.369770514,20.1387264294,604.258408214
514.369934249,20.1416191694,604.25824404
514.37008003,20.1441947186,604.258097867
514.370210127,20.1464931718,604.257967421
514.37032804,20.1485763594,604.257849192
514.370408988,20.1500064883,604.257768027
514.370493865,20.1515060221,604.257682923
514.37052255,20.1520128092,604.257654161
0.0,-0.0,-0.0
90.8757033147,-210.443657395,-33.4221857926
122.12337904,-290.36168795,-15.6311306213
146.303103065,-354.877156693,13.0710932404
167.540873405,-412.257988558,47.7950210376
187.203507011,-464.795281707,86.1513587273
205.856259616,-513.050529496,126.68835576
223.77202528,-556.981276148,168.188797547
241.060940705,-596.323148454,209.43639345
257.719895575,-630.773280669,249.270953486
273.837441077,-660.40524079,287.154881953
289.441713755,-685.276118066,322.799419972
304.517400892,-705.477384497,356.131535592
318.884664046,-721.145602103,386.855549439
332.439706312,-732.544270386,414.897776838
345.240214244,-740.019929027,440.496550886
357.393337139,-743.817154948,463.955499104
368.972299535,-744.092626845,485.483524325
379.997451979,-740.940809996,505.176103081
390.429886772,-734.476466026,523.025070985
400.243455742,-724.82529474,539.050564449
409.473285483,-712.094937543,553.376315402
418.147740098,-696.387773938,566.108844519
426.292759419,-677.805682872,577.345007978
433.919005503,-656.503694064,587.15768938
441.086237196,-632.495225237,595.67708774
447.842343306,-605.806247557,603.009528411
454.193844825,-576.595516235,609.208899544
460.077070641,-545.47288038,614.280477157
465.440406124,-513.120225752,618.261107268
470.30992233,-479.940935155,621.270654458
474.784222817,-445.765480014,623.455104537
478.960703252,-410.370007967,624.945882972
482.840261095,-374.302172352,625.833926801
486.421684994,-338.095029313,626.202735986
489.704075727,-302.276907895,626.134509655
492.701964903,-267.316497248,625.727578782
495.421185424,-233.718404335,625.068988398
497.869652854,-201.901659054,624.235045451
500.064496714,-172.118414154,623.292750776
502.006266393,-144.778481255,622.306580027
503.696331028,-120.213107852,621.330446065
505.15401449,-98.4340885588,620.398006117
506.414395669,-79.1329074816,619.519831833
507.515576226,-61.8917464421,618.694763829
508.472336334,-46.6150368919,617.932527222
509.291996448,-33.3014195037,617.245002513
509.980087351,-21.9580044992,616.64242605
510.552869984,-12.4011437931,616.123464093
511.028870203,-4.37994041791,615.680155036
511.426343196,2.3753044893,615.301226781
511.755388075,8.00732920272,614.981468746
512.026012804,12.6651832523,614.714543543
512.24746799,16.4920844008,614.493762368
512.427185992,19.6085825115,614.312930494
512.571604985,22.1210646316,614.166381022
512.686362546,24.1230942365,614.049083298
512.778346971,25.7323492982,613.95437995
512.851234799,27.0111759408,613.87878694
512.906753798,27.9879212088,613.820809346
512.948441806,28.7227659525,613.777061124
512.980127731,29.2819057018,613.74371818
513.005277304,29.726071584,613.717197808
513.025504614,30.0835182341,613.695835834
513.041933585,30.3738907269,613.678477657
513.055243745,30.6091163228,613.664417857
513.066039837,30.799902371,613.653014876
513.074651803,30.9520834058,613.643919787
513.081142637,31.0667780936,613.637065342
513.085973916,31.1521456405,613.631963724
513.089641252,31.2169452702,613.628091348
513.092672448,31.2705038065,613.624890791
513.095183393,31.314869375,613.622239629
513.097242638,31.3512535019,613.620065443
513.098902224,31.3805759286,613.618313257
513.100235379,31.4041306294,613.616905738
513.101289085,31.4227478132,613.615793269
513.102074557,31.436625705,613.614964
513.102657948,31.4469331476,613.614348085
513.10309081,31.4545809966,613.613891093
513.103404693,31.4601266987,613.613559715
513.103628841,31.4640869687,613.613323073
513.10379336,31.4669937002,613.613149384
513.10393984,31.4695817066,613.61299474
513.104070561,31.4718912768,613.612856735
513.104189038,31.4739845403,613.612731654
513.104270374,31.4754215863,613.612645785
513.104355658,31.4769283728,613.612555749
513.10438448,31.4774376112,613.61252532
0.0,-0.0,-0.0
96.2497735579,-234.401596144,9.21526741736
129.095582618,-319.463126996,37.8425584891
154.565692835,-386.647501712,72.5606892516
176.827810057,-444.938998213,110.634376893
197.26001965,-496.876618696,150.63755994
216.474014979,-543.259733682,191.401661018
234.749178509,-584.262038339,231.754566899
252.177123446,-619.840555405,270.585581061
268.910120957,-650.243663275,307.403617862
285.016169445,-675.640953885,341.966673733
300.506345023,-696.199417163,374.243157291
315.216139856,-712.108939269,403.975122617
329.055275815,-723.667802462,431.107201922
342.09456125,-731.245158343,455.875478067
354.451567615,-735.0992985,478.574486924
366.206757043,-735.395999845,499.405155876
377.385297568,-732.235651725,518.45786475
387.951348742,-725.737325307,535.722536775
397.881413435,-716.029611497,551.216346497
407.213434228,-703.222438733,565.056999998
415.977973994,-687.419970573,577.345916473
424.202742118,-668.725551607,588.175469441
431.899720393,-647.295825446,597.61526226
439.130190356,-623.144816605,605.79025075
445.943215114,-596.29931518,612.802656327
452.345982039,-566.919486083,618.704539221
458.27485708,-535.619083273,623.502880168
463.678344442,-503.083556118,627.2356168
468.583160572,-469.718356132,630.020443179
473.088965955,-435.352806314,631.998062962
477.294080018,-399.76235412,633.295195548
481.199588694,-363.498412786,634.002846994
484.804433141,-327.097154277,634.20458706
488.10784987,-291.089657308,633.982657081
491.124585283,-255.947209747,633.434942435
493.860612123,-222.176906857,632.648373236
496.323983019,-190.199585788,631.698983427
498.532005316,-160.268286546,630.653079373
500.485293489,-132.794397543,629.575199202
502.185277831,-108.110217985,628.519219665
503.651439092,-86.2270499876,627.517884654
504.919093025,-66.8344147341,626.580084386
506.026584447,-49.5121753709,625.702853621
506.988795275,-34.1640854762,624.895232792
507.813101207,-20.7885982864,624.168774844
508.505075319,-9.3927041037,623.533471241
509.08107874,0.208195841524,622.987241093
509.55974749,8.26623805428,622.521254262
509.959443208,15.0524255511,622.123374175
510.290324328,20.7101909107,621.787916398
510.562456692,25.3892905545,621.508073624
510.785143857,29.2336127748,621.276721365
510.965860504,32.3642770652,621.087309382
511.111081251,34.888168979,620.933862621
511.226475427,36.8992845049,620.811082049
511.318969832,38.5158417848,620.711981113
511.392261574,39.8004727007,620.632900529
511.448088124,40.7816532906,620.57226397
511.490007001,41.5198358739,620.526517911
511.521868367,42.0815153414,620.491656052
511.547157166,42.5276986827,620.463929847
511.56749644,42.88676882,620.44159792
511.584016339,43.1784598566,620.423451983
511.597400161,43.4147532362,620.408754086
511.608255996,43.606405129,620.396833603
511.616915616,43.7592766678,620.38732575
511.623442365,43.874491689,620.380160233
511.628300376,43.9602464762,620.374827091
511.631988004,44.0253400211,620.370778978
511.635035971,44.0791414691,620.367433173
511.637560809,44.1237082436,620.364661696
511.639631446,44.1602573715,620.362388842
511.641300214,44.1897127694,620.360557138
511.642640745,44.2133742827,620.359085743
511.643700281,44.232075887,620.357922788
511.644490099,44.2460167074,620.357055886
511.645076717,44.2563708881,620.35641202
511.645511974,44.2640534151,620.355934289
511.645827593,44.2696242632,620.355587872
511.646052982,44.2736024901,620.355340491
511.646218411,44.2765224015,620.35515892
511.646365701,44.2791221427,620.354997258
511.646497145,44.281442185,620.35485299
511.646616278,44.2835449398,620.354722233
511.646698064,44.2849885017,620.354632467
511.64678382,44.2865021204,620.354538345
511.646812802,44.2870136677,620.354506535
0.0,-0.0,-0.0
101.934786158,-255.913601093,48.2906388906
136.51837812,-345.414569736,86.1879851002
163.209330298,-414.269411528,125.684857449
186.344755343,-472.382391998,166.287060701
207.401117243,-522.728891932,207.152094264
227.014884388,-566.402340191,247.268164468
245.45473452,-603.832235593,285.632829823
262.979628674,-635.55338047,321.839397232
279.72053183,-661.907424655,355.714888957
295.728380648,-683.171136516,387.282410611
310.861679786,-699.60672563,416.326690246
325.049288169,-711.560830317,442.815222688
338.379611272,-719.436796789,466.988025965
350.983848005,-723.515376231,489.136273313
362.951822826,-723.977468792,509.457052604
374.314911334,-720.933346449,528.038317977
385.041238084,-714.508889927,544.869543606
395.110685099,-704.837696958,559.966423768
404.564707282,-692.034270757,573.442729981
413.436594787,-676.206359074,585.396493977
421.756240087,-657.4602355,595.917058508
429.537250375,-635.955281777,605.071833557
436.842757156,-611.70739037,612.982015821
443.723246939,-584.745174191,619.74689407
450.186719858,-555.230820624,625.417307188
456.169604673,-523.782200389,630.001780256
461.62056245,-491.088571543,633.539306875
466.567085802,-457.558078372,636.146098335
471.110093549,-423.019715145,637.958854545
475.349002456,-387.248984518,639.100739531
479.285125748,-350.801416154,639.663021276
482.917588581,-314.216576455,639.729490287
486.245790957,-278.028531541,639.382564614
489.284735314,-242.711469809,638.719934251
492.040561514,-208.775200673,637.828568057
494.521485578,-176.642554595,636.78438193
496.745025844,-146.567635363,635.65320479
498.711874698,-118.963518517,634.499702253
500.423535497,-94.1636352638,633.377777714
501.899674504,-72.1788888737,632.319462538
503.175886872,-52.6969364532,631.332283764
504.290804008,-35.2954160957,630.411802396
505.259427865,-19.8774529934,629.566510066
506.089199389,-6.44134598947,628.807704027
506.785741617,5.0060086127,628.14518563
507.365533685,14.6501197098,627.576265007
507.847341317,22.7443260518,627.091397152
508.249651432,29.5609027419,626.677730461
508.582692292,35.2439574906,626.329189716
508.856597855,39.9439357093,626.038579157
509.080733976,43.8053806366,625.798413404
509.262625129,46.949970532,625.601846592
509.408788806,49.4850803265,625.442647196
509.524931685,51.5051303272,625.315292905
509.618025857,53.1288694665,625.212522821
509.691792624,54.4192102428,625.130531708
509.747980867,55.4047549916,625.067675619
509.790171255,56.1462223746,625.020261629
509.822238945,56.7104013901,624.984131576
509.84769148,57.1585703945,624.955398516
509.868162426,57.5192384929,624.932256658
509.88478926,57.8122273367,624.913452926
509.89825971,58.0495716761,624.898222219
509.909185805,58.2420757542,624.885869628
509.917901467,58.3956268921,624.87601713
509.924470455,58.5113540225,624.868591878
509.929359903,58.5974899254,624.863065423
509.933071393,58.662872735,624.858870579
509.936139084,58.7169132497,624.855403499
509.938680259,58.7616780443,624.852531566
509.940764296,58.7983895599,624.850176329
509.942443862,58.8279758227,624.848278233
509.943793066,58.8517424562,624.846753506
509.944859458,58.8705271433,624.845548399
509.945654386,58.8845298952,624.844650075
509.946244801,58.8949300732,624.843982872
509.946682874,58.9026467286,624.843487825
509.947000535,58.9082423241,624.843128852
509.947227382,58.9122382234,624.842872504
509.947393882,58.9151711058,624.842684352
509.947542125,58.9177823956,624.842516831
509.947674419,58.9201127441,624.842367333
509.947794323,58.9222248398,624.842231837
509.947876639,58.9236748143,624.842138818
509.947962949,58.9251951567,624.842041284
509.947992118,58.9257089765,624.842008321
0.0,-0.0,-0.0
108.020095282,-275.213394259,83.5016884299
144.249280736,-367.839323588,129.219072299
171.997178793,-437.132551864,172.695604757
195.859575251,-494.002988281,215.051182489
217.379431102,-541.87857016,255.888842841
237.198189333,-582.168411667,294.497459535
255.769686733,-615.923067968,330.650087038
273.331150962,-643.768448036,364.293975626
289.996974425,-666.1517916,395.536169729
305.661672364,-683.440972773,424.218096862
320.282181947,-696.053061854,450.340467268
333.971213414,-704.442468933,474.157124952
346.87823201,-708.924348497,495.963896217
359.105443756,-709.702733979,515.959594709
370.692388229,-706.903002493,534.233368592
381.612416613,-700.661200343,550.776391394
391.849793779,-691.118648401,565.60484852
401.450419132,-678.397152157,578.830979991
410.451010942,-662.610154635,590.551354968
418.884188202,-643.868547114,600.85387804
426.765583678,-622.335754506,609.804957382
434.160598259,-598.030903041,617.523542439
441.121459704,-570.985519051,624.107175057
447.657169357,-541.364518441,629.606114354
453.704257839,-509.790277325,634.030365493
459.211595895,-476.956259205,637.420018734
464.20761668,-443.27400684,639.890489729
468.794745964,-408.572960199,641.575670374
473.073711186,-372.629401138,642.596240133
477.046101845,-336.003464487,643.043945662
480.711266824,-299.238496108,643.002968715
484.068804555,-262.871878568,642.556054555
487.134024508,-227.381085575,641.800951494
489.91326753,-193.278945522,640.824829253
492.414945584,-160.990523205,639.703642905
494.656828657,-130.771185537,638.502951215
496.639703014,-103.035853609,637.287619865
498.36515984,-78.1192013875,636.111645422
499.853085782,-56.0318042124,635.006528183
501.139406942,-36.4594812293,633.978710393
502.263093852,-18.9776552134,633.022567572
503.239290678,-3.48884653792,632.14616251
504.075515768,10.0087757383,631.360601479
504.777451429,21.50838914,630.6755452
505.361716346,31.1964063643,630.087814711
505.847229516,39.3273749046,629.587282136
506.252625862,46.1748555588,629.160508488
506.588216148,51.8836364136,628.801098951
506.864214785,56.6048586879,628.501538922
507.090061204,60.4837283385,628.254045874
507.273338675,63.6424912961,628.051529148
507.420615313,66.1890200089,627.887544558
507.537641892,68.2181658741,627.756384758
507.631443965,69.8492178764,627.650560907
507.705771395,71.1453738561,627.566146608
507.762386536,72.1353642137,627.501442018
507.804897382,72.8801781906,627.452638594
507.837208589,73.4469039524,627.415451974
507.862854376,73.8970962212,627.385880003
507.883480729,74.2593925974,627.362063269
507.900233774,74.5537038641,627.342711428
507.913806466,74.7921190664,627.327036771
507.924815485,74.9854914515,627.314324147
507.933597293,75.1397350332,627.304184495
507.940216131,75.2559839452,627.29654284
507.945142683,75.3425081585,627.290855325
507.948882338,75.4081856912,627.28653823
507.951973307,75.4624697823,627.282970111
507.954533765,75.5074363316,627.280014483
507.956633615,75.5443132968,627.27759061
507.958325926,75.5740328916,627.275637201
507.959685368,75.5979066268,627.274068041
507.960759851,75.6167759625,627.272827815
507.961560812,75.6308418131,627.271903313
507.962155706,75.6412888551,627.271216666
507.962597103,75.649040282,627.270707194
507.962917175,75.6546610913,627.27033776
507.963145743,75.6586749959,627.270073942
507.963313506,75.6616210938,627.269880307
507.963462874,75.6642441499,627.269707904
507.963596172,75.6665849987,627.26955405
507.963716986,75.6687066112,627.269414605
507.963799926,75.6701631192,627.269318875
507.963886891,75.6716903121,627.269218499
507.963916282,75.672206447,627.269184576
0.0,-0.0,-0.0
114.209199625,-291.463599006,114.836569792
151.943170509,-385.761905811,167.374148514
180.623790792,-454.346474838,213.934963983
205.06701617,-509.054784517,257.052669824
226.863914829,-553.761038356,296.927038035
246.872591626,-590.571069491,333.759370943
265.52689306,-620.627159686,367.732572785
283.049640698,-644.661907939,399.097766656
299.394885436,-663.209261147,427.782850914
314.56272772,-676.793904182,453.841322787
328.700771686,-685.947243251,477.55636104
341.983781246,-691.036161616,499.239843916
354.530819516,-692.299111526,519.099937725
366.392453232,-689.883842195,537.231925615
377.549098793,-683.941263671,553.63173369
387.990835498,-674.624080972,568.318656799
397.769295453,-662.064850562,581.406256715
406.925582965,-646.385334441,592.991875682
415.495778621,-627.703105418,603.163788724
423.498079531,-606.187228201,611.988752091
431.000707608,-581.861634203,619.585067403
438.058047808,-554.762018641,626.049775515
444.680351567,-525.056877203,631.433257556
450.804311113,-493.373690345,635.7470309
456.379081889,-460.410704919,639.032402119
461.43424896,-426.583692196,641.404702191
466.074058371,-391.723308894,642.99616911
470.400815772,-355.607348809,643.926026038
474.416450152,-318.80120383,644.286747792
478.120585406,-281.852513836,644.163104065
481.51306335,-245.302417025,643.638339453
484.609564857,-209.632161851,642.810527181
487.416674699,-175.357996205,641.767214336
489.943041857,-142.907527643,640.58456017
492.206738783,-112.537617999,639.32805797
494.208665912,-84.665248223,638.062856145
495.950520965,-59.6264811229,636.84311691
497.452454226,-37.4316144351,635.699977525
498.750786346,-17.7645820947,634.639043066
499.884891674,-0.198516143387,633.653757529
500.870083961,15.3646697865,632.75186286
501.713973991,28.9269194395,631.944334053
502.422314869,40.481469076,631.240737023
503.011891307,50.2156633601,630.637509335
503.501804531,58.3853098053,630.124054952
503.910865354,65.2653155178,629.686457607
504.249482601,71.0011792345,629.318064553
504.527966277,75.7447701853,629.011102423
504.755843216,79.6419888543,628.757546368
504.940766527,82.8156782254,628.550104396
505.08936445,85.3742342988,628.382157049
505.207440123,87.4129618197,628.247844605
505.302082579,89.0517184101,628.139489787
505.377075592,90.3540021951,628.053066168
505.434197515,91.3486780116,627.98682804
505.477088781,92.0970195928,627.936871529
505.509689071,92.6664300107,627.898807917
505.535564268,93.1187552041,627.868539524
505.556375106,93.4827681617,627.844162492
505.573277976,93.7784735602,627.824355598
505.58697204,94.018017663,627.808312382
505.5980795,94.2123053975,627.795300875
505.606939828,94.3672789261,627.78492285
505.613617844,94.4840778729,627.777101556
505.618588442,94.5710114186,627.771280346
505.622361531,94.6369996279,627.766861773
505.625480134,94.691540479,627.763209784
505.628063482,94.7367197019,627.760184684
505.630182105,94.7737710702,627.757703838
505.631889544,94.8036312119,627.755704515
505.633261139,94.827617844,627.754098473
505.634345228,94.8465764086,627.752829098
505.635153348,94.8607087719,627.751882867
505.635753561,94.8712052136,627.751180081
505.636198904,94.8789932933,627.750658634
505.636521837,94.8846406804,627.750280517
505.636752448,94.8886735646,627.750010499
505.636921711,94.8916335928,627.749812312
505.637072414,94.8942690517,627.749635858
505.637206904,94.896620969,627.749478387
505.637328798,94.8987526133,627.749335665
505.637412479,94.9002160082,627.749237685
505.637500221,94.9017504222,627.74913495
505.637529875,94.9022689976,627.749100229
0.0,-0.0,-0.0
120.247212245,-303.873865732,142.800775849
159.376410854,-398.428077403,200.859561343
188.848667928,-465.267737758,249.28476581
213.68570758,-517.049188701,292.090066183
235.76036564,-558.484294372,330.668837566
255.918046277,-591.775405802,365.723692603
274.583808061,-618.17640271,397.778485258
291.816591357,-638.501911606,426.908382746
307.686321042,-653.449133927,453.255816317
322.392781236,-663.667896044,477.158401693
336.146947091,-669.602900438,498.961077627
349.091481393,-671.543436644,518.892320972
361.292214595,-669.670005362,537.06055924
372.739327092,-664.155064602,553.470875033
383.430759513,-655.167732332,568.149254983
393.425650456,-642.855784211,581.214153647
402.770790789,-627.352635231,592.7664236
411.506707482,-608.785113354,602.896876814
419.654879209,-587.329901562,611.674226047
427.287062391,-563.017586244,619.21791885
434.460333605,-535.889502133,625.625881146
441.18651763,-506.118749832,630.949422014
447.402558526,-474.338725457,635.201698376
453.058001866,-441.253214707,638.425434321
458.18385001,-407.283177557,640.736648615
462.886552608,-372.261277337,642.267106183
467.270318708,-335.967580207,643.135619611
471.337496482,-298.973538148,643.435680974
475.088049484,-261.831716467,643.252875753
478.522119367,-225.087545277,642.671145766
481.655837277,-189.226630315,641.789178163
484.496084851,-154.769122047,640.695093122
487.051798385,-122.145536158,639.46543239
489.341414274,-91.6144883498,638.165835282
491.365972214,-63.5952791943,636.861826809
493.127299465,-38.4255339113,635.607814846
494.64586177,-16.1153042969,634.434738418
495.958449956,3.65347010987,633.347599984
497.10491892,21.3100943684,632.339150482
498.100784555,36.9532850655,631.416914388
498.953768035,50.5850885219,630.59179375
499.66970702,62.1987892337,629.87330459
500.265583597,71.9827204399,629.257600154
500.760715445,80.194037798,628.733722605
501.174122194,87.1090939721,628.287379764
501.516329107,92.8741491917,627.911717969
501.797759659,97.6418537029,627.598760428
502.028044397,101.558854001,627.340290325
502.214919297,104.748636312,627.128854008
502.365083923,107.320160898,626.95769084
502.484403528,109.369220779,626.82081851
502.580042429,111.016286602,626.710407229
502.655824616,112.325180072,626.622349783
502.713547419,113.324910589,626.554863767
502.756889737,114.077058178,626.503968463
502.789832783,114.64936527,626.465190656
502.815979982,115.103991919,626.434355006
502.837009555,115.469857136,626.409521532
502.854090066,115.767066848,626.38934393
502.867928035,116.007829041,626.373000494
502.87915221,116.203104426,626.359745536
502.888105635,116.358865546,626.349173354
502.894853815,116.476257958,626.34120575
502.899876636,116.563633153,626.335275651
502.903689365,116.629956565,626.330774431
502.906840731,116.684774444,626.327054136
502.90945122,116.730183127,626.323972457
502.9115921,116.767422664,626.321445212
502.913317476,116.797434445,626.319408498
502.914703481,116.821542885,626.31777242
502.915798958,116.84059772,626.316479305
502.916615568,116.854801845,626.315515378
502.917222086,116.865351585,626.314799449
502.917672107,116.873179211,626.314268251
502.917998432,116.878855273,626.313883063
502.918231467,116.882908634,626.313607994
502.918402508,116.885883692,626.313406102
502.918554794,116.888532533,626.313226347
502.918690696,116.890896392,626.313065932
502.918813871,116.89303886,626.312920541
502.918898431,116.894509685,626.312820728
502.918987095,116.89605189,626.312716072
502.91901706,116.896573099,626.312680702
0.0,-0.0,-0.0
126.025551221,-311.974709969,167.072981499
166.384543246,-405.412933305,229.058598643
196.443060416,-469.587476454,278.106310745
221.687275612,-518.307672007,320.224868805
244.001308794,-556.393072079,357.49701546
264.235317629,-586.168283368,391.034471575
282.648543922,-608.964110609,421.193972054
299.430954806,-625.770285496,448.278375664
314.864123191,-637.424513391,472.723862463
329.212791894,-644.490227629,494.936044637
342.653661343,-647.332212706,515.180746711
355.274223343,-646.178904254,533.59020763
367.07844281,-641.233957654,550.185375524
378.075077726,-632.689902997,565.004130157
388.333227551,-620.715605167,578.174612057
397.907137973,-605.460413581,589.804771609
406.84309966,-587.063644545,599.990732517
415.166824136,-565.712054516,608.805206445
422.954517454,-541.445074253,616.370939072
430.266627516,-514.311401876,622.788387411
437.116968401,-484.489964003,628.11076972
443.442870086,-452.621100777,632.353122171
449.194415049,-419.415065156,635.559887398
454.404350781,-385.299088505,637.848658028
459.181789374,-350.108650094,639.352013815
463.633229343,-313.626875883,640.189488069
467.761536873,-276.432213282,640.455929895
471.567095327,-239.082882706,640.238007974
475.050415845,-202.129221098,639.620591962
478.228174384,-166.061848281,638.703306121
481.107613326,-131.405364247,637.575065217
483.698016527,-98.5935997351,636.312992132
486.018256846,-67.8872000298,634.983101152
488.069543605,-39.7080771296,633.651400982
489.853861289,-14.3956094362,632.372635077
491.392051479,8.0403855401,631.177716653
492.721462474,27.9201261768,630.071285245
493.882517988,45.6755614007,629.045640853
494.890973673,61.4060809063,628.108196789
495.754681902,75.1138303753,627.269842922
496.479580851,86.792137032,626.540092247
497.082885964,96.6304031905,625.914914257
497.584170565,104.887251171,625.383096302
498.002700769,111.840610044,624.930071772
498.34913931,117.637569254,624.548843318
498.634043566,122.431630012,624.231286133
498.867166437,126.370252268,623.969041742
499.056341646,129.577625297,623.754534327
499.20835287,132.163326192,623.580895965
499.329138606,134.223681394,623.442051379
499.42595192,135.879831662,623.33005393
499.502664219,137.195952295,623.240734724
499.561095205,138.201210395,623.172283794
499.604969118,138.957520405,623.120661943
499.638316121,139.532995543,623.081331168
499.664783888,139.990139327,623.050056171
499.686071252,140.358030422,623.024869096
499.703361121,140.656885439,623.00440431
499.717368688,140.898979858,622.987828325
499.728730415,141.095335419,622.974384808
499.737793559,141.251957903,622.96366226
499.74462443,141.369999362,622.955581349
499.749708797,141.457857566,622.949566929
499.753568244,141.524547568,622.94500171
499.756758223,141.579668415,622.941228522
499.759400697,141.625328045,622.938103032
499.761567808,141.662773368,622.935539861
499.763314324,141.692950987,622.933474194
499.76471731,141.717192637,622.931814859
499.765826209,141.736352757,622.930503363
499.766652824,141.750635362,622.929525735
499.767266773,141.76124339,622.92879963
499.767722308,141.769114263,622.928260881
499.768052632,141.774821685,622.927870218
499.768288521,141.778897441,622.92759124
499.768461658,141.781888936,622.927386477
499.76861581,141.784552411,622.927204168
499.768753377,141.78692933,622.927041472
499.768878061,141.789083635,622.926894015
499.768963657,141.790562586,622.926792784
499.769053407,141.792113311,622.92668664
499.76908374,141.792637399,622.926650767
0.0,-0.0,-0.0
131.392378906,-315.519795959,186.956448386
172.737312572,-406.551909308,251.285841574
203.415569999,-467.848934652,300.518504899
229.029464745,-513.350661126,341.920251201
251.505880728,-548.019398331,378.138426441
271.533235762,-574.250413212,410.146150617
289.525390734,-593.567817885,438.560555431
305.900201222,-607.121609453,463.999717845
321.0060685,-615.661497727,486.977538191
335.070639444,-619.666287527,507.824996863
348.213089013,-619.435220101,526.714991381
360.457334149,-615.2173488,543.694797943
371.827324761,-607.238504355,558.821909391
382.405588279,-595.696457878,572.24074921
392.256271314,-580.762043714,584.071169833
401.433215799,-562.591152535,594.41822761
409.967643074,-541.383666966,603.361266771
417.941392902,-517.190453913,611.028950313
425.419155151,-490.069590034,617.52624462
432.417272025,-460.207273216,622.909483071
438.873656791,-428.252066512,627.195970617
444.739133067,-394.921808884,630.432298328
450.048598915,-360.651204193,632.738652469
454.914376363,-325.279353164,634.249833047
459.445709599,-288.593237328,635.08731662
463.64610543,-251.179369926,635.347706834
467.516466368,-213.602452852,635.119067594
471.05775889,-176.418419409,634.487463378
474.287316626,-140.12362832,633.553815036
477.212819539,-105.247733965,632.408080788
479.843970872,-72.2283235386,631.128184397
482.200164927,-41.3283560475,629.780761392
484.282817272,-12.9726733834,628.432424972
486.094102796,12.4973903702,627.138354195
487.655308643,35.0722677986,625.92961554
489.004440287,55.0745617098,624.810728477
490.182590682,72.9391398469,623.773785684
491.20579822,88.7661311098,622.82619772
492.082070382,102.557786753,621.978905068
492.81746419,114.307478125,621.241466193
493.429469258,124.205783896,620.609767899
493.9379589,132.512944857,620.072449268
494.362488273,139.508631573,619.614769797
494.713881356,145.340848794,619.229645313
495.0028525,150.164036973,618.90885791
495.239297992,154.126554115,618.643957186
495.431166075,157.353366939,618.427284037
495.585338964,159.954734614,618.251896582
495.707840936,162.027573033,618.111655717
495.806028978,163.693763664,617.99853295
495.883830015,165.017872547,617.908316474
495.94308995,166.029240858,617.839177762
495.987586105,166.790152286,617.787037192
496.021405944,167.369129675,617.747311301
496.048248939,167.829056178,617.715722177
496.069838046,168.199186926,617.690282177
496.087372966,168.499860848,617.669611971
496.101579045,168.743428029,617.652869686
496.113101777,168.940977698,617.639291348
496.122293344,169.098552386,617.628461302
496.129221003,169.217311334,617.620299397
496.13437741,169.305703477,617.614224706
496.138291539,169.372798724,617.609613745
496.141526714,169.428254481,617.605802755
496.144206626,169.474191513,617.602645956
496.146404439,169.511864318,617.60005711
496.148175699,169.542225257,617.597970752
496.149598562,169.566614162,617.596294798
496.150723171,169.585890665,617.594970167
496.151561497,169.600260024,617.593982748
496.152184144,169.610932485,617.593249371
496.152646132,169.618851164,617.592705227
496.152981135,169.624593252,617.592310651
496.153220366,169.628693763,617.592028879
496.153395956,169.631703428,617.591822066
496.153552292,169.63438308,617.591637931
496.153691808,169.636774435,617.591473606
496.153818258,169.638941824,617.591324672
496.153905067,169.640429758,617.591222427
496.153996089,169.641989902,617.59111522
496.154026851,169.642517173,617.591078989
0.0,-0.0,-0.0
136.134374911,-314.441870881,202.012455301
178.529554421,-402.656196052,268.027416243
209.779379798,-460.757265278,317.317165214
235.671632896,-502.852756527,358.197093144
257.995837726,-533.958941729,393.263594959
277.634301781,-556.686748492,423.818877953
295.251229147,-572.742177617,450.833361591
311.33324584,-583.180460913,475.016226279
326.187843813,-588.657724656,496.810855947
339.982246239,-589.579765811,516.458089987
352.77008843,-586.262464467,534.048013717
364.597152831,-578.979194822,549.669251866
375.564396194,-567.967226147,563.491638139
385.749306461,-553.426164353,575.653362679
395.215734279,-535.533682277,586.273121798
404.002142123,-514.506598855,595.4402617
412.19754574,-490.410293335,603.292516464
419.871997163,-463.314574512,609.941707783
427.045067192,-433.414612232,615.44874338
433.655539643,-401.368753489,619.833777387
439.655262117,-367.903744608,623.146134591
445.081783267,-333.463072126,625.509741348
450.051283374,-297.890234229,627.063104974
454.676286349,-260.976851993,627.930924151
458.961091065,-223.318707404,628.212011461
462.907241717,-185.487900011,627.996181056
466.516265336,-148.04671446,627.370993143
469.806286772,-111.498030243,626.439053556
472.785515204,-76.3772083573,625.291635519
475.464158083,-43.1260575605,624.007699151
477.862229538,-12.0101324346,622.654756698
479.981395161,16.5424585353,621.300157907
481.824059604,42.1882191197,619.999624929
483.412034917,64.9178828832,618.784555189
484.784095716,85.0567333056,617.659581545
485.982116411,103.04290526,616.616821476
487.022466449,118.977359331,615.663787932
487.91333543,132.862470348,614.811533961
488.660919961,144.69166399,614.06971143
489.283029261,154.656831086,613.434220637
489.799885866,163.020017335,612.893652559
490.231381132,170.062835075,612.433186624
490.588526648,175.934309457,612.045705122
490.882219282,180.789927224,611.722948323
491.122521973,184.779046541,611.456420186
491.317516041,188.027500769,611.238414281
491.474198171,190.646309222,611.061945543
491.598692275,192.733044289,610.920837965
491.698476,194.410412327,610.80701344
491.77754074,195.74341446,610.71623455
491.837762824,196.761585555,610.646662549
491.882981199,197.527620127,610.594194047
491.917349842,198.110496901,610.55421793
491.944628346,198.573521689,610.522429608
491.96656767,198.946146075,610.496829073
491.984387008,199.248845155,610.476028482
491.998823489,199.494052072,610.459180696
492.010533089,199.692931212,610.445516859
492.019873709,199.851566035,610.434618659
492.026913704,199.971123792,610.426405416
492.032153721,200.060110387,610.42029253
492.036131315,200.127656802,610.415652584
492.039418946,200.183485423,610.411817644
492.042142309,200.229731293,610.408641008
492.044375757,200.267657357,610.406035897
492.046175736,200.298222389,610.403936433
492.047621667,200.322775235,610.402249952
492.04876451,200.342181308,610.400917002
492.049616428,200.356647251,610.39992338
492.050249169,200.367391445,610.399185398
492.050718648,200.375363348,610.398637836
492.051059082,200.38114403,610.398240783
492.051302192,200.385272101,610.397957241
492.051480629,200.388301993,610.39774913
492.051639499,200.390999656,610.397563838
492.051781277,200.393407084,610.397398482
492.051909777,200.39558904,610.397248612
492.051997994,200.397086974,610.397145725
492.052090492,200.398657603,610.397037845
492.052121752,200.399188418,610.397001386
0.0,-0.0,-0.0
140.597536507,-310.061962027,213.331084657
183.902233611,-394.678215412,280.514296966
215.57955942,-449.153820894,329.871697843
241.373741595,-487.508236005,369.9526044
263.336624308,-514.971995205,403.81779011
282.631011575,-534.347916305,433.181184233
299.990542375,-547.226417923,459.119093653
315.855198474,-554.551674128,482.27192785
330.468254002,-556.894473405,502.994144183
343.92905625,-554.670840857,521.445013207
356.315557061,-548.222667279,537.761626841
367.754497945,-537.841347353,552.151945527
378.341614343,-523.764951699,564.781125908
388.154175454,-506.19962904,575.787599057
397.240245025,-485.383903156,585.274984477
405.698027009,-461.401326734,593.393840285
413.604375464,-434.336184465,600.265583172
420.982998051,-404.394600538,605.957427915
427.773960444,-372.246559755,610.49318517
433.930521386,-338.629230245,613.925672958
439.493490581,-303.99627655,616.383810286
444.583662275,-268.196317709,618.011329307
449.317454054,-231.026367811,618.937438296
453.700141676,-193.092789005,619.263661969
457.734060191,-154.976059433,619.081955037
461.421424339,-117.24561041,618.481700437
464.781305406,-80.4116553798,617.567592988
467.822549226,-45.0159370698,616.432505815
470.555965758,-11.5049537665,615.156677306
473.002300414,19.8528805207,613.808749601
475.163520186,48.6258526822,612.456947142
477.042305322,74.4681072579,611.157645435
478.661080803,97.370769685,609.942739439
480.05951263,117.662166346,608.817185713
481.280378463,135.784113753,607.773333351
482.34043159,151.838522541,606.81889357
483.248073465,165.82792219,605.965089675
484.00966309,177.745812912,605.22171167
484.643378393,187.785558677,604.584758987
485.169844107,196.211225908,604.042862177
485.609338436,203.306598273,603.581201901
485.973088905,209.221842328,603.192673374
486.272202313,214.113613666,602.869019525
486.516933177,218.132386997,602.601738647
486.715515764,221.404963553,602.383107757
486.875078284,224.043211219,602.206124881
487.001859099,226.145434762,602.06460012
487.103474413,227.835260442,601.95043318
487.183989648,229.178174547,601.859375788
487.245316081,230.203927854,601.789586133
487.291363403,230.97567263,601.736951284
487.326361944,231.562895613,601.696847627
487.354140306,232.02937371,601.664957403
487.376481594,232.404777468,601.639274542
487.39462737,232.709733731,601.618407083
487.409328293,232.956768222,601.601505268
487.421252366,233.157129112,601.587797684
487.43076406,233.316945487,601.576864644
487.437932985,233.437393534,601.568625172
487.443268965,233.527042652,601.562492781
487.4473194,233.5950919,601.557838039
487.450667235,233.65133608,601.553990876
487.453440469,233.69792615,601.55080412
487.455714816,233.736134472,601.548190712
487.457547755,233.766926966,601.546084563
487.459020164,233.791662523,601.544392713
487.460183933,233.811213002,601.54305552
487.461051451,233.825786586,601.542058737
487.461695779,233.836610727,601.541318406
487.462173854,233.844641947,601.540769102
487.462520522,233.850465641,601.540370786
487.462768083,233.854624428,601.540086342
487.462949787,233.857676864,601.539877569
487.463111567,233.860394599,601.539691688
487.463255941,233.862819939,601.539525805
487.463386794,233.86501813,601.539375459
487.463476626,233.86652721,601.539272244
487.463570817,233.868109525,601.539164021
487.46360265,233.86864429,601.539127446
0.0,-0.0,-0.0
144.675083949,-302.548378436,221.75672143
188.714600422,-382.863796486,289.85164007
220.384155209,-433.192434304,338.769895202
245.861080248,-467.631354384,377.870947587
267.526192952,-491.571872663,410.724262395
286.612205716,-507.653209929,439.166722596
303.799023583,-517.324432715,464.20509958
319.458429115,-521.425819167,486.390867067
333.763688776,-520.529270426,505.997654497
346.842099679,-515.078153443,523.238736859
358.857695117,-505.439532844,538.379032997
369.931865908,-491.903642562,551.622903681
380.160293442,-474.714225974,563.136833091
389.604027469,-454.137817201,573.044397667
398.373226181,-430.280772306,581.513675384
406.553492818,-403.245244503,588.679033382
414.173905834,-373.250745979,594.616140436
421.176413239,-340.981184958,599.353588439
427.516229711,-307.185958823,602.948691419
433.23820732,-272.330480931,605.536784125
438.468680394,-236.269209358,607.268424013
443.328702403,-198.805327283,608.278666062
447.824761635,-160.557281071,608.67232683
451.960173601,-122.115032037,608.543947419
455.738001165,-84.0560394268,607.985102434
459.178451209,-46.8987438139,607.103011623
462.291138052,-11.1920063809,605.992458169
465.087593517,22.6124885828,604.7352159
467.58942679,54.243207777,603.401314813
469.798969285,83.2644762795,602.060003991
471.719232624,109.327882428,600.76842921
473.37335729,132.42508116,599.559140621
474.80204091,152.887891701,598.4376062
476.049103305,171.16231688,597.396588143
477.131742218,187.351368603,596.444083172
478.058605309,201.457777113,595.591539026
478.836240357,213.475148642,594.848925975
479.483249738,223.598515392,594.212417743
480.020720315,232.094221767,593.670759277
480.469374302,239.248494414,593.209200646
480.840687159,245.21278498,592.820689357
481.146006521,250.145062754,592.497008383
481.395806566,254.197056128,592.229683694
481.59849687,257.49665313,592.01100098
481.761356352,260.156673945,591.833962819
481.890754484,262.276244667,591.692384258
481.994466121,263.980022593,591.578165087
482.076641459,265.33403778,591.487058189
482.139231803,266.368282963,591.417224595
482.18622783,267.146423028,591.364553462
482.221947259,267.738513619,591.324420973
482.250297682,268.208859282,591.292507103
482.27309899,268.587375802,591.266804807
482.291618352,268.894859968,591.245921557
482.306621908,269.143941197,591.229007109
482.31879143,269.345961508,591.215289364
482.328498902,269.507101096,591.204348279
482.335815377,269.628546167,591.196102778
482.341261177,269.718937234,591.189965918
482.345394973,269.78754959,591.185307796
482.348811707,269.844259143,591.181457845
482.351642013,269.891234672,591.178268785
482.353963164,269.929759085,591.175653491
482.355833823,269.960806305,591.173545825
482.357336533,269.985746473,591.171852757
482.358524251,270.005458666,591.170514602
482.359409621,270.020152795,591.169517102
482.360067208,270.031066464,591.16877624
482.360555121,270.039164111,591.168226541
482.360908923,270.045035973,591.167827939
482.361161579,270.049229156,591.167543291
482.361347022,270.052306839,591.167334368
482.361512131,270.055047052,591.167148353
482.361659476,270.057492452,591.166982352
482.361793022,270.059708823,591.166831897
482.361884702,270.061230384,591.166728609
482.361980832,270.062825786,591.166620308
482.36201332,270.063364974,591.166583707
0.0,-0.0,-0.0
148.249765778,-292.098109944,228.136005066
192.473302396,-367.253063887,296.252871452
223.90777495,-413.139731192,344.408770784
249.162039304,-443.755476493,382.667694416
270.690026658,-464.203836018,414.744740412
289.663638913,-476.925433636,442.404804616
306.691691153,-483.235747515,466.565669487
322.074901231,-483.962540126,487.699114922
336.020126088,-479.70535148,506.141974981
348.747551457,-470.940140029,522.245837071
360.415840537,-458.029404305,536.272635671
371.146631997,-441.267301126,548.428872353
381.018942218,-420.956923373,558.866010547
390.158770468,-397.233441531,567.775834046
398.663151733,-370.221162488,575.309975039
406.568237664,-340.156008667,581.555325984
413.818738594,-307.738601131,586.546816554
420.372595694,-273.732694711,590.347586619
426.279711499,-238.617218262,593.101067164
431.673100299,-202.253202601,594.966412344
436.679350749,-164.450821951,596.085978347
441.306465564,-125.842302723,596.568551895
445.558982559,-87.0283058437,596.511777092
449.44101564,-48.5952690721,596.009842274
452.974137986,-11.0708195135,595.172972728
456.168894275,24.9882824203,594.09820451
459.037683044,59.1246579028,592.869125726
461.603134393,91.0634098488,591.557425025
463.868021373,120.364540808,590.233539874
465.835754772,146.676899384,588.955511737
467.530309463,169.992857622,587.756701724
468.993574408,190.648258367,586.643265939
470.270568681,209.093874533,585.608548035
471.379003563,225.434001235,584.660913672
472.327812358,239.671630985,583.812088088
473.123761914,251.800519322,583.072263171
473.785941761,262.017590539,582.437856631
474.335968004,270.591758348,581.897795471
474.795070719,277.811998225,581.437459832
475.17500908,283.831209036,581.049884891
475.487406038,288.808836497,580.726927014
475.742986714,292.898016293,580.460169366
475.950360899,296.227856325,580.241928289
476.116979565,298.912244968,580.06522953
476.249361807,301.051228877,579.923909468
476.355463459,302.770620157,579.809887199
476.439531421,304.137057903,579.71892716
476.503562671,305.18080584,579.649198405
476.551640235,305.966102469,579.59660228
476.588181479,306.563640033,579.556525387
476.617184045,307.038313558,579.524654784
476.640509766,307.420313275,579.498986814
476.659455006,307.730626137,579.478131437
476.674803552,307.981997602,579.461239749
476.687252877,308.18587473,579.447540562
476.697183528,308.348494919,579.436614347
476.704668203,308.471055592,579.428380092
476.710239193,308.562276845,579.422251624
476.714468015,308.631519276,579.417599885
476.71796329,308.688749542,579.413755218
476.720858656,308.736156367,579.41057054
476.723233161,308.775034457,579.407958843
476.725146819,308.806366691,579.405854078
476.72668407,308.8315358,579.404163343
476.727899089,308.851428937,579.402827033
476.728804809,308.866257942,579.401830909
476.729477511,308.877271786,579.401091068
476.729976639,308.885443758,579.400542128
476.730338573,308.891369514,579.400144076
476.730597036,308.895601185,579.399859821
476.730786742,308.898707116,579.399651186
476.730955646,308.901472478,579.399465428
476.731106378,308.903940323,579.399299656
476.731242993,308.906177037,579.399149409
476.73133678,308.907712563,579.399046264
476.73143512,308.909322608,579.398938112
476.731468355,308.909866744,579.398901561
0.0,-0.0,-0.0
150.66337041,-278.500448563,231.946616768
194.872723533,-348.040366687,299.684317677
226.22841001,-389.56480164,347.231220082
251.457902626,-416.36352036,384.888744332
272.958233984,-433.215514147,416.312216809
291.833435155,-442.374993234,443.184896344
308.62369362,-445.122592153,466.35006294
323.672584825,-442.31132318,486.35649691
337.289181904,-434.580180937,503.693112619
349.688480823,-422.394744548,518.708944032
361.029899898,-406.118255369,531.668825794
371.417968368,-386.102283553,542.763817906
381.00012513,-362.518834573,552.218060592
389.888608939,-335.519900958,560.206323667
398.129031767,-305.361616011,566.83047533
405.670161591,-272.764694036,572.133968457
412.473761141,-238.509724844,576.187569857
418.596094239,-203.091138447,579.144890665
424.178263765,-166.377320077,581.175769968
429.353485155,-128.186335074,582.431547539
434.131663638,-89.166065362,583.025792957
438.518868458,-49.9291769126,583.059866272
442.520521477,-11.0720791022,582.631063968
446.15984335,26.8674115341,581.853163295
449.448507661,63.3238369794,580.825841582
452.39995506,97.833626047,579.634813205
455.038022157,130.118302748,578.353722939
457.366017954,159.733203802,577.054378474
459.387834487,186.324284606,575.795854913
461.128417815,209.884872515,574.612490217
462.631028294,230.755430574,573.511313197
463.942059944,249.392144239,572.48642371
465.079815531,265.900799302,571.546643825
466.053558879,280.28472676,570.704032312
466.870310376,292.537886258,569.969046286
467.549716377,302.859337615,569.338419596
468.113996421,311.520877068,568.801330734
468.58495881,318.814556015,568.343351815
468.974685898,324.894894236,567.9576419
469.295113897,329.922987334,567.636164806
469.557253246,334.053541574,567.37059097
469.769941284,337.417026243,567.153289644
469.940824442,340.128520954,566.977328578
470.076591732,342.289098034,566.836582079
470.185404396,344.025855286,566.723007962
470.271619102,345.40610986,566.632392732
470.33728468,346.460427149,566.562918729
470.38658894,347.253683596,566.51050972
470.424062283,347.857279434,566.470573457
470.453804499,348.336766481,566.438813507
470.477724996,348.722640232,566.413234002
470.49715325,349.036099138,566.392450468
470.512893071,349.290017728,566.375617183
470.525659733,349.495959915,566.361965476
470.535843502,349.660226733,566.351077211
470.54351894,349.784028096,566.342871601
470.549231913,349.876172612,566.336764478
470.553568508,349.946115756,566.332128955
470.557152859,350.00392511,566.328297701
470.56012201,350.05181158,566.325124139
470.562557027,350.091082994,566.322521564
470.564519452,350.122732193,566.320424152
470.566095876,350.148155905,566.318739326
470.567341857,350.168250267,566.317407687
470.568270658,350.183229268,566.316415046
470.568960502,350.194354514,566.315677792
470.569472349,350.202609142,566.315130772
470.569843507,350.208594835,566.314734112
470.570108556,350.212869306,566.314450851
470.570303095,350.216006651,566.314242946
470.570476303,350.218799984,566.314057838
470.570630876,350.221292789,566.313892646
470.570770973,350.223552125,566.313742925
470.57086715,350.225103182,566.31364014
470.570967996,350.226729511,566.313532367
470.571002077,350.227279151,566.313495944
0.0,-0.0,-0.0
152.070299358,-262.331035085,233.615316267
196.408408991,-326.22385042,301.022286198
227.866239278,-363.306136733,348.134239725
253.150280391,-386.104030475,385.242928134
274.602708712,-399.080885636,415.939884638
293.265224684,-404.407615961,441.842802724
309.733905272,-403.377870658,463.890140677
324.465954682,-396.886774139,482.799023924
337.764688726,-385.551960297,499.054637465
349.84598413,-369.833589915,513.008761353
360.851283113,-350.148529893,524.909515176
370.957428026,-326.716413919,535.025543258
380.29706053,-299.724056311,543.562726859
388.928517222,-269.452513925,550.642944494
396.806472304,-236.646496703,556.321161982
403.898013285,-202.106149245,560.678145783
410.267396762,-166.343536359,563.880210801
416.065459689,-129.235278864,566.110289224
421.433289161,-90.6083347672,567.530598659
426.383167459,-51.1281244943,568.260418897
430.923070222,-11.420569888,568.405516971
435.060035093,27.9070378573,568.066846231
438.819251608,66.3057659907,567.362323189
442.213750818,103.200754194,566.39468001
445.25821409,138.121830623,565.252086191
447.977887862,170.7867924,564.010452873
450.376724931,200.746049589,562.743145356
452.459191356,227.642581673,561.510413835
454.251348862,251.47093508,560.347744653
455.798013864,272.576768694,559.263231839
457.14713336,291.422281282,558.251914107
458.31768162,308.114951849,557.323160358
459.319299613,322.658531269,556.489420201
460.159297092,335.047243152,555.761460441
460.857947145,345.482505186,555.136406055
461.438146586,354.239278722,554.603759894
461.922351648,361.6129844,554.149351444
462.323007021,367.759918831,553.766501728
462.652399691,372.842982024,553.447317954
462.921859301,377.018595703,553.183589664
463.140477657,380.418716591,552.967762754
463.316119663,383.159724834,552.792967102
463.455664172,385.343811377,552.653132659
463.567501779,387.099475215,552.540276765
463.656111724,388.494772408,552.450219249
463.723600755,389.560596979,552.38116133
463.774273632,390.362519699,552.329060136
463.812786894,390.972711449,552.289356073
463.843354306,391.457439164,552.257779353
463.867938362,391.847530694,552.232346628
463.887905486,392.164414731,552.2116823
463.904081823,392.421106333,552.19494581
463.917202514,392.629296675,552.181372733
463.927668665,392.795356091,552.170547274
463.935556922,392.920508111,552.162389047
463.941428292,393.013657714,552.15631722
463.945885119,393.084363666,552.151708504
463.949568844,393.142803423,552.147899416
463.952620312,393.191212037,552.144744224
463.955122835,393.230911625,552.142156717
463.957139664,393.26290587,552.140071453
463.958759791,393.288606744,552.138396387
463.960040314,393.308920158,552.137072463
463.960994863,393.324062444,552.136085574
463.961703831,393.335308962,552.135352593
463.962229867,393.343653569,552.134808743
463.962611314,393.349704507,552.134414382
463.962883711,393.354025571,552.134132763
463.963083643,393.357197113,552.133926063
463.963261652,393.360020893,552.133742028
463.963420511,393.36254087,552.133577793
463.963564491,393.364824833,552.13342894
463.963663334,393.366392795,552.133326751
463.963766975,393.368036852,552.133219603
463.963802002,393.368592482,552.133183391
0.0,-0.0,-0.0
153.103864287,-244.66855014,234.111934061
197.671778863,-302.613717421,301.193337808
229.244313661,-334.932181106,347.80035392
254.505649528,-353.34248808,384.188927806
275.74563098,-362.087578052,413.893930605
294.078439747,-363.30885127,438.649218912
310.226459394,-358.331820018,459.57869136
324.638566687,-348.008915881,477.390902625
337.618091525,-332.940657756,492.571721007
349.361274085,-313.633800946,505.453500638
360.08607303,-290.370536682,516.367115588
369.952900182,-263.381908683,525.560748635
379.03737176,-232.979847539,533.183225302
387.302711525,-199.937644401,539.305176129
394.723400376,-165.078030244,544.020542337
401.373746095,-128.933023584,547.511466115
407.416270804,-91.3884818626,549.976809205
413.001372376,-52.2813737274,551.591840553
418.144294365,-12.2965461172,552.482626917
422.855375954,27.9256378303,552.760134951
427.143640933,67.7661902028,552.529594352
431.036617645,106.664221644,551.913701481
434.548959,144.034869065,551.018690323
437.696813007,179.401049479,549.935537357
440.507059834,212.476757039,548.742748055
442.984419548,242.807302324,547.515441287
445.134037255,270.032680454,546.31518975
446.983243406,294.1489452,545.178807996
448.578600069,315.507500967,544.115658488
449.969787566,334.577112885,543.121911722
451.176533899,351.467148697,542.207577972
452.208905691,366.181864833,541.385557
453.074539332,378.715813069,540.666971139
453.794404665,389.272967612,540.049415154
454.392149073,398.131703673,539.522793351
454.890945535,405.591067441,539.073262207
455.303639807,411.809268738,538.694345079
455.642906585,416.951145795,538.378330746
455.920427992,421.174960641,538.117161796
456.145576691,424.61426664,537.903386246
456.326458579,427.386838852,537.730217742
456.470161825,429.596066579,537.591660906
456.585329724,431.371948847,537.479815032
456.676576573,432.783332658,537.390545386
456.746072963,433.861463603,537.322078058
456.798252451,434.672654604,537.270415286
456.837910462,435.289900431,537.231042529
456.869386241,435.780232823,537.199727601
456.894700727,436.174835067,537.174504786
456.915261019,436.495382041,537.154010937
456.931917853,436.755039101,537.137412801
456.945428241,436.965633566,537.123952074
456.956205223,437.133609909,537.113216324
456.964327736,437.260206245,537.105125763
456.97037346,437.354430619,537.09910433
456.974962631,437.425952259,537.094533883
456.978755739,437.485066115,537.090756437
456.981897815,437.534033064,537.087627463
456.984474645,437.574190501,537.085061463
456.986551358,437.606553706,537.082993535
456.988219589,437.632550947,537.081332396
456.989538132,437.653098595,537.080019482
456.990521023,437.668415479,537.079040801
456.991251041,437.679791672,537.078313917
456.991792696,437.688232493,537.077774591
456.992185468,437.694353198,537.07738351
456.992465953,437.698724083,537.077104234
456.992671821,437.701932192,537.076899254
456.992855116,437.704788529,537.07671675
456.993018691,437.70733756,537.076553881
456.993166946,437.709647856,537.076406267
456.993268724,437.711233897,537.076304928
456.993375442,437.712896908,537.076198671
456.993411509,437.713458945,537.07616276
0.0,-0.0,-0.0
154.076155117,-225.715678743,233.949668365
198.827334198,-277.234504744,300.497224757
230.391245735,-304.296887283,346.335441018
255.425316853,-317.88488294,381.664998356
276.315610877,-322.078922326,410.159847769
294.317101429,-319.01014374,433.755914117
310.138515027,-309.920894901,453.557962943
324.226859093,-295.625740684,470.270761991
336.863438339,-276.759946562,484.356464232
348.325837492,-253.690270365,496.23591104
358.813398459,-226.705153855,506.216341633
368.425760148,-196.155376576,514.483661031
377.138629379,-162.848604336,521.130213656
384.936847791,-127.633814215,526.267580973
391.907532489,-91.0657051419,530.097839603
398.227375251,-53.0405654411,532.839338681
404.057877226,-13.4066929868,534.683058097
409.418003259,27.129557429,535.763191729
414.321044536,67.9121355649,536.196881863
418.778481864,108.309541409,536.09438726
422.820637373,147.748075266,535.583938426
426.464111428,185.632293261,534.775794812
429.726793177,221.477935647,533.764147933
432.637462066,254.99516503,532.630471852
435.201755583,285.724066754,531.451863547
437.425624447,313.301695426,530.291386437
439.337843892,337.725946351,529.187384534
440.98693464,359.354555378,528.150713622
442.424510853,378.663428319,527.178888278
443.671146649,395.764031008,526.282664474
444.73738929,410.66122184,525.475457658
445.631244045,423.349953627,524.768796244
446.374454652,434.036958548,524.160830702
446.991499249,443.004275427,523.641950843
447.506342536,450.554832015,523.198715951
447.932273582,456.848887624,522.824895654
448.282394958,462.053351446,522.513001844
448.568777364,466.328449199,522.255167028
448.801102913,469.809439328,522.044069046
448.987742869,472.61558527,521.873028829
449.136015764,474.85155327,521.736146339
449.25484278,476.648939622,521.625627175
449.348986752,478.077433409,521.537395194
449.42068851,479.168654244,521.469707857
449.474523173,479.989703905,521.418625263
449.515438788,480.614453138,521.379691379
449.547912467,481.110747204,521.348723512
449.574029367,481.510147453,521.323779128
449.595241277,481.83459057,521.303511408
449.612425952,482.097401785,521.287096732
449.62636443,482.310553289,521.27378495
449.637482864,482.480568443,521.263168111
449.645862711,482.608700904,521.255167227
449.652099963,482.704068356,521.249212574
449.656834513,482.776457517,521.244692836
449.66074778,482.836288302,521.240957315
449.663989388,482.885849058,521.237863078
449.666647844,482.926493429,521.235325571
449.668790339,482.959249031,521.23328061
449.670511413,482.985561465,521.231637924
449.671871722,483.006358223,521.230339595
449.672885746,483.021860795,521.229371787
449.673638887,483.0333749,521.228652979
449.674197699,483.041918046,521.228119646
449.674602912,483.048112948,521.227732911
449.674892281,483.052536818,521.227456738
449.67510467,483.055783817,521.227254036
449.675293771,483.058674779,521.22707356
449.675462527,483.061254709,521.226912501
449.675615478,483.063593011,521.226766527
449.67572048,483.065198277,521.226666314
449.675830578,483.066881447,521.226561238
449.675867787,483.067450297,521.226525726
0.0,-0.0,-0.0
154.938799019,-205.2824291,233.091717291
199.719409481,-249.716051657,298.749223501
231.04117079,-270.989853159,343.414931898
255.705258606,-279.386084857,377.444733931
276.257093122,-278.833977647,404.72670748
293.929056361,-271.298287913,427.157549064
309.42546764,-257.945209548,445.830821457
323.16850075,-239.603778067,461.421670537
335.526855637,-216.759684742,474.487611454
346.756833692,-189.778098704,485.421688506
356.992651664,-159.059792202,494.462536756
366.228611366,-125.454465032,501.733438853
374.464350206,-89.8419571114,507.370176847
381.803669323,-52.8029710989,511.600432464
388.440758876,-14.2456478675,514.666735467
394.550573515,25.9688132855,516.77919913
400.156829889,67.1101350581,518.081895297
405.276559728,108.505200304,518.69940344
409.924323864,149.509135931,518.747972244
414.133823359,189.534513997,518.362301837
417.924024352,227.974718146,517.657324
421.314905528,264.338075751,516.730944601
424.337475867,298.330939206,515.668056745
426.998480391,329.488077976,514.548008078
429.304834374,357.443702277,513.4355562
431.286971004,382.197956493,512.370811535
432.995622606,404.115582503,511.366383474
434.484573254,423.68027588,510.421374392
435.775352855,441.005842184,509.547406647
436.879055018,456.097856518,508.758487542
437.804104348,468.951759784,508.066610282
438.573108573,479.777265976,507.470578931
439.211469709,488.860352888,506.96136399
439.74403094,496.508110984,506.526013074
440.184573597,502.882998799,506.158591734
440.546674527,508.154141562,505.851881768
440.842834636,512.483863196,505.598247084
441.083078428,516.009245765,505.390526429
441.276070585,518.851143088,505.222174382
441.429384192,521.115583827,505.087409402
441.552247248,522.935867164,504.978570635
441.649586594,524.382579786,504.891655247
441.72372065,525.487739647,504.824959356
441.779380747,526.319287864,504.774615185
441.821683292,526.952027527,504.736240244
441.855257471,527.454670216,504.705714614
441.882259273,527.859179864,504.68112514
441.904189777,528.187771882,504.661145662
441.921956541,528.453941749,504.644964789
441.936367101,528.669815999,504.631842799
441.947862075,528.842002041,504.621377461
441.956525696,528.971770109,504.613490824
441.962974156,529.068354649,504.60762124
441.967869023,529.141667492,504.603166097
441.971914793,529.202261613,504.599483978
441.975266159,529.252454607,504.596433986
441.978014626,529.293617425,504.593932771
441.980229662,529.326790816,504.591917062
441.982009008,529.353438838,504.590297876
441.983415373,529.374500825,504.589018123
441.984463729,529.390201101,504.588064164
441.985242369,529.40186204,504.587355642
441.9858201,529.41051413,504.586829941
441.986239033,529.416788031,504.58644874
441.986538199,529.421268313,504.58617652
441.986757778,529.424556718,504.585976718
441.986953281,529.427484545,504.585798825
441.987127751,529.430097373,504.585640071
441.98728588,529.432465492,504.585496186
441.987394437,529.434091228,504.585397408
441.987508263,529.435795862,504.585293836
441.987546732,529.436371965,504.585258832
0.0,-0.0,-0.0
155.493519907,-182.958359947,231.277918639
200.030141504,-219.605156987,295.540155807
230.968488241,-234.654517369,338.772909758
255.297205714,-237.654837677,371.521477564
275.524698389,-232.166182913,397.593186709
292.876535004,-219.99885217,418.861295404
308.029440615,-202.296303331,436.381689423
321.501074845,-179.720441164,450.933454974
333.635653085,-152.74292707,463.040815366
344.619319173,-121.830656741,473.020513602
354.474830778,-87.885745072,481.041372672
363.223463125,-51.8248139616,487.273321359
370.991302266,-14.2586562667,491.97770777
377.994606103,24.8910411272,495.427597552
384.42492979,65.7483018076,497.856743798
390.312166536,107.55613159,499.421428193
395.678163613,149.622842368,500.255326459
400.541398853,191.289309178,500.481923075
404.939715123,231.953411348,500.243564234
408.894988441,270.996780552,499.660663304
412.429734099,307.920153464,498.835458907
415.577605266,342.426168845,497.856811769
418.346697405,374.044246826,496.806654301
420.745091621,402.405922722,495.751686827
422.805138755,427.514087562,494.734068617
424.580084375,449.741264372,493.768467986
426.126161193,469.579668721,492.855858616
427.465985591,487.145724058,492.008870533
428.611276397,502.445858555,491.242192395
429.570938064,515.476105014,490.568351089
430.368547707,526.449406001,489.986917131
431.030539436,535.655979124,489.489550914
431.582735354,543.407383329,489.063886182
432.039465774,549.868439261,488.704341235
432.414835433,555.210645058,488.40402121
432.721823426,559.598567835,488.155568684
432.970834586,563.171241498,487.952018703
433.17085926,566.051220344,487.786989478
433.32975289,568.345987338,487.654844282
433.457083452,570.19065792,487.548086725
433.557959548,571.656775926,487.462803989
433.634785627,572.776783648,487.397339125
433.692466004,573.619515407,487.347912657
433.736303478,574.260766851,487.310232686
433.771095565,574.770172397,487.280257112
433.799076657,575.180124792,487.256109183
433.821802395,575.513136267,487.236488307
433.840213321,575.782883661,487.220598266
433.855146302,576.001658002,487.207712338
433.86705796,576.176156271,487.19743542
433.876035611,576.307666401,487.189690859
433.882717795,576.405547225,487.183927064
433.88779007,576.479843842,487.179552242
433.891982469,576.541250953,487.175936527
433.895455294,576.592117306,487.17294155
433.898303368,576.633832287,487.17048546
433.900598677,576.667450635,487.168506122
433.902442505,576.694456067,487.166916156
433.903899836,576.715800529,487.1656595
433.904986183,576.731711361,487.164722759
433.905793041,576.743528681,487.164027025
433.906391708,576.752296799,487.163510814
433.906825822,576.758654834,487.163136494
433.907135829,576.763195198,487.162869188
433.907363366,576.766527699,487.162672993
433.907565954,576.769494788,487.162498311
433.907746746,576.772142654,487.162342424
433.907910605,576.774542528,487.162201136
433.908023096,576.776190065,487.162104141
433.908141047,576.777917557,487.162002438
433.90818091,576.778501385,487.161968067
0.0,-0.0,-0.0
155.432943272,-158.419272246,228.112117273
199.585762443,-186.695212093,290.678173951
230.206378138,-195.28878106,332.52265937
254.224223103,-192.673448908,363.995646398
274.141224639,-182.059348703,388.857218556
291.153503651,-165.155747476,408.930596454
306.044518737,-142.903877835,425.386038831
319.303394063,-115.930032377,438.961459468
331.198248572,-84.7912688594,450.095055177
341.796817435,-50.4563746839,459.025190602
351.152878948,-13.8863209088,465.971459411
359.423086383,24.2730797219,471.24060111
366.852138019,64.0846727289,475.144971204
373.652449389,105.655553201,477.947967672
379.862080106,148.19888414,479.821213967
385.509168632,191.002870078,480.909675719
390.617238823,233.393333406,481.34569277
395.229270478,274.752531039,481.280734845
399.370756504,314.449853081,480.841705922
403.067320607,351.978391783,480.135939603
406.355777353,387.037292553,479.256927988
409.245881315,419.150695459,478.289594219
411.747132529,447.947738869,477.302882282
413.894111883,473.434662864,476.341334428
415.742931661,495.99264256,475.42203366
417.35259583,516.123211579,474.54815246
418.746960226,533.945724918,473.733492457
419.938462015,549.467623945,472.993527735
420.936556887,562.685655769,472.341398802
421.765911868,573.816254038,471.777571556
422.454115897,583.154191804,471.294520588
423.028083304,591.015814984,470.880576863
423.502757486,597.568476161,470.530575973
423.892831399,602.986208449,470.238006952
424.211816183,607.435971219,469.995844553
424.470539497,611.058882656,469.797360192
424.678353442,613.979310873,469.636369635
424.84342686,616.306287187,469.507410709
424.97570468,618.176859028,469.403186398
425.080497052,619.663588127,469.319892761
425.160303866,620.799367505,469.255929125
425.220221102,621.653979201,469.207622558
425.265758,622.304272475,469.170790967
425.301898483,622.820862023,469.141487048
425.330963766,623.236596076,469.117878371
425.354569909,623.574302049,469.09869545
425.37369398,623.847849437,469.083160554
425.38920532,624.069704102,469.070562868
425.401578278,624.246658224,469.060516002
425.410903578,624.380018586,469.052944903
425.417844508,624.47927616,469.047310258
425.423113182,624.554617605,469.043033495
425.427467906,624.616888151,469.039498843
425.431075191,624.66846964,469.036571028
425.434033534,624.710771037,469.034170024
425.436417709,624.744861943,469.032235085
425.438332923,624.772246953,469.030680788
425.439846675,624.793891408,469.029452326
425.44097508,624.810025856,469.028536603
425.441813175,624.822009255,469.027856481
425.442435019,624.830900596,469.027351853
425.442885939,624.837347983,469.026985933
425.443207948,624.841952153,469.026724625
425.443444294,624.845331486,469.026532833
425.443654725,624.848340271,469.026362071
425.443842516,624.851025347,469.026209682
425.444012719,624.853458946,469.026071565
425.444129565,624.855129635,469.025976746
425.444252082,624.856881403,469.025877326
425.444293488,624.857473436,469.025843726
0.0,-0.0,-0.0
154.786903235,-131.709936822,223.68706182
198.622728739,-151.277098056,284.570271952
228.931492754,-153.121406179,324.989264975
252.636759118,-144.653524051,355.154334638
272.207657438,-128.777513735,378.743897521
288.961246483,-106.920104385,397.703715276
303.645853037,-79.9448337489,413.148765478
316.66676117,-48.5357675217,425.717200947
328.165448904,-13.7480221638,435.757940365
338.245905073,23.4036155695,443.565096948
347.107815041,62.232644704,449.508160062
355.03328559,102.784487951,453.950948787
362.261373168,145.147040813,457.194529064
368.841083874,188.500360676,459.430067616
374.808865114,232.111179294,460.816705316
380.194798152,275.289722479,461.497723761
385.048282235,317.401886797,461.635544506
389.399332764,357.804554798,461.364798742
393.277400613,395.983345318,460.798836234
396.723093004,431.634320601,460.03656536
399.748207919,464.27657698,459.166381355
402.363975498,493.537284653,458.259827172
404.607571163,519.426744314,457.364213021
406.538372982,542.335719095,456.49943997
408.218514507,562.77588579,455.67124689
409.673263439,580.869870036,454.89479165
410.915881355,596.626308947,454.186451034
411.956456382,610.042804193,453.560068995
412.820877181,621.339541614,453.017149457
413.538020116,630.816156488,452.551118395
414.136013302,638.794087466,452.151126413
414.630482133,645.443382453,451.812497464
415.036772281,650.940763123,451.529171016
415.368984268,655.455721212,451.294512714
415.638413751,659.131584477,451.102074412
415.854812833,662.0946415,450.945906701
416.026696607,664.455559597,450.820754591
416.164425945,666.353425573,450.719558718
416.273533426,667.861875328,450.638644699
416.356624332,669.014276899,450.576478361
416.419005961,669.88140989,450.529513267
416.466415084,670.541233161,450.493698175
416.504041029,671.065394587,450.46519917
416.534300688,671.487222424,450.442236822
416.558876692,671.829876156,450.423578813
416.578786358,672.107428332,450.408469539
416.594934807,672.332529203,450.396217272
416.607815919,672.512071347,450.386446077
416.617524176,672.647381467,450.379082827
416.62475013,672.748089822,450.373602931
416.630235148,672.824532261,450.369443661
416.63476868,672.887712649,450.366006136
416.63852408,672.940047702,450.363158789
416.641603889,672.982967022,450.360823785
416.644085953,673.017555872,450.358942041
416.6460798,673.045340849,450.357430479
416.647655702,673.06730141,450.356235797
416.648830436,673.083671484,450.355345255
416.649702939,673.095829881,450.354683836
416.650350314,673.104851063,450.354193086
416.650819747,673.111392599,450.353837229
416.651154977,673.116064002,450.353583108
416.651401026,673.119492682,450.353396591
416.651620096,673.122545402,450.353230526
416.651815597,673.125269687,450.353082328
416.651992788,673.127738822,450.352948009
416.652114431,673.129433907,450.352855799
416.652241978,673.131211254,450.352759113
416.652285084,673.131811932,450.352726437
0.0,-0.0,-0.0
153.903149691,-103.30741518,218.566037024
197.356872032,-113.667737357,277.594361069
227.315228262,-108.428197579,316.486801013
250.64358961,-93.9157457136,345.231897794
269.945441033,-72.5305205387,367.618082688
286.489599583,-45.5280406324,385.505848641
300.929451008,-13.7780167012,399.888788875
313.533491852,21.5508822356,411.300954818
324.486141235,59.378650887,420.152677151
334.04962263,98.9721125599,426.902905595
342.556503217,140.35782438,431.984403691
350.28055077,183.602453525,435.746912049
357.285679693,227.849756854,438.406901195
363.619449056,272.344027326,440.141552089
369.320546424,316.379801262,441.107817891
374.446463285,359.306219503,441.481365321
379.032907982,400.467734896,441.406086765
383.114068843,439.342984796,441.00247311
386.735121679,475.625624443,440.375784609
389.910387975,508.830160557,439.618464639
392.653211507,538.582413204,438.805078085
395.003789124,564.897597896,437.986147819
397.025216299,588.177095859,437.184849243
398.78315461,608.943602038,436.4098981
400.304478209,627.323388805,435.678015926
401.603394064,643.326501282,435.006614254
402.690715179,656.951559239,434.410341334
403.593695622,668.422767695,433.891895698
404.342642123,678.044928917,433.445804553
404.96702658,686.144873314,433.062171435
405.483230251,692.895504466,432.736886028
405.907320223,698.476380857,432.464410418
406.254047208,703.059660451,432.23856474
406.535222642,706.791000808,432.053229036
406.761038994,709.79871267,431.902729079
406.940392185,712.195182106,431.782052308
407.084099935,714.121636051,431.684418329
407.197939162,715.652837312,431.606304628
407.284631,716.822651579,431.546254555
407.34971464,717.70290209,431.500869652
407.399176427,718.372709159,431.466252182
407.438430948,718.904803024,431.438701659
407.470000022,719.333014777,431.416501001
407.49563928,719.680851632,431.398461585
407.516410177,719.962598865,431.383853854
407.533257065,720.191100026,431.372008598
407.546695241,720.373352939,431.362562216
407.556823313,720.510705235,431.355443856
407.564361719,720.612933107,431.350146284
407.5700839,720.690528687,431.346125438
407.574813448,720.754661996,431.342802344
407.578731214,720.807786287,431.340049798
407.581944176,720.851352777,431.337792549
407.584533549,720.886463135,431.335973475
407.586613596,720.914667005,431.334512259
407.588257627,720.936958629,431.333357372
407.589483146,720.953575475,431.332496495
407.59039337,720.965917149,431.331857111
407.591068732,720.975074314,431.33138271
407.591558458,720.981714454,431.331038709
407.59190818,720.98645627,431.330793055
407.592164866,720.989936631,431.330612751
407.592393407,720.993035365,431.330452219
407.592597359,720.995800712,431.330308958
407.59278221,720.998307064,431.330179115
407.592909113,721.000027698,431.330089977
407.593042173,721.001831835,431.329996513
407.593087143,721.002441566,431.329964926
0.0,-0.0,-0.0
152.776022369,-73.1925153219,212.777913164
195.79276467,-73.8670849563,269.79721139
225.32045559,-61.2864014202,307.014691112
248.362595656,-40.4504323175,334.418055411
267.44874949,-13.3471308268,355.642652127
283.737331858,18.8677029013,372.392291529
297.732876525,54.8735219477,385.536131747
309.755958896,93.5121598136,395.676378949
320.164009124,133.998305733,403.405464911
329.360284435,176.339663413,409.25182664
337.665208921,220.580393808,413.629885996
345.16351807,265.824984223,416.7897331
351.917944323,311.294964107,418.932023677
357.978672345,356.269745016,420.231126519
363.413561367,400.081774219,420.87897568
368.265585553,442.063590076,421.030722779
372.574869526,481.687749494,420.815442324
376.3921525,518.64652577,420.34591813
379.734900743,552.450547001,419.719366749
382.619061511,582.725132184,419.013904356
385.088376208,609.49147654,418.283805137
387.210195367,633.162796486,417.556058063
389.054175711,654.273816144,416.842833859
390.649028665,672.954900525,416.162661528
392.010051173,689.217760467,415.534143329
393.148891364,703.062232116,414.97285061
394.094334431,714.716841865,414.482855714
394.878280485,724.491897006,414.059957133
395.531692469,732.719947703,413.695361768
396.071791334,739.576929672,413.38561245
396.515443131,745.245399754,413.125775079
396.878117141,749.900327087,412.91019556
397.172194203,753.689829137,412.733135599
397.408352345,756.744348438,412.589241246
397.595906956,759.178078578,412.473781681
397.746178181,761.134494249,412.380301458
397.865211699,762.689541493,412.305454762
397.955856166,763.877607799,412.247874747
398.023905543,764.771608901,412.204334793
398.075620242,765.451881583,412.171115814
398.116662156,765.992290685,412.144672982
398.149668296,766.427194362,412.123361934
398.176474437,766.780464179,412.106044992
398.198190486,767.066608412,412.092022986
398.215803862,767.298673384,412.080653035
398.229853368,767.483767318,412.071585951
398.240442146,767.623259855,412.064753552
398.248323438,767.727080175,412.059668877
398.254305879,767.805884222,412.055809663
398.259250532,767.871016161,412.052620183
398.263346476,767.924967536,412.04997833
398.266705559,767.969212224,412.04781187
398.26941269,768.00486909,412.046065969
398.27158733,768.03351193,412.044663538
398.273306125,768.056150483,412.043555115
398.274587375,768.073025928,412.042728877
398.275538991,768.085559662,412.04211522
398.276245065,768.094859326,412.041659908
398.276757062,768.101602794,412.041329749
398.277122687,768.106418397,412.04109398
398.277391046,768.109952915,412.040920932
398.277629979,768.113099867,412.04076686
398.277843206,768.115908244,412.040629364
398.278036463,768.118453596,412.040504746
398.278169136,768.120201004,412.040419195
398.278308248,768.122033213,412.040329492
398.278355262,768.122652432,412.040299176
0.0,-0.0,-0.0
151.418554045,-41.3946848734,206.368451382
193.884964017,-31.9859475516,261.158124793
223.093917032,-11.7278659155,296.794712095
245.906763266,15.6695199472,322.896407532
264.718809281,48.5817486285,342.872398569
280.524923542,85.4870634256,358.270752561
293.894461981,125.13942567,370.035983836
305.338752365,166.700115719,378.971806641
315.364914926,210.162109547,385.745541667
324.358547978,255.548019729,390.860654127
332.434356917,301.921135849,394.61331027
339.676312168,348.481266853,397.235523327
346.150277649,394.494469112,398.924350372
351.937645224,439.277389256,399.892069341
357.090808411,482.151885765,400.307747405
361.657432957,522.585961776,400.310926275
365.695115791,560.27204619,400.023404478
369.225281562,594.717965112,399.54809783
372.267113189,625.549700767,398.967345156
374.868544225,652.795775501,398.339831865
377.101825868,676.882706712,397.697003466
379.041161617,698.358440989,397.055046442
380.717376019,717.357974929,396.434586055
382.147030034,733.895002835,395.855600957
383.342739249,747.970821155,395.334726609
384.335011949,759.818628275,394.87761509
385.15752828,769.754620425,394.481529692
385.842909584,778.117435597,394.13895076
386.409311961,785.086240469,393.847173241
386.874488206,790.846770644,393.601958263
387.25470324,795.576967236,393.398257462
387.562967619,799.427551501,393.230774097
387.810495623,802.531218539,393.094524874
388.00706536,805.004066905,392.985104559
388.164550243,806.991936644,392.896433752
388.289291963,808.572018583,392.825370952
388.384279746,809.77924844,392.770652785
388.455587786,810.687687569,392.729250939
388.509777794,811.378948996,392.697652849
388.552783467,811.928088925,392.672493968
388.587368425,812.37001889,392.652214146
388.615456518,812.728992865,392.635734671
388.638210901,813.019753282,392.622391577
388.656666319,813.255559533,392.611572527
388.671387407,813.443635844,392.602945051
388.682482293,813.585375039,392.596444075
388.690740257,813.690866946,392.591606134
388.697008604,813.770939496,392.587934242
388.702189555,813.83711966,392.584899608
388.706481232,813.891939186,392.582386038
388.710000831,813.936895739,392.580324793
388.71283732,813.973126238,392.578663692
388.715115872,814.002229834,392.577329385
388.716916797,814.025232531,392.576274809
388.718259268,814.042379406,392.575488711
388.719256354,814.055114729,392.574904868
388.719996165,814.064563962,392.574471678
388.720532626,814.071415885,392.574157561
388.720915721,814.076308935,392.573933247
388.721196903,814.079900297,392.573768608
388.721447253,814.083097859,392.573622022
388.721670668,814.085951402,392.573491207
388.721873159,814.088537688,392.573372644
388.722012171,814.090313198,392.57329125
388.722157929,814.092174873,392.573205906
388.72220719,814.09280405,392.573177062
0.0,-0.0,-0.0
149.74464867,-8.0464654514,199.255052647
191.81907055,11.9137414801,251.945985566
220.767802405,40.141135535,286.033737038
243.272762278,74.2283104944,310.713557634
261.546531939,112.42608413,329.178646354
276.666698241,153.416940407,343.056595047
289.414352858,196.323870398,353.513375648
300.458990261,241.140403477,361.430234504
310.281819388,287.874419502,367.438939933
319.042323682,335.54903862,371.901262826
326.855107305,383.346232461,375.09244539
333.807953086,430.522697997,377.239896943
340.000308487,476.381670023,378.58189297
345.497003138,520.236755775,379.305033918
350.355435679,561.5539051,379.561840938
354.641775693,600.028007383,379.485060954
358.382487594,635.165693849,379.184512082
361.600816732,666.595214287,378.74762007
364.349701151,694.354154575,378.238300456
366.707077261,718.884140147,377.693229667
368.752353761,740.747785913,377.133272887
370.518801481,760.085386735,376.581496713
372.024456973,776.913019701,376.059479189
373.283063627,791.23374711,375.585088652
374.327077029,803.285858816,375.16579466
375.192172652,813.391889653,374.800546149
375.912821693,821.896991392,374.483289486
376.50822483,828.983792829,374.212183987
376.997121586,834.841416556,373.983789027
377.396659902,839.650960148,373.793751684
377.720548254,843.565912681,373.637283797
377.980594344,846.721359069,373.509828972
378.187087655,849.235413367,373.40735637
378.352511855,851.256413725,373.324219337
378.483535202,852.862865301,373.257511331
378.583302146,854.090282021,373.206087648
378.658195584,855.013930752,373.167147582
378.715108942,855.716767994,373.137415895
378.760275061,856.275105073,373.113735531
378.796596907,856.724436478,373.094643247
378.826095262,857.089418869,373.079128161
378.84999188,857.385041366,373.066566829
378.869373581,857.624787986,373.05638211
378.884833429,857.816005245,373.048260802
378.896485041,857.960110475,373.042141416
378.905157346,858.067362748,373.037587556
378.911740188,858.148771145,373.034131333
378.917181066,858.216055168,373.031274978
378.921688047,858.271788912,373.028909102
378.925384211,858.317495096,373.026968991
378.928362993,858.354329656,373.02540552
378.930755847,858.383918444,373.024149644
378.932647111,858.407304597,373.02315706
378.934056925,858.424737295,373.022417175
378.935104026,858.437684896,373.021867657
378.935880948,858.447291627,373.021459935
378.936444319,858.454257754,373.021164286
378.93684663,858.459232359,373.020953161
378.937141916,858.462883578,373.020798202
378.937404824,858.466134434,373.020660234
378.937639446,858.469035536,373.020537111
378.937852094,858.471664927,373.020425519
378.937998079,858.473470029,373.020348911
378.938151148,858.475362731,373.020268585
378.93820288,858.476002394,373.020241438
0.0,-0.0,-0.0
148.139754887,26.7874206223,191.967602341
189.826489536,57.6971907453,242.500704093
218.381711088,94.0772825881,274.83764397
240.251780977,134.323825882,297.751217199
257.751006647,177.206150719,314.492162734
272.190069599,221.884385121,326.921108072
284.513843591,268.399027093,336.275682761
295.352696359,316.765106867,343.383558523
304.936084086,365.974216927,348.704282531
313.424371725,415.20031389,352.574899532
320.936853002,463.698921898,355.26464519
327.597651937,510.76497526,357.045818803
333.488339186,555.708274806,358.127571184
338.679082895,597.996754357,358.678800049
343.246922799,637.331221699,358.845733369
347.224811561,673.219500451,358.746665567
350.64114397,705.294328332,358.475226865
353.554884559,733.604609716,358.10158049
356.050607976,758.609320132,357.668564283
358.213711674,780.887504339,357.202501749
360.08031422,800.585585302,356.729311261
361.67018434,817.722527649,356.272436792
362.998386876,832.303544289,355.851180354
364.099584652,844.572520935,355.475100647
365.011694464,854.858858939,355.145081167
365.771254012,863.514716948,354.856749331
366.39863267,870.726454995,354.609254406
366.913669216,876.686823153,354.400068393
367.334492421,881.580287045,354.225632857
367.675584787,885.563290121,354.081742022
367.949411025,888.773462624,353.964328105
368.166825944,891.331059144,353.869788071
368.340986372,893.387065257,353.792969769
368.478920885,895.021378765,353.731235012
368.583945371,896.27012576,353.683574366
368.662782769,897.209845933,353.647446551
368.722691636,897.924914603,353.619847075
368.770233992,898.492969521,353.597855854
368.808466138,898.950121204,353.580120306
368.839515506,899.321451675,353.565706985
368.864668328,899.622210759,353.554038729
368.885068713,899.866119996,353.544578639
368.901341002,900.060655218,353.537035531
368.913604858,900.207259743,353.531352031
368.92273282,900.316371482,353.527122665
368.929661514,900.399190902,353.523912791
368.935388232,900.467640887,353.521260072
368.940131981,900.524340269,353.519062896
368.944022311,900.57083824,353.517261146
368.94715757,900.608310825,353.51580919
368.949676119,900.638412083,353.514642897
368.951666728,900.662203248,353.513721122
368.953150596,900.679937835,353.513034021
368.954252699,900.693109645,353.512523708
368.95507043,900.702882728,353.512145076
368.955663392,900.709969479,353.511870522
368.956086836,900.71503022,353.51167446
368.956397632,900.718744661,353.511530557
368.956674349,900.722051806,353.511402434
368.956921295,900.72500314,353.511288096
368.957145112,900.727678058,353.511184467
368.957298765,900.729514414,353.511113325
368.957459875,900.731439888,353.51103873
368.957514324,900.732090627,353.51101352
0.0,-0.0,-0.0
146.582004219,63.0308224556,184.499777225
187.709755625,105.221238172,232.598388966
215.487129433,149.236356193,262.762296678
236.469209158,195.07068316,283.669430806
253.220285757,242.253123208,298.783259801
267.214425356,291.01619354,310.011755558
279.336994502,341.445557944,318.509086952
289.934344851,392.529303591,324.890661714
299.238888013,443.4561162,329.586737786
307.41719472,493.496815507,332.926779005
314.628383526,541.948201367,335.22927354
320.977269991,588.124220794,336.733316206
326.55123466,631.50138479,337.629049605
331.441438636,671.791749516,338.079697053
335.689360603,708.507929329,338.214204077
339.330044722,741.290318884,338.133928544
342.429840549,770.202232741,337.916616854
345.081190718,795.722989662,337.6124499
347.376474744,818.450398981,337.25417868
349.355172216,838.538119877,336.871089279
351.039113161,856.008680354,336.488828174
352.444931169,870.869956434,336.128383477
353.609818101,883.372097717,335.80173127
354.574233108,893.852063316,335.511985882
355.377043491,902.669660354,335.256709023
356.039938283,910.015331554,335.036188217
356.58399158,916.085768734,334.848942058
357.028430714,921.069081693,334.692321917
357.388603629,925.124909181,334.562789945
357.677708206,928.393627584,334.456838239
357.907229057,930.997794187,334.371353072
358.091071099,933.091235258,334.301747539
358.23666343,934.755342786,334.245690103
358.347512733,936.026899456,334.202325692
358.430719218,936.98380566,334.169408836
358.493946252,937.711953493,334.144243906
358.544120651,938.290399432,334.12418136
358.58446865,938.755912848,334.107994947
358.617235865,939.134030538,334.094839595
358.643779974,939.44028116,334.084190984
358.665308557,939.688640428,334.075558186
358.682480612,939.886722551,334.068675179
358.69542251,940.035998731,334.063489295
358.705055091,940.147098121,334.059630371
358.712366797,940.231425806,334.056701725
358.718410067,940.301122089,334.054281473
358.723416021,940.358853629,334.052276879
358.727521377,940.406197923,334.050633075
358.730829922,940.444352472,334.049308418
358.733487668,940.475001489,334.048244389
358.735588295,940.499225552,334.047403444
358.737154171,940.517282813,334.0467766
358.738317184,940.530694269,334.046311041
358.739180107,940.540645155,334.045965616
358.73980584,940.547860833,334.045715141
358.740252686,940.553013642,334.045536275
358.740580658,940.556795657,334.045404994
358.740872668,940.560162965,334.045288108
358.741133261,940.563167989,334.045183798
358.741369448,940.565891569,334.045089259
358.741531592,940.567761331,334.045024356
358.741701606,940.569721832,334.044956305
358.741759064,940.570384408,334.044933306
0.0,-0.0,-0.0
144.777000867,100.593955386,176.489086481
184.887898403,153.566921373,221.630429958
211.631968462,204.700558458,249.369214319
231.796384252,255.766407753,268.419690244
248.093163319,307.712556032,282.219352808
261.905032896,360.887432602,292.540902546
273.792406821,414.357081588,300.272268272
284.109311114,467.377862849,305.994611081
293.097259514,519.269719592,310.129158891
300.967342606,569.351422613,313.060076742
307.85790546,616.955444793,315.067822168
313.880301198,661.577858665,316.371048021
319.14457359,702.950349632,317.155027475
323.703681571,740.595856407,317.562456992
327.60144465,774.167053689,317.704556757
330.913447206,803.745975587,317.668456337
333.741620272,829.83632288,317.513218318
336.186608309,853.05778267,317.279254274
338.291920505,873.572742119,316.999880898
340.081878041,891.40820629,316.703380921
341.5750045,906.575403419,316.412752036
342.811424895,919.33163031,316.142791759
343.834513875,930.022305443,315.899204265
344.685791605,939.015714703,315.681789048
345.388452576,946.506839924,315.492150033
345.964972506,952.696722046,315.330011944
346.435820494,957.777472001,315.193772384
346.8173208,961.912232568,315.080662198
347.123496583,965.244383343,314.987816962
347.366540023,967.898992338,314.912684189
347.561194132,970.032973801,314.85132449
347.715336859,971.729344021,314.801757538
347.832688973,973.025599599,314.763304924
347.920772568,974.001114662,314.734059185
347.987703292,974.743423653,314.711677659
348.040815356,975.33311971,314.693820138
348.083524774,975.8076858,314.679404807
348.118209129,976.193151099,314.667687604
348.146305881,976.50534626,314.658204626
348.169093475,976.758522388,314.650517535
348.187269599,976.960443626,314.64438909
348.200968127,977.112611471,314.639772017
348.211163809,977.225862138,314.636336529
348.21890291,977.31182222,314.633729337
348.225299411,977.382867352,314.631574801
348.230597951,977.441715968,314.629790331
348.234943245,977.489976203,314.628327062
348.238445153,977.528868809,314.627147908
348.241258223,977.560110635,314.626200767
348.243481611,977.584803196,314.625452211
348.245138997,977.603209667,314.624894238
348.246369975,977.616880474,314.624479833
348.247283327,977.627023785,314.624172363
348.247945626,977.634378991,314.623949411
348.248418584,977.639631438,314.623790199
348.248765723,977.643486582,314.623673344
348.249074797,977.646919,314.623569303
348.249350619,977.649982129,314.623476455
348.249600608,977.652758371,314.623392304
348.249772227,977.654664286,314.623334534
348.249952176,977.656662694,314.623273961
348.250012992,977.657338082,314.623253489
0.0,-0.0,-0.0
142.090019741,138.196579019,167.308807816
180.945980666,201.607790223,209.236749829
206.798207139,259.571382519,234.782471226
226.515590626,316.435819198,252.372674155
242.666631719,373.49737243,265.207108553
256.256794135,430.148385375,274.715084577
267.864615222,485.843456754,281.745249414
277.858591005,540.02460305,286.868484428
286.531194421,592.073376725,290.567458265
294.071194703,641.367481942,293.182284553
300.62449494,687.441349995,294.971255951
306.327131748,730.059779491,296.149091784
311.247887481,768.764723585,296.87670606
315.442396386,803.228003453,297.278188689
318.998000034,833.556430289,297.452476566
322.028240129,860.283523442,297.469503645
324.643663625,884.054961228,297.378891895
326.892671357,905.043861099,297.218829898
328.802631409,923.282942147,297.020787978
330.394369773,938.787712238,296.810181417
331.711441449,951.823763453,296.605115368
332.800587335,962.746120311,296.414307772
333.706366261,971.932589557,296.240149392
334.453700427,979.58326801,296.085768565
335.066664225,985.904056562,295.952280384
335.567137007,991.091512226,295.839284964
335.972549305,995.31266266,295.744896704
336.297857036,998.714206806,295.666989472
336.556050356,1001.42397932,295.603653253
336.762814417,1003.60228501,295.551688421
336.9265319,1005.33392394,295.509515877
337.051164682,1006.65717743,295.476658997
337.144708102,1007.65303201,295.451595462
337.215784641,1008.41081793,295.432384716
337.272184811,1009.01280864,295.417039026
337.317537195,1009.49726737,295.404641147
337.354367167,1009.89076152,295.39456208
337.384201535,1010.20945194,295.386406762
337.408398086,1010.4678909,295.379796796
337.427697836,1010.67400652,295.374527742
337.44224307,1010.82933351,295.370558488
337.45306888,1010.9449344,295.367605243
337.461286247,1011.0326778,295.365364145
337.468078017,1011.10519647,295.363512219
337.473703962,1011.1652654,295.361978436
337.478317747,1011.21452623,295.360720768
337.482036026,1011.25422509,295.359707317
337.4850229,1011.2861145,295.35889329
337.487383658,1011.31131885,295.358249948
337.489143441,1011.33010679,295.357770407
337.490450471,1011.34406091,295.357414256
337.49142025,1011.35441442,295.35715001
337.492123467,1011.36192204,295.356958401
337.492625645,1011.36728333,295.356821572
337.492994229,1011.37121836,295.356721145
337.493322398,1011.3747219,295.356631731
337.49361526,1011.37784851,295.356551937
337.493880693,1011.38068227,295.356479618
337.494062916,1011.38262768,295.356429969
337.494253982,1011.3846675,295.356377912
337.494318555,1011.38535688,295.356360319
0.0,-0.0,-0.0
138.501036013,175.198776687,157.038369398
176.27578786,248.698834419,196.035807409
201.662642644,314.112429191,219.848045286
221.260040148,377.074877396,236.358034865
237.184023542,438.164819348,248.288893932
250.476876623,497.382789971,257.021108717
261.738914125,554.457360745,263.389198151
271.397028727,608.916820349,268.031951828
279.718720753,660.233907244,271.379049593
286.901066931,708.013518058,273.745550737
293.116627689,752.075052819,275.3863491
298.456288148,791.992933419,276.486895605
302.99173533,827.468129681,277.188275196
306.825384202,858.640470451,277.604378591
310.085033097,886.080259405,277.818464255
312.893101267,910.464281136,277.891203964
315.303931671,931.978935107,277.866666583
317.348618482,950.664253221,277.780170582
319.050789104,966.541213064,277.660032098
320.457993754,979.885085215,277.528205406
321.620838786,991.061832988,277.396882304
322.587340854,1000.45996739,277.271421242
323.384392207,1008.28535967,277.156697034
324.03787749,1014.74934744,277.055408728
324.571265155,1020.05343005,276.968521237
325.003229052,1024.36893884,276.895151071
325.349770389,1027.84623729,276.834007524
325.624771337,1030.61620521,276.7839057
325.844966346,1032.84286371,276.742478643
326.019300451,1034.61296863,276.708598903
326.152004611,1035.96566317,276.682017081
326.251599951,1036.98369527,276.661643149
326.327271407,1037.75835495,276.645987636
326.38731557,1038.37374883,276.633458184
326.435596785,1038.86899143,276.623322149
326.474804318,1039.27123716,276.615079572
326.506564055,1039.59700706,276.6084126
326.532321751,1039.86118193,276.603010074
326.552866459,1040.07186878,276.598704353
326.568349807,1040.23063865,276.595461254
326.579873762,1040.34880076,276.593048555
326.588621012,1040.43848756,276.591217805
326.595850707,1040.51261202,276.589705068
326.601839385,1040.57401078,276.588452271
326.606750631,1040.62436197,276.587425049
326.610708626,1040.66493943,276.586597326
326.613888057,1040.69753451,276.585932499
326.616401003,1040.72329656,276.585407085
326.618274231,1040.74250019,276.585015453
326.619665517,1040.75676303,276.584724596
326.620697811,1040.7673456,276.584508796
326.62144636,1040.77501931,276.584352317
326.621980909,1040.7804992,276.584240576
326.622373253,1040.78452128,276.584158563
326.622722577,1040.78810233,276.584085543
326.623034317,1040.7912981,276.58402038
326.62331686,1040.79419455,276.58396132
326.623510829,1040.796183,276.583920776
326.623714211,1040.79826794,276.583878264
326.623782947,1040.79897257,276.583863896
0.0,-0.0,-0.0
134.669657011,211.050445726,146.627867682
171.806546752,295.338603771,183.162048297
197.031550397,368.386471562,205.606862321
216.336686533,436.126813917,221.015403032
231.899604994,500.210213173,232.023022424
244.788767084,561.065647698,239.978473865
255.668314817,618.552827793,245.78511324
264.934145026,672.337049624,250.013206745
272.86140648,722.150786998,253.061566874
279.675064132,767.903544678,255.24099032
285.497244586,809.223579819,256.770395739
290.421593354,845.855954097,257.813461723
294.569940932,877.985078777,258.503042615
298.087613283,906.227285948,258.938664323
301.111240089,931.297074594,259.194155125
303.702366857,953.397492646,259.320630185
305.896628807,972.57801482,259.358017911
307.72104603,988.866660361,259.338084261
309.227790463,1002.55011631,259.287203125
310.471869965,1014.00689972,259.221507796
311.505198735,1023.63762551,259.149696587
312.356894272,1031.65472682,259.078611238
313.054870121,1038.2756584,259.012722629
313.624365966,1043.70744045,258.954515229
314.085437406,1048.12618635,258.904219454
314.455243539,1051.68631585,258.861470551
314.748651848,1054.52206986,258.825885052
314.983551032,1056.80155095,258.796013018
315.169504979,1058.6136642,258.771224532
315.311041328,1059.99850291,258.751520775
315.417257969,1061.04074413,258.736286434
315.49795603,1061.83382071,258.724526895
315.561986159,1062.4638419,258.71508335
315.61347082,1062.97085224,258.707425585
315.655278683,1063.38264737,258.70119511
315.689144086,1063.7161417,258.696158724
315.716609048,1063.98657477,258.692078981
315.738515196,1064.2022489,258.688828584
315.755024407,1064.3647749,258.686380962
315.767311794,1064.48573122,258.684560402
315.77663847,1064.57753817,258.68317916
315.784347032,1064.65341442,258.682037975
315.790732351,1064.71626393,258.681092972
315.79596886,1064.76780461,258.680318182
315.800188976,1064.80934053,258.679693904
315.80357896,1064.84270544,258.679192509
315.806258318,1064.86907587,258.678796271
315.808255591,1064.88873297,258.678500933
315.809739007,1064.9033326,258.678281597
315.810839658,1064.91416504,258.678118864
315.811637774,1064.92201994,258.678000866
315.812207719,1064.92762921,258.677916605
315.812626044,1064.93174625,258.677854761
315.812998498,1064.93541185,258.677799699
315.813330881,1064.93868307,258.677750562
315.813632133,1064.94164791,258.677706028
315.813838946,1064.94368329,258.677675455
315.814055795,1064.94581746,258.677643398
315.814129082,1064.94653872,258.677632565
0.0,-0.0,-0.0
131.419213345,247.078081652,136.940888222
168.176892732,342.019946746,171.368351263
192.938012921,421.009964236,192.313236884
211.754271706,492.346385833,206.541253581
226.814344401,558.415971144,216.590042628
239.247564775,619.86532009,223.861158132
249.674280424,676.759631893,229.161457343
258.494742986,729.067586854,233.019459091
266.011941524,776.85095908,235.826531365
272.393306736,819.827421228,237.848406194
277.763103165,857.80958378,239.279339569
282.268590716,891.043621981,240.276537201
286.076929667,920.205011343,240.959532515
289.341929662,946.055132445,241.417874609
292.133944691,968.818396729,241.711149143
294.494184234,988.556707,241.884818915
296.453800964,1005.30730526,241.974755519
298.070334492,1019.37063902,242.012391837
299.403816623,1031.13990693,242.018309087
300.510560191,1041.02964394,242.004937606
301.422199382,1049.25987233,241.981319235
302.168922604,1056.05504639,241.953891099
302.777943329,1061.62845239,241.926814543
303.270851815,1066.16159282,241.901545979
303.666088497,1069.81343915,241.878736295
303.979607771,1072.72199384,241.858878362
304.230565688,1075.05990074,241.84152056
304.429205944,1076.9184584,241.826574847
304.58038276,1078.33882286,241.814315818
304.693825327,1079.40781287,241.804643439
304.780008242,1080.2212347,241.797099462
304.848387252,1080.86741252,241.790994609
304.903366732,1081.38741957,241.786017896
304.948011244,1081.80976062,241.781964023
304.98417355,1082.15178511,241.77869145
305.013500746,1082.42912888,241.77604251
305.036891859,1082.65031013,241.77393358
305.05451998,1082.81698368,241.772346346
305.067640024,1082.94102533,241.771166232
305.077598658,1083.03517329,241.770271162
305.085829493,1083.11298382,241.769531832
305.092647403,1083.17743516,241.768919721
305.098238653,1083.23028922,241.768417946
305.102744642,1083.27288342,241.7680137
305.106364258,1083.30709832,241.76768906
305.109225105,1083.33414048,241.767432529
305.111357662,1083.35429828,241.767241335
305.112941555,1083.36926976,241.767099348
305.114116756,1083.38037809,241.766994008
305.11496893,1083.38843304,241.766917628
305.115577479,1083.39418516,241.766863087
305.116024137,1083.39840706,241.766823057
305.116421818,1083.402166,241.766787417
305.116776713,1083.40552053,241.766755612
305.117098369,1083.40856087,241.766726786
305.11731919,1083.41064809,241.766706998
305.117550726,1083.4128366,241.766686249
305.117628977,1083.41357624,241.766679237
0.0,-0.0,-0.0
128.922050863,282.895886982,128.262814592
164.874667951,386.470364326,160.340540975
188.961678733,470.240454446,179.684595896
207.152053456,544.217088296,192.694075881
221.673933122,611.242148648,201.896819357
233.590068815,672.299085801,208.547025583
243.519221861,727.828482021,213.391231223
251.888607989,778.166504107,216.944342712
258.934843391,823.185909715,219.54076185
264.826754242,862.807582883,221.417716976
269.74621473,897.367769159,222.764676821
273.888523638,927.621841926,223.726416539
277.428893946,954.392283947,224.411669524
280.448762503,977.93219119,224.890409237
282.996363306,998.320503286,225.214865598
285.108007632,1015.60701538,225.425877799
286.847610201,1030.10946484,225.560744583
288.281056297,1042.23889786,225.6451186
289.46971904,1052.42645239,225.695635569
290.448133943,1060.90125963,225.723819612
291.249086776,1067.89607741,225.73830606
291.902029097,1073.63155748,225.745118585
292.430284789,1078.29548015,225.747070018
292.853735784,1082.05209378,225.745930394
293.189554896,1085.04375042,225.743154993
293.45831141,1087.44830947,225.739382684
293.671007463,1089.35982161,225.735117706
293.832862492,1090.82067197,225.73093431
293.954307153,1091.92013481,225.727293643
294.046563122,1092.7567292,225.724320439
294.119756806,1093.42130572,225.721835097
294.178605046,1093.95611109,225.719764631
294.226389483,1094.39045908,225.718070016
294.265094099,1094.74219513,225.716709184
294.296482391,1095.02740647,225.715610988
294.321516976,1095.25485722,225.714739173
294.340383399,1095.42625237,225.714084401
294.354424928,1095.55380635,225.71359837
294.365082922,1095.65061927,225.713230181
294.373891727,1095.73063173,225.71292635
294.381188355,1095.79690655,225.712674999
294.387172169,1095.8512557,225.712469091
294.391994509,1095.89505459,225.712303293
294.395868235,1095.93023707,225.712170202
294.398929917,1095.95804391,225.712065069
294.40121218,1095.97877166,225.711986734
294.402907259,1095.99416643,225.711928572
294.404164957,1096.00558882,225.711885427
294.40507695,1096.01387149,225.711854147
294.405728217,1096.01978624,225.711831813
294.406206228,1096.02412748,225.711815421
294.406631825,1096.02799269,225.711800829
294.407011632,1096.03144205,225.711787806
294.407355867,1096.03456834,225.711776004
294.407592187,1096.03671457,225.711767903
294.407839977,1096.03896494,225.711759408
294.40792372,1096.03972549,225.711756537
0.0,-0.0,-0.0
126.172252068,315.627478355,119.73016077
161.226873986,426.911071225,149.4713021
184.569674722,514.647710245,167.240841109
202.154168646,590.278333031,179.210447938
216.107614968,657.309541388,187.66428402
227.484845315,717.243479541,193.766432804
236.931512521,770.956600943,198.240322057
244.798262099,818.6080204,201.528801619
251.322956521,860.30232855,203.933197187
256.737242582,896.514794328,205.687940497
261.274466853,928.114645126,206.971059089
265.137667708,956.007974713,207.915591676
268.422799171,980.488158866,208.604706698
271.187284991,1001.6584218,209.099182133
273.474105695,1019.58627493,209.446051626
275.354994151,1034.61203407,209.689596856
276.902860704,1047.16924745,209.861391832
278.185064141,1057.70955217,209.982915414
279.239578834,1066.47339758,210.068553967
280.102235564,1073.70372657,210.129450874
280.805089012,1079.63013354,210.173738291
281.373470706,1084.44794444,210.205757593
281.828924024,1088.32771588,210.228534017
282.190020344,1091.41698437,210.244598137
282.478941363,1093.89977826,210.255799505
282.707555041,1095.87340777,210.263300436
282.88149885,1097.38172325,210.268009221
283.012000477,1098.51689764,210.271007981
283.111128827,1099.38064134,210.273064973
283.18977012,1100.06676977,210.274562281
283.252995218,1100.61890703,210.275689225
283.304331633,1101.06731645,210.276590021
283.345911978,1101.43042535,210.277332184
283.379631536,1101.72484978,210.277939798
283.406524931,1101.95964203,210.278428759
283.426791854,1102.13656601,210.27879963
283.441875539,1102.26823273,210.279077025
283.453324461,1102.36816613,210.27928835
283.462786899,1102.45075686,210.279463514
283.470624906,1102.51916681,210.279608953
283.477052663,1102.57526657,210.279728457
283.482232756,1102.62047602,210.279824916
283.486393847,1102.65679144,210.2799025
283.489682646,1102.68549361,210.279963882
283.492134202,1102.70688872,210.280009674
283.493955017,1102.72277912,210.280043705
283.495306005,1102.73456923,210.280068965
283.496285645,1102.74311854,210.280087287
283.496985219,1102.74922369,210.280100375
283.497498686,1102.75370468,210.280109982
283.49795585,1102.75769432,210.280118537
283.498363828,1102.76125471,210.280126173
283.498733596,1102.76448163,210.280133094
283.498987445,1102.76669695,210.280137846
283.499253614,1102.76901976,210.280142829
283.499343569,1102.76980479,210.280144513
0.0,-0.0,-0.0
123.124864622,345.125022893,111.29414734
157.190445403,463.008853107,138.742967678
179.81736391,553.497634292,155.164247087
196.759000265,629.694509221,166.20269537
210.11787296,695.921807493,173.986111074
220.972434721,754.234860275,179.63479481
229.877263662,805.356237796,183.777682753
237.18379269,849.717579405,186.817717335
243.198735712,888.017846692,189.055054204
248.208884489,921.294334115,190.713215541
252.454580488,950.570855742,191.956977816
256.051315521,976.198659874,192.886715825
259.068818576,998.316152611,193.574249753
261.558867757,1017.01616873,194.074487538
263.602941987,1032.66892309,194.440150064
265.282496189,1045.73667732,194.709811111
266.672048314,1056.69663386,194.910584671
267.813693429,1065.80344292,195.060190292
268.74686533,1073.31264402,195.172656686
269.506670743,1079.46476679,195.258520095
270.12078311,1084.46426607,195.323855557
270.61267321,1088.48928344,195.37310413
271.002527102,1091.69356663,195.410003784
271.314375005,1094.26847133,195.43775354
271.56107812,1096.31518469,195.458249851
271.748754944,1097.87931171,195.472775021
271.889542486,1099.05645897,195.483100532
271.996474071,1099.952103,195.490707053
272.081299823,1100.66354927,195.496597337
272.149493141,1101.23604356,195.501250588
272.20486102,1101.70096708,195.505013487
272.24970501,1102.07743181,195.5080746
272.286070122,1102.38267523,195.510563096
272.315072802,1102.62608833,195.512552429
272.336928874,1102.80950443,195.514054124
272.353195055,1102.94600035,195.515173216
272.365541393,1103.04959778,195.516023457
272.375745452,1103.13521584,195.516726709
272.384197706,1103.20613277,195.517309598
272.391129153,1103.26428799,195.517787858
272.39671514,1103.31115364,195.518173446
272.401202263,1103.34879928,195.518483287
272.404748737,1103.37855269,195.518728243
272.407392366,1103.40073136,195.518910877
272.409355832,1103.41720368,195.519046544
272.410812661,1103.42942554,195.519147215
272.411869049,1103.43828791,195.519220221
272.412623429,1103.44461662,195.519272359
272.413177122,1103.4492617,195.519310629
272.413670101,1103.45339742,195.519344703
272.41411004,1103.45708818,195.519375112
272.414508776,1103.46043326,195.519402674
272.414782512,1103.46272969,195.519421596
272.415069531,1103.46513755,195.519441437
272.415166533,1103.46595132,195.519448142
0.0,-0.0,-0.0
119.756562792,370.995310032,102.977881711
152.869595042,493.848207124,128.437015249
174.72639129,585.809913917,143.623229882
190.989426114,661.670132342,153.808921834
203.769355844,726.548216631,161.022930475
214.030251517,782.398094785,166.252559236
222.325923853,830.278107982,170.075083314
229.083358199,871.268789454,172.892512664
234.668030814,906.667631443,174.993450848
239.372182757,937.67066143,176.585569241
243.338439907,964.714896708,177.792328393
246.653444813,987.990923912,178.700148584
249.380839792,1007.6284722,179.37414127
251.614473573,1024.03810516,179.877376212
253.446345166,1037.71931813,180.256795254
254.95963632,1049.18162969,180.546125831
256.201436293,1058.69774249,180.767000728
257.215482604,1066.53895143,180.936788643
258.040488908,1072.95928956,181.068779897
258.7068798,1078.17435372,181.171023429
259.240375693,1082.37147766,181.249561941
259.663036749,1085.71190354,181.309491985
260.001021131,1088.39574204,181.355518061
260.268334244,1090.52881937,181.390356412
260.471650672,1092.15885559,181.415708735
260.624148222,1093.38554539,181.434111855
260.739961164,1094.31883067,181.44783481
260.831824468,1095.06014365,181.458565718
260.905670453,1095.65664794,181.467103921
260.965624613,1096.14104663,181.474019657
261.01418102,1096.53326088,181.479635091
261.053555219,1096.85126156,181.484195249
261.084956868,1097.10483952,181.48783706
261.108620247,1097.29591019,181.490584171
261.126231205,1097.43809984,181.492630228
261.139598085,1097.54601716,181.494184094
261.150645497,1097.6352044,181.49546891
261.159796246,1097.70907697,181.496533539
261.167300457,1097.76965549,181.497406873
261.173347995,1097.81847371,181.498110855
261.178205853,1097.85768758,181.498676463
261.182045331,1097.88868034,181.499123571
261.184907363,1097.91178276,181.499456896
261.187033037,1097.92894112,181.499704485
261.188610217,1097.94167198,181.4998882
261.189753873,1097.95090342,181.500021423
261.190570572,1097.95749568,181.500116563
261.191170005,1097.9623342,181.500186395
261.191703708,1097.96664214,181.500248571
261.19217999,1097.9704866,181.500304058
261.192611664,1097.97397097,181.500354349
261.192908012,1097.97636303,181.500388875
261.193218742,1097.97887116,181.500425077
261.193323757,1097.97971882,181.500437312
0.0,-0.0,-0.0
116.261644547,392.159213739,95.215342097
148.309906235,518.376392037,118.765485979
169.338183536,610.786507806,132.780840275
184.933744205,685.711388134,142.216875301
197.045779331,748.314079355,148.885260485
206.632025011,800.995927353,153.697106353
214.328255394,845.543641798,157.224719484
220.622949949,883.683911328,159.855102143
225.883970116,916.877565877,161.856349821
230.293062828,945.693862958,163.383919513
233.960829969,970.403158078,164.544031167
236.967315289,991.190264751,165.415285007
239.422388365,1008.52146323,166.073633137
241.431270763,1022.94547441,166.576132376
243.0877644,1035.01332802,166.964333756
244.445085695,1045.02103138,167.264497378
245.552164205,1053.25984659,167.497877444
246.452011244,1060.00067177,167.68092954
247.178306284,1065.47284052,167.823954839
247.759411196,1069.87492635,167.934809786
248.219572255,1073.37728688,168.02011983
248.58740606,1076.19056194,168.086266762
248.878240994,1078.42616573,168.136881172
249.099397204,1080.13438643,168.174134759
249.265246813,1081.41981311,168.201412179
249.391183483,1082.39770863,168.221852456
249.491066935,1083.1744077,168.23789809
249.571353635,1083.79935275,168.250700854
249.636532683,1084.30681726,168.261077026
249.689317926,1084.71768319,168.269495753
249.732119458,1085.05079077,168.276329333
249.766253306,1085.31640504,168.281784454
249.791974909,1085.51653917,168.285898134
249.811117276,1085.66547031,168.288961296
249.825646294,1085.77850233,168.29128719
249.837654045,1085.87191533,168.293210092
249.847600161,1085.94928722,168.294803275
249.855756559,1086.01273476,168.296110068
249.862329643,1086.06386465,168.297163377
249.867609634,1086.10493516,168.298009595
249.871782732,1086.13739517,168.29867849
249.874893443,1086.16159121,168.299177143
249.877203809,1086.17956177,168.299547523
249.878918021,1086.19289521,168.299822346
249.880161041,1086.2025636,168.300021634
249.881048696,1086.20946788,168.300163952
249.881700208,1086.21453539,168.300268411
249.882280279,1086.21904723,168.300361418
249.882797941,1086.22307363,168.300444418
249.883267119,1086.22672292,168.300519646
249.883589213,1086.22922818,168.300571291
249.883926939,1086.23185502,168.300625443
249.884041077,1086.23274279,168.300643745
0.0,-0.0,-0.0
112.510114133,408.148018576,87.8794164178
143.434720017,536.351063093,109.637682547
163.658833552,628.467710896,122.626843665
178.483907407,701.370897939,131.344561774
189.837058451,760.894135224,137.471626764
198.762649224,810.288266184,141.901564436
205.958725676,852.048240867,145.183618469
211.910760957,888.067649649,147.676789855
216.859897035,919.129124624,149.583250794
220.952110763,945.629079903,151.037222433
224.290906811,967.836696598,152.135768303
227.007508559,986.29696855,152.971350537
229.22411634,1001.62492611,153.613559103
231.047809623,1014.42572741,154.11339994
232.53946355,1025.02587963,154.502715065
233.754372165,1033.74223069,154.807358258
234.740738799,1040.86693232,155.047479835
235.536142171,1046.64638839,155.235988961
236.172080473,1051.29300645,155.382823973
236.675375635,1054.98828967,155.496352127
237.077508195,1057.955587,155.584844216
237.395349094,1060.31306848,155.652961715
237.636974684,1062.11415304,155.703408896
237.818137188,1063.46930161,155.740518468
237.955680178,1064.50012792,155.768398094
238.064755772,1065.31879946,155.790327891
238.152422756,1065.97747035,155.807850994
238.223587836,1066.51228223,155.822056817
238.281217261,1066.94525944,155.833577598
238.32794439,1067.29627431,155.842926662
238.36520735,1067.576155,155.850388019
238.39328601,1067.78703123,155.856013578
238.414182035,1067.94395209,155.860201946
238.430041793,1068.06304562,155.863381896
238.443149174,1068.16146652,155.866010664
238.454005995,1068.2429853,155.868188532
238.46290914,1068.30983273,155.869974809
238.470083958,1068.36370201,155.871414529
238.47584727,1068.40697265,155.872571145
238.480402343,1068.44117135,155.873485369
238.483797773,1068.46666332,155.874166896
238.486319596,1068.48559631,155.874673099
238.488190697,1068.49964381,155.875048699
238.489547481,1068.50982995,155.875321063
238.490516374,1068.51710396,155.875515566
238.491227512,1068.52244284,155.875658327
238.491860671,1068.52719628,155.875785435
238.492425707,1068.53143829,155.875898869
238.492937823,1068.53528299,155.876001679
238.493289395,1068.5379224,155.87607226
238.493658028,1068.5406899,155.876146267
238.493782612,1068.54162521,155.876171278
0.0,-0.0,-0.0
108.513619492,419.025301944,80.9619323158
138.340958293,548.086835812,101.13583941
157.62273736,638.51610194,113.131297467
171.566030244,708.427131838,121.133791398
182.176521137,764.700335104,126.765691997
190.554679572,811.374776997,130.877781555
197.385163145,851.111318155,133.977985248
203.005201203,885.057390759,136.341156524
207.615596641,913.816984811,138.143102027
211.354724089,937.792510023,139.507160836
214.383179632,957.643098356,140.547634627
216.845523136,974.074965431,141.350051815
218.865774927,987.76498186,141.977094593
220.514563536,999.080133888,142.467471971
221.855105826,1008.37041048,142.852573474
222.941958596,1015.95496931,143.15692385
223.817424198,1022.1015711,143.396492201
224.516760377,1027.03973752,143.583634545
225.069848394,1030.96464866,143.728722729
225.511525443,1034.1150183,143.842172773
225.860472178,1036.6171975,143.929818157
226.125656828,1038.52843,143.994971855
226.324433534,1039.9662196,144.043033685
226.475321387,1041.05975377,144.079196295
226.594962546,1041.92813187,144.107675165
226.691110288,1042.62673132,144.130450533
226.769152517,1043.19391338,144.148916722
226.832346303,1043.65305909,144.163887968
226.883582014,1044.02526444,144.176034725
226.924438382,1044.32202555,144.185727192
226.955223604,1044.54561116,144.193033971
226.978133188,1044.71198441,144.198473512
226.995520835,1044.83824882,144.202603089
227.009890705,1044.94259396,144.206016687
227.021793079,1045.02901829,144.208844632
227.031553518,1045.09988751,144.211164007
227.039419133,1045.15699719,144.213033338
227.045737294,1045.20287032,144.214535048
227.050730866,1045.23912564,144.215722021
227.054453143,1045.2661505,144.216606859
227.05721771,1045.2862219,144.217264065
227.059268914,1045.30111402,144.217751702
227.060756291,1045.31191259,144.218105308
227.061818441,1045.31962392,144.218357826
227.062598026,1045.32528377,144.218543169
227.063292125,1045.33032299,144.21870819
227.063911546,1045.33482003,144.218855457
227.064472952,1045.33889586,144.218988932
227.064858361,1045.34169395,144.219080564
227.065262474,1045.34462782,144.219176644
227.065399048,1045.34561936,144.219209115
0.0,-0.0,-0.0
104.418946268,425.223948118,74.6089214671
132.931934725,553.113197748,93.2209056351
151.130009131,640.633313101,104.222686541
164.213296607,707.32357974,111.570549709
174.214042683,760.95585735,116.790232853
182.197985334,805.72384835,120.664933152
188.671636694,843.451109422,123.592551009
193.926242142,875.103214853,125.814612441
198.154530394,901.30178091,127.493674798
201.559088809,922.877163473,128.774048819
204.31483836,940.664375632,129.762161758
206.567949279,955.437289921,130.535480008
208.401745544,967.617587267,131.141349564
209.889485211,977.598791054,131.617945818
211.093615803,985.734751846,131.995053362
212.062235402,992.320190572,132.292282241
212.835157139,997.605948272,132.524830539
213.445929139,1001.80407504,132.705401198
213.933348864,1005.17191077,132.84686648
214.318234326,1007.84574088,132.956403247
214.610613487,1009.88749771,133.038026133
214.829708494,1011.42313738,133.098343389
214.995981934,1012.59087729,133.143769456
215.127799507,1013.51804987,133.179569529
215.2337179,1014.26386163,133.208214455
215.31968124,1014.86930902,133.231440596
215.389282738,1015.35938311,133.250266255
215.445709494,1015.75662947,133.265537787
215.490702648,1016.07333586,133.277721922
215.524603377,1016.31193694,133.286906096
215.549830575,1016.4894769,133.293742709
215.568976724,1016.62421227,133.298932598
215.584799571,1016.73555541,133.303222467
215.597905206,1016.82777421,133.306776205
215.608652221,1016.90339386,133.309690755
215.617312787,1016.96433093,133.312039713
215.62426944,1017.01327792,133.313926687
215.629767606,1017.05196234,133.315418151
215.633865991,1017.08079768,133.316529961
215.636909884,1017.10221363,133.31735574
215.63916833,1017.11810329,133.317968452
215.64080598,1017.12962518,133.318412752
215.641975439,1017.13785302,133.318730036
215.642833785,1017.14389197,133.318962915
215.643598008,1017.1492687,133.319170259
215.644280007,1017.15406694,133.319355295
215.644898129,1017.15841576,133.319523003
215.645322475,1017.16140125,133.319638136
215.645767412,1017.16453161,133.319758856
215.645917785,1017.16558956,133.319799656
0.0,-0.0,-0.0
99.9097589141,425.595599906,68.5855498579
126.967068332,550.778941719,85.6818099692
144.137840453,635.152434695,95.7959100458
156.534630963,699.330962047,102.609981336
166.110336474,751.221359808,107.5263353
173.709909428,794.061235113,111.179478014
179.787597236,829.499399675,113.92459672
184.626603276,858.539714478,115.98689103
188.492783148,882.281651516,117.554195928
191.604047063,901.748958141,118.76157223
194.1365228,917.850564259,119.7059017
196.190560389,931.083896575,120.445750255
197.852466085,941.900812419,121.02784423
199.194696664,950.700450474,121.488446068
200.272594273,957.81202773,121.851595401
201.13158118,963.513237548,122.135898508
201.809662388,968.037123767,122.356817447
202.3503596,971.663740386,122.530079484
202.777043236,974.541507994,122.664424511
203.101015482,976.738144795,122.764688363
203.343695423,978.389783986,122.838864667
203.527816823,979.645433516,122.89475954
203.673752735,980.642221773,122.938829323
203.790995663,981.443912177,122.974101657
203.886137006,982.094634726,123.002700762
203.963161101,982.621294251,123.025876275
204.025599863,983.048156043,123.044673603
204.075383251,983.388447609,123.059668772
204.112891155,983.644802254,123.070970734
204.140801462,983.835543985,123.079383179
204.161983288,983.980293405,123.085768973
204.179488036,984.099908882,123.091047123
204.193986448,984.198977016,123.095419396
204.205875381,984.280211705,123.099005148
204.21545604,984.345672618,123.101894985
204.223151678,984.398252734,123.104216415
204.229233845,984.439808134,123.106051244
204.23376752,984.470783289,123.107418998
204.237134688,984.493788354,123.108434867
204.239632981,984.510856995,123.109188616
204.241444544,984.523233745,123.109735186
204.242738194,984.53207203,123.1101255
204.24368769,984.538559018,123.110411981
204.244533068,984.544334651,123.11066705
204.245287489,984.549488859,123.110894676
204.24597125,984.554160306,123.111100984
204.246440656,984.557367282,123.111242616
204.246932842,984.560729877,123.111391122
204.247099182,984.561866307,123.111441312
0.0,-0.0,-0.0
94.9269119584,420.224388483,62.8039729005
120.607920277,542.22271039,78.5553475164
136.960293104,624.18286224,87.9454843066
148.879410186,686.774284973,94.3628429257
158.025881918,736.777293993,98.9918081898
165.183838359,777.279459528,102.409103686
170.799314164,809.999653529,104.948560034
175.239174296,836.482649503,106.865127244
178.784880135,858.039333434,108.334976988
181.654413068,875.771855158,109.481439977
183.971568954,890.284748666,110.37810885
185.839959177,902.10921325,111.082752236
187.344937071,911.704118303,111.639770999
188.551011526,919.443132074,112.078689301
189.51057636,925.637907571,112.422261128
190.267090723,930.547654341,112.689253478
190.869730717,934.480072661,112.898741427
191.344924858,937.598377487,113.061299147
191.705513788,939.97741815,113.182732039
191.975500977,941.765519288,113.272630366
192.180271385,943.124501519,113.34039217
192.342531721,944.203067618,113.393830555
192.472862574,945.070366361,113.436607457
192.578607058,945.774227122,113.471288472
192.664203691,946.343813212,113.499386418
192.73358415,946.805415109,113.52217274
192.788897427,947.173367679,113.540347662
192.830568844,947.450540797,113.55404486
192.86157572,947.656761662,113.564239393
192.885106712,947.813251612,113.571977514
192.904552237,947.942564974,113.578373138
192.920657709,948.049662332,113.583670902
192.933864187,948.137479017,113.588015527
192.944506409,948.208242636,113.591516872
192.95305463,948.265081248,113.594329474
192.959810554,948.310001744,113.596552485
192.964846409,948.343484936,113.598209585
192.968586524,948.368352546,113.599440348
192.971361516,948.386803017,113.600353537
192.973373712,948.40018171,113.601015718
192.974810632,948.40973546,113.601488592
192.975865282,948.416747563,113.601835668
192.976804281,948.422990717,113.602144687
192.977642249,948.428562137,113.602420458
192.978401731,948.433611713,113.602670402
192.978923121,948.437078273,113.602841991
192.979469811,948.440713046,113.603021907
192.979654571,948.441941461,113.603082712
0.0,-0.0,-0.0
89.8036016605,410.844258341,57.4317112947
114.331658124,530.216820983,72.048380048
130.081517595,610.599398575,80.8752970695
141.479297555,671.196721923,86.8994743197
150.103969295,718.681378269,91.2136707441
156.726968747,756.247940266,94.3617800463
161.888375487,786.228561072,96.7102874527
165.968426658,810.391525277,98.4976267772
169.24570717,830.124418537,99.8846009941
171.877178853,846.186727611,100.965547461
173.989855184,859.219273268,101.812822864
175.68593594,869.760505413,102.481228877
177.041642608,878.241723163,103.007174602
178.118087543,885.017641405,103.41851407
178.965425965,890.380073516,103.73800122
179.639596841,894.670230654,103.988650071
180.170689449,898.069286805,104.183194045
180.573401645,900.660849269,104.328587017
180.874763626,902.607733835,104.436257953
181.103236732,904.086833877,104.517422087
181.284222213,905.260390174,104.581433721
181.429557194,906.20385191,104.632675402
181.547451653,906.969370817,104.674213491
181.642867786,907.588747987,104.707859321
181.720197296,908.090633473,104.735140213
181.781841418,908.490653319,104.756897084
181.828278502,908.791956755,104.773292005
181.862829297,909.016116736,104.785493415
181.889048549,909.186211644,104.794754291
181.910714811,909.326762025,104.802408124
181.928659038,909.44316229,104.808747865
181.943372931,909.538604653,104.813946834
181.95522964,909.615511532,104.818136587
181.964753227,909.677283492,104.821502111
181.972279916,909.726102246,104.824162093
181.977890243,909.76249078,104.826144898
181.982056986,909.789515951,104.827617555
181.985148498,909.809567106,104.828710214
181.987390201,909.824106416,104.829502531
181.988991007,909.834488935,104.830068334
181.990165942,909.842109307,104.830483616
181.991212033,909.848894016,104.830853362
181.992145571,909.854948713,104.831183326
181.992991669,909.860436292,104.831482386
181.993572521,909.864203539,104.831687693
181.994181558,909.868153586,104.831902964
181.994387389,909.869488551,104.831975718
0.0,-0.0,-0.0
84.9721826166,400.164247674,52.6350117617
108.567974903,517.501774495,66.3207706771
123.608358903,595.469936093,74.568590914
134.347170012,653.147573196,80.1567153667
142.326741303,697.319304099,84.1126218096
148.417788342,731.85963868,87.0098111278
153.165727685,759.31789815,89.1884652916
156.941636028,781.524712995,90.8654974889
159.951276448,799.47195236,92.1651178004
162.354271828,813.956014727,93.1795914655
164.275337337,825.623520482,93.9773528416
165.805929443,834.981621453,94.6036354982
167.018213946,842.440239009,95.0926694318
167.970651461,848.332124374,95.4720805186
168.727317019,853.039243691,95.7695571081
169.322706207,856.764636763,96.0003950621
169.773772499,859.602705171,96.1729198749
170.111095893,861.733472662,96.3006858004
170.366706114,863.351515436,96.3969866868
170.569111342,864.634850057,96.472929654
170.731597772,865.666269273,96.533716903
170.863373365,866.502954817,96.5829834243
170.970003082,867.179776118,96.6228794494
171.056406895,867.72812027,96.6552221212
171.125275942,868.165112376,96.6810118485
171.177150505,868.494230882,96.7004434319
171.215744117,868.73906587,96.7149034932
171.245029682,868.924838666,96.7258779541
171.269228732,869.078336929,96.7349475341
171.289269919,869.205455617,96.7424596257
171.305702786,869.309683381,96.7486197721
171.318944353,869.39366741,96.7535839743
171.329580084,869.461122428,96.7575715015
171.337985594,869.514431693,96.7607230315
171.34425091,869.55416688,96.763072213
171.348904067,869.583677287,96.7648169632
171.352356452,869.605572201,96.7661114968
171.354859815,869.621448362,96.7670501921
171.356647469,869.632785485,96.7677205228
171.357959539,869.641106478,96.7682125242
171.359127726,869.648514962,96.768650575
171.360170219,869.655126306,96.7690414944
171.361115068,869.661118383,96.7693958003
171.36176371,869.665231965,96.769639034
171.362443828,869.669545147,96.7698940712
171.362673681,869.671002836,96.7699802642
0.0,-0.0,-0.0
80.6737113284,389.789499533,48.4954761346
103.151090365,503.674935029,61.2161012806
117.30835263,578.035950088,68.8341398079
127.246953098,631.85906772,73.9398522434
134.594536937,672.633527238,77.5681230936
140.207332199,704.407187998,80.2463308876
144.610021551,729.758389271,82.2828297325
148.084919486,750.050134243,83.8477001125
150.839452393,766.310936208,85.0617880937
153.029695057,779.34056467,86.0121444689
154.767617936,789.74947519,86.7557112739
156.139817172,798.020443937,87.3349260636
157.215316167,804.53891704,87.7835171249
158.068174536,809.737412639,88.1348293911
158.738294557,813.846106885,88.4072574417
159.245423351,816.972968132,88.6107961184
159.624364248,819.318750799,88.7614899322
159.911336632,821.099030423,88.8750379484
160.138470386,822.51040884,88.9645615139
160.320741138,823.644332272,89.0362048279
160.468517954,824.563898157,89.0942550323
160.588066904,825.307582772,89.1412509277
160.684920686,825.909979998,89.1793410467
160.762107027,826.389973106,89.2097083558
160.82023947,826.751433503,89.2325858522
160.863484926,827.020303438,89.2496084528
160.896298183,827.224299211,89.2625267605
160.923410773,827.392845472,89.2732021399
160.94586391,827.532419857,89.2820438304
160.964273801,827.646856159,89.2892939898
160.979108014,827.739063212,89.2951363919
160.991022688,827.813121093,89.2998292122
161.00043878,827.871647439,89.3035380886
161.007457264,827.915270644,89.3063026759
161.012669731,827.947668238,89.3083559249
161.016537061,827.971705072,89.3098793382
161.01934129,827.98913425,89.3109839919
161.021343783,828.001580326,89.3117728311
161.022813533,828.010715217,89.3123518118
161.024122105,828.018848323,89.3128673029
161.025289876,828.026106305,89.3133273293
161.026348266,828.032684439,89.3137442687
161.027074854,828.037200343,89.3140305003
161.027836698,828.041935363,89.3143306215
161.028094172,828.043535616,89.3144320511
0.0,-0.0,-0.0
76.3688769506,377.372608425,44.6519950886
97.5881445024,486.609108473,56.4022952244
110.741267819,556.451941363,63.3673696309
119.934020778,606.48454702,68.0537157592
126.736621172,644.261328124,71.40925235
131.965640713,673.803766655,73.9128116777
136.036027586,697.129076937,75.8122687178
139.231005901,715.640157496,77.2728361438
141.753233511,730.367959705,78.4086651772
143.743856336,742.071501435,79.2931036566
145.309223331,751.334348036,79.9796645982
146.532362696,758.612652717,80.5100411859
147.500023844,764.403868054,80.9246647944
148.258972108,768.973009034,81.2458045442
148.832534236,772.445687046,81.4855554164
149.260678533,775.048333418,81.6629588809
149.5846665,777.022088359,81.7965647994
149.84094828,778.585961079,81.9018617292
150.046515093,779.841833373,81.9861010451
150.213117719,780.859919425,82.0543344139
150.347856255,781.683032051,82.1095560068
150.456989774,782.34960539,82.1543014259
150.543945505,782.880630794,82.1899671311
150.609425901,783.280460786,82.2168318403
150.658132135,783.577838068,82.2368187841
150.695085752,783.803443695,82.2519853158
150.725617377,783.989832115,82.2645176683
150.750900588,784.14417322,82.2748967436
150.771629995,784.270710933,82.2834071351
150.788332602,784.372664937,82.2902647969
150.801747554,784.454548841,82.2957729318
150.812349057,784.519258392,82.3001260639
150.820250971,784.567489433,82.3033708136
150.826119461,784.603308637,82.305780642
150.830473477,784.629883808,82.3075686009
150.833630583,784.6491534,82.3088650708
150.835885052,784.66291363,82.3097908816
150.837539736,784.673013016,82.310470392
150.839012957,784.682004818,82.3110753867
150.840327658,784.690029078,82.3116152851
150.841519212,784.697301694,82.3121046142
150.842337216,784.702294353,82.312440541
150.84319491,784.707529252,82.3127927683
150.843484778,784.709298442,82.3129118076
0.0,-0.0,-0.0
71.8266383228,361.897455656,40.9523432914
91.6584167918,465.374893383,51.7278341008
103.90048675,530.865952406,58.1389330666
112.462905425,577.613012874,62.4825714385
118.836428824,613.019610847,65.624128855
123.696854386,640.410230245,67.9613603838
127.459027466,661.848310131,69.7349487183
130.399728448,678.738240662,71.1013249451
132.703907488,692.064377184,72.1581236031
134.506159995,702.555821878,72.9744828996
135.908759573,710.766987413,73.6028764874
137.015030606,717.28097792,74.0928657395
137.88067479,722.408655641,74.4716919074
138.533721613,726.299141967,74.7541591325
139.020565356,729.211204631,74.9629787467
139.388617838,731.41750829,75.1201266646
139.679541279,733.164365121,75.2439066506
139.912758834,734.566375184,75.3428868272
140.101683035,735.702399568,75.4230251243
140.254416568,736.620516112,75.4878552813
140.378087939,737.363798899,75.5403696777
140.476603258,737.955790129,75.5822170888
140.550774419,738.401439266,75.6137317985
140.60593733,738.732848028,75.6371747692
140.647785241,738.984245013,75.6549618188
140.682357733,739.191924128,75.6696582521
140.710985219,739.363883382,75.6818286949
140.734455231,739.504857462,75.6918073309
140.753365197,739.618437895,75.6998477098
140.768552462,739.709656125,75.7063055599
140.780554227,739.781740086,75.7114091014
140.789499633,739.835466393,75.7152131016
140.796142979,739.875366029,75.7180382265
140.801071823,739.904968201,75.7201342845
140.804645704,739.926432466,75.7216541458
140.807197774,739.941759789,75.722739473
140.809070874,739.953009297,75.7235360583
140.810738553,739.963025049,75.7242452866
140.812226782,739.971963049,75.724878201
140.813575606,739.980063789,75.7254518318
140.814501574,739.985624942,75.7258456311
140.815472469,739.991455906,75.7262585383
140.815800593,739.993426539,75.7263980849
0.0,-0.0,-0.0
66.9301533602,342.900530919,37.3120372562
85.5185629704,440.860744339,47.2681097998
96.9905419308,502.575354409,53.2247853283
105.05528032,546.726893119,57.2970978937
111.007816004,579.788498577,60.2317487689
115.520703165,605.135905564,62.4143188009
118.998911613,624.828357634,64.0729960895
121.697283705,640.213071356,65.3436629226
123.792700476,652.238942514,66.3185580138
125.414826327,661.601680839,67.0652791787
126.689175526,669.000081701,67.6454560438
127.683338946,674.806602254,68.0928546442
128.431648992,679.202299748,68.4258458878
128.988584977,682.487097162,68.6716876478
129.409110579,684.972760627,68.8565034226
129.741200164,686.938969819,69.001960909
130.007222192,688.515870161,69.1182015027
130.222593534,689.792850525,69.2122614445
130.396625357,690.824392949,69.2883161274
130.537488548,691.659181869,69.3498984268
130.649664362,692.323849317,69.398956207
130.734100346,692.824089803,69.4358918516
130.796886331,693.196029496,69.4633622508
130.84451097,693.478134502,69.4842021829
130.883851778,693.71115712,69.5014191698
130.916424821,693.904084224,69.5156756595
130.94312767,694.06223671,69.5273637963
130.964641115,694.189650118,69.5367810554
130.981918524,694.291973065,69.5443444188
130.995571525,694.372829377,69.5503214003
131.005747374,694.433092254,69.5547762997
131.013304354,694.477845297,69.5580847562
131.018910955,694.511047766,69.5605393744
131.022976227,694.535122294,69.562319208
131.02587917,694.552313424,69.5635901693
131.028009782,694.5649308,69.5645229966
131.029906722,694.576164349,69.5653535218
131.031599536,694.58618906,69.566094678
131.033133774,694.595274681,69.5667664092
131.034187026,694.601511934,69.5672275533
131.035291378,694.608051783,69.5677110716
131.035664605,694.610261988,69.5678744817
0.0,-0.0,-0.0
62.0741956239,322.370033633,33.9567668663
79.5440629302,415.205987257,43.1984958675
90.3733568671,473.775611956,48.7737608452
97.9197270728,515.18430495,52.5696571145
103.457279784,545.91317834,55.3036223014
107.637922242,569.299493209,57.3395778851
110.836262188,587.317685102,58.8781270519
113.295680822,601.265194561,60.047402166
115.186197827,612.047970409,60.9369733328
116.663698441,620.524487793,61.6247874218
117.811864554,627.151348769,62.1533239423
118.673594576,632.153580995,62.545715986
119.313589434,635.883724992,62.8348815593
119.796079753,638.701996554,63.0519636217
120.176653603,640.928669875,63.2226355577
120.481231546,642.712802192,63.3589116526
120.727635313,644.156526676,63.4691050597
120.926624699,645.322068267,63.558150441
121.087611827,646.264845191,63.6302163314
121.21576424,647.015205801,63.6876030799
121.312197432,647.579772802,63.730796522
121.383888603,647.999447614,63.7629137978
121.438259037,648.31770547,63.7872748684
121.483166432,648.580556557,63.8073981714
121.520344453,648.798156198,63.8240593935
121.550819691,648.976518244,63.8377178024
121.575370636,649.120202856,63.8487217194
121.595086316,649.235586171,63.8575588645
121.610665376,649.326758669,63.8645421273
121.622276344,649.39470787,63.8697468615
121.63089887,649.445167676,63.8736120824
121.637295885,649.482603282,63.876479719
121.64193421,649.509746792,63.8785589998
121.645246326,649.529129219,63.8800437775
121.647677232,649.543354782,63.8811335278
121.649841518,649.556020064,63.8821037605
121.651772899,649.567322379,63.8829695863
121.653523349,649.577565871,63.8837543052
121.654725025,649.584597973,63.8842930133
121.655984998,649.591971208,63.8848578571
121.656410817,649.594463059,63.8850487516
0.0,-0.0,-0.0
57.451663905,301.715047025,30.9278537993
73.948035267,390.038303793,39.5546850066
84.0835639929,445.095973739,44.7364676701
91.1079022153,483.684444163,48.2629662804
96.2422290321,512.118946354,50.806273031
100.090766297,533.584692412,52.6898448598
103.009829632,549.974922194,54.102195875
105.232282607,562.525618829,55.1667220491
106.957265133,572.324165492,55.9843895708
108.290945212,579.945636499,56.6097235806
109.288175459,585.677103223,57.072401833
110.026803172,589.939423348,57.4125267207
110.582553223,593.153381961,57.6673970451
111.020258115,595.688870732,57.8675015672
111.370149314,597.718054527,58.0271046291
111.652948288,599.358540776,58.1560432587
111.881159274,600.68194047,58.2601573158
112.065676896,601.751762333,58.3443675368
112.212490351,602.602830619,58.411392385
112.322924922,603.242932296,58.4618212352
112.405002472,603.718624869,58.4993080226
112.467237073,604.079288925,58.5277359257
112.518631562,604.377115184,58.5512147374
112.561174435,604.623635758,58.570651529
112.596043459,604.825681423,58.5865834869
112.624131538,604.98843046,58.599417923
112.646686096,605.119113701,58.6097243864
112.664507376,605.222369823,58.6178682545
112.677788869,605.299321329,58.623937733
112.687651635,605.356464466,58.6284449931
112.694968601,605.398857331,58.6317888806
112.700273866,605.42959466,58.6342134397
112.704062177,605.451543051,58.6359447518
112.706842558,605.467651731,58.6372154336
112.709317972,605.481993478,58.6383467456
112.711526984,605.494791763,58.6393563101
112.713529044,605.50639101,58.6402712974
112.714903443,605.514353792,58.6408994315
112.716344512,605.522702822,58.641558037
112.716831534,605.525524443,58.6417806186
0.0,-0.0,-0.0
53.205678174,282.085356167,28.2416996815
68.6340203106,365.189118182,36.2352370452
78.0711072409,416.598076154,41.0381474223
84.5892138803,452.396004218,44.3119361107
89.3211753911,478.571034476,46.66060212
92.8388637704,498.159703903,48.3870089451
95.4813559333,512.959588443,49.6711604494
97.5131993777,524.406071875,50.6485580941
99.0735186051,533.248971172,51.3912184098
100.234510509,539.866252095,51.9381848023
101.091421327,544.769953774,52.3389547499
101.734532126,548.45808489,52.6385461213
102.240075879,551.362057408,52.8733375137
102.643594968,553.682661996,53.060342074
102.96935407,555.556523083,53.2112428399
103.231984983,557.066760769,53.3329746099
103.444172225,558.286696938,53.4313596823
103.612899721,559.256599693,53.5096190276
103.739759274,559.98573917,53.5684729707
103.834011598,560.527412463,53.6122073166
103.90545912,560.937995877,53.6453643414
103.964449812,561.276975163,53.6727433364
104.01327241,561.557512353,53.6954050236
104.053282903,561.787405926,53.7139777702
104.085508981,561.972565858,53.7289378699
104.111383996,562.121231067,53.7409502136
104.131827437,562.238686762,53.7504413288
104.147062281,562.326215647,53.7575144907
104.15837513,562.391210729,53.7627668783
104.166767624,562.439427259,53.7666634475
104.172852579,562.474386306,53.7694886765
104.177197571,562.499348866,53.7715060632
104.180386483,562.517669535,53.7729866895
104.183225591,562.533980491,53.7743049066
104.185759136,562.548535936,53.7754812524
104.188055308,562.561727621,53.7765473886
104.189631604,562.570783544,53.7772792812
104.191284354,562.580278692,53.7780466747
104.191842913,562.583487642,53.7783060214
0.0,-0.0,-0.0
49.011519009,261.905238957,25.7070051426
63.423716501,339.87686391,33.1228617653
72.2084121009,387.795827942,37.584151647
78.2348487,420.9065912,40.6090226762
82.5743944257,444.909050383,42.763201646
85.7699918269,462.685882737,44.3342673832
88.1945962278,476.252309608,45.5145021283
90.0392120528,486.634958046,46.4031973264
91.4026926788,494.35280172,47.0535935704
92.404373037,500.045190189,47.5280350738
93.1536239076,504.312086115,47.8815609107
93.7411378522,507.663333606,48.1579592853
94.2091799427,510.336151447,48.3776938867
94.5864528851,512.491116199,48.5547400714
94.890246093,514.22579826,48.6973892779
95.1354519226,515.625675813,48.8125681079
95.3302850263,516.737781274,48.9041149154
95.4766853791,517.573326824,48.9729204188
95.5854077831,518.193773989,49.0240270256
95.6677970886,518.663912016,49.0627604318
95.7358042564,519.051959263,49.0947357121
95.792077161,519.373036196,49.1211960673
95.8381851389,519.636104911,49.1428782357
95.8753170836,519.847954414,49.160340424
95.9051277107,520.018029239,49.1743602232
95.9286784693,520.152387742,49.1854364377
95.9462277124,520.2525057,49.1936902952
95.9592584724,520.32684499,49.1998191211
95.968925032,520.381991375,49.2043657128
95.975933545,520.421973725,49.2076621497
95.9809379058,520.450522598,49.210015959
95.9846106936,520.471475045,49.2117434711
95.9878805597,520.490128861,49.2132814749
95.9907984714,520.506774834,49.2146539385
95.993442973,520.521861034,49.2158978068
95.9952583788,520.532217437,49.2167517042
95.9971618253,520.543076074,49.2176470148
95.9978051058,520.546745808,49.2179495907
0.0,-0.0,-0.0
44.9338924393,241.615403766,23.3432430159
58.3833453024,314.590188724,30.231963519
66.5263536931,359.093259876,34.3547147568
72.0686280899,389.584640129,37.1304603179
76.0230775428,411.464391154,39.0923806758
78.9646794338,427.83374518,40.5377522238
81.1730788645,440.195103093,41.6120442424
82.7906119422,449.299454036,42.3913562316
83.9714531117,455.971771064,42.956388582
84.8507847439,460.950735379,43.3756006134
85.5380355414,464.848282822,43.702312241
86.0841498103,467.948883103,43.9614088046
86.5234816879,470.443764811,44.169762061
86.8766911899,472.448907225,44.3373717776
87.1614269606,474.065017696,44.4725352171
87.3874451006,475.347630525,44.5798595225
87.5571488602,476.310545851,44.6604615543
87.6831058691,477.02516803,44.7202962359
87.7785151673,477.566437457,44.7656253795
87.8572434401,478.013047844,44.8030331456
87.9223698088,478.382480061,44.833980539
87.9757200296,478.685099936,44.8593337689
88.0186765224,478.928755678,44.8797487913
88.0531582314,479.12433628,44.896136915
88.0803960334,479.278826283,44.9090826893
88.1006909224,479.393935034,44.918728852
88.1157593917,479.479399556,44.9258910423
88.1269370259,479.542795733,44.9312039587
88.1350408144,479.5887577,44.9350558673
88.140827095,479.621575383,44.937806237
88.1450736673,479.64566032,44.9398247553
88.1488543141,479.667102646,44.9416218146
88.152227983,479.686236725,44.9432254291
88.1552855001,479.703577679,44.9446787725
88.1573844138,479.715481816,44.9456764618
88.1595850995,479.727963142,44.9467225296
88.1603288295,479.732181248,44.9470760529
0.0,-0.0,-0.0
41.0120458697,221.549165918,21.1525333418
53.5074308859,289.56332505,27.5201836684
61.0163439046,330.702664125,31.3066387172
66.0823231947,358.612805911,33.8379684192
69.7341352406,378.845186534,35.6456753709
72.4220164349,393.822548563,36.9633938367
74.3652455385,404.709455602,37.9072186034
75.7714869546,412.617898694,38.5857288693
76.8123347017,418.483272066,39.0861614455
77.6222401383,423.054313608,39.4744977695
78.2636633489,426.678404366,39.7814572252
78.7783221773,429.586861683,40.0276630565
79.1912419499,431.919582421,40.2253161078
79.5235708912,433.796650874,40.3844477932
79.7870285244,435.284453675,40.5106410444
79.9846484116,436.400312468,40.6053203351
80.1312180698,437.227835398,40.675553749
80.2421805569,437.854277199,40.7287316759
80.3337037593,438.370944576,40.7725978839
80.4093879342,438.798177516,40.8088755739
80.4713690529,439.148044051,40.8385869916
80.5212633172,439.429674919,40.8625057257
80.5613065592,439.655695532,40.8817028376
80.5929328143,439.834203638,40.8968652988
80.6164948383,439.967192762,40.9081618598
80.6339875863,440.065924473,40.9165487386
80.6469627052,440.139157405,40.9227697348
80.6563692342,440.192248516,40.9272797986
80.6630854752,440.230155272,40.9305000013
80.6680144299,440.257974415,40.9328632764
80.6724025047,440.282740751,40.9349672273
80.676318146,440.304840633,40.9368446655
80.6798667916,440.324869143,40.9385461469
80.6823028233,440.338618051,40.939714163
80.6848569467,440.353033445,40.9409388043
80.6857201163,440.357905143,40.9413526743
0.0,-0.0,-0.0
37.1918559476,201.70841787,19.0627992265
48.753570647,264.833236241,24.9257375587
55.6427685312,302.65209662,28.3884778485
60.3383331473,328.570313536,30.7273999891
63.6869507094,347.157090116,32.37989
66.0610837031,360.404684338,33.5410210979
67.7576898804,369.9067715,34.3655292151
69.0028618129,376.894220884,34.9685988882
69.9659182547,382.306684185,35.4338111461
70.7251809242,386.578336566,35.7998999175
71.3322667004,389.994490682,36.0925159792
71.8180153708,392.726941952,36.3267857831
72.2081211914,394.920948916,36.5149929707
72.5168611132,396.657035637,36.6639911907
72.7481492967,397.957434475,36.7756360458
72.9195267359,398.920896609,36.8583754731
73.0491786422,399.649731127,36.9209780003
73.1560580567,400.250517074,36.9725898596
73.2444007786,400.747082677,37.0152537897
73.3167216067,401.15357551,37.0501824577
73.3749216881,401.480690151,37.078292734
73.4216195657,401.743150035,37.1008484785
73.4584945743,401.950397606,37.1186602428
73.4859629335,402.104774939,37.1319286527
73.5063535537,402.219372782,37.1417783977
73.5214769159,402.304367295,37.1490838811
73.5324401938,402.36598143,37.1543798518
73.540267613,402.409971688,37.1581610311
73.5460118671,402.44225441,37.1609359147
73.5511256471,402.47099379,37.1634062459
73.5556887607,402.496638392,37.1656105708
73.5598241116,402.519878923,37.1676082623
73.5626628523,402.535832521,37.1689795959
73.5656391674,402.552559259,37.170417392
73.566645008,402.558212026,37.1709032936
0.0,-0.0,-0.0
33.4627417645,182.130912193,17.0543531837
44.1127717601,240.418998192,22.4338420616
50.521514496,275.681227527,25.6429590898
54.8410989254,299.577119237,27.7866533604
57.809435958,316.082156097,29.2471251274
59.8909986022,327.697966345,30.2650545967
61.4001434522,336.135507383,31.0006574946
62.5575039012,342.615721844,31.5633680925
63.4642717474,347.698083038,32.0034529587
64.1858699884,351.743330106,32.353556798
64.7611334314,354.96715773,32.6328231412
65.2218116757,357.54834432,32.8565374672
65.5855927469,359.586263526,33.0332493161
65.8576531732,361.110170929,33.1654347975
66.0589905022,362.237827636,33.2632739958
66.2111674231,363.090086712,33.33723262
66.3365252238,363.792108966,33.3981626954
66.4400803457,364.372007629,33.4484993971
66.5248136467,364.846488836,33.4896896362
66.5929759623,365.228166468,33.5228260989
66.6476500695,365.534309206,33.5494064665
66.6908127553,365.775990283,33.5703911148
66.7229586777,365.955982563,33.586020066
66.7468182058,366.089576042,33.5976204855
66.7645125303,366.188648765,33.6062235174
66.7773385665,366.260462927,33.6124596349
66.7864954238,366.311732789,33.6169118036
66.7932150333,366.34935622,33.6201789718
66.7991969238,366.382849041,33.6230874636
66.8045345146,366.412734361,33.6256826929
66.8093716156,366.439817365,33.6280345843
66.8126920092,366.45840827,33.629649028
66.8161732596,366.477899788,33.6313416875
66.8173497285,366.48448683,33.6319137131
0.0,-0.0,-0.0
29.8213804801,162.803314209,15.1247871662
39.7582520767,217.335157631,20.1220134122
45.6662264979,249.925379056,23.0678770142
49.5059345269,271.210874158,24.9667803388
52.1183224198,285.742880442,26.2511926665
53.9777954777,296.105676172,27.162567633
55.3864243457,303.967129274,27.8512923381
56.480393577,310.078660012,28.385244205
57.3452896161,314.911345467,28.8072554206
58.0313682141,318.743643493,29.1422000287
58.5786854313,321.800293534,29.4094843148
59.0096015568,324.206477485,29.6199823378
59.3311494288,326.001755029,29.7770861922
59.5687199446,327.328051783,29.893177182
59.7480660072,328.329232375,29.980825805
59.8956658781,329.153152251,30.0529658135
60.0175008082,329.833221761,30.1125172221
60.1171287146,330.389315607,30.1612168777
60.1972320036,330.836416905,30.2003743759
60.26145802,331.194890589,30.2317716166
60.3121451196,331.477792786,30.2565510079
60.3498855759,331.68843254,30.2750015903
60.3778923536,331.844744477,30.288693791
60.3986594625,331.960649437,30.2988467193
60.4137113529,332.044656299,30.3062055737
60.4244565342,332.104626525,30.3114589192
60.4323412993,332.148632279,30.3153138186
60.4393601358,332.187805098,30.3187453753
60.4456227528,332.222757336,30.3218072177
60.4512979542,332.25443109,30.3245818778
60.4551935519,332.276172701,30.3264864776
60.4592777815,332.298967051,30.3284833056
60.4606580027,332.306670149,30.3291581131
0.0,-0.0,-0.0
26.5698816563,145.478356291,13.4118107901
35.7130505664,195.79038029,17.9895033817
40.9679971438,224.843315757,20.5999982294
44.3561874203,243.638199917,22.2737483462
46.6979050774,256.65147372,23.4270424455
48.4393788596,266.342671959,24.2826815521
49.7747539865,273.781380713,24.9376782071
50.820845805,279.609773287,25.4506119231
51.644993492,284.200224485,25.8549230464
52.2990477128,287.842676883,26.1758778828
52.8119592392,290.698685993,26.4276339006
53.1935569267,292.823293577,26.614968601
53.4748860888,294.389520056,26.753097228
53.6869299747,295.569953422,26.8572175881
53.8612256513,296.540203206,26.942808659
54.0049522599,297.340256512,27.0133924301
54.1223855921,297.993929681,27.0710664561
54.216742669,298.519140692,27.1174090398
54.2923574037,298.940020179,27.1545476654
54.3520075569,299.272034254,27.1838459255
54.3964074766,299.519162402,27.2056541737
54.4293483436,299.702508405,27.2218342199
54.4537697986,299.838435293,27.2338297834
54.4714680566,299.936941231,27.2425230492
54.4841012433,300.007255467,27.2487284234
54.4933707972,300.058848151,27.2532816125
54.501621899,300.104772219,27.2573345537
54.5089836641,300.145746366,27.2609506589
54.5156546307,300.182875598,27.2642274532
54.5202335889,300.208361106,27.2664766532
54.525034131,300.235079876,27.2688347
54.5266563904,300.244109011,27.2696315619
0.0,-0.0,-0.0
23.396818436,128.475682931,11.7545029133
31.5832444701,173.63015326,15.8371190481
36.2596464723,199.507701918,18.1567304142
39.3228676079,216.488633979,19.6716410131
41.5328426737,228.756695123,20.7620169088
43.1945697615,237.990551019,21.5805075442
44.4787491643,245.1280349,22.212798737
45.4805804521,250.694787361,22.7062858393
46.2698729395,255.079974192,23.0951661292
46.88545638,258.499650343,23.3985223953
47.3415909574,261.033351534,23.6233343041
47.6768926695,262.895744833,23.7886093712
47.9290802495,264.296428455,23.9129256038
48.1360338481,265.445836825,24.014949628
48.3064634418,266.392366704,24.0989719823
48.4455640108,267.164884234,24.1675516603
48.5572332941,267.785046503,24.2226087798
48.6466593575,268.281672444,24.2667002474
48.7171660789,268.673225632,24.3014642268
48.7696248685,268.964548549,24.3273298978
48.8085325723,269.180615901,24.3465141942
48.8373710177,269.340764589,24.3607337331
48.8582667375,269.456804489,24.3710369677
48.8731804878,269.539624568,24.3783906558
48.8841224359,269.600388041,24.3837859409
48.8938615012,269.654471506,24.3885881186
48.9025503079,269.702722591,24.3928724353
48.9104233498,269.746443469,24.3967545205
48.9158271704,269.776452141,24.3994190724
48.921492279,269.807911781,24.4022124658
48.9234066545,269.818542738,24.4031564212
0.0,-0.0,-0.0
19.9825418589,110.02209364,9.99496626717
27.3699144897,150.820966684,13.6713200062
31.6476056954,174.487993291,15.7937906348
34.5652068786,190.652699093,17.2380326962
36.6887454702,202.429889017,18.2874183253
38.295554586,211.343588528,19.081107258
39.5309382916,218.195388974,19.6915443798
40.4940942099,223.536828813,20.1675420682
41.2395213754,227.670424496,20.5359924746
41.7887926948,230.716102804,20.8075138
42.1909579481,232.945986999,21.0063310726
42.4925682756,234.618271687,21.1554452447
42.7395366108,235.987559089,21.2775498181
42.9425578788,237.113164997,21.37792966
43.1080208062,238.030522377,21.4597417341
43.2407005945,238.76611464,21.5253457876
43.3468547575,239.354639725,21.5778350406
43.4304899318,239.818314397,21.6191900653
43.4926821742,240.163106982,21.6499425408
43.5387900996,240.418727263,21.672741907
43.5729550082,240.608135391,21.6896358013
43.5977046766,240.745345677,21.7018740895
43.6153662602,240.843259956,21.7106074712
43.6283227531,240.915089525,21.7170142726
43.6398538379,240.979016691,21.7227162412
43.650140571,241.036045282,21.7278028968
43.6594608297,241.087715781,21.7324116518
43.6658575999,241.123178752,21.7355747812
43.6725633405,241.160354598,21.7388906961
43.6748292942,241.172916776,21.7400111862
0.0,-0.0,-0.0
16.7070684503,92.1650186945,8.33001539896
23.4906100241,129.648888643,11.7028964153
27.5679117687,152.210036084,13.725518155
30.3665230072,167.711384894,15.1114745845
32.4136036233,179.053359437,16.1247537743
33.9535263853,187.584023349,16.8872019558
35.1363029521,194.135823004,17.4728783662
36.0420374178,199.152681867,17.9214182461
36.7044295671,202.82152775,18.2494707496
37.1868737067,205.493602357,18.488415008
37.5473339355,207.490013501,18.6669493917
37.8416503508,209.120060833,18.8127269177
38.0830409711,210.456966254,18.9322923393
38.2794127581,211.544530507,19.0295607419
38.4366460077,212.415327203,19.107443777
38.5622983542,213.111216522,19.1696843814
38.661204651,213.658977705,19.2186770305
38.7347012126,214.066013512,19.255083359
38.7891617187,214.367623709,19.2820603574
38.829500283,214.591024109,19.30204212
38.8587140885,214.752813849,19.3165132554
38.8795571333,214.868245099,19.3268379367
38.8948453245,214.952912837,19.3344110114
38.9084500122,215.028257082,19.341150164
38.9205853304,215.095463801,19.3471614564
38.9315794768,215.156350539,19.3526074706
38.9391245271,215.198135798,19.3563449582
38.9470335228,215.241936608,19.3602627309
38.9497059587,215.256736821,19.3615865402
0.0,-0.0,-0.0
13.8501680162,76.4898511493,6.89283613609
20.2692093808,111.982438066,10.0810562486
24.1438184356,133.427216199,12.0023483746
26.8153375848,148.217950008,13.3263638499
28.7580943817,158.972670465,14.2893903038
30.2183935066,167.056347819,15.0132998289
31.3204033495,173.156426237,15.5596319699
32.1182889993,177.572953495,15.9552063437
32.695442801,180.767609889,16.2413551226
33.1245915567,183.143001526,16.454128334
33.4737272154,185.075492668,16.6272335278
33.759255709,186.655902138,16.7688033202
33.9909996643,187.938604796,16.8837069881
34.1762164698,188.963775103,16.975542179
34.3240186739,189.781853497,17.0488267181
34.4402285772,190.425068025,17.106447186
34.5265090412,190.902623892,17.1492278747
34.5904017897,191.256264864,17.1809080852
34.6377046271,191.51808181,17.2043624904
34.6719503539,191.70762866,17.2213427469
34.6963775053,191.842830504,17.2334546208
34.7142914393,191.941982288,17.2423370115
34.7302304779,192.030203183,17.2502401829
34.7444462402,192.108885948,17.2572888863
34.7573237393,192.180161525,17.2636740348
34.7661604965,192.229072013,17.268055634
34.7754228096,192.280337895,17.2726482416
34.7785523679,192.297659652,17.2741999964
0.0,-0.0,-0.0
11.6386657863,64.3314322497,5.78398877479
17.6478481325,97.5736031287,8.76626890808
21.2986780304,117.776609575,10.5770796131
23.8044283603,131.641979003,11.8200784298
25.626984861,141.726894105,12.7241814934
26.9740875002,149.180785525,13.3924522691
27.9362298252,154.504537188,13.8697590867
28.6259379943,158.320817549,14.2119194154
29.135598572,161.140846995,14.4647613922
29.5483336267,163.424563167,14.6695201812
29.8846553749,165.285468922,14.8363710208
30.156843141,166.791510238,14.9714052771
30.3738928773,167.99246528,15.0790855018
30.5467909228,168.949123639,15.1648619276
30.682544343,169.700256883,15.2322106896
30.7832291284,170.257352336,15.2821616013
30.8577310384,170.669575954,15.3191229222
30.9128569927,170.974591124,15.3464716066
30.9527498429,171.195320548,15.3662629668
30.9811965661,171.352717812,15.3803757675
31.0020538302,171.468122156,15.3907233405
31.0206085428,171.570786331,15.3999285909
31.0371546644,171.662336908,15.4081373454
31.0521410989,171.745257623,15.4155723226
31.0624239198,171.80215299,15.4206737739
31.0732009549,171.861782863,15.4260204126
31.0768420822,171.881929399,15.4278268276
0.0,-0.0,-0.0
9.70387924758,53.670519259,4.8174603336
15.3381426112,84.8412326599,7.61328969114
18.7472337589,103.700967007,9.3050283311
21.0887622172,116.654888159,10.4669744369
22.7643666118,125.924680414,11.2984769204
23.9376314225,132.415422514,11.8806986947
24.7681437269,137.009977225,12.2928342291
25.376695805,140.376601445,12.5948241953
25.8665111912,143.086349289,12.8378922687
26.2637530559,145.28396237,13.0350214427
26.5840508544,147.055906087,13.1939676842
26.8387241769,148.464803366,13.3203481407
27.0411341636,149.584570386,13.420793213
27.1997801422,150.462227067,13.4995206302
27.3172875849,151.112298179,13.5578332404
27.404152841,151.592851455,13.6009397939
27.4683808404,151.94817163,13.6328126906
27.5148363365,152.205171293,13.655866053
27.5479503825,152.388363742,13.6722987801
27.5722232337,152.522645206,13.6843440979
27.5938118464,152.642076995,13.6950573746
27.6130597789,152.748559809,13.7046090883
27.6304903691,152.844988754,13.7132589565
27.6424485949,152.911143654,13.7191931844
27.6549801339,152.980470217,13.7254119175
27.6592137085,153.003891055,13.7275128146
0.0,-0.0,-0.0
7.98278744094,44.1613824443,3.96153997118
13.2286700305,73.1811669031,6.56498797396
16.4075926204,90.7668714697,8.14261110408
18.5571431901,102.658070539,9.20938910553
20.0161492856,110.729227719,9.93346200723
21.0299411235,116.337476505,10.4365852061
21.7639810889,120.398151552,10.8008734658
22.3498484694,123.639142413,11.0916269037
22.8219550217,126.250814155,11.3259232113
23.2007392869,128.346231306,11.5139056774
23.5007687331,130.005980808,11.6628037657
23.7385254957,131.321240659,11.7807972674
23.9244524689,132.349780381,11.8730687792
24.0619315655,133.110308599,11.9412966657
24.1634337937,133.671814409,11.9916700116
24.2384158325,134.086611788,12.0288819532
24.2926136139,134.386431571,12.0557791219
24.3312281113,134.600045252,12.0749426563
24.3595231788,134.756572297,12.0889848837
24.3846823646,134.895751768,12.1014708435
24.4071083238,135.01981122,12.1126003523
24.4274124832,135.132132941,12.1226768623
24.4413397041,135.209177712,12.1295886383
24.4559325354,135.289904607,12.1368307423
24.4608619979,135.317174173,12.1392771274
0.0,-0.0,-0.0
6.46773088816,35.7790644197,3.20981427927
11.2531670728,62.2520213038,5.58470153903
14.1744467917,78.4124503626,7.03446311335
16.0508825573,88.7928495935,7.9656913182
17.3167572901,95.7956355729,8.59391389387
18.2170789476,100.776191596,9.0407214289
18.9269995752,104.703453437,9.39303770173
19.4939558112,107.839840417,9.67440419115
19.945761797,110.339219131,9.89862444911
20.301788299,112.308748642,10.0753116389
20.5828111815,113.863360057,10.2147763766
20.801911825,115.075419156,10.3235106425
20.9635568408,115.969635177,10.4037310965
21.0827064293,116.628767612,10.462862111
21.1706203027,117.115104962,10.5064915951
21.2341105285,117.466331313,10.5380002247
21.2793177954,117.716416736,10.560435482
21.31242913,117.899587765,10.5768678264
21.3418604519,118.062401042,10.5914738737
21.3680862455,118.207481496,10.6044890845
21.3918240856,118.338798624,10.6162695898
21.408102931,118.428852775,10.6243483808
21.4251566062,118.523193263,10.6328117012
21.4309166107,118.555057456,10.6356702504
0.0,-0.0,-0.0
5.24632246453,29.0225593496,2.60361507481
9.35364658707,51.7441367447,4.64198414274
11.9131325321,65.9031384872,5.91219538292
13.5509307138,74.9633857994,6.7249958642
14.6826476999,81.224008147,7.28664021325
15.5587360063,86.0705000977,7.72142220144
16.2492861566,89.8906013953,8.06412591697
16.7943130523,92.905672619,8.33460989538
17.2207355964,95.264628807,8.54623327237
17.5555218297,97.1166558142,8.7123797215
17.8154827468,98.5547514356,8.84139215532
18.0066988939,99.6125531227,8.93628819542
18.1473410094,100.39058088,9.00608554016
18.2509502792,100.963744192,9.05750434869
18.3256906911,101.377205877,9.09459623012
18.3788655361,101.671367441,9.12098564475
18.4177900834,101.886696797,9.14030297628
18.4523726381,102.078006367,9.1574654828
18.483176063,102.248409993,9.1727524843
18.5110471095,102.40259176,9.18658422123
18.5301548466,102.508295162,9.19606693745
18.5501672201,102.619002983,9.20599860358
18.5569254298,102.656389183,9.20935254309
0.0,-0.0,-0.0
4.18510781499,23.1518748178,2.07697119637
7.33951140137,40.6019453732,3.64242547514
9.58101968251,53.0019007979,4.75483252851
11.0623899697,61.1967963616,5.49000119103
12.1746727007,67.3499100753,6.0420006223
13.0337075872,72.1020649618,6.46831911521
13.7020715361,75.7994339174,6.8000121914
14.2196225069,78.662510539,7.05686031773
14.6228913967,80.893382107,7.25699298535
14.9342747003,82.615945255,7.41152505416
15.1623776473,83.8778039227,7.5247270831
15.3296594936,84.8032021022,7.60774505391
15.4526338457,85.4834926456,7.66877426244
15.5412089324,85.9734874646,7.71273194232
15.6041587187,86.3217237971,7.74397241339
15.650203163,86.576440271,7.76682317001
15.6910864179,86.802605178,7.78711255523
15.7274823283,87.0039463213,7.80517496523
15.7603975717,87.1860324805,7.82151000928
15.7829547976,87.3108183825,7.83270461955
15.8065724164,87.4414703439,7.8444254777
15.814546381,87.4855820749,7.84838276564
0.0,-0.0,-0.0
3.15440358638,17.4500705554,1.56545427877
5.50234984586,30.4388375426,2.73068397299
7.28466209227,40.2985346554,3.61520297432
8.73508653829,48.3222377834,4.33501410253
9.83438958435,54.4035485571,4.88057198381
10.6707563327,59.0303036459,5.29564087316
11.3085171231,62.5583771676,5.61214628662
11.8000645138,65.2776025866,5.85608948546
12.1766254655,67.3607263914,6.04296768068
12.4509157463,68.8780919015,6.17909139282
12.6512669768,69.9864288477,6.27852091819
12.7981317129,70.7988802317,6.35140635921
12.903698769,71.3828740833,6.40379675154
12.978616629,71.7973174117,6.44097669524
13.0333589026,72.1001499948,6.46814397954
13.0819255908,72.3688194031,6.49224647189
13.1251306055,72.607828295,6.51368807908
13.1641787925,72.8238417006,6.53306675818
13.1909253705,72.971802963,6.54634044508
13.2189174531,73.1266543168,6.56023224647
13.2283656351,73.1789213704,6.56492115376
0.0,-0.0,-0.0
2.34794625947,12.9887669871,1.16522969422
4.13025850589,22.8484640999,2.04974869556
5.60342749207,30.9979893446,2.78084739395
6.82376587314,37.7488639637,3.38647221308
7.8245830582,43.2853539215,3.8831539181
8.61525962069,47.6593529106,4.27554776676
9.21641041823,50.9849011085,4.57388450866
9.67203411657,53.5053976753,4.7999996488
10.001437505,55.3276472589,4.96347467412
10.2407981073,56.6517828936,5.08226361451
10.4156157652,57.6188690192,5.16902141872
10.5409494041,58.3122110264,5.2312214907
10.629732958,58.8033589632,5.2752826454
10.6945230277,59.1617756563,5.30743640977
10.7519454002,59.4794344464,5.33593376593
10.80298256,59.7617705367,5.36126227814
10.8490724773,60.0167385878,5.38413559875
10.880622317,60.1912713519,5.39979302901
10.9136239637,60.3738354666,5.41617095675
10.9247590321,60.4354343256,5.42169702527
0.0,-0.0,-0.0
1.78231224642,9.85969711279,0.884519001337
3.25548123259,18.0092223575,1.61561769973
4.47581961367,24.7600969765,2.22124251886
5.47663679873,30.2965869344,2.71792422388
6.28322082646,34.758585535,3.11821256795
6.93115801113,38.342954599,3.43976827697
7.44328042934,41.1760003617,3.69392238292
7.82503720198,43.2878672709,3.88337914284
8.10809122011,44.8537135512,4.02385208216
8.31481248539,45.9972894642,4.12644288447
8.46254301224,46.8145303768,4.19975799672
8.56695774902,47.3921495414,4.25157653416
8.64303439067,47.8130032068,4.28933155469
8.71037619012,48.1855359638,4.3227516857
8.77016452018,48.5162832635,4.35242319443
8.8241050975,48.8146809273,4.37919260999
8.86100060068,49.0187857395,4.39750296536
8.89956943729,49.2321473792,4.41664375646
8.91257731307,49.3041065519,4.42309925458
0.0,-0.0,-0.0
1.47316898617,8.1495252447,0.73109869839
2.69350736725,14.9003998637,1.33672351752
3.69432455231,20.4368898216,1.83340522255
4.50090858004,24.8988884222,2.23369356661
5.14884576472,28.4832574862,2.55524927563
5.66096818293,31.316303249,2.80940338158
6.04272495557,33.4281701582,2.9988601415
6.32626652587,34.9967135622,3.13957504133
6.53664774879,36.1605362494,3.24398219321
6.68920245216,37.0044643598,3.31969142905
6.79814434631,37.6071276212,3.37375668657
6.87810490047,38.0494669724,3.41343920013
6.94929782801,38.4433040527,3.44877055404
7.01283136499,38.7947697234,3.48030071949
7.07041462977,39.1133186234,3.50887791383
7.10994614662,39.3320057831,3.52849645982
7.15139617621,39.5613060947,3.54906711817
7.1654047665,39.6388011896,3.55601924701
0.0,-0.0,-0.0
1.22033838108,6.75087461902,0.605624819133
2.22115556614,12.2873645769,1.10230652416
3.02773959387,16.7493631775,1.50259486822
3.67567677854,20.3337322415,1.82415057724
4.18779919675,23.1667780042,2.07830468319
4.56955596939,25.2786449135,2.26776144311
4.8530975397,26.8471883175,2.40847634294
5.06347876261,28.0110110047,2.51288349482
5.21603346599,28.8549391151,2.58859273066
5.32497536014,29.4576023765,2.64265798818
5.4049359143,29.8999417277,2.68234050174
5.47612884183,30.293778808,2.71767185565
5.53966237882,30.6452444787,2.7492020211
5.5972456436,30.9637933787,2.77777921544
5.63677716045,31.1824805384,2.79739776143
5.67822719003,31.41178085,2.81796841978
5.69223578032,31.4892759449,2.82492054862
0.0,-0.0,-0.0
1.00081718506,5.53648995787,0.496681705023
1.80740121279,9.99848855845,0.89697004909
2.45533839747,13.5828576225,1.21852575811
2.96746081568,16.4159033852,1.47267986406
3.34921758832,18.5277702944,1.66213662398
3.63275915862,20.0963136985,1.80285152381
3.84314038154,21.2601363856,1.90725867569
3.99569508491,22.104064496,1.98296791153
4.10463697906,22.7067277575,2.03703316905
4.18459753322,23.1490671087,2.0767156826
4.25579046076,23.542904189,2.11204703652
4.31932399774,23.8943698596,2.14357720197
4.37690726252,24.2129187597,2.17215439631
4.41643877937,24.4316059193,2.1917729423
4.45788880896,24.6609062309,2.21234360065
4.47189739925,24.7384013259,2.21929572949
0.0,-0.0,-0.0
0.806584027734,4.46199860059,0.400288344067
1.45452121241,8.04636766463,0.721844053082
1.96664363062,10.8794134274,0.975998159035
2.34840040326,12.9912803366,1.16545491896
2.63194197356,14.5598237406,1.30616981879
2.84232319648,15.7236464278,1.41057697067
2.99487789985,16.5675745382,1.48628620651
3.103819794,17.1702377997,1.54035146403
3.18378034816,17.6125771508,1.58003397758
3.2549732757,18.0064142311,1.6153653315
3.31850681268,18.3578799018,1.64689549695
3.37609007746,18.6764288018,1.67547269128
3.41562159431,18.8951159615,1.69509123727
3.4570716239,19.1244162731,1.71566189562
3.47108021419,19.201911368,1.72261402446
0.0,-0.0,-0.0
0.647937184672,3.58436906405,0.321555709015
1.16005960288,6.41741482677,0.575709814968
1.54181637552,8.52928173598,0.765166574889
1.82535794583,10.09782514,0.905881474719
2.03573916874,11.2616478272,1.0102886266
2.18829387212,12.1055759376,1.08599786244
2.29723576627,12.7082391991,1.14006311996
2.37719632043,13.1505785502,1.17974563351
2.44838924796,13.5444156305,1.21507698743
2.51192278495,13.8958813012,1.24660715288
2.56950604973,14.2144302012,1.27518434722
2.60903756658,14.4331173609,1.29480289321
2.65048759616,14.6624176725,1.31537355156
2.66449618645,14.7399127675,1.3223256804
0.0,-0.0,-0.0
0.51212241821,2.83304576273,0.254154105953
0.89387919085,4.94491267193,0.443610865874
1.17742076116,6.51345607595,0.584325765704
1.38780198407,7.67727876313,0.688732917586
1.54035668745,8.52120687353,0.764442153424
1.6492985816,9.12387013502,0.818507410945
1.72925913576,9.56620948616,0.858189924498
1.80045206329,9.96004656647,0.893521278413
1.86398560028,10.3115122371,0.925051443866
1.92156886506,10.6300611372,0.9536286382
1.96110038191,10.8487482968,0.97324718419
2.00255041149,11.0780486084,0.993817842543
2.01655900178,11.1555437034,1.00076997138
0.0,-0.0,-0.0
0.381756772639,2.1118669092,0.189456759921
0.665298342947,3.68041031322,0.330171659751
0.875679565861,4.8442330004,0.434578811633
1.02823426924,5.6881611108,0.510288047472
1.13717616339,6.2908243723,0.564353304992
1.21713671755,6.73316372343,0.604035818545
1.28832964508,7.12700080375,0.639367172461
1.35186318207,7.4784664744,0.670897337913
1.40944644685,7.79701537448,0.699474532247
1.4489779637,8.01570253411,0.719093078238
1.49042799328,8.24500284572,0.73966373659
1.50443658357,8.32249794068,0.746615865428
0.0,-0.0,-0.0
0.283541570308,1.56854340402,0.14071489983
0.493922793222,2.7323660912,0.245122051712
0.646477496598,3.5762942016,0.320831287551
0.755419390747,4.17895746309,0.374896545071
0.835379944909,4.62129681423,0.414579058624
0.90657287244,5.01513389454,0.44991041254
0.970106409428,5.3665995652,0.481440577992
1.02768967421,5.68514846527,0.510017772326
1.06722119106,5.90383562491,0.529636318317
1.10867122064,6.13313593651,0.550206976669
1.12267981093,6.21063103147,0.557159105507
0.0,-0.0,-0.0
0.210381222915,1.16382268718,0.104407151882
0.36293592629,2.00775079758,0.180116387721
0.47187782044,2.61041405907,0.234181645241
0.551838374601,3.05275341021,0.273864158794
0.623031302132,3.44659049052,0.30919551271
0.68656483912,3.79805616118,0.340725678162
0.744148103901,4.11660506125,0.369302872496
0.783679620751,4.33529222089,0.388921418487
0.825129650333,4.56459253249,0.409492076839
0.839138240625,4.64208762745,0.416444205677
0.0,-0.0,-0.0
0.152554703376,0.843928110401,0.0757092358385
0.261496597525,1.44659137189,0.129774493359
0.341457151687,1.88893072303,0.169457006912
0.412650079218,2.28276780334,0.204788360828
0.476183616206,2.634233474,0.23631852628
0.533766880986,2.95278237407,0.264895720614
0.573298397836,3.17146953371,0.284514266605
0.614748427418,3.40076984531,0.305084924957
0.628757017711,3.47826494027,0.312037053795
0.0,-0.0,-0.0
0.10894189415,0.602663261493,0.0540652575207
0.188902448311,1.04500261263,0.0937477710736
0.260095375842,1.43883969294,0.129079124989
0.32362891283,1.7903053636,0.160609290442
0.38121217761,2.10885426367,0.189186484776
0.42074369446,2.3275414233,0.208805030766
0.462193724043,2.55684173491,0.229375689118
0.476202314335,2.63433682987,0.236327817956
0.0,-0.0,-0.0
0.0799605541614,0.442339351134,0.0396825135529
0.151153481693,0.836176431449,0.0750138674683
0.214687018681,1.18764210211,0.106544032921
0.272270283461,1.50619100218,0.135121227255
0.311801800311,1.72487816181,0.154739773245
0.353251829893,1.95417847342,0.175310431597
0.367260420185,2.03167356838,0.182262560436
0.0,-0.0,-0.0
0.0711929275312,0.393837080316,0.0353313539154
0.134726464519,0.745302750972,0.066861519368
0.192309729299,1.06385165104,0.095438713702
0.231841246149,1.28253881068,0.115057259692
0.273291275732,1.51183912229,0.135627918045
0.287299866024,1.58933421725,0.142580046883
0.0,-0.0,-0.0
0.063533536988,0.351465670657,0.0315301654527
0.121116801768,0.670014570729,0.0601073597867
0.160648318618,0.888701730363,0.079725905777
0.2020983482,1.11800204197,0.100296564129
0.216106938493,1.19549713693,0.107248692967
0.0,-0.0,-0.0
0.0575832647802,0.318548900072,0.028577194334
0.0971147816301,0.537236059706,0.0481957403243
0.138564811212,0.766536371315,0.0687663986765
0.152573401505,0.844031466275,0.0757185275147
0.0,-0.0,-0.0
0.03953151685,0.218687159634,0.0196185459903
0.0809815464322,0.447987471243,0.0401892043425
0.0949901367247,0.525482566203,0.0471413331807
0.0,-0.0,-0.0
0.0414500295823,0.229300311609,0.0205706583522
0.0554586198747,0.306795406569,0.0275227871904
0.0,-0.0,-0.0
0.0140085902925,0.0774950949601,0.00695212883824
0.0,-0.0,-0.0
