0,1,2
0.0,0.0,0.0
95.0468573284,100.0,108.882973455
0.000101079709726,3.04648544364e-06,0.00047173520104
95.0467562487,99.9999969535,108.88250172
0.00044093119514,1.32676270074e-05,0.00206001163968
95.0464163972,99.9999867324,108.880913443
0.000848778772782,2.5465720287e-05,0.00397049505924
95.0460085497,99.9999745343,108.87900296
0.00152893462772,4.57892297601e-05,0.00716016050445
95.0453283938,99.9999542108,108.875813294
0.00248643612406,7.44855462827e-05,0.0116563845583
95.0443708923,99.9999255145,108.87131707
0.00392901852941,0.000116622470246,0.0184456446905
95.0429283099,99.9998833775,108.86452781
0.00603740654039,0.000176776340955,0.0283858486931
95.0408199219,99.9998232237,108.854587606
0.00898298145882,0.0002611157139,0.0422793145375
95.037874347,99.9997388843,108.84069414
0.0134421408808,0.000388086850717,0.0633272948479
95.0334151876,99.9996119131,108.81964616
0.0205399818497,0.000588852556106,0.0968651757532
95.0263173466,99.9994111474,108.786108279
0.0324294429757,0.000927410749733,0.153103848913
95.0144278855,99.9990725893,108.729869606
0.0534458910453,0.00151883966539,0.252631372959
94.9934114374,99.9984811603,108.630342082
0.0887095141227,0.00249581305237,0.419813822403
94.9581478143,99.9975041869,108.463159632
0.138934482911,0.00388012121241,0.658225934928
94.9079228455,99.9961198788,108.22474752
0.214152673292,0.00596256908388,1.01595385452
94.8327046551,99.9940374309,107.8670196
0.332213786676,0.00924427628441,1.57857454381
94.7146435418,99.9907557237,107.304398911
0.508453268201,0.0141575941588,2.42027444744
94.5384040602,99.9858424058,106.462699007
0.766860713597,0.0214594822807,3.65725768001
94.2799966148,99.9785405177,105.225715775
1.14001562916,0.0324649356339,5.44902891348
93.9068416993,99.9675350644,103.433944541
1.65354587674,0.0488386830224,7.92558916793
93.3933114517,99.951161317,100.957384287
2.30256647851,0.0717514595859,11.071126402
92.7442908499,99.9282485404,97.8118470527
3.06019052951,0.102008956827,14.7645934008
91.9866667989,99.8979910432,94.1183800539
3.9526860347,0.143161242077,19.148374542
91.0941712937,99.8568387579,89.7345989128
4.9768094898,0.198493920516,24.2228111137
90.0700478386,99.8015060795,84.6601623411
6.10252107857,0.270480456871,29.8575218957
88.9443362499,99.7295195431,79.025451559
7.28777256024,0.360244356466,35.8642396968
87.7590847682,99.6397556435,73.018733758
8.50341239115,0.470040621991,42.1212522631
86.5434449373,99.529959378,66.7617211916
9.73238644213,0.603523667992,48.5695369687
85.3144708863,99.396476332,60.313436486
10.9367950332,0.761201956942,55.0353941107
84.1100622953,99.2387980431,53.847579344
12.0929407226,0.945138469804,61.4125835602
82.9539166058,99.0548615302,47.4703898946
13.1833491003,1.15884200296,67.6206724509
81.8635082281,98.841157997,41.2623010039
14.1829462751,1.40326912522,73.5198487624
80.8639110534,98.5967308748,35.3631246923
15.0643663954,1.68107650018,78.9453343167
79.982490933,98.3189234998,29.9376391381
15.8043075187,1.99717192519,83.7460605046
79.2425498098,98.0028280748,25.1369129501
16.4112805066,2.36062991654,87.9444525155
78.6355768219,97.6393700835,20.9385209393
16.8980475429,2.78082078641,91.5812487714
78.1488097856,97.2191792136,17.3017246834
17.2743050222,3.26575632842,94.6775337711
77.7725523062,96.7342436716,14.2054396836
17.5480891385,3.81174535074,97.2357120483
77.4987681899,96.1882546493,11.6472614064
17.7365340268,4.42062911942,99.3128698673
77.3103233017,95.5793708806,9.57010358748
17.8617264282,5.10351780935,101.001878696
77.1851309003,94.8964821907,7.8810947589
17.9404964999,5.8856190763,102.397269312
77.1063608285,94.1143809237,6.48570414305
17.9854800639,6.79173226775,103.566289631
77.0613772645,93.2082677322,5.31668382409
18.0075425951,7.84260906711,104.550332758
77.0393147333,92.1573909329,4.33264069674
18.0171576553,9.06469632044,105.383223074
77.0296996731,90.9353036796,3.49975038122
18.0260288147,10.4790272549,106.084422437
77.0208285138,89.5209727451,2.79855101753
18.0484344916,12.0993775298,106.660756861
76.9984228368,87.9006224702,2.22221659393
18.1020758743,13.9347553657,107.120831884
76.9447814542,86.0652446343,1.76214157111
18.2068107262,15.9861589856,107.480512614
76.8400466022,84.0138410144,1.40246084041
18.382431643,18.2419979589,107.761477507
76.6644256854,81.7580020411,1.12149594818
18.6491668954,20.7022568474,107.987191759
76.397690433,79.2977431526,0.895781695768
19.0262141419,23.3597468463,108.17368828
76.0206431865,76.6402531537,0.709285175232
19.5299333384,26.1985828796,108.327699741
75.51692399,73.8014171204,0.555273713324
20.1627140621,29.16441465,108.451819519
74.8841432663,70.83558535,0.431153935938
20.9227236215,32.2059926144,108.548756489
74.1241337069,67.7940073856,0.334216965662
21.8137907784,35.304029815,108.623336646
73.23306655,64.695970185,0.259636809172
22.8456742173,38.4558128978,108.680129598
72.2011831111,61.5441871022,0.202843856801
24.0280642347,41.6557981547,108.723116467
71.0187930938,58.3442018453,0.159856987535
25.3670073226,44.8870378493,108.755503944
69.6798500058,55.1129621507,0.12746951056
26.8593442774,48.114854642,108.779772471
68.1875130511,51.885145358,0.103200983357
28.4996993719,51.3063169804,108.797945137
66.5471579566,48.6936830196,0.0850283179824
30.2892649309,54.4484916424,108.811767677
64.7575923976,45.5515083576,0.0712057774653
32.2278951903,57.5285452446,108.822451782
62.8189621382,42.4714547554,0.0605216723309
34.3144456008,60.534876226,108.830879905
60.7324117276,39.465123774,0.0520935494966
36.5421583632,63.4519309634,108.837759948
58.5046989652,36.5480690366,0.0452135063738
38.918467183,66.285066646,108.843693677
56.1283901454,33.714933354,0.0392797776215
41.4495496061,69.0383027204,108.84911143
53.5973077224,30.9616972796,0.033862024818
44.1276482758,71.7008529007,108.854226589
50.9192090527,28.2991470993,0.0287468661477
46.9060121849,74.2321282709,108.858924889
48.1408451436,25.7678717291,0.0240485660329
49.7303005009,76.5948915909,108.862988964
45.3165568275,23.4051084091,0.0199844910668
52.5736943894,78.7861996261,108.866346336
42.4731629391,21.2138003739,0.0166271186229
55.4571459536,80.8387238932,108.869288957
39.5897113749,19.1612761068,0.0136844978338
58.4094133878,82.7887007019,108.872093466
36.6374439407,17.2112992981,0.010879988344
61.3958553316,84.6297718027,108.874572922
33.6510019968,15.3702281973,0.00840053272754
64.3797420897,86.3549751677,108.876671864
30.6671152387,13.6450248323,0.00630159075666
67.3227278192,87.9578829338,108.87839207
27.7241295092,12.0421170662,0.0045813848785
70.1932067837,89.4401545336,108.879610649
24.8536505447,10.5598454664,0.00336280592669
72.9541958574,90.7998384495,108.880444927
22.092661471,9.20016155046,0.00252852762945
75.5735896118,92.036573319,108.881121122
19.4732677167,7.96342668096,0.0018523326599
78.0319637028,93.1552652358,108.881707617
17.0148936256,6.84473476422,0.0012658377048
80.2955886271,94.1529332297,108.882168968
14.7512687013,5.84706677031,0.000804486415916
82.3356469917,95.027386893,108.882457251
12.7112103368,4.97261310705,0.000516203872623
84.1492839487,95.7861870072,108.882630893
10.8975733797,4.21381299276,0.000342561385685
85.7601020005,96.4457120102,108.882743977
9.2867553279,3.55428798977,0.000229478098065
87.2015166053,97.0245422437,108.882825562
7.84534072318,2.97545775635,0.000147892734806
88.48060709,97.5294395136,108.88288852
6.56625023849,2.47056048638,8.49344130451e-05
89.5967590879,97.9634545861,108.882935258
5.4500982405,2.03654541386,3.81964722404e-05
90.5487235605,98.3288502909,108.882964239
4.49813376797,1.67114970914,9.21616009302e-06
91.3515543328,98.6337440872,108.882973688
3.69530299562,1.36625591282,-2.33511690095e-07
92.0259687533,98.8876255239,108.882973376
3.02088857515,1.1123744761,7.88701756366e-08
92.5943190663,99.0999750122,108.882973476
2.45253826216,0.900024987803,-2.11331998687e-08
93.0684334815,99.2760091806,108.882973449
1.97842384692,0.723990819405,5.66262383831e-09
93.4607581933,99.4209540333,108.882973456
1.58609913513,0.579045966731,-1.51729548452e-09
93.7832910409,99.539674586,108.882973454
1.26356628754,0.46032541398,4.06558099756e-10
94.0460666206,99.6360933287,108.882973455
1.00079070789,0.363906671338,-1.08936914506e-10
94.2579633881,99.7136216874,108.882973455
0.788893940371,0.28637831255,2.91895582678e-11
94.42683219,99.775257133,108.882973455
0.620025138439,0.224742866967,-7.82131856527e-12
94.5625624031,99.8246806175,108.882973455
0.484294925357,0.175319382503,2.09571599331e-12
94.6703984224,99.8638556608,108.882973455
0.376458906068,0.136144339196,-5.61545407973e-13
94.7527355123,99.8937027202,108.882973455
0.294121816162,0.106297279776,1.5046563858e-13
94.8146682575,99.9161183473,108.882973455
0.232189070928,0.0838816527446,-4.03171463461e-14
94.8617904986,99.933158221,108.882973455
0.18506682983,0.0668417790142,1.08029468046e-14
94.8992219675,99.9466844662,108.882973455
0.147635360977,0.0533155338348,-2.89464087216e-15
94.9293451095,99.9575642947,108.882973455
0.117512218989,0.0424357053434,7.75616684073e-16
94.9538177902,99.9664016911,108.882973455
0.0930395382892,0.033598308939,-2.07825864133e-16
94.9736453824,99.9735618343,108.882973455
0.0732119460408,0.0264381656785,5.56867724608e-17
94.9897287134,99.9793698095,108.882973455
0.0571286149904,0.0206301905036,-1.492122571e-17
95.0025587145,99.9840029601,108.882973455
0.0442986139735,0.0159970398617,3.99813037907e-18
95.0122289629,99.987495063,108.882973455
0.034628365501,0.0125049369943,-1.07129580631e-18
95.0194269059,99.9900943721,108.882973455
0.027430422527,0.00990562792032,2.87052846155e-19
95.0248908223,99.9920674924,108.882973455
0.0219665061027,0.0079325076344,-7.69155783122e-20
95.0294070184,99.9936983736,108.882973455
0.0174503100046,0.00630162639176,2.06094670941e-20
95.0331481288,99.9950493571,108.882973455
0.0137091996575,0.00495064290376,-5.52229006431e-21
95.0362162675,99.9961573182,108.882973455
0.010641060917,0.00384268177388,1.4796931631e-21
95.0386889588,99.9970502523,108.882973455
0.00816836963209,0.00294974771554,-3.96482588099e-22
95.040675297,99.9977675553,108.882973455
0.00618203146281,0.00223244466965,1.06237189294e-22
95.0422452768,99.9983345038,108.882973455
0.00461205167923,0.00166549623832,-2.84661690775e-23
95.0434156032,99.9987571301,108.882973455
0.00344172523847,0.00124286993707,7.62748701582e-24
95.0442848378,99.9990710266,108.882973455
0.00257249062594,0.000928973410016,-2.04377898581e-24
95.0449297896,99.9993039305,108.882973455
0.00192753879309,0.000696069518151,5.47628927416e-25
95.0453974665,99.9994728172,108.882973455
0.00145986189885,0.000527182848294,-1.46736723854e-25
95.0457314425,99.999593422,108.882973455
0.00112588595251,0.000406578020624,3.9317968001e-26
95.0459765723,99.9996819428,108.882973455
0.000880756186394,0.000318057172604,-1.05351481499e-26
95.0461948237,99.9997607574,108.882973455
0.000662504763783,0.000239242582283,2.82262459866e-27
95.0463895943,99.9998310926,108.882973455
0.000467734179282,0.000168907369742,-7.55350244712e-28
95.0465661235,99.9998948406,108.882973455
0.0002912049701,0.000105159444486,1.98776380187e-28
95.0466873126,99.9999386042,108.882973455
0.000170015816134,6.13958233883e-05,-4.6381155377e-29
95.0468143832,99.9999844917,108.882973455
4.29452058813e-05,1.55083003771e-05,6.62587933958e-30
95.0468573284,100.0,108.882973455
0.0,0.0,0.0
0.0,0.0,0.0
95.0468573284,100.0,108.882973455
0.000339851485414,1.02211415638e-05,0.00158827643864
95.046517477,99.9999897789,108.881385178
0.000747699063056,2.24192348434e-05,0.00349875985821
95.0461096294,99.9999775808,108.879474695
0.00142785491799,4.27427443165e-05,0.00668842530341
95.0454294735,99.9999572573,108.876285029
0.00238535641433,7.14390608391e-05,0.0111846493573
95.044471972,99.9999285609,108.871788805
0.00382793881968,0.000113575984802,0.0179739094895
95.0430293896,99.999886424,108.864999545
0.00593632683066,0.000173729855512,0.0279141134921
95.0409210016,99.9998262701,108.855059341
0.00888190174909,0.000258069228456,0.0418075793365
95.0379754267,99.9997419308,108.841165875
0.0133410611711,0.000385040365274,0.0628555596469
95.0335162673,99.9996149596,108.820117895
0.02043890214,0.000585806070662,0.0963934405522
95.0264184263,99.9994141939,108.786580014
0.032328363266,0.00092436426429,0.152632113712
95.0145289652,99.9990756357,108.730341341
0.0533448113356,0.00151579317995,0.252159637758
94.9935125171,99.9984842068,108.630813817
0.088608434413,0.00249276656693,0.419342087202
94.958248894,99.9975072334,108.463631368
0.138833403201,0.00387707472696,0.657754199727
94.9080239252,99.9961229253,108.225219255
0.214051593582,0.00595952259843,1.01548211932
94.8328057349,99.9940404774,107.867491335
0.332112706966,0.00924122979897,1.57810280861
94.7147446215,99.9907587702,107.304870646
0.508352188491,0.0141545476734,2.41980271224
94.5385051399,99.9858454523,106.463170743
0.766759633887,0.0214564357953,3.65678594481
94.2800976946,99.9785435642,105.22618751
1.13991454945,0.0324618891485,5.44855717828
93.906942779,99.9675381109,103.434416276
1.65344479703,0.0488356365369,7.92511743273
93.3934125314,99.9511643635,100.957856022
2.3024653988,0.0717484131005,11.0706546668
92.7443919296,99.9282515869,97.8123187879
3.0600894498,0.102005910341,14.7641216656
91.9867678786,99.8979940897,94.1188517891
3.95258495499,0.143158195592,19.1479028068
91.0942723735,99.8568418044,89.735070648
4.97670841009,0.198490874031,24.2223393785
90.0701489183,99.801509126,84.6606340763
6.10241999886,0.270477410385,29.8570501605
88.9444373296,99.7295225896,79.0259232942
7.28767148053,0.36024130998,35.8637679616
87.7591858479,99.63975869,73.0192054932
8.50331131144,0.470037575506,42.1207805279
86.543546017,99.5299624245,66.7621929268
9.73228536242,0.603520621507,48.5690652335
85.314571966,99.3964793785,60.3139082212
10.9366939535,0.761198910456,55.0349223755
84.110163375,99.2388010895,53.8480510792
12.0928396429,0.945135423318,61.412111825
82.9540176855,99.0548645767,47.4708616298
13.1832480206,1.15883895647,67.6202007157
81.8636093078,98.8411610435,41.2627727391
14.1828451953,1.40326607873,73.5193770272
80.8640121331,98.5967339213,35.3635964275
15.0642653157,1.68107345369,78.9448625815
79.9825920127,98.3189265463,29.9381108733
15.804206439,1.99716887871,83.7455887694
79.2426508895,98.0028311213,25.1373846853
16.4111794269,2.36062687006,87.9439807803
78.6356779016,97.6393731299,20.9389926745
16.8979464632,2.78081773993,91.5807770362
78.1489108653,97.2191822601,17.3021964186
17.2742039425,3.26575328193,94.6770620359
77.7726533859,96.7342467181,14.2059114188
17.5479880588,3.81174230426,97.2352403131
77.4988692696,96.1882576957,11.6477331416
17.7364329471,4.42062607293,99.3123981321
77.3104243814,95.5793739271,9.57057532269
17.8616253485,5.10351476286,101.001406961
77.18523198,94.8964852371,7.8815664941
17.9403954202,5.88561602981,102.396797576
77.1064619082,94.1143839702,6.48617587825
17.9853789842,6.79172922127,103.565817895
77.0614783442,93.2082707787,5.31715555929
18.0074415154,7.84260602062,104.549861023
77.0394158131,92.1573939794,4.33311243194
18.0170565756,9.06469327396,105.382751338
77.0298007528,90.935306726,3.50022211642
18.025927735,10.4790242084,106.083950702
77.0209295935,89.5209757916,2.79902275273
18.0483334119,12.0993744833,106.660285126
76.9985239165,87.9006255167,2.22268832913
18.1019747945,13.9347523192,107.120360148
76.9448825339,86.0652476808,1.76261330631
18.2067096465,15.9861559391,107.480040879
76.840147682,84.0138440609,1.40293257561
18.3823305633,18.2419949124,107.761005771
76.6645267651,81.7580050876,1.12196768338
18.6490658157,20.7022538009,107.986720024
76.3977915127,79.2977461991,0.896253430969
19.0261130622,23.3597437998,108.173216544
76.0207442662,76.6402562002,0.709756910433
19.5298322587,26.1985798332,108.327228006
75.5170250697,73.8014201668,0.555745448525
20.1626129824,29.1644116035,108.451347784
74.884244346,70.8355883965,0.431625671139
20.9226225418,32.2059895679,108.548284754
74.1242347866,67.7940104321,0.334688700863
21.8136896987,35.3040267685,108.62286491
73.2331676297,64.6959732315,0.260108544373
22.8455731376,38.4558098513,108.679657863
72.2012841908,61.5441901487,0.203315592002
24.027963155,41.6557951082,108.722644732
71.0188941735,58.3442048918,0.160328722736
25.3669062429,44.8870348028,108.755032209
69.6799510855,55.1129651972,0.127941245761
26.8592431977,48.1148515955,108.779300736
68.1876141308,51.8851484045,0.103672718558
28.4995982922,51.3063139339,108.797473402
66.5472590363,48.6936860661,0.0855000531834
30.2891638512,54.4484885959,108.811295942
64.7576934773,45.5515114041,0.0716775126664
32.2277941105,57.5285421981,108.821980047
62.8190632179,42.4714578019,0.0609934075319
34.3143445211,60.5348731795,108.83040817
60.7325128073,39.4651268205,0.0525652846977
36.5420572835,63.4519279169,108.837288213
58.5048000449,36.5480720831,0.0456852415748
38.9183661033,66.2850635995,108.843221942
56.1284912251,33.7149364005,0.0397515128226
41.4494485264,69.0382996739,108.848639695
53.5974088021,30.9617003261,0.0343337600191
44.1275471961,71.7008498542,108.853754853
50.9193101324,28.2991501458,0.0292186013487
46.9059111052,74.2321252244,108.858453154
48.1409462233,25.7678747756,0.0245203012339
49.7301994212,76.5948885445,108.862517228
45.3166579072,23.4051114555,0.0204562262679
52.5735933097,78.7861965796,108.865874601
42.4732640188,21.2138034204,0.0170988538239
55.4570448739,80.8387208467,108.868817222
39.5898124546,19.1612791533,0.0141562330349
58.4093123081,82.7886976554,108.871621731
36.6375450204,17.2113023446,0.011351723545
61.3957542519,84.6297687562,108.874101187
33.6511030765,15.3702312438,0.00887226792858
64.37964101,86.3549721212,108.876200129
30.6672163184,13.6450278788,0.0067733259577
67.3226267395,87.9578798873,108.877920335
27.7242305889,12.0421201127,0.00505312007954
70.193105704,89.4401514871,108.879138914
24.8537516244,10.5598485129,0.00383454112773
72.9540947777,90.7998354031,108.879973192
22.0927625508,9.20016459695,0.00300026283049
75.5734885321,92.0365702726,108.880649387
19.4733687964,7.96342972745,0.00232406786094
78.0318626231,93.1552621893,108.881235882
17.0149947053,6.84473781071,0.00173757290584
80.2954875474,94.1529301832,108.881697233
14.751369781,5.84706981679,0.00127622161696
82.335545912,95.0273838465,108.881985516
12.7113114165,4.97261615353,0.000987939073662
84.149182869,95.7861839608,108.882159158
10.8976744594,4.21381603924,0.000814296586725
85.7600009208,96.4457089637,108.882272241
9.28685640761,3.55429103626,0.000701213299104
87.2014155255,97.0245391972,108.882353827
7.84544180289,2.97546080283,0.000619627935845
88.4805060102,97.5294364671,108.882416785
6.5663513182,2.47056353287,0.000556669614085
89.5966580082,97.9634515397,108.882463523
5.4501993202,2.03654846035,0.00050993167328
90.5486224808,98.3288472444,108.882492503
4.49823484768,1.67115275563,0.000480951361133
91.3514532531,98.6337410407,108.882501953
3.69540407533,1.36625895931,0.000471501689349
92.0258676736,98.8876224774,108.882501641
3.02098965486,1.11237752259,0.000471814071215
92.5942179866,99.0999719657,108.882501741
2.45263934187,0.900028034288,0.00047171406784
93.0683324018,99.2760061341,108.882501714
1.97852492663,0.723993865891,0.000471740863663
93.4606571136,99.4209509868,108.882501721
1.58620021484,0.579049013217,0.000471733683744
93.7831899612,99.5396715395,108.882501719
1.26366736725,0.460328460466,0.000471735607598
94.0459655408,99.6360902822,108.88250172
1.0008917876,0.363909717823,0.000471735092103
94.2578623084,99.713618641,108.88250172
0.788995020081,0.286381359036,0.000471735230229
94.4267311103,99.7752540865,108.88250172
0.620126218149,0.224745913452,0.000471735193218
94.5624613234,99.824677571,108.88250172
0.484396005066,0.175322428988,0.000471735203135
94.6702973427,99.8638526143,108.88250172
0.376559985778,0.136147385681,0.000471735200478
94.7526344326,99.8936996737,108.88250172
0.294222895872,0.106300326262,0.00047173520119
94.8145671778,99.9161153008,108.88250172
0.232290150638,0.0838846992301,0.000471735200999
94.8616894189,99.9331551745,108.88250172
0.185167909539,0.0668448254997,0.00047173520105
94.8991208878,99.9466814197,108.88250172
0.147736440687,0.0533185803203,0.000471735201037
94.9292440297,99.9575612482,108.88250172
0.117613298698,0.0424387518288,0.00047173520104
94.9537167104,99.9663986446,108.88250172
0.093140617999,0.0336013554245,0.000471735201039
94.9735443027,99.9735587878,108.88250172
0.0733130257505,0.026441212164,0.00047173520104
94.9896276337,99.979366763,108.88250172
0.0572296947001,0.020633236989,0.00047173520104
95.0024576348,99.9839999137,108.88250172
0.0443996936832,0.0160000863471,0.00047173520104
95.0121278832,99.9874920165,108.88250172
0.0347294452108,0.0125079834798,0.00047173520104
95.0193258262,99.9900913256,108.88250172
0.0275315022367,0.00990867440577,0.00047173520104
95.0247897426,99.9920644459,108.88250172
0.0220675858124,0.00793555411985,0.00047173520104
95.0293059387,99.9936953271,108.88250172
0.0175513897143,0.00630467287721,0.00047173520104
95.0330470491,99.9950463106,108.88250172
0.0138102793672,0.0049536893892,0.00047173520104
95.0361151878,99.9961542717,108.88250172
0.0107421406267,0.00384572825932,0.00047173520104
95.0385878791,99.9970472058,108.88250172
0.00826944934182,0.00295279420098,0.00047173520104
95.0405742173,99.9977645088,108.88250172
0.00628311117253,0.0022354911551,0.00047173520104
95.0421441971,99.9983314573,108.88250172
0.00471313138895,0.00166854272377,0.00047173520104
95.0433145235,99.9987540836,108.88250172
0.0035428049482,0.00124591642251,0.00047173520104
95.0441837581,99.9990679801,108.88250172
0.00267357033567,0.00093201989546,0.00047173520104
95.0448287099,99.999300884,108.88250172
0.00202861850281,0.000699116003595,0.00047173520104
95.0452963868,99.9994697707,108.88250172
0.00156094160858,0.000530229333738,0.00047173520104
95.0456303628,99.9995903755,108.88250172
0.00122696566223,0.000409624506068,0.00047173520104
95.0458754925,99.9996788963,108.88250172
0.00098183589612,0.000321103658048,0.00047173520104
95.046093744,99.9997577109,108.88250172
0.000763584473509,0.000242289067727,0.00047173520104
95.0462885146,99.9998280461,108.88250172
0.000568813889008,0.000171953855185,0.00047173520104
95.0464650438,99.9998917941,108.88250172
0.000392284679826,0.00010820592993,0.00047173520104
95.0465862329,99.9999355577,108.88250172
0.00027109552586,6.44423088319e-05,0.00047173520104
95.0467133035,99.9999814452,108.88250172
0.000144024915607,1.85547858207e-05,0.00047173520104
95.0467562487,99.9999969535,108.88250172
0.000101079709726,3.04648544364e-06,0.00047173520104
0.0,0.0,0.0
95.0468573284,100.0,108.882973455
0.000407847577642,1.21980932796e-05,0.00191048341957
95.0464494809,99.9999878019,108.881062971
0.00108800343258,3.25216027527e-05,0.00510014886478
95.045769325,99.9999674784,108.877873306
0.00204550492892,6.12179192753e-05,0.00959637291867
95.0448118235,99.9999387821,108.873377082
0.00348808733427,0.000103354843239,0.0163856330508
95.0433692411,99.9998966452,108.866587822
0.00559647534525,0.000163508713948,0.0263258370534
95.0412608531,99.9998364913,108.856647618
0.00854205026368,0.000247848086893,0.0402193028978
95.0383152782,99.9997521519,108.842754152
0.0130012096857,0.00037481922371,0.0612672832083
95.0338561188,99.9996251808,108.821706172
0.0200990506546,0.000575584929098,0.0948051641136
95.0267582778,99.9994244151,108.788168291
0.0319885117806,0.000914143122726,0.151043837274
95.0148688167,99.9990858569,108.731929617
0.0530049598502,0.00150557203839,0.25057136132
94.9938523686,99.998494428,108.632402093
0.0882685829276,0.00248254542537,0.417753810763
94.9585887455,99.9975174546,108.465219644
0.138493551715,0.0038668535854,0.656165923288
94.9083637767,99.9961331464,108.226807531
0.213711742097,0.00594930145687,1.01389384288
94.8331455863,99.9940506985,107.869079612
0.331772855481,0.00923100865741,1.57651453217
94.715084473,99.9907689913,107.306458923
0.508012337006,0.0141443265318,2.4182144358
94.5388449914,99.9858556735,106.464759019
0.766419782402,0.0214462146537,3.65519766837
94.280437546,99.9785537853,105.227775786
1.13957469796,0.0324516680069,5.44696890184
93.9072826305,99.967548332,103.436004553
1.65310494554,0.0488254153954,7.92352915629
93.3937523829,99.9511745846,100.959444298
2.30212554732,0.0717381919589,11.0690663904
92.7447317811,99.928261808,97.8139070643
3.05974959831,0.1019956892,14.7625333892
91.9871077301,99.8980043108,94.1204400656
3.9522451035,0.14314797445,19.1463145303
91.0946122249,99.8568520255,89.7366589244
4.97636855861,0.198480652889,24.220751102
90.0704887698,99.8015193471,84.6622223527
6.10208014737,0.270467189244,29.8554618841
88.9447771811,99.7295328108,79.0275115707
7.28733162905,0.360231088839,35.8621796852
87.7595256994,99.6397689112,73.0207937696
8.50297145995,0.470027354364,42.1191922515
86.5438858685,99.5299726456,66.7637812033
9.73194551093,0.603510400365,48.5674769571
85.3149118175,99.3964895996,60.3154964977
10.936354102,0.761188689315,55.0333340991
84.1105032265,99.2388113107,53.8496393556
12.0924997915,0.945125202177,61.4105235485
82.954357537,99.0548747978,47.4724499062
13.1829081691,1.15882873533,67.6186124393
81.8639491593,98.8411712647,41.2643610155
14.1825053439,1.40325585759,73.5177887508
80.8643519846,98.5967441424,35.365184704
15.0639254642,1.68106323255,78.943274305
79.9829318642,98.3189367675,29.9396991497
15.8038665875,1.99715865756,83.744000493
79.242990741,98.0028413424,25.1389729618
16.4108395754,2.36061664892,87.9423925038
78.6360177531,97.6393833511,20.9405809509
16.8976066117,2.78080751879,91.5791887597
78.1492507168,97.2191924812,17.303784695
17.273864091,3.26574306079,94.6754737595
77.7729932374,96.7342569392,14.2074996953
17.5476482073,3.81173208312,97.2336520367
77.4992091211,96.1882679169,11.6493214181
17.7360930956,4.42061585179,99.3108098556
77.3107642329,95.5793841482,9.57216359912
17.861285497,5.10350454172,100.999818684
77.1855718315,94.8964954583,7.88315477054
17.9400555687,5.88560580867,102.3952093
77.1068017597,94.1143941913,6.48776415469
17.9850391327,6.79171900012,103.564229619
77.0618181957,93.2082809999,5.31874383573
18.0071016639,7.84259579948,104.548272746
77.0397556645,92.1574042005,4.33470070838
18.0167167241,9.06468305282,105.381163062
77.0301406043,90.9353169472,3.50181039286
18.0255878835,10.4790139873,106.082362426
77.021269445,89.5209860127,2.80061102917
18.0479935604,12.0993642621,106.658696849
76.998863768,87.9006357379,2.22427660557
18.1016349431,13.9347420981,107.118771872
76.9452223854,86.0652579019,1.76420158275
18.206369795,15.986145718,107.478452603
76.8404875334,84.013854282,1.40452085204
18.3819907118,18.2419846913,107.759417495
76.6648666166,81.7580153087,1.12355595982
18.6487259642,20.7022435798,107.985131747
76.3981313642,79.2977564202,0.897841707408
19.0257732107,23.3597335787,108.171628268
76.0210841177,76.6402664213,0.711345186872
19.5294924072,26.198569612,108.32563973
75.5173649212,73.801430388,0.557333724963
20.1622731309,29.1644013824,108.449759507
74.8845841975,70.8355986176,0.433213947578
20.9222826903,32.2059793468,108.546696477
74.1245746381,67.7940206532,0.336276977302
21.8133498472,35.3040165474,108.621276634
73.2335074812,64.6959834526,0.261696820812
22.8452332862,38.4557996302,108.678069586
72.2016240423,61.5442003698,0.204903868441
24.0276233035,41.6557848871,108.721056456
71.019234025,58.3442151129,0.161916999175
25.3665663914,44.8870245817,108.753443933
69.680290937,55.1129754183,0.129529522199
26.8589033462,48.1148413744,108.77771246
68.1879539823,51.8851586256,0.105260994996
28.4992584407,51.3063037128,108.795885125
66.5475988877,48.6936962872,0.087088329622
30.2888239997,54.4484783747,108.809707666
64.7580333288,45.5515216253,0.073265789105
32.2274542591,57.528531977,108.820391771
62.8194030694,42.471468023,0.0625816839706
34.3140046696,60.5348629584,108.828819894
60.7328526588,39.4651370416,0.0541535611363
36.541717432,63.4519176958,108.835699937
58.5051398964,36.5480823042,0.0472735180135
38.9180262518,66.2850533784,108.841633665
56.1288310766,33.7149466216,0.0413397892612
41.4491086749,69.0382894528,108.847051418
53.5977486536,30.9617105472,0.0359220364577
44.1272073446,71.7008396331,108.852166577
50.9196499839,28.2991603669,0.0308068777873
46.9055712537,74.2321150033,108.856864877
48.1412860748,25.7678849967,0.0261085776726
49.7298595697,76.5948783233,108.860928952
45.3169977587,23.4051216767,0.0220445027065
52.5732534582,78.7861863584,108.864286324
42.4736038703,21.2138136416,0.0186871302625
55.4567050224,80.8387106255,108.867228945
39.5901523061,19.1612893745,0.0157445094735
58.4089724566,82.7886874343,108.870033455
36.6378848719,17.2113125657,0.0129399999837
61.3954144004,84.6297585351,108.87251291
33.651442928,15.3702414649,0.0104605443672
64.3793011585,86.3549619,108.874611852
30.6675561699,13.6450381,0.00836160239634
67.322286888,87.9578696662,108.876332058
27.7245704404,12.0421303338,0.00664139651817
70.1927658525,89.4401412659,108.877550637
24.8540914759,10.5598587341,0.00542281756636
72.9537549262,90.7998251819,108.878384915
22.0931024022,9.20017481809,0.00458853926912
75.5731486806,92.0365600514,108.87906111
19.4737086479,7.96343994859,0.00391234429957
78.0315227716,93.1552519682,108.879647605
17.0153345568,6.84474803185,0.00332584934447
80.2951476959,94.1529199621,108.880108957
14.7517096325,5.84708003793,0.00286449805559
82.3352060605,95.0273736253,108.880397239
12.711651268,4.97262637467,0.0025762155123
84.1488430176,95.7861737396,108.880570882
10.8980143109,4.21382626039,0.00240257302536
85.7596610693,96.4456987426,108.880683965
9.2871962591,3.5543012574,0.00228948973774
87.2010756741,97.024528976,108.88076555
7.84578165438,2.97547102397,0.00220790437448
88.4801661588,97.529426246,108.880828509
6.56669116968,2.47057375401,0.00214494605272
89.5963181567,97.9634413185,108.880875247
5.45053917169,2.03655868149,0.00209820811192
90.5482826293,98.3288370232,108.880904227
4.49857469917,1.67116297677,0.00206922779977
91.3511134016,98.6337308196,108.880913677
3.69574392681,1.36626918045,0.00205977812799
92.0255278221,98.8876122563,108.880913364
3.02132950635,1.11238774373,0.00206009050985
92.5938781351,99.0999617446,108.880913464
2.45297919336,0.90003825543,0.00205999050648
93.0679925503,99.275995913,108.880913437
1.97886477812,0.724004087032,0.0020600173023
93.4603172621,99.4209407656,108.880913445
1.58654006633,0.579059234358,0.00206001012238
93.7828501097,99.5396613184,108.880913443
1.26400721874,0.460338681607,0.00206001204623
94.0456256894,99.636080061,108.880913443
1.00123163908,0.363919938965,0.00206001153074
94.2575224569,99.7136084198,108.880913443
0.789334871566,0.286391580177,0.00206001166887
94.4263912588,99.7752438654,108.880913443
0.620466069634,0.224756134594,0.00206001163185
94.5621214719,99.8246673499,108.880913443
0.484735856552,0.17533265013,0.00206001164177
94.6699574912,99.8638423932,108.880913443
0.376899837263,0.136157606823,0.00206001163911
94.7522945811,99.8936894526,108.880913443
0.294562747357,0.106310547403,0.00206001163983
94.8142273263,99.9161050796,108.880913443
0.232630002124,0.0838949203716,0.00206001163964
94.8613495674,99.9331449534,108.880913443
0.185507761025,0.0668550466412,0.00206001163969
94.8987810363,99.9466711985,108.880913443
0.148076292172,0.0533288014619,0.00206001163967
94.9289041783,99.957551027,108.880913443
0.117953150184,0.0424489729704,0.00206001163968
94.953376859,99.9663884234,108.880913443
0.0934804694844,0.0336115765661,0.00206001163968
94.9732044512,99.9735485667,108.880913443
0.0736528772359,0.0264514333056,0.00206001163968
94.9892877823,99.9793565419,108.880913443
0.0575695461855,0.0206434581306,0.00206001163968
95.0021177833,99.9839896925,108.880913443
0.0447395451686,0.0160103074887,0.00206001163968
95.0117880317,99.9874817954,108.880913443
0.0350692966962,0.0125182046213,0.00206001163968
95.0189859747,99.9900811045,108.880913443
0.0278713537221,0.00991889554733,0.00206001163968
95.0244498911,99.9920542247,108.880913443
0.0224074372978,0.00794577526141,0.00206001163968
95.0289660872,99.993685106,108.880913443
0.0178912411997,0.00631489401877,0.00206001163968
95.0327071976,99.9950360895,108.880913443
0.0141501308526,0.00496391053076,0.00206001163968
95.0357753363,99.9961440506,108.880913443
0.0110819921121,0.00385594940088,0.00206001163968
95.0382480276,99.9970369847,108.880913443
0.00860930082723,0.00296301534255,0.00206001163968
95.0402343658,99.9977542877,108.880913443
0.00662296265795,0.00224571229666,0.00206001163968
95.0418043456,99.9983212361,108.880913443
0.00505298287437,0.00167876386533,0.00206001163968
95.042974672,99.9987438624,108.880913443
0.00388265643361,0.00125613756408,0.00206001163968
95.0438439066,99.999057759,108.880913443
0.00301342182108,0.000942241037024,0.00206001163968
95.0444888585,99.9992906629,108.880913443
0.00236846998823,0.000709337145159,0.00206001163968
95.0449565353,99.9994595495,108.880913443
0.00190079309399,0.000540450475302,0.00206001163968
95.0452905113,99.9995801544,108.880913443
0.00156681714765,0.000419845647632,0.00206001163968
95.0455356411,99.9996686752,108.880913443
0.00132168738153,0.000331324799612,0.00206001163968
95.0457538925,99.9997474898,108.880913443
0.00110343595892,0.000252510209291,0.00206001163968
95.0459486631,99.999817825,108.880913443
0.000908665374423,0.000182174996749,0.00206001163968
95.0461251923,99.9998815729,108.880913443
0.00073213616524,0.000118427071493,0.00206001163968
95.0462463814,99.9999253365,108.880913443
0.000610947011274,7.46634503957e-05,0.00206001163968
95.046373452,99.9999712241,108.880913443
0.000483876401021,2.87759273845e-05,0.00206001163968
95.0464163972,99.9999867324,108.880913443
0.00044093119514,1.32676270074e-05,0.00206001163968
0.0,0.0,0.0
95.0468573284,100.0,108.882973455
0.000680155854939,2.03235094731e-05,0.00318966544521
95.0461771726,99.9999796765,108.879783789
0.00163765735127,4.90198259957e-05,0.0076858894991
95.0452196711,99.9999509802,108.875287565
0.00308023975663,9.11567499589e-05,0.0144751496313
95.0437770887,99.9999088432,108.868498305
0.00518862776761,0.000151310620668,0.0244153536339
95.0416687007,99.9998486894,108.858558101
0.00813420268604,0.000235649993613,0.0383088194783
95.0387231258,99.99976435,108.844664635
0.012593362108,0.00036262113043,0.0593567997887
95.0342639663,99.9996373789,108.823616655
0.0196912030769,0.000563386835819,0.092894680694
95.0271661254,99.9994366132,108.790078774
0.031580664203,0.000901945029446,0.149133353854
95.0152766642,99.999098055,108.733840101
0.0525971122725,0.00149337394511,0.2486608779
94.9942602162,99.9985066261,108.634312577
0.0878607353499,0.00247034733209,0.415843327344
94.9589965931,99.9975296527,108.467130127
0.138085704138,0.00385465549212,0.654255439869
94.9087716243,99.9961453445,108.228718015
0.213303894519,0.00593710336359,1.01198335946
94.8335534339,99.9940628966,107.870990095
0.331365007903,0.00921881056413,1.57460404875
94.7154923205,99.9907811894,107.308369406
0.507604489428,0.0141321284386,2.41630395238
94.539252839,99.9858678716,106.466669502
0.766011934824,0.0214340165605,3.65328718495
94.2808453936,99.9785659834,105.22968627
1.13916685039,0.0324394699137,5.44505841842
93.9076904781,99.9675605301,103.437915036
1.65269709797,0.0488132173021,7.92161867287
93.3941602305,99.9511867827,100.961354782
2.30171769974,0.0717259938656,11.067155907
92.7451396287,99.9282740061,97.8158175478
3.05934175074,0.101983491106,14.7606229058
91.9875155777,99.8980165089,94.122350549
3.95183725592,0.143135776357,19.1444040469
91.0950200725,99.8568642236,89.7385694078
4.97596071103,0.198468454796,24.2188406186
90.0708966174,99.8015315452,84.6641328361
6.10167229979,0.270454991151,29.8535514006
88.9451850286,99.7295450088,79.0294220541
7.28692378147,0.360218890745,35.8602692017
87.759933547,99.6397811093,73.022704253
8.50256361237,0.470015156271,42.1172817681
86.5442937161,99.5299848437,66.7656916867
9.73153766335,0.603498202272,48.5655664737
85.3153196651,99.3965017977,60.3174069811
10.9359462544,0.761176491221,55.0314236157
84.110911074,99.2388235088,53.8515498391
12.0920919439,0.945113004083,61.4086130651
82.9547653846,99.0548869959,47.4743603896
13.1825003215,1.15881653724,67.6167019558
81.8643570069,98.8411834628,41.2662714989
14.1820974963,1.4032436595,73.5158782673
80.8647598322,98.5967563405,35.3670951874
15.0635176166,1.68105103446,78.9413638216
79.9833397118,98.3189489655,29.9416096331
15.8034587399,1.99714645947,83.7420900096
79.2433985885,98.0028535405,25.1408834452
16.4104317278,2.36060445082,87.9404820204
78.6364256006,97.6393955492,20.9424914343
16.8971987641,2.78079532069,91.5772782763
78.1496585644,97.2192046793,17.3056951784
17.2734562434,3.2657308627,94.6735632761
77.773401085,96.7342691373,14.2094101787
17.5472403598,3.81171988502,97.2317415533
77.4996169687,96.188280115,11.6512319015
17.735685248,4.4206036537,99.3088993722
77.3111720804,95.5793963463,9.57407408254
17.8608776494,5.10349234363,100.997908201
77.185979679,94.8965076564,7.88506525396
17.9396477212,5.88559361058,102.393298817
77.1072096073,94.1144063894,6.48967463811
17.9846312851,6.79170680203,103.562319136
77.0622260433,93.208293198,5.32065431915
18.0066938163,7.84258360139,104.546362263
77.0401635121,92.1574163986,4.33661119179
18.0163088765,9.06467085472,105.379252578
77.0305484519,90.9353291453,3.50372087628
18.0251800359,10.4790017892,106.080451942
77.0216772925,89.5209982108,2.80252151259
18.0475857129,12.099352064,106.656786366
76.9992716156,87.900647936,2.22618708899
18.1012270955,13.9347299,107.116861389
76.945630233,86.0652701,1.76611206617
18.2059619474,15.9861335199,107.476542119
76.840895381,84.0138664801,1.40643133546
18.3815828643,18.2419724932,107.757507012
76.6652744642,81.7580275068,1.12546644324
18.6483181166,20.7022313817,107.983221264
76.3985392118,79.2977686183,0.899752190827
19.0253653632,23.3597213806,108.169717784
76.0214919653,76.6402786194,0.713255670291
19.5290845597,26.1985574139,108.323729246
75.5177727688,73.8014425861,0.559244208383
20.1618652833,29.1643891843,108.447849024
74.8849920451,70.8356108157,0.435124430997
20.9218748427,32.2059671487,108.544785994
74.1249824857,67.7940328513,0.338187460721
21.8129419997,35.3040043493,108.619366151
73.2339153288,64.6959956507,0.263607304232
22.8448254386,38.4557874321,108.676159103
72.2020318899,61.5442125679,0.206814351861
24.0272154559,41.655772689,108.719145972
71.0196418725,58.344227311,0.163827482594
25.3661585438,44.8870123836,108.751533449
69.6806987846,55.1129876164,0.131440005619
26.8584954986,48.1148291763,108.775801976
68.1883618298,51.8851708237,0.107171478416
28.4988505931,51.3062915147,108.793974642
66.5480067353,48.6937084853,0.0889988130416
30.2884161521,54.4484661766,108.807797182
64.7584411763,45.5515338234,0.0751762725246
32.2270464115,57.5285197789,108.818481287
62.819810917,42.4714802211,0.0644921673901
34.313596822,60.5348507603,108.82690941
60.7332605064,39.4651492397,0.0560640445559
36.5413095844,63.4519054977,108.833789453
58.505547744,36.5480945023,0.049184001433
38.9176184043,66.2850411803,108.839723182
56.1292389242,33.7149588197,0.0432502726808
41.4487008273,69.0382772547,108.845140935
53.5981565011,30.9617227453,0.0378325198773
44.126799497,71.700827435,108.850256094
50.9200578314,28.299172565,0.0327173612069
46.9051634061,74.2321028052,108.854954394
48.1416939223,25.7678971948,0.0280190610921
49.7294517221,76.5948661252,108.859018469
45.3174056063,23.4051338748,0.0239549861261
52.5728456106,78.7861741604,108.862375841
42.4740117178,21.2138258396,0.0205976136821
55.4562971748,80.8386984275,108.865318462
39.5905601536,19.1613015725,0.0176549928931
58.408564609,82.7886752362,108.868122971
36.6382927194,17.2113247638,0.0148504834032
61.3950065529,84.629746337,108.870602427
33.6518507756,15.370253663,0.0123710277868
64.378893311,86.3549497019,108.872701369
30.6679640175,13.6450502981,0.0102720858159
67.3218790405,87.9578574681,108.874421575
27.724978288,12.0421425319,0.00855187993774
70.192358005,89.4401290678,108.875640154
24.8544993235,10.5598709322,0.00733330098593
72.9533470786,90.7998129838,108.876474432
22.0935102498,9.20018701618,0.00649902268869
75.572740833,92.0365478533,108.877150627
19.4741164954,7.96345214668,0.00582282771914
78.031114924,93.1552397701,108.877737122
17.0157424044,6.84476022994,0.00523633276404
80.2947398483,94.152907764,108.878198473
14.7521174801,5.84709223603,0.00477498147516
82.3347982129,95.0273614272,108.878486756
12.7120591155,4.97263857277,0.00448669893187
84.14843517,95.7861615415,108.878660398
10.8984221585,4.21383845848,0.00431305644493
85.7592532218,96.4456865445,108.878773482
9.28760410667,3.5543134555,0.00419997315731
87.2006678265,97.0245167779,108.878855067
7.84618950195,2.97548322207,0.00411838779405
88.4797583112,97.5294140479,108.878918025
6.56709901726,2.4705859521,0.00405542947229
89.5959103092,97.9634291204,108.878964763
5.45094701927,2.03657087958,0.00400869153149
90.5478747817,98.3288248251,108.878993744
4.49898254674,1.67117517486,0.00397971121934
91.3507055541,98.6337186215,108.879003193
3.69615177439,1.36628137854,0.00397026154755
92.0251199745,98.8876000582,108.879002881
3.02173735393,1.11239994182,0.00397057392942
92.5934702875,99.0999495465,108.879002981
2.45338704094,0.900050453523,0.00397047392604
93.0675847027,99.2759837149,108.879002954
1.97927262569,0.724016285125,0.00397050072187
93.4599094145,99.4209285675,108.879002961
1.58694791391,0.579071432452,0.00397049354195
93.7824422621,99.5396491203,108.879002959
1.26441506632,0.460350879701,0.0039704954658
94.0452178418,99.6360678629,108.87900296
1.00163948666,0.363932137058,0.00397049495031
94.2571146093,99.7135962217,108.87900296
0.789742719144,0.286403778271,0.00397049508843
94.4259834112,99.7752316673,108.87900296
0.620873917212,0.224768332687,0.00397049505142
94.5617136243,99.8246551518,108.87900296
0.485143704129,0.175344848223,0.00397049506134
94.6695496436,99.8638301951,108.87900296
0.377307684841,0.136169804916,0.00397049505868
94.7518867335,99.8936772545,108.87900296
0.294970594935,0.106322745497,0.0039704950594
94.8138194787,99.9160928815,108.87900296
0.233037849701,0.0839071184649,0.0039704950592
94.8609417198,99.9331327553,108.87900296
0.185915608602,0.0668672447345,0.00397049505926
94.8983731887,99.9466590004,108.87900296
0.14848413975,0.0533409995551,0.00397049505924
94.9284963307,99.9575388289,108.87900296
0.118360997761,0.0424611710637,0.00397049505925
94.9529690114,99.9663762253,108.87900296
0.093888317062,0.0336237746593,0.00397049505924
94.9727966036,99.9735363686,108.87900296
0.0740607248135,0.0264636313988,0.00397049505924
94.9888799347,99.9793443438,108.87900296
0.0579773937632,0.0206556562239,0.00397049505924
95.0017099357,99.9839774944,108.87900296
0.0451473927462,0.016022505582,0.00397049505924
95.0113801842,99.9874695973,108.87900296
0.0354771442738,0.0125304027146,0.00397049505924
95.0185781271,99.9900689064,108.87900296
0.0282792012998,0.00993109364061,0.00397049505924
95.0240420436,99.9920420266,108.87900296
0.0228152848754,0.00795797335469,0.00397049505924
95.0285582397,99.9936729079,108.87900296
0.0182990887774,0.00632709211205,0.00397049505924
95.03229935,99.9950238914,108.87900296
0.0145579784302,0.00497610862404,0.00397049505924
95.0353674887,99.9961318525,108.87900296
0.0114898396898,0.00386814749416,0.00397049505924
95.03784018,99.9970247866,108.87900296
0.00901714840487,0.00297521343583,0.00397049505924
95.0398265182,99.9977420896,108.87900296
0.00703081023559,0.00225791038994,0.00397049505924
95.041396498,99.998309038,108.87900296
0.00546083045201,0.00169096195861,0.00397049505924
95.0425668244,99.9987316643,108.87900296
0.00429050401125,0.00126833565736,0.00397049505924
95.043436059,99.9990455609,108.87900296
0.00342126939872,0.000954439130303,0.00397049505924
95.0440810109,99.9992784648,108.87900296
0.00277631756587,0.000721535238438,0.00397049505924
95.0445486878,99.9994473514,108.87900296
0.00230864067163,0.000552648568581,0.00397049505924
95.0448826637,99.9995679563,108.87900296
0.00197466472529,0.000432043740911,0.00397049505924
95.0451277935,99.9996564771,108.87900296
0.00172953495918,0.000343522892891,0.00397049505924
95.0453460449,99.9997352917,108.87900296
0.00151128353656,0.00026470830257,0.00397049505924
95.0455408155,99.9998056269,108.87900296
0.00131651295206,0.000194373090029,0.00397049505924
95.0457173447,99.9998693748,108.87900296
0.00113998374288,0.000130625164773,0.00397049505924
95.0458385339,99.9999131385,108.87900296
0.00101879458892,8.68615436753e-05,0.00397049505924
95.0459656045,99.999959026,108.87900296
0.000891723978663,4.09740206641e-05,0.00397049505924
95.0460085497,99.9999745343,108.87900296
0.000848778772782,2.5465720287e-05,0.00397049505924
0.0,0.0,0.0
95.0468573284,100.0,108.882973455
0.000957501496335,2.86963165226e-05,0.00449622405389
95.0458998269,99.9999713037,108.878477231
0.00240008390169,7.08332404859e-05,0.0112854841861
95.0444572445,99.9999291668,108.871687971
0.00450847191267,0.000130987111195,0.0212256881887
95.0423488565,99.9998690129,108.861747767
0.0074540468311,0.00021532648414,0.0351191540331
95.0394032816,99.9997846735,108.847854301
0.0119132062531,0.000342297620957,0.0561671343435
95.0349441222,99.9996577024,108.82680632
0.019011047222,0.000543063326346,0.0897050152488
95.0278462812,99.9994569367,108.793268439
0.030900508348,0.000881621519973,0.145943688409
95.0159568201,99.9991183785,108.737029766
0.0519169564176,0.00147305043563,0.245471212455
94.994940372,99.9985269496,108.637502242
0.087180579495,0.00245002382261,0.412653661898
94.9596767489,99.9975499762,108.470319793
0.137405548283,0.00383433198265,0.651065774424
94.9094517802,99.996165668,108.23190768
0.212623738664,0.00591677985412,1.00879369402
94.8342335898,99.9940832201,107.874179761
0.330684852048,0.00919848705465,1.57141438331
94.7161724764,99.9908015129,107.311559071
0.506924333573,0.0141118049291,2.41311428694
94.5399329949,99.9858881951,106.469859168
0.765331778969,0.021413693051,3.65009751951
94.2815255495,99.9785863069,105.232875935
1.13848669453,0.0324191464042,5.44186875297
93.9083706339,99.9675808536,103.441104702
1.65201694211,0.0487928937926,7.91842900742
93.3948403863,99.9512071062,100.964544447
2.30103754389,0.0717056703562,11.0639662415
92.7458197846,99.9282943296,97.8190072132
3.05866159488,0.101963167597,14.7574332403
91.9881957336,99.8980368324,94.1255402144
3.95115710007,0.143115452848,19.1412143815
91.0957002284,99.8568845472,89.7417590733
4.97528055518,0.198448131286,24.2156509532
90.0715767733,99.8015518687,84.6673225016
6.10099214394,0.270434667641,29.8503617352
88.9458651845,99.7295653324,79.0326117196
7.28624362561,0.360198567236,35.8570795363
87.7606137028,99.6398014328,73.0258939185
8.50188345652,0.469994832761,42.1140921026
86.5449738719,99.5300051672,66.7688813521
9.7308575075,0.603477878762,48.5623768082
85.3159998209,99.3965221212,60.3205966465
10.9352660985,0.761156167712,55.0282339502
84.1115912299,99.2388438323,53.8547395045
12.091411788,0.945092680574,61.4054233997
82.9554455404,99.0549073194,47.4775500551
13.1818201657,1.15879621373,67.6135122904
81.8650371628,98.8412037863,41.2694611644
14.1814173404,1.40322333599,73.5126886019
80.865439988,98.596776664,35.3702848528
15.0628374608,1.68103071095,78.9381741562
79.9840198677,98.3189692891,29.9447992986
15.8027785841,1.99712613596,83.7389003441
79.2440787444,98.002873864,25.1440731106
16.4097515719,2.36058412731,87.937292355
78.6371057565,97.6394158727,20.9456810998
16.8965186082,2.78077499718,91.5740886109
78.1503387202,97.2192250028,17.3088848439
17.2727760876,3.26571053919,94.6703736106
77.7740812409,96.7342894608,14.2125998441
17.5465602039,3.81169956151,97.2285518878
77.5002971245,96.1883004385,11.6544215669
17.7350050921,4.42058333019,99.3057097068
77.3118522363,95.5794166698,9.57726374799
17.8601974936,5.10347202012,100.994718535
77.1866598349,94.8965279799,7.8882549194
17.9389675653,5.88557328707,102.390109151
77.1078897631,94.1144267129,6.49286430355
17.9839511293,6.79168647852,103.55912947
77.0629061991,93.2083135215,5.32384398459
18.0060136605,7.84256327788,104.543172598
77.040843668,92.1574367221,4.33980085724
18.0156287207,9.06465053121,105.376062913
77.0312286077,90.9353494688,3.50691054173
18.02449988,10.4789814657,106.077262277
77.0223574484,89.5210185343,2.80571117804
18.046905557,12.0993317405,106.6535967
76.9999517714,87.9006682595,2.22937675443
18.1005469396,13.9347095765,107.113671723
76.9463103888,86.0652904235,1.76930173161
18.2052817916,15.9861131964,107.473352454
76.8415755369,84.0138868036,1.40962100091
18.3809027084,18.2419521697,107.754317346
76.66595462,81.7580478303,1.12865610869
18.6476379608,20.7022110582,107.980031598
76.3992193677,79.2977889418,0.902941856273
19.0246852073,23.3597010571,108.166528119
76.0221721211,76.6402989429,0.716445335737
19.5284044038,26.1985370904,108.320539581
75.5184529246,73.8014629096,0.562433873828
20.1611851275,29.1643688608,108.444659358
74.8856722009,70.8356311392,0.438314096443
20.9211946869,32.2059468252,108.541596329
74.1256626416,67.7940531748,0.341377126166
21.8122618438,35.3039840258,108.616176485
73.2345954846,64.6960159742,0.266796969677
22.8441452827,38.4557671086,108.672969437
72.2027120457,61.5442328914,0.210004017306
24.0265353001,41.6557523655,108.715956307
71.0203220284,58.3442476345,0.167017148039
25.365478388,44.88699206,108.748343784
69.6813789405,55.11300794,0.134629671064
26.8578153428,48.1148088528,108.772612311
68.1890419857,51.8851911472,0.110361143861
28.4981704373,51.3062711912,108.790784976
66.5486868912,48.6937288088,0.0921884784868
30.2877359963,54.4484458531,108.804607517
64.7591213322,45.5515541469,0.0783659379698
32.2263662556,57.5284994554,108.815291622
62.8204910728,42.4715005446,0.0676818328354
34.3129166662,60.5348304368,108.823719745
60.7339406622,39.4651695632,0.0592537100011
36.5406294286,63.4518851742,108.830599788
58.5062278999,36.5481148258,0.0523736668782
38.9169382484,66.2850208568,108.836533517
56.12991908,33.7149791432,0.046439938126
41.4480206714,69.0382569312,108.841951269
53.598836657,30.9617430688,0.0410221853225
44.1261193411,71.7008071115,108.847066428
50.9207379873,28.2991928885,0.0359070266521
46.9044832502,74.2320824817,108.851764728
48.1423740782,25.7679175183,0.0312087265373
49.7287715663,76.5948458017,108.855828803
45.3180857622,23.4051541983,0.0271446515713
52.5721654547,78.7861538368,108.859186176
42.4746918737,21.2138461632,0.0237872791273
55.4556170189,80.8386781039,108.862128796
39.5912403095,19.1613218961,0.0208446583383
58.4078844531,82.7886549127,108.864933306
36.6389728753,17.2113450873,0.0180401488484
61.394326397,84.6297260135,108.867412762
33.6525309314,15.3702739865,0.015560693232
64.3782131551,86.3549293784,108.869511703
30.6686441733,13.6450706216,0.0134617512611
67.3211988846,87.9578371446,108.871231909
27.7256584438,12.0421628554,0.011741545383
70.1916778491,89.4401087443,108.872450488
24.8551794793,10.5598912557,0.0105229664311
72.9526669228,90.7997926603,108.873284767
22.0941904057,9.20020733969,0.0096886881339
75.5720606772,92.0365275298,108.873960962
19.4747966513,7.96347247019,0.00901249316435
78.0304347682,93.1552194465,108.874547457
17.0164225602,6.84478055345,0.00842599820925
80.2940596925,94.1528874405,108.875008808
14.7527976359,5.84711255954,0.00796464692037
82.334118057,95.0273411037,108.87529709
12.7127392714,4.97265889628,0.00767636437708
84.1477550141,95.786141218,108.875470733
10.8991023143,4.21385878199,0.00750272189014
85.7585730659,96.445666221,108.875583816
9.28828426253,3.554333779,0.00738963860252
87.1999876706,97.0244964544,108.875665402
7.84686965781,2.97550354558,0.00730805323926
88.4790781553,97.5293937244,108.87572836
6.56777917312,2.47060627561,0.0072450949175
89.5952301533,97.9634087969,108.875775098
5.45162717512,2.03659120309,0.00719835697669
90.5471946258,98.3288045016,108.875804078
4.4996627026,1.67119549837,0.00716937666455
91.3500253982,98.6336982979,108.875813528
3.69683193024,1.36630170205,0.00715992699276
92.0244398187,98.8875797347,108.875813215
3.02241750978,1.11242026533,0.00716023937463
92.5927901316,99.099929223,108.875813315
2.45406719679,0.900070777032,0.00716013937125
93.0669045469,99.2759633914,108.875813289
1.97995278155,0.724036608635,0.00716016616708
93.4592292587,99.420908244,108.875813296
1.58762806976,0.579091755961,0.00716015898716
93.7817621063,99.5396287968,108.875813294
1.26509522217,0.46037120321,0.00716016091101
94.0445376859,99.6360475394,108.875813294
1.00231964251,0.363952460567,0.00716016039552
94.2564344534,99.7135758982,108.875813294
0.790422874999,0.28642410178,0.00716016053364
94.4253032554,99.7752113438,108.875813294
0.621554073067,0.224788656196,0.00716016049663
94.5610334685,99.8246348283,108.875813294
0.485823859984,0.175365171733,0.00716016050655
94.6688694877,99.8638098716,108.875813294
0.377987840696,0.136190128425,0.00716016050389
94.7512065776,99.893656931,108.875813294
0.29565075079,0.106343069006,0.0071601605046
94.8131393229,99.916072558,108.875813294
0.233718005556,0.0839274419744,0.00716016050441
94.860261564,99.9331124318,108.875813294
0.186595764457,0.066887568244,0.00716016050446
94.8976930328,99.9466386769,108.875813294
0.149164295605,0.0533613230646,0.00716016050445
94.9278161748,99.9575185054,108.875813294
0.119041153616,0.0424814945731,0.00716016050445
94.9522888555,99.9663559018,108.875813294
0.0945684729169,0.0336440981688,0.00716016050445
94.9721164478,99.9735160451,108.875813294
0.0747408806685,0.0264839549083,0.00716016050445
94.9881997788,99.9793240203,108.875813294
0.0586575496181,0.0206759797333,0.00716016050445
95.0010297798,99.9839571709,108.875813294
0.0458275486012,0.0160428290915,0.00716016050445
95.0107000283,99.9874492738,108.875813294
0.0361573001287,0.0125507262241,0.00716016050445
95.0178979713,99.9900485828,108.875813294
0.0289593571547,0.00995141715008,0.00716016050445
95.0233618877,99.9920217031,108.875813294
0.0234954407304,0.00797829686416,0.00716016050445
95.0278780838,99.9936525844,108.875813294
0.0189792446323,0.00634741562152,0.00716016050445
95.0316191942,99.9950035679,108.875813294
0.0152381342852,0.00499643213352,0.00716016050445
95.0346873329,99.996111529,108.875813294
0.0121699955447,0.00388847100364,0.00716016050445
95.0371600242,99.9970044631,108.875813294
0.00969730425981,0.0029955369453,0.00716016050445
95.0391463623,99.9977217661,108.875813294
0.00771096609053,0.00227823389941,0.00716016050445
95.0407163421,99.9982887145,108.875813294
0.00614098630695,0.00171128546808,0.00716016050445
95.0418866686,99.9987113408,108.875813294
0.00497065986619,0.00128865916683,0.00716016050445
95.0427559032,99.9990252374,108.875813294
0.00410142525366,0.000974762639776,0.00716016050445
95.043400855,99.9992581413,108.875813294
0.00345647342081,0.000741858747911,0.00716016050445
95.0438685319,99.9994270279,108.875813294
0.00298879652657,0.000572972078054,0.00716016050445
95.0442025079,99.9995476327,108.875813294
0.00265482058023,0.000452367250384,0.00716016050445
95.0444476376,99.9996361536,108.875813294
0.00240969081411,0.000363846402365,0.00716016050445
95.044665889,99.9997149682,108.875813294
0.0021914393915,0.000285031812043,0.00716016050445
95.0448606596,99.9997853034,108.875813294
0.001996668807,0.000214696599502,0.00716016050445
95.0450371888,99.9998490513,108.875813294
0.00182013959782,0.000150948674246,0.00716016050445
95.045158378,99.9998928149,108.875813294
0.00169895044385,0.000107185053148,0.00716016050445
95.0452854486,99.9999387025,108.875813294
0.0015718798336,6.12975301372e-05,0.00716016050445
95.0453283938,99.9999542108,108.875813294
0.00152893462772,4.57892297601e-05,0.00716016050445
0.0,0.0,0.0
95.0468573284,100.0,108.882973455
0.00144258240535,4.21369239632e-05,0.00678926013216
95.045414746,99.9999578631,108.876184195
0.00355097041634,0.000102290794672,0.0167294641348
95.043306358,99.9998977092,108.866243991
0.00649654533476,0.000186630167617,0.0306229299792
95.0403607831,99.9998133698,108.852350525
0.0109557047568,0.000313601304434,0.0516709102896
95.0359016237,99.9996863987,108.831302544
0.0180535457257,0.000514367009823,0.0852087911949
95.0288037827,99.999485633,108.797764664
0.0299430068517,0.00085292520345,0.141447464355
95.0169143216,99.9991470748,108.74152599
0.0509594549213,0.00144435411911,0.240974988401
94.9958978735,99.9985556459,108.641998466
0.0862230779986,0.00242132750609,0.408157437844
94.9606342504,99.9975786725,108.474816017
0.136448046787,0.00380563566612,0.64656955037
94.9104092817,99.9961943643,108.236403904
0.211666237168,0.00588808353759,1.00429746997
94.8351910913,99.9941119165,107.878675985
0.329727350552,0.00916979073813,1.56691815925
94.7171299779,99.9908302093,107.316055295
0.505966832077,0.0140831086126,2.40861806288
94.5408904964,99.9859168914,106.474355392
0.764374277473,0.0213849967345,3.64560129545
94.282483051,99.9786150033,105.237372159
1.13752919304,0.0323904500877,5.43737252892
93.9093281354,99.9676095499,103.445600926
1.65105944061,0.0487641974761,7.91393278337
93.3957978878,99.9512358025,100.969040671
2.30008004239,0.0716769740396,11.0594700175
92.746777286,99.928323026,97.8235034373
3.05770409338,0.10193447128,14.7529370163
91.9891532351,99.8980655287,94.1300364385
3.95019959857,0.143086756531,19.1367181574
91.0966577299,99.8569132435,89.7462552973
4.97432305368,0.19841943497,24.2111547291
90.0725342748,99.801580565,84.6718187256
6.10003464244,0.270405971325,29.8458655111
88.946822686,99.7295940287,79.0371079436
7.28528612412,0.360169870919,35.8525833122
87.7615712043,99.6398301291,73.0303901425
8.50092595502,0.469966136445,42.1095958786
86.5459313734,99.5300338636,66.7733775762
9.729900006,0.603449182446,48.5578805842
85.3169573224,99.3965508176,60.3250928706
10.9343085971,0.761127471395,55.0237377262
84.1125487314,99.2388725286,53.8592357286
12.0904542865,0.945063984257,61.4009271756
82.9564030419,99.0549360157,47.4820462791
13.1808626642,1.15876751741,67.6090160663
81.8659946642,98.8412324826,41.2739573884
14.1804598389,1.40319463967,73.5081923779
80.8663974895,98.5968053603,35.3747810769
15.0618799593,1.68100201463,78.9336779321
79.9849773691,98.3189979854,29.9492955226
15.8018210826,1.99709743964,83.7344041201
79.2450362459,98.0029025604,25.1485693347
16.4087940705,2.360555431,87.9327961309
78.638063258,97.639444569,20.9501773238
16.8955611067,2.78074630087,91.5695923868
78.1512962217,97.2192536991,17.3133810679
17.2718185861,3.26568184287,94.6658773866
77.7750387424,96.7343181571,14.2170960682
17.5456027024,3.8116708652,97.2240556638
77.501254626,96.1883291348,11.658917791
17.7340475907,4.42055463387,99.3012134827
77.3128097378,95.5794453661,9.58175997204
17.8592399921,5.1034433238,100.990222311
77.1876173364,94.8965566762,7.89275114346
17.9380100638,5.88554459075,102.385612927
77.1088472646,94.1144554093,6.49736052761
17.9829936278,6.7916577822,103.554633246
77.0638637006,93.2083422178,5.32834020864
18.005056159,7.84253458156,104.538676373
77.0418011695,92.1574654184,4.34429708129
18.0146712192,9.0646218349,105.371566689
77.0321861092,90.9353781651,3.51140676578
18.0235423785,10.4789527694,106.072766053
77.0233149499,89.5210472306,2.81020740209
18.0459480555,12.0993030442,106.649100476
77.0009092729,87.9006969558,2.23387297848
18.0995894381,13.9346808802,107.109175499
76.9472678903,86.0653191198,1.77379795567
18.2043242901,15.9860845,107.46885623
76.8425330384,84.0139155,1.41411722496
18.3799452069,18.2419234733,107.749821122
76.6669121215,81.7580765267,1.13315233274
18.6466804593,20.7021823618,107.975535374
76.4001768692,79.2978176382,0.907438080326
19.0237277058,23.3596723607,108.162031895
76.0231296226,76.6403276393,0.72094155979
19.5274469023,26.1985083941,108.316043357
75.5194104261,73.8014916059,0.566930097882
20.160227626,29.1643401644,108.440163134
74.8866297024,70.8356598356,0.442810320497
20.9202371854,32.2059181289,108.537100105
74.1266201431,67.7940818711,0.34587335022
21.8113043423,35.3039553295,108.611680261
73.2355529861,64.6960446705,0.271293193731
22.8431877812,38.4557384123,108.668473213
72.2036695472,61.5442615877,0.21450024136
24.0255777986,41.6557236692,108.711460083
71.0212795299,58.3442763308,0.171513372093
25.3645208865,44.8869633637,108.74384756
69.6823364419,55.1130366363,0.139125895118
26.8568578413,48.1147801564,108.768116087
68.1899994872,51.8852198436,0.114857367915
28.4972129358,51.3062424949,108.786288752
66.5496443927,48.6937575051,0.0966847025407
30.2867784948,54.4484171568,108.800111293
64.7600788337,45.5515828432,0.0828621620237
32.2254087541,57.5284707591,108.810795398
62.8214485743,42.4715292409,0.0721780568892
34.3119591647,60.5348017405,108.819223521
60.7348981637,39.4651982595,0.063749934055
36.5396719271,63.4518564778,108.826103564
58.5071854013,36.5481435222,0.0568698909321
38.9159807469,66.2849921605,108.832037293
56.1308765815,33.7150078395,0.0509361621799
41.4470631699,69.0382282349,108.837455045
53.5997941585,30.9617717651,0.0455184093764
44.1251618397,71.7007784152,108.842570204
50.9216954888,28.2992215848,0.040403250706
46.9035257487,74.2320537854,108.847268504
48.1433315797,25.7679462146,0.0357049505912
49.7278140648,76.5948171054,108.851332579
45.3190432636,23.4051828946,0.0316408756252
52.5712079533,78.7861251405,108.854689952
42.4756493752,21.2138748595,0.0282835031812
55.4546595174,80.8386494076,108.857632572
39.592197811,19.1613505924,0.0253408823922
58.4069269516,82.7886262163,108.860437082
36.6399303768,17.2113737837,0.0225363729023
61.3933688955,84.6296973171,108.862916537
33.6534884329,15.3703026829,0.0200569172859
64.3772556536,86.3549006821,108.865015479
30.6696016748,13.6450993179,0.017957975315
67.3202413831,87.9578084483,108.866735685
27.7266159453,12.0421915517,0.0162377694368
70.1907203476,89.440080048,108.867954264
24.8561369808,10.559919952,0.015019190485
72.9517094213,90.799763964,108.868788543
22.0951479072,9.20023603601,0.0141849121878
75.5711031757,92.0364988335,108.869464738
19.4757541528,7.96350116651,0.0135087172182
78.0294772667,93.1551907502,108.870051232
17.0173800617,6.84480924977,0.0129222222631
80.293102191,94.1528587441,108.870512584
14.7537551374,5.84714125585,0.0124608709743
82.3331605555,95.0273124074,108.870800866
12.7136967729,4.97268759259,0.012172588431
84.1467975126,95.7861125217,108.870974509
10.9000598158,4.21388747831,0.011998945944
85.7576155644,96.4456375247,108.871087592
9.28924176403,3.55436247532,0.0118858626564
87.1990301691,97.0244677581,108.871169177
7.8478271593,2.97553224189,0.0118042772932
88.4781206538,97.5293650281,108.871232136
6.56873667461,2.47063497193,0.0117413189714
89.5942726518,97.9633801006,108.871278874
5.45258467662,2.03661989941,0.0116945810306
90.5462371243,98.3287758053,108.871307854
4.5006202041,1.67122419469,0.0116656007184
91.3490678967,98.6336696016,108.871317304
3.69778943174,1.36633039837,0.0116561510467
92.0234823172,98.8875510384,108.871316991
3.02337501128,1.11244896165,0.0116564634285
92.5918326302,99.0999005267,108.871317091
2.45502469829,0.900099473349,0.0116563634251
93.0659470454,99.275934695,108.871317065
1.98091028304,0.724065304951,0.011656390221
93.4582717572,99.4208795477,108.871317072
1.58858557126,0.579120452278,0.0116563830411
93.7808046048,99.5396001005,108.87131707
1.26605272367,0.460399899527,0.0116563849649
94.0435801844,99.6360188431,108.87131707
1.00327714401,0.363981156884,0.0116563844494
94.2554769519,99.7135472019,108.87131707
0.791380376495,0.286452798097,0.0116563845875
94.4243457539,99.7751826475,108.87131707
0.622511574563,0.224817352513,0.0116563845505
94.560075967,99.824606132,108.87131707
0.486781361481,0.175393868049,0.0116563845604
94.6679119862,99.8637811753,108.87131707
0.378945342192,0.136218824742,0.0116563845578
94.7502490762,99.8936282347,108.87131707
0.296608252286,0.106371765323,0.0116563845585
94.8121818214,99.9160438617,108.87131707
0.234675507052,0.0839561382909,0.0116563845583
94.8593040625,99.9330837354,108.87131707
0.187553265954,0.0669162645605,0.0116563845584
94.8967355313,99.9466099806,108.87131707
0.150121797101,0.0533900193811,0.0116563845583
94.9268586733,99.9574898091,108.87131707
0.119998655113,0.0425101908897,0.0116563845583
94.951331354,99.9663272055,108.87131707
0.0955259744133,0.0336727944853,0.0116563845583
94.9711589463,99.9734873488,108.87131707
0.0756983821648,0.0265126512248,0.0116563845583
94.9872422773,99.979295324,108.87131707
0.0596150511145,0.0207046760499,0.0116563845583
95.0000722783,99.9839284746,108.87131707
0.0467850500975,0.016071525408,0.0116563845583
95.0097425268,99.9874205775,108.87131707
0.0371148016251,0.0125794225406,0.0116563845583
95.0169404698,99.9900198865,108.87131707
0.029916858651,0.0099801134666,0.0116563845583
95.0224043862,99.9919930068,108.87131707
0.0244529422267,0.00800699318069,0.0116563845583
95.0269205823,99.9936238881,108.87131707
0.0199367461287,0.00637611193805,0.0116563845583
95.0306616927,99.9949748715,108.87131707
0.0161956357815,0.00502512845004,0.0116563845583
95.0337298314,99.9960828327,108.87131707
0.013127497041,0.00391716732016,0.0116563845583
95.0362025227,99.9969757667,108.87131707
0.0106548057561,0.00302423326182,0.0116563845583
95.0381888609,99.9976930698,108.87131707
0.00866846758686,0.00230693021593,0.0116563845583
95.0397588406,99.9982600182,108.87131707
0.00709848780328,0.00173998178461,0.0116563845583
95.0409291671,99.9986826445,108.87131707
0.00592816136253,0.00131735548335,0.0116563845583
95.0417984017,99.998996541,108.87131707
0.00505892675,0.0010034589563,0.0116563845583
95.0424433535,99.9992294449,108.87131707
0.00441397491714,0.000770555064434,0.0116563845583
95.0429110304,99.9993983316,108.87131707
0.0039462980229,0.000601668394577,0.0116563845583
95.0432450064,99.9995189364,108.87131707
0.00361232207656,0.000481063566907,0.0116563845583
95.0434901361,99.9996074573,108.87131707
0.00336719231045,0.000392542718887,0.0116563845583
95.0437083876,99.9996862719,108.87131707
0.00314894088784,0.000313728128566,0.0116563845583
95.0439031581,99.9997566071,108.87131707
0.00295417030334,0.000243392916024,0.0116563845583
95.0440796873,99.999820355,108.87131707
0.00277764109416,0.000179644990769,0.0116563845583
95.0442008765,99.9998641186,108.87131707
0.00265645194019,0.000135881369671,0.0116563845583
95.0443279471,99.9999100062,108.87131707
0.00252938132994,8.99938466598e-05,0.0116563845583
95.0443708923,99.9999255145,108.87131707
0.00248643612406,7.44855462827e-05,0.0116563845583
0.0,0.0,0.0
95.0468573284,100.0,108.882973455
0.00210838801098,6.01538707092e-05,0.00994020400261
95.0447489404,99.9999398461,108.873033251
0.00505396292941,0.000144493243654,0.023833669847
95.0418033655,99.9998555068,108.859139785
0.0095131223514,0.000271464380471,0.0448816501574
95.0373442061,99.9997285356,108.838091805
0.0166109633203,0.00047223008586,0.0784195310627
95.0302463651,99.9995277699,108.804553924
0.0285004244463,0.000810788279487,0.134658204223
95.018356904,99.9991892117,108.748315251
0.0495168725159,0.00140221719515,0.234185728269
94.9973404559,99.9985977828,108.648787726
0.0847804955933,0.00237919058213,0.401368177712
94.9620768328,99.9976208094,108.481605277
0.135005464381,0.00376349874216,0.639780290238
94.9118518641,99.9962365013,108.243193165
0.210223654762,0.00584594661363,0.997508209833
94.8366336737,99.9941540534,107.885465245
0.328284768146,0.00912765381417,1.56012889912
94.7185725603,99.9908723462,107.322844556
0.504524249671,0.0140409716886,2.40182880275
94.5423330788,99.9859590283,106.481144652
0.762931695067,0.0213428598105,3.63881203532
94.2839256334,99.9786571402,105.244161419
1.13608661063,0.0323483131637,5.43058326879
93.9107707178,99.9676516868,103.452390186
1.64961685821,0.0487220605521,7.90714352324
93.3972404702,99.9512779394,100.975829932
2.29863745999,0.0716348371157,11.0526807574
92.7482198685,99.9283651629,97.8302926974
3.05626151098,0.101892334356,14.7461477561
91.9905958175,99.8981076656,94.1368256986
3.94875701617,0.143044619607,19.1299288973
91.0981003123,99.8569553804,89.7530445575
4.97288047127,0.198377298046,24.204365469
90.0739768572,99.801622702,84.6786079858
6.09859206004,0.270363834401,29.839076251
88.9482652684,99.7296361656,79.0438972037
7.28384354171,0.360127733995,35.8457940521
87.7630137867,99.639872266,73.0371794026
8.49948337262,0.469923999521,42.1028066184
86.5473739558,99.5300760005,66.7801668363
9.7284574236,0.603407045522,48.551091324
85.3183999048,99.3965929545,60.3318821307
10.9328660146,0.761085334471,55.0169484661
84.1139913138,99.2389146655,53.8660249887
12.0890117041,0.945021847333,61.3941379155
82.9578456243,99.0549781527,47.4888355392
13.1794200818,1.15872538049,67.6022268062
81.8674372467,98.8412746195,41.2807466485
14.1790172565,1.40315250275,73.5014031177
80.8678400719,98.5968474973,35.381570337
15.0604373769,1.68095987771,78.926888672
79.9864199516,98.3190401223,29.9560847828
15.8003785002,1.99705530272,83.7276148599
79.2464788283,98.0029446973,25.1553585948
16.407351488,2.36051329407,87.9260068708
78.6395058404,97.6394867059,20.956966584
16.8941185243,2.78070416394,91.5628031267
78.1527388041,97.2192958361,17.3201703281
17.2703760037,3.26563970595,94.6590881264
77.7764813248,96.7343602941,14.2238853283
17.54416012,3.81162872827,97.2172664036
77.5026972084,96.1883712717,11.6657070511
17.7326050082,4.42051249695,99.2944242226
77.3142523202,95.5794875031,9.58854923217
17.8577974097,5.10340118688,100.983433051
77.1890599188,94.8965988131,7.89954040359
17.9365674814,5.88550245383,102.378823667
77.110289847,94.1144975462,6.50414978774
17.9815510454,6.79161564528,103.547843986
77.065306283,93.2083843547,5.33512946878
18.0036135766,7.84249244464,104.531887113
77.0432437519,92.1575075554,4.35108634143
18.0132286368,9.06457969797,105.364777429
77.0336286916,90.935420302,3.51819602591
18.0220997961,10.4789106324,106.065976793
77.0247575323,89.5210893676,2.81699666222
18.0445054731,12.0992609073,106.642311216
77.0023518553,87.9007390927,2.24066223862
18.0981468557,13.9346387432,107.102386239
76.9487104727,86.0653612568,1.7805872158
18.2028817077,15.9860423631,107.46206697
76.8439756208,84.0139576369,1.4209064851
18.3785026245,18.2418813364,107.743031862
76.6683547039,81.7581186636,1.13994159287
18.6452378769,20.7021402249,107.968746114
76.4016194516,79.2978597751,0.914227340459
19.0222851234,23.3596302238,108.155242635
76.024572205,76.6403697762,0.727730819923
19.5260043199,26.1984662572,108.309254097
75.5208530085,73.8015337428,0.573719358014
20.1587850436,29.1642980275,108.433373874
74.8880722848,70.8357019725,0.449599580629
20.918794603,32.2058759919,108.530310844
74.1280627255,67.7941240081,0.352662610352
21.8098617599,35.3039131925,108.604891001
73.2369955685,64.6960868075,0.278082453863
22.8417451988,38.4556962754,108.661683953
72.2051121296,61.5443037246,0.221289501492
24.0241352162,41.6556815323,108.704670823
71.0227221123,58.3443184677,0.178302632225
25.3630783041,44.8869212268,108.737058299
69.6837790244,55.1130787732,0.14591515525
26.8554152589,48.1147380195,108.761326827
68.1914420696,51.8852619805,0.121646628047
28.4957703534,51.306200358,108.779499492
66.5510869751,48.693799642,0.103473962673
30.2853359124,54.4483750199,108.793322033
64.7615214161,45.5516249801,0.0896514221558
32.2239661717,57.5284286221,108.804006138
62.8228911567,42.4715713779,0.0789673170214
34.3105165823,60.5347596035,108.812434261
60.7363407461,39.4652403965,0.0705391941871
36.5382293447,63.4518143409,108.819314304
58.5086279838,36.5481856591,0.0636591510643
38.9145381645,66.2849500236,108.825248032
56.1323191639,33.7150499764,0.0577254223121
41.4456205875,69.0381860979,108.830665785
53.6012367409,30.9618139021,0.0523076695085
44.1237192572,71.7007362783,108.835780944
50.9231380712,28.2992637217,0.0471925108382
46.9020831663,74.2320116485,108.840479244
48.1447741621,25.7679883515,0.0424942107234
49.7263714824,76.5947749685,108.844543319
45.3204858461,23.4052250315,0.0384301357573
52.5697653708,78.7860830036,108.847900691
42.4770919576,21.2139169964,0.0350727633134
55.453216935,80.8386072707,108.850843312
39.5936403934,19.1613927293,0.0321301425243
58.4054843692,82.7885840794,108.853647822
36.6413729592,17.2114159206,0.0293256330345
61.3919263131,84.6296551802,108.856127277
33.6549310153,15.3703448198,0.026846177418
64.3758130712,86.3548585452,108.858226219
30.6710442572,13.6451414548,0.0247472354472
67.3187988007,87.9577663113,108.859946425
27.7280585277,12.0422336887,0.023027029569
70.1892777652,89.4400379111,108.861165004
24.8575795632,10.5599620889,0.0218084506172
72.9502668389,90.7997218271,108.861999282
22.0965904896,9.20027817293,0.02097417232
75.5696605933,92.0364566966,108.862675477
19.4771967352,7.96354330343,0.0202979773504
78.0280346843,93.1551486133,108.863261972
17.0188226441,6.84485138669,0.0197114823953
80.2916596086,94.1528166072,108.863723324
14.7551977199,5.84718339278,0.0192501311064
82.3317179731,95.0272702705,108.864011606
12.7151393553,4.97272972952,0.0189618485631
84.1453549302,95.7860703848,108.864185249
10.9015023982,4.21392961523,0.0187882060762
85.756172982,96.4455953878,108.864298332
9.29068434643,3.55440461225,0.0186751227886
87.1975875867,97.0244256212,108.864379917
7.84926974171,2.97557437882,0.0185935374253
88.4766780714,97.5293228911,108.864442876
6.57017925702,2.47067710885,0.0185305791036
89.5928300694,97.9633379637,108.864489614
5.45402725902,2.03666203633,0.0184838411628
90.5447945419,98.3287336684,108.864518594
4.5020627865,1.67126633161,0.0184548608506
91.3476253143,98.6336274647,108.864528044
3.69923201415,1.36637253529,0.0184454111788
92.0220397348,98.8875089014,108.864527731
3.02481759368,1.11249109857,0.0184457235607
92.5903900477,99.0998583897,108.864527831
2.45646728069,0.900141610273,0.0184456235573
93.064504463,99.2758925581,108.864527804
1.98235286545,0.724107441875,0.0184456503531
93.4568291748,99.4208374108,108.864527812
1.59002815366,0.579162589201,0.0184456431732
93.7793620224,99.5395579635,108.86452781
1.26749530607,0.460442036451,0.0184456450971
94.042137602,99.6359767062,108.86452781
1.00471972641,0.364023293808,0.0184456445816
94.2540343695,99.713505065,108.86452781
0.7928229589,0.286494935021,0.0184456447197
94.4229031715,99.7751405106,108.86452781
0.623954156968,0.224859489437,0.0184456446827
94.5586333846,99.824563995,108.86452781
0.488223943886,0.175436004973,0.0184456446926
94.6664694038,99.8637390383,108.86452781
0.380387924597,0.136260961666,0.01844564469
94.7488064937,99.8935860978,108.86452781
0.298050834692,0.106413902247,0.0184456446907
94.810739239,99.9160017248,108.86452781
0.236118089458,0.0839982752149,0.0184456446905
94.8578614801,99.9330415985,108.86452781
0.188995848359,0.0669584014845,0.0184456446905
94.8952929489,99.9465678437,108.86452781
0.151564379507,0.0534321563051,0.0184456446905
94.9254160909,99.9574476722,108.86452781
0.121441237518,0.0425523278136,0.0184456446905
94.9498887716,99.9662850686,108.86452781
0.0969685568186,0.0337149314093,0.0184456446905
94.9697163639,99.9734452119,108.86452781
0.0771409645702,0.0265547881488,0.0184456446905
94.9857996949,99.979253187,108.86452781
0.0610576335198,0.0207468129738,0.0184456446905
94.9986296959,99.9838863377,108.86452781
0.0482276325029,0.0161136623319,0.0184456446905
95.0082999444,99.9873784405,108.86452781
0.0385573840304,0.0126215594646,0.0184456446905
95.0154978874,99.9899777496,108.86452781
0.0313594410564,0.0100222503906,0.0184456446905
95.0209618038,99.9919508699,108.86452781
0.0258955246321,0.00804913010465,0.0184456446905
95.0254779999,99.9935817511,108.86452781
0.021379328534,0.00641824886201,0.0184456446905
95.0292191103,99.9949327346,108.86452781
0.0176382181869,0.005067265374,0.0184456446905
95.032287249,99.9960406958,108.86452781
0.0145700794464,0.00395930424412,0.0184456446905
95.0347599403,99.9969336298,108.86452781
0.0120973881615,0.00306637018578,0.0184456446905
95.0367462784,99.9976509329,108.86452781
0.0101110499922,0.0023490671399,0.0184456446905
95.0383162582,99.9982178813,108.86452781
0.00854107020864,0.00178211870857,0.0184456446905
95.0394865847,99.9986405076,108.86452781
0.00737074376788,0.00135949240732,0.0184456446905
95.0403558193,99.9989544041,108.86452781
0.00650150915535,0.00104559588026,0.0184456446905
95.0410007711,99.999187308,108.86452781
0.0058565573225,0.000812691988397,0.0184456446905
95.041468448,99.9993561947,108.86452781
0.00538888042826,0.00064380531854,0.0184456446905
95.041802424,99.9994767995,108.86452781
0.00505490448191,0.00052320049087,0.0184456446905
95.0420475537,99.9995653204,108.86452781
0.0048097747158,0.00043467964285,0.0184456446905
95.0422658051,99.9996441349,108.86452781
0.00459152329319,0.000355865052529,0.0184456446905
95.0424605757,99.9997144702,108.86452781
0.00439675270869,0.000285529839988,0.0184456446905
95.0426371049,99.9997782181,108.86452781
0.00422022349951,0.000221781914732,0.0184456446905
95.0427582941,99.9998219817,108.86452781
0.00409903434554,0.000178018293634,0.0184456446905
95.0428853647,99.9998678692,108.86452781
0.00397196373529,0.000132130770623,0.0184456446905
95.0429283099,99.9998833775,108.86452781
0.00392901852941,0.000116622470246,0.0184456446905
0.0,0.0,0.0
95.0468573284,100.0,108.882973455
0.00294557491843,8.43393729449e-05,0.0138934658444
95.0439117535,99.9999156606,108.869079989
0.00740473434042,0.000211310509762,0.0349414461548
95.0394525941,99.9997886895,108.848032009
0.0145025753093,0.000412076215151,0.0684793270601
95.0323547531,99.9995879238,108.814494128
0.0263920364353,0.000750634408778,0.12471800022
95.020465292,99.9992493656,108.758255455
0.0474084845049,0.00134206332444,0.224245524266
94.9994488439,99.9986579367,108.65872793
0.0826721075823,0.00231903671142,0.39142797371
94.9641852209,99.9976809633,108.491545481
0.13289707637,0.00370334487145,0.629840086235
94.9139602521,99.9962966551,108.253133369
0.208115266751,0.00578579274292,0.987568005831
94.8387420617,99.9942142073,107.895405449
0.326176380135,0.00906749994346,1.55018869512
94.7206809483,99.9909325001,107.33278476
0.50241586166,0.0139808178179,2.39188859875
94.5444414668,99.9860191822,106.491084856
0.760823307056,0.0212827059398,3.62887183132
94.2860340214,99.9787172941,105.254101623
1.13397822262,0.032288159293,5.42064306478
93.9128791058,99.9677118407,103.46233039
1.6475084702,0.0486619066814,7.89720331923
93.3993488582,99.9513380933,100.985770136
2.29652907197,0.071574683245,11.0427405534
92.7503282565,99.9284253168,97.8402329014
3.05415312297,0.101832180486,14.7362075521
91.9927042055,99.8981678195,94.1467659026
3.94664862816,0.142984465736,19.1199886933
91.1002087003,99.8570155343,89.7629847615
4.97077208326,0.198317144175,24.194425265
90.0760852452,99.8016828558,84.6885481898
6.09648367203,0.27030368053,29.829136047
88.9503736564,99.7296963195,79.0538374077
7.2817351537,0.360067580125,35.8358538481
87.7651221747,99.6399324199,73.0471196066
8.49737498461,0.46986384565,42.0928664144
86.5494823438,99.5301361543,66.7901070403
9.72634903559,0.603346891651,48.54115112
85.3205082929,99.3966531083,60.3418223347
10.9307576266,0.761025180601,55.0070082621
84.1160997018,99.2389748194,53.8759651927
12.0869033161,0.944961693463,61.3841977115
82.9599540123,99.0550383065,47.4987757432
13.1773116938,1.15866522662,67.5922866022
81.8695456347,98.8413347734,41.2906868525
14.1769088685,1.40309234888,73.4914629137
80.8699484599,98.5969076511,35.391510541
15.0583289889,1.68089972383,78.916948468
79.9885283396,98.3191002762,29.9660249868
15.7982701121,1.99699514885,83.7176746559
79.2485872163,98.0030048512,25.1652987988
16.4052431,2.3604531402,87.9160666668
78.6416142284,97.6395468598,20.966906788
16.8920101363,2.78064401007,91.5528629227
78.1548471921,97.2193559899,17.3301105321
17.2682676157,3.26557955207,94.6491479224
77.7785897128,96.7344204479,14.2338255323
17.542051732,3.8115685744,97.2073261996
77.5048055964,96.1884314256,11.6756472551
17.7304966202,4.42045234308,99.2844840186
77.3163607082,95.5795476569,9.59848943618
17.8556890216,5.10334103301,100.973492847
77.1911683068,94.896658967,7.90948060759
17.9344590934,5.88544229995,102.368883463
77.112398235,94.1145577,6.51408999174
17.9794426574,6.79155549141,103.537903782
77.0674146711,93.2084445086,5.34506967278
18.0015051886,7.84243229077,104.521946909
77.0453521399,92.1575677092,4.36102654543
18.0111202488,9.0645195441,105.354837225
77.0357370797,90.9354804559,3.52813622991
18.0199914081,10.4788504786,106.056036589
77.0268659203,89.5211495214,2.82693686622
18.0423970851,12.0992007534,106.632371012
77.0044602434,87.9007992466,2.25060244262
18.0960384677,13.9345785894,107.092446035
76.9508188607,86.0654214106,1.7905274198
18.2007733197,15.9859822092,107.452126766
76.8460840088,84.0140177908,1.4308466891
18.3763942365,18.2418211826,107.733091658
76.6704630919,81.7581788174,1.14988179688
18.6431294889,20.702080071,107.95880591
76.4037278396,79.297919929,0.924167544461
19.0201767354,23.35957007,108.145302431
76.026680593,76.64042993,0.737671023925
19.5238959319,26.1984061033,108.299313893
75.5229613965,73.8015938967,0.583659562017
20.1566766556,29.1642378736,108.42343367
74.8901806729,70.8357621264,0.459539784631
20.916686215,32.2058158381,108.52037064
74.1301711135,67.7941841619,0.362602814355
21.8077533719,35.3038530387,108.594950797
73.2391039565,64.6961469613,0.288022657866
22.8396368108,38.4556361215,108.651743749
72.2072205176,61.5443638785,0.231229705495
24.0220268281,41.6556213784,108.694730619
71.0248305003,58.3443786216,0.188242836228
25.3609699161,44.8868610729,108.727118095
69.6858874124,55.1131389271,0.155855359253
26.8533068708,48.1146778656,108.751386623
68.1935504576,51.8853221344,0.13158683205
28.4936619653,51.3061402041,108.769559288
66.5531953631,48.6938597959,0.113414166675
30.2832275243,54.448314866,108.783381829
64.7636298041,45.551685134,0.0995916261584
32.2218577837,57.5283684683,108.794065934
62.8249995447,42.4716315317,0.088907521024
34.3084081943,60.5346994497,108.802494057
60.7384491342,39.4653005503,0.0804793981898
36.5361209567,63.451754187,108.8093741
58.5107363718,36.548245813,0.0735993550669
38.9124297765,66.2848898697,108.815307828
56.1344275519,33.7151101303,0.0676656263147
41.4435121995,69.0381259441,108.820725581
53.6033451289,30.9618740559,0.0622478735111
44.1216108692,71.7006761244,108.82584074
50.9252464592,28.2993238756,0.0571327148408
46.8999747783,74.2319514946,108.83053904
48.1468825501,25.7680485054,0.052434414726
49.7242630944,76.5947148146,108.834603115
45.3225942341,23.4052851854,0.0483703397599
52.5676569828,78.7860228497,108.837960487
42.4792003456,21.2139771503,0.045012967316
55.451108547,80.8385471168,108.840903108
39.5957487814,19.1614528832,0.042070346527
58.4033759812,82.7885239255,108.843707618
36.6434813472,17.2114760745,0.0392658370371
61.3898179251,84.6295950263,108.846187073
33.6570394033,15.3704049737,0.0367863814207
64.3737046832,86.3547983913,108.848286015
30.6731526453,13.6452016087,0.0346874394498
67.3166904127,87.9577061575,108.850006221
27.7301669157,12.0422938425,0.0329672335716
70.1871693772,89.4399777572,108.8512248
24.8596879512,10.5600222428,0.0317486546198
72.9481584509,90.7996616732,108.852059078
22.0986988776,9.2003383268,0.0309143763226
75.5675522052,92.0363965427,108.852735273
19.4793051232,7.9636034573,0.030238181353
78.0259262963,93.1550884594,108.853321768
17.0209310322,6.84491154056,0.0296516863979
80.2895512206,94.1527564534,108.85378312
14.7573061079,5.84724354665,0.029190335109
82.3296095851,95.0272101166,108.854071402
12.7172477433,4.97278988339,0.0289020525657
84.1432465422,95.7860102309,108.854245045
10.9036107862,4.2139897691,0.0287284100788
85.754064594,96.4455352339,108.854358128
9.29279273444,3.55446476612,0.0286153267912
87.1954791987,97.0243654673,108.854439713
7.85137812972,2.97563453269,0.0285337414279
88.4745696834,97.5292627373,108.854502672
6.57228764503,2.47073726272,0.0284707831062
89.5907216814,97.9632778098,108.85454941
5.45613564704,2.0367221902,0.0284240451654
90.5426861539,98.3286735145,108.85457839
4.50417117451,1.67132648548,0.0283950648532
91.3455169263,98.6335673108,108.85458784
3.70134040216,1.36643268916,0.0283856151814
92.0199313467,98.8874487476,108.854587527
3.02692598169,1.11255125244,0.0283859275633
92.5882816597,99.0997982359,108.854587627
2.4585756687,0.900201764143,0.0283858275599
93.062396075,99.2758324043,108.8545876
1.98446125346,0.724167595746,0.0283858543557
93.4547207868,99.4207772569,108.854587608
1.59213654167,0.579222743072,0.0283858471758
93.7772536344,99.5394978097,108.854587606
1.26960369408,0.460502190321,0.0283858490997
94.040029214,99.6359165523,108.854587606
1.00682811443,0.364083447679,0.0283858485842
94.2519259815,99.7134449111,108.854587606
0.794931346911,0.286555088891,0.0283858487223
94.4207947835,99.7750803567,108.854587606
0.626062544979,0.224919643308,0.0283858486853
94.5565249965,99.8245038412,108.854587606
0.490332331897,0.175496158844,0.0283858486952
94.6643610158,99.8636788845,108.854587606
0.382496312608,0.136321115536,0.0283858486926
94.7466981057,99.8935259439,108.854587606
0.300159222703,0.106474056117,0.0283858486933
94.808630851,99.9159415709,108.854587606
0.238226477469,0.0840584290856,0.0283858486931
94.8557530921,99.9329814446,108.854587606
0.19110423637,0.0670185553552,0.0283858486931
94.8931845609,99.9465076898,108.854587606
0.153672767518,0.0534923101758,0.0283858486931
94.9233077029,99.9573875183,108.854587606
0.123549625529,0.0426124816843,0.0283858486931
94.9477803836,99.9662249147,108.854587606
0.0990769448296,0.03377508528,0.0283858486931
94.9676079759,99.973385058,108.854587606
0.0792493525811,0.0266149420195,0.0283858486931
94.9836913069,99.9791930332,108.854587606
0.0631660215308,0.0208069668445,0.0283858486931
94.9965213079,99.9838261838,108.854587606
0.0503360205139,0.0161738162026,0.0283858486931
95.0061915564,99.9873182867,108.854587606
0.0406657720414,0.0126817133353,0.0283858486931
95.0133894994,99.9899175957,108.854587606
0.0334678290674,0.0100824042613,0.0283858486931
95.0188534158,99.991890716,108.854587606
0.0280039126431,0.00810928397536,0.0283858486931
95.0233696119,99.9935215973,108.854587606
0.023487716545,0.00647840273272,0.0283858486931
95.0271107222,99.9948725808,108.854587606
0.0197466061979,0.00512741924471,0.0283858486931
95.030178861,99.9959805419,108.854587606
0.0166784674574,0.00401945811483,0.0283858486931
95.0326515523,99.9968734759,108.854587606
0.0142057761725,0.00312652405649,0.0283858486931
95.0346378904,99.997590779,108.854587606
0.0122194380032,0.00240922101061,0.0283858486931
95.0362078702,99.9981577274,108.854587606
0.0106494582196,0.00184227257928,0.0283858486931
95.0373781967,99.9985803537,108.854587606
0.00947913177886,0.00141964627802,0.0283858486931
95.0382474313,99.9988942502,108.854587606
0.00860989716633,0.00110574975097,0.0283858486931
95.0388923831,99.9991271541,108.854587606
0.00796494533348,0.000872845859106,0.0283858486931
95.03936006,99.9992960408,108.854587606
0.00749726843924,0.000703959189249,0.0283858486931
95.0396940359,99.9994166456,108.854587606
0.0071632924929,0.00058335436158,0.0283858486931
95.0399391657,99.9995051665,108.854587606
0.00691816272678,0.00049483351356,0.0283858486931
95.0401574171,99.9995839811,108.854587606
0.00669991130417,0.000416018923238,0.0283858486931
95.0403521877,99.9996543163,108.854587606
0.00650514071967,0.000345683710697,0.0283858486931
95.0405287169,99.9997180642,108.854587606
0.00632861151049,0.000281935785441,0.0283858486931
95.0406499061,99.9997618278,108.854587606
0.00620742235652,0.000238172164343,0.0283858486931
95.0407769767,99.9998077154,108.854587606
0.00608035174627,0.000192284641332,0.0283858486931
95.0408199219,99.9998232237,108.854587606
0.00603740654039,0.000176776340955,0.0283858486931
0.0,0.0,0.0
95.0468573284,100.0,108.882973455
0.00445915942199,0.000126971136817,0.0210479803104
95.042398169,99.9998730289,108.861925474
0.0115570003909,0.000327736842206,0.0545858612157
95.035300328,99.9996722632,108.828387594
0.0234464615169,0.000666295035833,0.110824534376
95.0234108669,99.999333705,108.77214892
0.0444629095865,0.00125772395149,0.210352058422
95.0023944189,99.998742276,108.672621396
0.0797265326639,0.00223469733847,0.377534507865
94.9671307958,99.9977653027,108.505438947
0.129951501452,0.00361900549851,0.615946620391
94.916905827,99.9963809945,108.267026834
0.205169691833,0.00570145336998,0.973674539986
94.8416876366,99.9942985466,107.909298915
0.323230805217,0.00898316057051,1.53629522927
94.7236265232,99.9910168394,107.346678225
0.499470286742,0.0138964784449,2.3779951329
94.5473870417,99.9861035216,106.504978322
0.757877732138,0.0211983665668,3.61497836547
94.2889795963,99.9788016334,105.267995089
1.1310326477,0.03220381992,5.40674959894
93.9158246807,99.9677961801,103.476223856
1.64456289528,0.0485775673085,7.88330985339
93.4022944332,99.9514224327,100.999663601
2.29358349706,0.071490343872,11.0288470875
92.7532738314,99.9285096561,97.8541263672
3.05120754805,0.101747841113,14.7223140863
91.9956497804,99.8982521589,94.1606593685
3.94370305324,0.142900126364,19.1060952274
91.1031542752,99.8570998736,89.7768782273
4.96782650835,0.198232804802,24.1805317991
90.0790308201,99.8017671952,84.7024416556
6.09353809711,0.270219341157,29.8152425812
88.9533192313,99.7297806588,79.0677308736
7.27878957878,0.359983240752,35.8219603823
87.7680677497,99.6400167592,73.0610130725
8.49442940969,0.469779506277,42.0789729486
86.5524279188,99.5302204937,66.8040005062
9.72340346067,0.603262552278,48.5272576542
85.3234538678,99.3967374477,60.3557158005
10.9278120517,0.760940841228,54.9931147962
84.1190452767,99.2390591588,53.8898586585
12.0839577412,0.94487735409,61.3703042457
82.9628995873,99.0551226459,47.5126692091
13.1743661189,1.15858088724,67.5783931364
81.8724912096,98.8414191128,41.3045803184
14.1739632936,1.4030080095,73.4775694479
80.8728940348,98.5969919905,35.4054040069
15.055383414,1.68081538446,78.9030550021
79.9914739145,98.3191846155,29.9799184526
15.7953245372,1.99691080948,83.7037811901
79.2515327912,98.0030891905,25.1791922647
16.4022975251,2.36036880083,87.9021732009
78.6445598033,97.6396311992,20.9808002538
16.8890645614,2.7805596707,91.5389694568
78.157792767,97.2194403293,17.3440039979
17.2653220408,3.2654952127,94.6352544566
77.7815352877,96.7345047873,14.2477189982
17.5391061571,3.81148423503,97.1934327338
77.5077511714,96.188515765,11.689540721
17.7275510453,4.4203680037,99.2705905527
77.3193062831,95.5796319963,9.61238290202
17.8527434467,5.10325669364,100.959599381
77.1941138817,94.8967433064,7.92337407344
17.9315135185,5.88535796058,102.354989997
77.11534381,94.1146420394,6.52798345758
17.9764970825,6.79147115204,103.524010316
77.070360246,93.208528848,5.35896313862
17.9985596136,7.8423479514,104.508053443
77.0482977148,92.1576520486,4.37492001127
18.0081746739,9.06443520473,105.340943759
77.0386826546,90.9355647953,3.54202969576
18.0170458332,10.4787661392,106.042143123
77.0298114952,89.5212338608,2.84083033207
18.0394515102,12.099116414,106.618477546
77.0074058183,87.900883586,2.26449590846
18.0930928928,13.93449425,107.078552569
76.9537644356,86.06550575,1.80442088565
18.1978277447,15.9858978699,107.4382333
76.8490295837,84.0141021301,1.44474015494
18.3734486616,18.2417368432,107.719198192
76.6734086669,81.7582631568,1.16377526272
18.6401839139,20.7019957317,107.944912444
76.4066734145,79.2980042683,0.938061010306
19.0172311605,23.3594857306,108.131408965
76.029626168,76.6405142694,0.75156448977
19.520950357,26.1983217639,108.285420427
75.5259069715,73.8016782361,0.597553027861
20.1537310807,29.1641535343,108.409540204
74.8931262478,70.8358464657,0.473433250476
20.91374064,32.2057314987,108.506477175
74.1331166884,67.7942685013,0.376496280199
21.804807797,35.3037686993,108.581057331
73.2420495315,64.6962313007,0.30191612371
22.8366912359,38.4555517821,108.637850283
72.2101660925,61.5444482179,0.245123171339
24.0190812532,41.655537039,108.680837153
71.0277760752,58.344462961,0.202136302072
25.3580243412,44.8867767336,108.71322463
69.6888329873,55.1132232664,0.169748825097
26.8503612959,48.1145935263,108.737493157
68.1964960325,51.8854064737,0.145480297894
28.4907163904,51.3060558647,108.755665822
66.556140938,48.6939441353,0.12730763252
30.2802819494,54.4482305266,108.769488363
64.766575379,45.5517694734,0.113485092003
32.2189122088,57.5282841289,108.780172468
62.8279451196,42.4717158711,0.102800986868
34.3054626194,60.5346151103,108.788600591
60.7413947091,39.4653848897,0.0943728640342
36.5331753818,63.4516698477,108.795480634
58.5136819467,36.5483301523,0.0874928209113
38.9094842016,66.2848055303,108.801414363
56.1373731269,33.7151944697,0.0815590921591
41.4405666246,69.0380416047,108.806832115
53.6062907038,30.9619583953,0.0761413393555
44.1186652943,71.700591785,108.811947274
50.9281920341,28.299408215,0.0710261806852
46.8970292034,74.2318671552,108.816645574
48.149828125,25.7681328448,0.0663278805704
49.7213175195,76.5946304752,108.820709649
45.325539809,23.4053695248,0.0622638056043
52.5647114079,78.7859385104,108.824067022
42.4821459205,21.2140614896,0.0589064331604
55.4481629721,80.8384627775,108.827009642
39.5986943563,19.1615372225,0.0559638123714
58.4004304063,82.7884395862,108.829814152
36.6464269221,17.2115604138,0.0531593028815
61.3868723502,84.629510687,108.832293607
33.6599849783,15.370489313,0.0506798472651
64.3707591083,86.3547140519,108.834392549
30.6760982202,13.6452859481,0.0485809052942
67.3137448378,87.9576218181,108.836112755
27.7331124907,12.0423781819,0.046860699416
70.1842238023,89.4398934179,108.837331334
24.8626335262,10.5601065821,0.0456421204642
72.9452128759,90.7995773338,108.838165613
22.1016444525,9.20042266617,0.044807842167
75.5646066303,92.0363122033,108.838841808
19.4822506981,7.96368779667,0.0441316471974
78.0229807214,93.1550041201,108.839428303
17.0238766071,6.84499587994,0.0435451522423
80.2866056457,94.152672114,108.839889654
14.7602516828,5.84732788602,0.0430838009534
82.3266640102,95.0271257772,108.840177936
12.7201933182,4.97287422276,0.0427955184101
84.1403009673,95.7859258915,108.840351579
10.9065563612,4.21407410847,0.0426218759232
85.7511190191,96.4454508945,108.840464662
9.29573830936,3.55454910549,0.0425087926356
87.1925336238,97.0242811279,108.840546247
7.85432370464,2.97571887206,0.0424272072723
88.4716241085,97.5291783979,108.840609206
6.57523321995,2.47082160209,0.0423642489506
89.5877761065,97.9631934704,108.840655944
5.45908122195,2.03680652958,0.0423175110098
90.539740579,98.3285891751,108.840684924
4.50711674943,1.67141082486,0.0422885306976
91.3425713514,98.6334829715,108.840694374
3.70428597708,1.36651702853,0.0422790810258
92.0169857718,98.8873644082,108.840694061
3.02987155661,1.11263559182,0.0422793934077
92.5853360848,99.0997138965,108.840694161
2.46152124362,0.900286103516,0.0422792934043
93.0594505001,99.2757480649,108.840694135
1.98740682838,0.724251935119,0.0422793202001
93.4517752118,99.4206929176,108.840694142
1.59508211659,0.579307082445,0.0422793130202
93.7743080594,99.5394134703,108.84069414
1.272549269,0.460586529694,0.0422793149441
94.0370836391,99.6358322129,108.84069414
1.00977368934,0.364167787052,0.0422793144286
94.2489804066,99.7133605717,108.84069414
0.79787692183,0.286639428264,0.0422793145667
94.4178492085,99.7749960173,108.84069414
0.629008119898,0.225003982681,0.0422793145297
94.5535794216,99.8244195018,108.84069414
0.493277906815,0.175580498217,0.0422793145396
94.6614154409,99.8635945451,108.84069414
0.385441887527,0.136405454909,0.042279314537
94.7437525308,99.8934416045,108.84069414
0.303104797621,0.10655839549,0.0422793145377
94.8056852761,99.9158572315,108.84069414
0.241172052387,0.0841427684585,0.0422793145375
94.8528075172,99.9328971053,108.84069414
0.194049811288,0.0671028947281,0.0422793145375
94.890238986,99.9464233505,108.84069414
0.156618342436,0.0535766495487,0.0422793145375
94.920362128,99.9573031789,108.84069414
0.126495200448,0.0426968210573,0.0422793145375
94.9448348087,99.9661405753,108.84069414
0.102022519748,0.0338594246529,0.0422793145375
94.9646624009,99.9733007186,108.84069414
0.0821949274996,0.0266992813924,0.0422793145375
94.980745732,99.9791086938,108.84069414
0.0661115964492,0.0208913062175,0.0422793145375
94.993575733,99.9837418444,108.84069414
0.0532815954323,0.0162581555756,0.0422793145375
95.0032459815,99.9872339473,108.84069414
0.0436113469598,0.0127660527082,0.0422793145375
95.0104439245,99.9898332564,108.84069414
0.0364134039858,0.0101667436342,0.0422793145375
95.0159078409,99.9918063767,108.84069414
0.0309494875615,0.0081936233483,0.0422793145375
95.020424037,99.9934372579,108.84069414
0.0264332914634,0.00656274210566,0.0422793145375
95.0241651473,99.9947882414,108.84069414
0.0226921811163,0.00521175861766,0.0422793145375
95.0272332861,99.9958962025,108.84069414
0.0196240423758,0.00410379748778,0.0422793145375
95.0297059773,99.9967891366,108.84069414
0.0171513510909,0.00321086342944,0.0422793145375
95.0316923155,99.9975064396,108.84069414
0.0151650129216,0.00249356038355,0.0422793145375
95.0332622953,99.998073388,108.84069414
0.013595033138,0.00192661195222,0.0422793145375
95.0344326217,99.9984960143,108.84069414
0.0124247066973,0.00150398565097,0.0422793145375
95.0353018564,99.9988099109,108.84069414
0.0115554720848,0.00119008912392,0.0422793145375
95.0359468082,99.9990428148,108.84069414
0.0109105202519,0.000957185232051,0.0422793145375
95.0364144851,99.9992117014,108.84069414
0.0104428433577,0.000788298562194,0.0422793145375
95.036748461,99.9993323063,108.84069414
0.0101088674113,0.000667693734524,0.0422793145375
95.0369935908,99.9994208271,108.84069414
0.00986373764521,0.000579172886505,0.0422793145375
95.0372118422,99.9994996417,108.84069414
0.0096454862226,0.000500358296183,0.0422793145375
95.0374066128,99.9995699769,108.84069414
0.0094507156381,0.000430023083642,0.0422793145375
95.037583142,99.9996337248,108.84069414
0.00927418642892,0.000366275158386,0.0422793145375
95.0377043312,99.9996774885,108.84069414
0.00915299727495,0.000322511537288,0.0422793145375
95.0378314018,99.999723376,108.84069414
0.0090259266647,0.000276624014277,0.0422793145375
95.037874347,99.9997388843,108.84069414
0.00898298145882,0.0002611157139,0.0422793145375
0.0,0.0,0.0
95.0468573284,100.0,108.882973455
0.0070978409689,0.000200765705389,0.0335378809053
95.0397594875,99.9997992343,108.849435574
0.0189873020949,0.000539323899016,0.0897765540653
95.0278700263,99.9994606761,108.793196901
0.0400037501645,0.00113075281468,0.189304078111
95.0068535783,99.9988692472,108.693669377
0.0752673732419,0.00210772620166,0.356486527555
94.9715899552,99.9978922738,108.526486927
0.12549234203,0.00349203436169,0.59489864008
94.9213649864,99.9965079656,108.288074815
0.200710532411,0.00557448223316,0.952626559676
94.846146796,99.9944255178,107.930346895
0.318771645795,0.0088561894337,1.51524724896
94.7280856826,99.9911438106,107.367726206
0.49501112732,0.0137695073081,2.35694715259
94.5518462011,99.9862304927,106.526026302
0.753418572716,0.02107139543,3.59393038516
94.2934387557,99.9789286046,105.28904307
1.12657348828,0.0320768487832,5.38570161863
93.9202838402,99.9679231512,103.497271836
1.64010373586,0.0484505961716,7.86226187308
93.4067535926,99.9515494038,101.020711582
2.28912433763,0.0713633727352,11.0077991072
92.7577329908,99.9286366273,97.8751743475
3.04674838863,0.101620869976,14.701266106
92.0001089398,99.89837913,94.1817073488
3.93924389382,0.142773155227,19.0850472471
91.1076134346,99.8572268448,89.7979262076
4.96336734892,0.198105833665,24.1594838188
90.0834899795,99.8018941663,84.7234896359
6.08907893768,0.27009237002,29.7941946009
88.9577783908,99.72990763,79.0887788539
7.27433041936,0.359856269615,35.8009124019
87.7725269091,99.6401437304,73.0820610528
8.48997025027,0.46965253514,42.0579249683
86.5568870782,99.5303474649,66.8250484865
9.71894430125,0.603135581141,48.5062096739
85.3279130272,99.3968644189,60.3767637809
10.9233528923,0.760813870091,54.9720668159
84.1235044361,99.2391861299,53.9109066388
12.0794985818,0.944750382953,61.3492562653
82.9673587467,99.055249617,47.5337171894
13.1699069594,1.15845391611,67.557345156
81.876950369,98.8415460839,41.3256282987
14.1695041342,1.40288103837,73.4565214676
80.8773531943,98.5971189616,35.4264519872
15.0509242545,1.68068841332,78.8820070218
79.9959330739,98.3193115867,30.0009664329
15.7908653778,1.99678383834,83.6827332098
79.2559919506,98.0032161617,25.200240245
16.3978383657,2.36024182969,87.8811252206
78.6490189627,97.6397581703,21.0018482341
16.884605402,2.78043269956,91.5179214765
78.1622519265,97.2195673004,17.3650519782
17.2608628813,3.26536824156,94.6142064763
77.7859944471,96.7346317584,14.2687669785
17.5346469977,3.81135726389,97.1723847535
77.5122103308,96.1886427361,11.7105887013
17.7230918859,4.42024103257,99.2495425724
77.3237654425,95.5797589674,9.63343088233
17.8482842873,5.1031297225,100.938551401
77.1985730411,94.8968702775,7.94442205375
17.9270543591,5.88523098944,102.333942017
77.1198029694,94.1147690106,6.5490314379
17.972037923,6.7913441809,103.502962336
77.0748194054,93.2086558191,5.38001111893
17.9941004542,7.84222098026,104.487005463
77.0527568742,92.1577790197,4.39596799158
18.0037155144,9.06430823359,105.319895779
77.043141814,90.9356917664,3.56307767607
18.0125866738,10.4786391681,106.021095142
77.0342706546,89.5213608319,2.86187831238
18.0349923507,12.0989894429,106.597429566
77.0118649777,87.9010105571,2.28554388877
18.0886337334,13.9343672789,107.057504589
76.9582235951,86.0656327211,1.82546886596
18.1933685853,15.9857708987,107.417185319
76.8534887431,84.0142291013,1.46578813525
18.3689895022,18.241609872,107.698150212
76.6778678263,81.758390128,1.18482324303
18.6357247545,20.7018687605,107.923864464
76.4111325739,79.2981312395,0.959108990616
19.0127720011,23.3593587594,108.110360985
76.0340853274,76.6406412406,0.77261247008
19.5164911976,26.1981947928,108.264372447
75.5303661309,73.8018052072,0.618601008172
20.1492719212,29.1640265631,108.388492224
74.8975854072,70.8359734369,0.494481230786
20.9092814806,32.2056045275,108.485429194
74.1375758478,67.7943954725,0.39754426051
21.8003486375,35.3036417281,108.560009351
73.2465086909,64.6963582719,0.32296410402
22.8322320765,38.455424811,108.616802303
72.214625252,61.544575189,0.266171151649
24.0146220938,41.6554100679,108.659789172
71.0322352346,58.3445899321,0.223184282383
25.3535651817,44.8866497624,108.692176649
69.6932921467,55.1133502376,0.190796805408
26.8459021365,48.1144665551,108.716445177
68.2009551919,51.8855334449,0.166528278205
28.486257231,51.3059288936,108.734617842
66.5606000974,48.6940711064,0.14835561283
30.27582279,54.4481035555,108.748440382
64.7710345384,45.5518964445,0.134533072313
32.2144530494,57.5281571578,108.759124488
62.8324042791,42.4718428422,0.123848967179
34.3010034599,60.5344881392,108.76755261
60.7458538685,39.4655118608,0.115420844345
36.5287162223,63.4515428765,108.774432654
58.5181411061,36.5484571235,0.108540801222
38.9050250422,66.2846785592,108.780366382
56.1418322863,33.7153214408,0.102607072469
41.4361074652,69.0379146336,108.785784135
53.6107498633,30.9620853664,0.097189319666
44.1142061349,71.7004648139,108.790899294
50.9326511935,28.2995351861,0.0920741609956
46.892570044,74.2317401841,108.795597594
48.1542872844,25.7682598159,0.0873758608808
49.71685836,76.5945035041,108.799661669
45.3299989684,23.4054964959,0.0833117859148
52.5602522485,78.7858115392,108.803019041
42.4866050799,21.2141884608,0.0799544134708
55.4437038127,80.8383358063,108.805961662
39.6031535157,19.1616641937,0.0770117926818
58.3959712469,82.788312615,108.808766172
36.6508860816,17.211687385,0.0742072831919
61.3824131907,84.6293837158,108.811245627
33.6644441377,15.3706162842,0.0717278275755
64.3662999488,86.3545870808,108.813344569
30.6805573796,13.6454129192,0.0696288856046
67.3092856784,87.957494847,108.815064775
27.7375716501,12.042505153,0.0679086797264
70.1797646429,89.4397664467,108.816283354
24.8670926856,10.5602335533,0.0666901007746
72.9407537165,90.7994503627,108.817117632
22.1061036119,9.20054963731,0.0658558224774
75.5601474709,92.0361852322,108.817793827
19.4867098575,7.96381476781,0.0651796275078
78.0185215619,93.1548771489,108.818380322
17.0283357665,6.84512285107,0.0645931325527
80.2821464862,94.1525451428,108.818841673
14.7647108422,5.84745485716,0.0641317812639
82.3222048508,95.0269988061,108.819129956
12.7246524777,4.9730011939,0.0638434987206
84.1358418079,95.7857989204,108.819303599
10.9110155206,4.21420107961,0.0636698562336
85.7466598597,96.4453239234,108.819416682
9.30019746878,3.55467607663,0.063556772946
87.1880744644,97.0241541568,108.819498267
7.85878286406,2.9758458432,0.0634751875828
88.4671649491,97.5290514268,108.819561225
6.57969237937,2.47094857323,0.063412229261
89.5833169471,97.9630664993,108.819607963
5.46354038138,2.03693350071,0.0633654913202
90.5352814196,98.328462204,108.819636944
4.51157590885,1.67153779599,0.063336511008
91.3381121919,98.6333560003,108.819646393
3.7087451365,1.36664399967,0.0633270613363
92.0125266124,98.887237437,108.819646081
3.03433071603,1.11276256295,0.0633273737181
92.5808769254,99.0995869253,108.819646181
2.46598040305,0.900413074653,0.0633272737147
93.0549913406,99.2756210937,108.819646154
1.9918659878,0.724378906256,0.0633273005106
93.4473160524,99.4205659464,108.819646161
1.59954127601,0.579434053582,0.0633272933307
93.7698489,99.5392864992,108.819646159
1.27700842843,0.460713500831,0.0633272952545
94.0326244797,99.6357052418,108.81964616
1.01423284877,0.364294758188,0.063327294739
94.2445212472,99.7132336006,108.81964616
0.802336081252,0.286766399401,0.0633272948771
94.4133900491,99.7748690462,108.81964616
0.63346727932,0.225130953817,0.0633272948401
94.5491202622,99.8242925306,108.81964616
0.497737066237,0.175707469354,0.06332729485
94.6569562815,99.863467574,108.81964616
0.389901046949,0.136532426046,0.0633272948474
94.7392933714,99.8933146334,108.81964616
0.307563957043,0.106685366627,0.0633272948481
94.8012261166,99.9157302604,108.81964616
0.245631211809,0.0842697395953,0.0633272948479
94.8483483577,99.9327701341,108.81964616
0.19850897071,0.0672298658649,0.063327294848
94.8857798266,99.9462963793,108.81964616
0.161077501858,0.0537036206856,0.0633272948479
94.9159029686,99.9571762078,108.81964616
0.13095435987,0.0428237921941,0.063327294848
94.9403756493,99.9660136042,108.81964616
0.10648167917,0.0339863957898,0.0633272948479
94.9602032415,99.9731737475,108.81964616
0.0866540869216,0.0268262525293,0.0633272948479
94.9762865726,99.9789817226,108.81964616
0.0705707558712,0.0210182773543,0.0633272948479
94.9891165736,99.9836148733,108.81964616
0.0577407548543,0.0163851267124,0.0633272948479
94.9987868221,99.9871069762,108.81964616
0.0480705063818,0.012893023845,0.0633272948479
95.005984765,99.9897062852,108.81964616
0.0408725634078,0.010293714771,0.0633272948479
95.0114486815,99.9916794055,108.81964616
0.0354086469835,0.00832059448512,0.0633272948479
95.0159648776,99.9933102868,108.81964616
0.0308924508854,0.00668971324248,0.0633272948479
95.0197059879,99.9946612702,108.81964616
0.0271513405383,0.00533872975447,0.0633272948479
95.0227741266,99.9957692314,108.81964616
0.0240832017978,0.00423076862459,0.0633272948479
95.0252468179,99.9966621654,108.81964616
0.0216105105129,0.00333783456626,0.0633272948479
95.0272331561,99.9973794685,108.81964616
0.0196241723436,0.00262053152037,0.0633272948479
95.0288031359,99.9979464169,108.81964616
0.01805419256,0.00205358308904,0.0633272948479
95.0299734623,99.9983690432,108.81964616
0.0168838661193,0.00163095678779,0.0633272948479
95.0308426969,99.9986829397,108.81964616
0.0160146315068,0.00131706026073,0.0633272948479
95.0314876488,99.9989158436,108.81964616
0.0153696796739,0.00108415636887,0.0633272948479
95.0319553257,99.9990847303,108.81964616
0.0149020027797,0.000915269699011,0.0633272948479
95.0322893016,99.9992053351,108.81964616
0.0145680268333,0.000794664871342,0.0633272948479
95.0325344314,99.999293856,108.81964616
0.0143228970672,0.000706144023322,0.0633272948479
95.0327526828,99.9993726706,108.81964616
0.0141046456446,0.000627329433,0.0633272948479
95.0329474534,99.9994430058,108.81964616
0.0139098750601,0.000556994220459,0.0633272948479
95.0331239826,99.9995067537,108.81964616
0.0137333458509,0.000493246295203,0.0633272948479
95.0332451717,99.9995505173,108.81964616
0.0136121566969,0.000449482674106,0.0633272948479
95.0333722424,99.9995964048,108.81964616
0.0134850860867,0.000403595151094,0.0633272948479
95.0334151876,99.9996119131,108.81964616
0.0134421408808,0.000388086850717,0.0633272948479
0.0,0.0,0.0
95.0468573284,100.0,108.882973455
0.011889461126,0.000338558193627,0.0562386731601
95.0349678673,99.9996614418,108.826734782
0.0329059091956,0.000929987109289,0.155766197206
95.0139514192,99.9990700129,108.727207258
0.068169532273,0.00190696049627,0.32294864665
94.9786877962,99.9980930395,108.560024808
0.118394501061,0.0032912686563,0.561360759175
94.9284628274,99.9967087313,108.321612696
0.193612691442,0.00537371652777,0.91908867877
94.853244637,99.9946262835,107.963884776
0.311673804826,0.00865542372831,1.48170936806
94.7351835236,99.9913445763,107.401264087
0.487913286351,0.0135687416027,2.32340927169
94.5589440421,99.9864312584,106.559564183
0.746320731747,0.0208706297246,3.56039250426
94.3005365967,99.9791293703,105.32258095
1.11947564731,0.0318760830778,5.35216373772
93.9273816811,99.9681239169,103.530809717
1.63300589489,0.0482498304663,7.82872399217
93.4138514336,99.9517501695,101.054249463
2.28202649666,0.0711626070298,10.9742612263
92.7648308318,99.928837393,97.9087122285
3.03965054766,0.10142010427,14.6677282251
92.0072067808,99.8985798957,94.2152452297
3.93214605285,0.142572389521,19.0515093662
91.1147112756,99.8574276105,89.8314640885
4.95626950795,0.19790506796,24.1259459379
90.0905878205,99.802094932,84.7570275168
6.08198109672,0.269891604315,29.7606567199
88.9648762317,99.7301083957,79.1223167348
7.26723257839,0.35965550391,35.767374521
87.77962475,99.6403444961,73.1155989337
8.4828724093,0.469451769435,42.0243870874
86.5639849191,99.5305482306,66.8585863674
9.71184646028,0.602934815436,48.472671793
85.3350108682,99.3970651846,60.4103016618
10.9162550513,0.760613104386,54.938528935
84.1306022771,99.2393868956,53.9444445198
12.0724007408,0.944549617248,61.3157183844
82.9744565876,99.0554503828,47.5672550703
13.1628091185,1.1582531504,67.5238072751
81.88404821,98.8417468496,41.3591661796
14.1624062932,1.40268027266,73.4229835867
80.8844510352,98.5973197273,35.4599898681
15.0438264136,1.68048764762,78.8484691409
80.0030309149,98.3195123524,30.0345043138
15.7837675368,1.99658307263,83.6491953289
79.2630897916,98.0034169274,25.2337781259
16.3907405247,2.36004106399,87.8475873397
78.6561168037,97.639958936,21.035386115
16.877507561,2.78023193386,91.4843835956
78.1693497674,97.2197680661,17.3985898591
17.2537650404,3.26516747586,94.5806685954
77.7930922881,96.7348325241,14.3023048594
17.5275491567,3.81115649819,97.1388468726
77.5193081718,96.1888435018,11.7441265822
17.7159940449,4.42004026686,99.2160046915
77.3308632835,95.5799597331,9.66696876324
17.8411864463,5.10292895679,100.90501352
77.2056708821,94.8970710432,7.97795993465
17.9199565181,5.88503022374,102.300404136
77.1269008104,94.1149697763,6.5825693188
17.9649400821,6.79114341519,103.469424455
77.0819172464,93.2088565848,5.41354899984
17.9870026132,7.84202021455,104.453467582
77.0598547152,92.1579797854,4.42950587249
17.9966176735,9.06410746789,105.286357898
77.050239655,90.9358925321,3.59661555698
18.0054888328,10.4784384024,105.987557261
77.0413684956,89.5215615976,2.89541619328
18.0278945098,12.0987886772,106.563891685
77.0189628187,87.9012113228,2.31908176968
18.0815358924,13.9341665132,107.023966708
76.965321436,86.0658334868,1.85900674686
18.1862707443,15.985570133,107.383647439
76.8605865841,84.014429867,1.49932601616
18.3618916612,18.2414091063,107.664612331
76.6849656672,81.7585908937,1.21836112394
18.6286269136,20.7016679948,107.890326583
76.4182304149,79.2983320052,0.992646871521
19.0056741601,23.3591579937,108.076823104
76.0411831683,76.6408420063,0.806150350985
19.5093933566,26.1979940271,108.230834566
75.5374639719,73.8020059729,0.652138889077
20.1421740803,29.1638257974,108.354954343
74.9046832482,70.8361742026,0.528019111691
20.9021836397,32.2054037618,108.451891313
74.1446736888,67.7945962382,0.431082141415
21.7932507966,35.3034409624,108.52647147
73.2536065319,64.6965590376,0.356501984926
22.8251342355,38.4552240453,108.583264422
72.2217230929,61.5447759547,0.299709032555
24.0075242528,41.6552093022,108.626251291
71.0393330756,58.3447906978,0.256722163288
25.3464673408,44.8864489967,108.658638768
69.7003899877,55.1135510033,0.224334686313
26.8388042955,48.1142657894,108.682907296
68.2080530329,51.8857342106,0.20006615911
28.47915939,51.3057281279,108.701079961
66.5676979384,48.6942718721,0.181893493736
30.268724949,54.4479027898,108.714902502
64.7781323794,45.5520972102,0.168070953219
32.2073552084,57.5279563921,108.725586607
62.83950212,42.4720436079,0.157386848084
34.293905619,60.5342873734,108.734014729
60.7529517095,39.4657126266,0.14895872525
36.5216183814,63.4513421108,108.740894773
58.5252389471,36.5486578892,0.142078682127
38.8979272012,66.2844777935,108.746828501
56.1489301272,33.7155222065,0.136144953375
41.4290096242,69.0377138679,108.752246254
53.6178477042,30.9622861321,0.130727200571
44.1071082939,71.7002640482,108.757361413
50.9397490345,28.2997359518,0.125612041901
46.885472203,74.2315394184,108.762059713
48.1613851254,25.7684605816,0.120913741786
49.7097605191,76.5943027384,108.766123788
45.3370968094,23.4056972616,0.11684966682
52.5531544075,78.7856107735,108.76948116
42.4937029209,21.2143892265,0.113492294376
55.4366059717,80.8381350406,108.772423781
39.6102513567,19.1618649594,0.110549673587
58.3888734059,82.7881118493,108.775228291
36.6579839225,17.2118881507,0.107745164097
61.3753153498,84.6291829501,108.777707746
33.6715419787,15.3708170499,0.105265708481
64.3592021079,86.3543863151,108.779806688
30.6876552206,13.6456136849,0.10316676651
67.3021878374,87.9572940812,108.781526894
27.7446694911,12.0427059188,0.101446560632
70.1726668019,89.439565681,108.782745473
24.8741905265,10.560434319,0.10022798168
72.9336558755,90.799249597,108.783579751
22.1132014529,9.20075040302,0.0993937033827
75.5530496299,92.0359844665,108.784255946
19.4938076985,7.96401553352,0.0987175084131
78.011423721,93.1546763832,108.784842441
17.0354336075,6.84532361678,0.098131013458
80.2750486453,94.1523443771,108.785303793
14.7718086832,5.84765562286,0.0976696621691
82.3151070098,95.0267980404,108.785592075
12.7317503186,4.9732019596,0.0973813796258
84.1287439669,95.7855981547,108.785765718
10.9181133615,4.21440184532,0.0972077371389
85.7395620187,96.4451231577,108.785878801
9.30729530975,3.55487684233,0.0970946538513
87.1809766234,97.0239533911,108.785960386
7.86588070503,2.9760466089,0.097013068488
88.4600671081,97.5288506611,108.786023345
6.58679022034,2.47114933894,0.0969501101663
89.5762191061,97.9628657336,108.786070083
5.47063822234,2.03713426642,0.0969033722255
90.5281835786,98.3282614383,108.786099063
4.51867374982,1.6717385617,0.0968743919133
91.331014351,98.6331552346,108.786108513
3.71584297747,1.36684476538,0.0968649422415
92.0054287714,98.8870366713,108.7861082
3.041428557,1.11296332866,0.0968652546234
92.5737790844,99.0993861596,108.7861083
2.47307824401,0.900613840359,0.09686515462
93.0478934997,99.275420328,108.786108273
1.99896382877,0.724579671961,0.0968651814158
93.4402182115,99.4203651807,108.786108281
1.60663911698,0.579634819287,0.0968651742359
93.762751059,99.5390857335,108.786108279
1.28410626939,0.460914266536,0.0968651761598
94.0255266387,99.6355044761,108.786108279
1.02133068974,0.364495523894,0.0968651756443
94.2374234062,99.7130328349,108.786108279
0.809433922221,0.286967165106,0.0968651757824
94.4062922082,99.7746682805,108.786108279
0.640565120289,0.225331719523,0.0968651757454
94.5420224212,99.8240917649,108.786108279
0.504834907206,0.175908235059,0.0968651757553
94.6498584405,99.8632668082,108.786108279
0.396998887918,0.136733191752,0.0968651757527
94.7321955304,99.8931138677,108.786108279
0.314661798012,0.106886132332,0.0968651757534
94.7941282757,99.9155294947,108.786108279
0.252729052778,0.0844705053007,0.0968651757532
94.8412505168,99.9325693684,108.786108279
0.205606811679,0.0674306315703,0.0968651757532
94.8786819856,99.9460956136,108.786108279
0.168175342827,0.053904386391,0.0968651757532
94.9088051276,99.9569754421,108.786108279
0.138052200838,0.0430245578995,0.0968651757532
94.9332778083,99.9658128385,108.786108279
0.113579520139,0.0341871614952,0.0968651757532
94.9531054005,99.9729729818,108.786108279
0.0937519278905,0.0270270182346,0.0968651757532
94.9691887316,99.9787809569,108.786108279
0.0776685968401,0.0212190430597,0.0968651757532
94.9820187326,99.9834141076,108.786108279
0.0648385958232,0.0165858924178,0.0968651757532
94.9916889811,99.9869062104,108.786108279
0.0551683473507,0.0130937895504,0.0968651757532
94.9988869241,99.9895055195,108.786108279
0.0479704043767,0.0104944804764,0.0968651757532
95.0043508405,99.9914786398,108.786108279
0.0425064879524,0.00852136019051,0.0968651757532
95.0088670366,99.9931095211,108.786108279
0.0379902918543,0.00689047894787,0.0968651757532
95.0126081469,99.9944605045,108.786108279
0.0342491815072,0.00553949545986,0.0968651757532
95.0156762857,99.9955684657,108.786108279
0.0311810427667,0.00443153432998,0.0968651757532
95.018148977,99.9964613997,108.786108279
0.0287083514818,0.00353860027164,0.0968651757532
95.0201353151,99.9971787028,108.786108279
0.0267220133125,0.00282129722576,0.0968651757532
95.0217052949,99.9977456512,108.786108279
0.0251520335289,0.00225434879443,0.0968651757532
95.0228756214,99.9981682775,108.786108279
0.0239817070882,0.00183172249318,0.0968651757532
95.023744856,99.998482174,108.786108279
0.0231124724757,0.00151782596612,0.0968651757532
95.0243898078,99.9987150779,108.786108279
0.0224675206428,0.00128492207426,0.0968651757532
95.0248574847,99.9988839646,108.786108279
0.0219998437486,0.0011160354044,0.0968651757532
95.0251914606,99.9990045694,108.786108279
0.0216658678022,0.00099543057673,0.0968651757532
95.0254365904,99.9990930903,108.786108279
0.0214207380361,0.00090690972871,0.0968651757532
95.0256548418,99.9991719049,108.786108279
0.0212024866135,0.000828095138389,0.0968651757532
95.0258496124,99.9992422401,108.786108279
0.021007716029,0.000757759925847,0.0968651757532
95.0260261416,99.999305988,108.786108279
0.0208311868198,0.000694012000592,0.0968651757532
95.0261473308,99.9993497516,108.786108279
0.0207099976659,0.000650248379494,0.0968651757532
95.0262744014,99.9993956391,108.786108279
0.0205829270556,0.000604360856483,0.0968651757532
95.0263173466,99.9994111474,108.786108279
0.0205399818497,0.000588852556106,0.0968651757532
0.0,0.0,0.0
95.0468573284,100.0,108.882973455
0.0210164480696,0.000591428915662,0.0995275240459
95.0258408804,99.9994085711,108.783445931
0.056280071147,0.00156840230264,0.26670997349
94.9905772573,99.9984315977,108.616263481
0.106505039935,0.00295271046267,0.505122086015
94.9403522885,99.9970472895,108.377851369
0.181723230316,0.00503515833414,0.86285000561
94.8651340981,99.9949648417,108.020123449
0.2997843437,0.00831686553468,1.4254706949
94.7470729847,99.9916831345,107.45750276
0.476023825225,0.0132301834091,2.26717059853
94.5708335032,99.9867698166,106.615802856
0.734431270621,0.020532071531,3.5041538311
94.3124260578,99.9794679285,105.378819624
1.10758618618,0.0315375248842,5.29592506456
93.9392711423,99.9684624751,103.58704839
1.62111643376,0.0479112722726,7.77248531901
93.4257408947,99.9520887277,101.110488136
2.27013703554,0.0708240488362,10.9180225531
92.7767202929,99.9291759512,97.9649509016
3.02776108653,0.101081546077,14.6114895519
92.0190962419,99.8989184539,94.2714839028
3.92025659172,0.142233831328,18.9952706931
91.1266007367,99.8577661687,89.8877027617
4.94438004683,0.197566509766,24.0697072648
90.1024772816,99.8024334902,84.81326619
6.07009163559,0.269553046121,29.7044180468
88.9767656928,99.7304469539,79.178555408
7.25534311727,0.359316945716,35.7111358479
87.7915142112,99.6406830543,73.1718376069
8.47098294817,0.469113211241,41.9681484142
86.5758743803,99.5308867888,66.9148250405
9.69995699915,0.602596257242,48.4164331198
85.3469003293,99.3974037428,60.4665403349
10.9043655902,0.760274546192,54.8822902618
84.1424917382,99.2397254538,54.0006831929
12.0605112797,0.944211059054,61.2594797113
82.9863460488,99.0557889409,47.6234937435
13.1509196573,1.15791459221,67.467568602
81.8959376711,98.8420854078,41.4154048528
14.1505168321,1.40234171447,73.3667449135
80.8963404964,98.5976582855,35.5162285412
15.0319369524,1.68014908943,78.7922304678
80.014920376,98.3198509106,30.090742987
15.7718780757,1.99624451444,83.5929566557
79.2749792527,98.0037554856,25.290016799
16.3788510636,2.35970250579,87.7913486666
78.6680062648,97.6402974942,21.0916247882
16.8656180999,2.77989337566,91.4281449225
78.1812392286,97.2201066243,17.4548285323
17.2418755792,3.26482891767,94.5244299222
77.8049817492,96.7351710823,14.3585435325
17.5156596956,3.81081794,97.0826081994
77.5311976329,96.18918206,11.8003652553
17.7041045838,4.41970170867,99.1597660183
77.3427527446,95.5802982913,9.7232074364
17.8292969852,5.1025903986,100.848774847
77.2175603432,94.8974096014,8.03419860781
17.908067057,5.88469166555,102.244165463
77.1387902715,94.1153083345,6.63880799196
17.9530506209,6.790804857,103.413185782
77.0938067075,93.209195143,5.469787673
17.9751131521,7.84168165636,104.397228909
77.0717441763,92.1583183436,4.48574454565
17.9847282123,9.06376890969,105.230119225
77.0621291161,90.9362310903,3.65285423014
17.9935993717,10.4780998442,105.931318588
77.0532579567,89.5219001558,2.95165486644
18.0160050487,12.098450119,106.507653012
77.0308522798,87.901549881,2.37532044284
18.0696464313,13.933827955,106.967728035
76.9772108972,86.066172045,1.91524542002
18.1743812832,15.9852315748,107.327408765
76.8724760452,84.0147684252,1.55556468932
18.3500022001,18.2410705481,107.608373658
76.6968551284,81.7589294519,1.2745997971
18.6167374524,20.7013294366,107.83408791
76.430119876,79.2986705634,1.04888554468
18.993784699,23.3588194355,108.020584431
76.0530726295,76.6411805645,0.862389024145
19.4975038955,26.1976554689,108.174595893
75.549353433,73.8023445311,0.708377562237
20.1302846191,29.1634872392,108.29871567
74.9165727093,70.8365127608,0.584257784851
20.8902941785,32.2050652036,108.39565264
74.1565631499,67.7949347964,0.487320814575
21.7813613355,35.3031024042,108.470232797
73.265495993,64.6968975958,0.412740658086
22.8132447744,38.4548854871,108.527025749
72.2336125541,61.5451145129,0.355947705715
23.9956347917,41.654870744,108.570012618
71.0512225367,58.345129256,0.312960836448
25.3345778796,44.8861104385,108.602400095
69.7122794488,55.1138895615,0.280573359473
26.8269148344,48.1139272312,108.626668622
68.219942494,51.8860727688,0.25630483227
28.4672699289,51.3053895697,108.644841288
66.5795873995,48.6946104303,0.238132166896
30.2568354879,54.4475642316,108.658663828
64.7900218405,45.5524357684,0.224309626379
32.1954657473,57.5276178339,108.669347934
62.8513915812,42.4723821661,0.213625521244
34.2820161578,60.5339488153,108.677776056
60.7648411706,39.4660511847,0.20519739841
36.5097289202,63.4510035526,108.684656099
58.5371284082,36.5489964474,0.198317355287
38.8860377401,66.2841392353,108.690589828
56.1608195884,33.7158607647,0.192383626535
41.4171201631,69.0373753097,108.696007581
53.6297371653,30.9626246903,0.186965873731
44.0952188328,71.69992549,108.70112274
50.9516384956,28.30007451,0.181850715061
46.8735827419,74.2312008602,108.70582104
48.1732745865,25.7687991398,0.177152414946
49.6978710579,76.5939641802,108.709885115
45.3489862705,23.4060358198,0.17308833998
52.5412649464,78.7852722153,108.713242487
42.505592382,21.2147277847,0.169730967536
55.4247165106,80.8377964824,108.716185108
39.6221408178,19.1622035176,0.166788346747
58.3769839448,82.7877732911,108.718989617
36.6698733836,17.2122267089,0.163983837257
61.3634258887,84.6288443919,108.721469073
33.6834314398,15.3711556081,0.161504381641
64.3473126467,86.3540477569,108.723568015
30.6995446817,13.6459522431,0.15940543967
67.2902983763,87.9569555231,108.725288221
27.7565589522,12.0430444769,0.157685233792
70.1607773408,89.4392271228,108.7265068
24.8860799877,10.5607728772,0.15646665484
72.9217664144,90.7989110388,108.727341078
22.125090914,9.20108896121,0.155632376543
75.5411601688,92.0356459083,108.728017273
19.5056971596,7.96435409171,0.154956181573
77.9995342598,93.154337825,108.728603768
17.0473230686,6.84566217497,0.154369686618
80.2631591841,94.1520058189,108.729065119
14.7836981443,5.84799418106,0.153908335329
82.3032175487,95.0264594822,108.729353402
12.7436397797,4.9735405178,0.153620052786
84.1168545058,95.7852595965,108.729527044
10.9300028227,4.21474040351,0.153446410299
85.7276725576,96.4447845995,108.729640128
9.31918477088,3.55521540052,0.153333327011
87.1690871623,97.0236148329,108.729721713
7.87777016616,2.9763851671,0.153251741648
88.448177647,97.5285121029,108.729784671
6.59867968146,2.47148789713,0.153188783326
89.564329645,97.9625271754,108.729831409
5.48252768347,2.03747282461,0.153142045386
90.5162941175,98.3279228801,108.72986039
4.53056321095,1.67207711989,0.153113065073
91.3191248898,98.6328166764,108.729869839
3.72773243859,1.36718332357,0.153103615402
91.9935393103,98.8866981131,108.729869527
3.05331801813,1.11330188685,0.153103927783
92.5618896233,99.0990476014,108.729869627
2.48496770514,0.900952398552,0.15310382778
93.0360040385,99.2750817698,108.7298696
2.0108532899,0.724918230155,0.153103854576
93.4283287503,99.4200266225,108.729869607
1.61852857811,0.579973377481,0.153103847396
93.7508615979,99.5387471753,108.729869605
1.29599573052,0.46125282473,0.15310384932
94.0136371776,99.6351659179,108.729869606
1.03322015086,0.364834082087,0.153103848804
94.2255339451,99.7126942767,108.729869606
0.821323383347,0.2873057233,0.153103848942
94.394402747,99.7743297223,108.729869606
0.652454581415,0.225670277716,0.153103848905
94.5301329601,99.8237532067,108.729869606
0.516724368332,0.176246793253,0.153103848915
94.6379689794,99.8629282501,108.729869606
0.408888349044,0.137071749945,0.153103848913
94.7203060693,99.8927753095,108.729869606
0.326551259138,0.107224690526,0.153103848913
94.7822388145,99.9151909365,108.729869606
0.264618513904,0.0848090634943,0.153103848913
94.8293610556,99.9322308102,108.729869606
0.217496272805,0.0677691897639,0.153103848913
94.8667925245,99.9457570554,108.729869606
0.180064803953,0.0542429445846,0.153103848913
94.8969156665,99.9566368839,108.729869606
0.149941661964,0.0433631160931,0.153103848913
94.9213883472,99.9654742803,108.729869606
0.125468981265,0.0345257196888,0.153103848913
94.9412159394,99.9726344236,108.729869606
0.105641389016,0.0273655764283,0.153103848913
94.9572992705,99.9784423987,108.729869606
0.0895580579661,0.0215576012533,0.153103848913
94.9701292715,99.9830755494,108.729869606
0.0767280569492,0.0169244506114,0.153103848913
94.97979952,99.9865676523,108.729869606
0.0670578084768,0.0134323477441,0.153103848913
94.9869974629,99.9891669613,108.729869606
0.0598598655027,0.0108330386701,0.153103848913
94.9924613794,99.9911400816,108.729869606
0.0543959490784,0.00885991838414,0.153103848913
94.9969775755,99.9927709629,108.729869606
0.0498797529803,0.0072290371415,0.153103848913
95.0007186858,99.9941219463,108.729869606
0.0461386426332,0.00587805365349,0.153103848913
95.0037868245,99.9952299075,108.729869606
0.0430705038927,0.00477009252361,0.153103848913
95.0062595158,99.9961228415,108.729869606
0.0405978126078,0.00387715846527,0.153103848913
95.008245854,99.9968401446,108.729869606
0.0386114744385,0.00315985541938,0.153103848913
95.0098158338,99.997407093,108.729869606
0.037041494655,0.00259290698806,0.153103848913
95.0109861602,99.9978297193,108.729869606
0.0358711682142,0.0021702806868,0.153103848913
95.0118553948,99.9981436158,108.729869606
0.0350019336017,0.00185638415975,0.153103848913
95.0125003467,99.9983765197,108.729869606
0.0343569817688,0.00162348026788,0.153103848913
95.0129680236,99.9985454064,108.729869606
0.0338893048746,0.00145459359803,0.153103848913
95.0133019995,99.9986660112,108.729869606
0.0335553289282,0.00133398877036,0.153103848913
95.0135471293,99.9987545321,108.729869606
0.0333101991621,0.00124546792234,0.153103848913
95.0137653807,99.9988333467,108.729869606
0.0330919477395,0.00116665333202,0.153103848913
95.0139601513,99.9989036819,108.729869606
0.032897177155,0.00109631811947,0.153103848913
95.0141366805,99.9989674298,108.729869606
0.0327206479458,0.00103257019422,0.153103848913
95.0142578696,99.9990111934,108.729869606
0.0325994587919,0.000988806573122,0.153103848913
95.0143849403,99.9990570809,108.729869606
0.0324723881816,0.00094291905011,0.153103848913
95.0144278855,99.9990725893,108.729869606
0.0324294429757,0.000927410749733,0.153103848913
0.0,0.0,0.0
95.0468573284,100.0,108.882973455
0.0352636230774,0.000976973386978,0.167182449444
95.0115937054,99.9990230266,108.715791005
0.0854885918653,0.00236128154701,0.405594561969
94.9613687366,99.9976387185,108.477378893
0.160706782246,0.00444372941848,0.763322481564
94.8861505462,99.9955562706,108.119650973
0.27876789563,0.00772543661902,1.32594317085
94.7680894328,99.9922745634,107.557030284
0.455007377156,0.0126387544934,2.16764307448
94.5918499513,99.9873612455,106.71533038
0.713414822551,0.0199406426153,3.40462630705
94.3334425059,99.9800593574,105.478347148
1.08656973811,0.0309460959686,5.19639754052
93.9602875903,99.969053904,103.686575914
1.60009998569,0.047319843357,7.67295779497
93.4467573427,99.9526801566,101.21001566
2.24912058747,0.0702326199205,10.8184950291
92.797736741,99.9297673801,98.0644784257
3.00674463846,0.100490117161,14.5119620279
92.04011269,99.8995098828,94.3710114269
3.89924014365,0.141642402412,18.895743169
91.1476171848,99.8583575976,89.9872302857
4.92336359876,0.196975080851,23.9701797407
90.1234937297,99.8030249191,84.912793714
6.04907518752,0.268961617206,29.6048905227
88.9977821409,99.7310383828,79.278082932
7.2343266692,0.3587255168,35.6116083238
87.8125306592,99.6412744832,73.2713651309
8.4499665001,0.468521782326,41.8686208902
86.5968908283,99.5314782177,67.0143525646
9.67894055108,0.602004828327,48.3169055958
85.3679167774,99.3979951717,60.566067859
10.8833491421,0.759683117276,54.7827627378
84.1635081863,99.2403168827,54.100210717
12.0394948316,0.943619630138,61.1599521872
83.0073624968,99.0563803699,47.7230212675
13.1299032093,1.15732316329,67.3680410779
81.9169541192,98.8426768367,41.5149323768
14.129500384,1.40175028555,73.2672173894
80.9173569444,98.5982497144,35.6157560653
15.0109205044,1.67955766051,78.6927029437
80.0359368241,98.3204423395,30.190270511
15.7508616276,1.99565308553,83.4934291317
79.2959957008,98.0043469145,25.3895443231
16.3578346155,2.35911107688,87.6918211425
78.6890227129,97.6408889231,21.1911523122
16.8446016518,2.77930194675,91.3286173984
78.2022556766,97.2206980533,17.5543560563
17.2208591312,3.26423748875,94.4249023982
77.8259981973,96.7357625112,14.4580710566
17.4946432475,3.81022651108,96.9830806754
77.552214081,96.1897734889,11.8998927794
17.6830881357,4.41911027975,99.0602384943
77.3637691927,95.5808897202,9.82273496044
17.8082805371,5.10199896968,100.749247323
77.2385767913,94.8980010303,8.13372613186
17.8870506089,5.88410023663,102.144637939
77.1598067195,94.1158997634,6.73833551601
17.9320341729,6.79021342809,103.313658258
77.1148231556,93.2097865719,5.56931519705
17.954096704,7.84109022744,104.297701385
77.0927606244,92.1589097726,4.58527206969
17.9637117643,9.06317748078,105.130591701
77.0831455642,90.9368225192,3.75238175418
17.9725829236,10.4775084152,105.831791064
77.0742744048,89.5224915848,3.05118239049
17.9949886006,12.0978586901,106.408125488
77.0518687279,87.9021413099,2.47484796689
18.0486299832,13.933236526,106.868200511
76.9982273452,86.066763474,2.01477294407
18.1533648351,15.9846401459,107.227881241
76.8934924933,84.0153598541,1.65509221336
18.328985752,18.2404791192,107.508846134
76.7178715764,81.7595208808,1.37412732114
18.5957210044,20.7007380077,107.734560386
76.4511363241,79.2992619923,1.14841306873
18.9727682509,23.3582280066,107.921056907
76.0740890775,76.6417719934,0.961916548191
19.4764874474,26.19706404,108.075068368
75.5703698811,73.80293596,0.807905086283
20.1092681711,29.1628958103,108.199188146
74.9375891574,70.8371041897,0.683785308897
20.8692777305,32.2044737747,108.296125116
74.177579598,67.7955262253,0.586848338621
21.7603448874,35.3025109753,108.370705273
73.2865124411,64.6974890247,0.512268182132
22.7922283263,38.4542940582,108.427498225
72.2546290021,61.5457059418,0.455475229761
23.9746183436,41.6542793151,108.470485094
71.0722389848,58.3457206849,0.412488360494
25.3135614316,44.8855190096,108.502872571
69.7332958969,55.1144809904,0.380100883519
26.8058983863,48.1133358023,108.527141098
68.2409589421,51.8866641977,0.355832356316
28.4462534808,51.3047981408,108.545313764
66.6006038476,48.6952018592,0.337659690942
30.2358190398,54.4469728027,108.559136304
64.8110382886,45.5530271973,0.323837150425
32.1744492992,57.527026405,108.569820409
62.8724080292,42.472973595,0.31315304529
34.2609997098,60.5333573863,108.578248532
60.7858576187,39.4666426137,0.304724922456
36.4887124722,63.4504121237,108.585128575
58.5581448563,36.5495878763,0.297844879333
38.865021292,66.2835478064,108.591062304
56.1818360364,33.7164521936,0.291911150581
41.396103715,69.0367838808,108.596480057
53.6507536134,30.9632161192,0.286493397777
44.0742023847,71.6993340611,108.601595216
50.9726549437,28.3006659389,0.281378239107
46.8525662938,74.2306094313,108.606293516
48.1942910346,25.7693905687,0.276679938992
49.6768546099,76.5933727513,108.610357591
45.3700027186,23.4066272487,0.272615864026
52.5202484983,78.7846807864,108.613714963
42.5266088301,21.2153192136,0.269258491582
55.4037000625,80.8372050535,108.616657584
39.6431572659,19.1627949465,0.266315870793
58.3559674967,82.7871818622,108.619462093
36.6908898317,17.2128181378,0.263511361303
61.3424094406,84.628252963,108.621941549
33.7044478879,15.371747037,0.261031905687
64.3262961987,86.353456328,108.624040491
30.7205611298,13.646543672,0.258932963716
67.2692819282,87.9563640941,108.625760697
27.7775754003,12.0436359059,0.257212757838
70.1397608927,89.4386356939,108.626979276
24.9070964357,10.5613643061,0.255994178886
72.9007499664,90.7983196099,108.627813554
22.1461073621,9.20168039013,0.255159900589
75.5201437207,92.0350544794,108.628489749
19.5267136077,7.96494552063,0.254483705619
77.9785178118,93.1537463961,108.629076244
17.0683395167,6.84625360389,0.253897210664
80.2421427361,94.15141439,108.629537595
14.8047145924,5.84858560997,0.253435859375
82.2822011006,95.0258680533,108.629825878
12.7646562278,4.97413194671,0.253147576832
84.0958380577,95.7846681676,108.62999952
10.9510192707,4.21533183242,0.252973934345
85.7066561095,96.4441931706,108.630112604
9.34020121895,3.55580682944,0.252860851057
87.1480707142,97.023023404,108.630194189
7.89878661423,2.97697659601,0.252779265694
88.4271611989,97.527920674,108.630257147
6.61969612953,2.47207932605,0.252716307372
89.5433131969,97.9619357465,108.630303885
5.50354413154,2.03806425353,0.252669569431
90.4952776694,98.3273314512,108.630332866
4.55157965902,1.67266854881,0.252640589119
91.2981084418,98.6322252475,108.630342315
3.74874888666,1.36777475249,0.252631139448
91.9725228622,98.8861066842,108.630342003
3.0743344662,1.11389331577,0.252631451829
92.5408731752,99.0984561725,108.630342103
2.50598415321,0.901543827468,0.252631351826
93.0149875905,99.2744903409,108.630342076
2.03186973797,0.725509659071,0.252631378622
93.4073123023,99.4194351936,108.630342083
1.63954502618,0.580564806397,0.252631371442
93.7298451498,99.5381557464,108.630342081
1.31701217859,0.461844253646,0.252631373366
93.9926207295,99.634574489,108.630342082
1.05423659893,0.365425511003,0.25263137285
94.204517497,99.7121028478,108.630342082
0.842339831416,0.287897152216,0.252631372988
94.373386299,99.7737382934,108.630342082
0.673471029484,0.226261706632,0.252631372951
94.509116512,99.8231617778,108.630342082
0.537740816402,0.176838222168,0.252631372961
94.6169525313,99.8623368211,108.630342082
0.429904797113,0.137663178861,0.252631372959
94.6992896212,99.8921838806,108.630342082
0.347567707207,0.107816119442,0.252631372959
94.7612223665,99.9145995076,108.630342082
0.285634961974,0.08540049241,0.252631372959
94.8083446076,99.9316393813,108.630342082
0.238512720875,0.0683606186796,0.252631372959
94.8457760764,99.9451656265,108.630342082
0.201081252023,0.0548343735002,0.252631372959
94.8758992184,99.956045455,108.630342082
0.170958110034,0.0439545450088,0.252631372959
94.9003718991,99.9648828514,108.630342082
0.146485429335,0.0351171486044,0.252631372959
94.9201994914,99.9720429947,108.630342082
0.126657837086,0.0279570053439,0.252631372959
94.9362828224,99.9778509698,108.630342082
0.110574506036,0.022149030169,0.252631372959
94.9491128234,99.9824841205,108.630342082
0.0977445050188,0.0175158795271,0.252631372959
94.9587830719,99.9859762233,108.630342082
0.0880742565463,0.0140237766597,0.252631372959
94.9659810149,99.9885755324,108.630342082
0.0808763135723,0.0114244675857,0.252631372959
94.9714449313,99.9905486527,108.630342082
0.075412397148,0.0094513472998,0.252631372959
94.9759611274,99.9921795339,108.630342082
0.0708962010499,0.00782046605716,0.252631372959
94.9797022377,99.9935305174,108.630342082
0.0671550907028,0.00646948256915,0.252631372959
94.9827703765,99.9946384786,108.630342082
0.0640869519623,0.00536152143927,0.252631372959
94.9852430678,99.9955314126,108.630342082
0.0616142606774,0.00446858738093,0.252631372959
94.9872294059,99.9962487157,108.630342082
0.0596279225081,0.00375128433505,0.252631372959
94.9887993857,99.9968156641,108.630342082
0.0580579427245,0.00318433590372,0.252631372959
94.9899697122,99.9972382904,108.630342082
0.0568876162838,0.00276170960246,0.252631372959
94.9908389468,99.9975521869,108.630342082
0.0560183816713,0.00244781307541,0.252631372959
94.9914838986,99.9977850908,108.630342082
0.0553734298384,0.00221490918355,0.252631372959
94.9919515755,99.9979539775,108.630342082
0.0549057529442,0.00204602251369,0.252631372959
94.9922855514,99.9980745823,108.630342082
0.0545717769978,0.00192541768602,0.252631372959
94.9925306812,99.9981631032,108.630342082
0.0543266472317,0.001836896838,0.252631372959
94.9927489326,99.9982419178,108.630342082
0.0541083958091,0.00175808224768,0.252631372959
94.9929437032,99.998312253,108.630342082
0.0539136252246,0.00168774703514,0.252631372959
94.9931202324,99.9983760009,108.630342082
0.0537370960154,0.00162399910988,0.252631372959
94.9932414216,99.9984197645,108.630342082
0.0536159068615,0.00158023548878,0.252631372959
94.9933684922,99.998465652,108.630342082
0.0534888362512,0.00153434796577,0.252631372959
94.9934114374,99.9984811603,108.630342082
0.0534458910453,0.00151883966539,0.252631372959
0.0,0.0,0.0
95.0468573284,100.0,108.882973455
0.0502249687879,0.00138430816003,0.238412112525
94.9966323597,99.9986156918,108.644561342
0.125443159169,0.0034667560315,0.596140032121
94.9214141693,99.996533244,108.286833423
0.243504272553,0.00674846323204,1.15876072141
94.8033530559,99.9932515368,107.724212733
0.419743754078,0.0116617811065,2.00046062504
94.6271135744,99.9883382189,106.88251283
0.678151199474,0.0189636692284,3.23744385761
94.368706129,99.9810363308,105.645529597
1.05130611504,0.0299691225816,5.02921509107
93.9955512134,99.9700308774,103.853758364
1.56483636262,0.04634286997,7.50577534553
93.4820209658,99.95365713,101.377198109
2.21385696439,0.0692556465336,10.6513125796
92.833000364,99.9307443535,98.2316608751
2.97148101539,0.0995131437742,14.3447795784
92.0753763131,99.9004868562,94.5381938763
3.86397652057,0.140665429025,18.7285607196
91.1828808079,99.859334571,90.1544127352
4.88809997568,0.195998107464,23.8029972913
90.1587573528,99.8040018925,85.0799761635
6.01381156444,0.267984643819,29.4377080733
89.033045764,99.7320153562,79.4452653814
7.19906304612,0.357748543413,35.4444258744
87.8477942823,99.6422514566,73.4385475804
8.41470287702,0.467544808939,41.7014384407
86.6321544514,99.5324551911,67.181535014
9.643676928,0.60102785494,48.1497231463
85.4031804004,99.3989721451,60.7332503084
10.8480855191,0.758706143889,54.6155802883
84.1987718094,99.2412938561,54.2673931664
12.0042312085,0.942642656751,60.9927697378
83.0426261199,99.0573573432,47.890203717
13.0946395862,1.15634618991,67.2008586285
81.9522177422,98.8436538101,41.6821148263
14.0942367609,1.40077331216,73.10003494
80.9526205675,98.5992266878,35.7829385147
14.9756568813,1.67858068712,78.5255204943
80.0712004471,98.3214193129,30.3574529605
15.7155980046,1.99467611214,83.3262466822
79.3312593239,98.0053238879,25.5567267725
16.3225709925,2.35813410349,87.5246386931
78.724286336,97.6418658965,21.3583347617
16.8093380287,2.77832497336,91.161434949
78.2375192997,97.2216750266,17.7215385058
17.1855955081,3.26326051536,94.2577199487
77.8612618203,96.7367394846,14.625253506
17.4593796244,3.80924953769,96.8158982259
77.587477704,96.1907504623,12.0670752288
17.6478245127,4.41813330636,98.8930560449
77.3990328158,95.5818666936,9.98991740989
17.7730169141,5.1010219963,100.582064873
77.2738404144,94.8989780037,8.3009085813
17.8517869858,5.88312326324,101.977455489
77.1950703426,94.1168767368,6.90551796545
17.8967705498,6.7892364547,103.146475808
77.1500867786,93.2107635453,5.73649764649
17.918833081,7.84011325406,104.130518936
77.1280242475,92.1598867459,4.75245451914
17.9284481412,9.06220050739,104.963409251
77.1184091872,90.9377994926,3.91956420362
17.9373193005,10.4765314419,105.664608615
77.1095380279,89.5234685581,3.21836483993
17.9597249775,12.0968817167,106.240943038
77.0871323509,87.9031182833,2.64203041633
18.0133663601,13.9322595527,106.701018061
77.0334909683,86.0677404473,2.18195539351
18.1181012121,15.9836631725,107.060698792
76.9287561164,84.0163368275,1.82227466281
18.2937221289,18.2395021458,107.341663684
76.7531351995,81.7604978542,1.54130977059
18.5604573813,20.6997610343,107.567377937
76.4863999472,79.3002389657,1.31559551817
18.9375046278,23.3572510332,107.753874457
76.1093527006,76.6427489668,1.12909899763
19.4412238243,26.1960870666,107.907885919
75.6056335041,73.8039129334,0.975087535726
20.074004548,29.1619188369,108.032005696
74.9728527804,70.8380811631,0.850967758341
20.8340141074,32.2034968013,108.128942667
74.2128432211,67.7965031987,0.754030788065
21.7250812643,35.3015340019,108.203522823
73.3217760641,64.6984659981,0.679450631575
22.7569647032,38.4533170848,108.260315776
72.2898926252,61.5466829152,0.622657679204
23.9393547206,41.6533023417,108.303302645
71.1075026079,58.3466976583,0.579670809938
25.2782978085,44.8845420362,108.335690122
69.7685595199,55.1154579638,0.547283332963
26.7706347633,48.1123588289,108.359958649
68.2762225652,51.8876411711,0.52301480576
28.4109898578,51.3038211674,108.378131314
66.6358674707,48.6961788326,0.504842140385
30.2005554168,54.4459958293,108.391953855
64.8463019117,45.5540041707,0.491019599868
32.1391856761,57.5260494316,108.40263796
62.9076716523,42.4739505684,0.480335494734
34.2257360867,60.532380413,108.411066083
60.8211212417,39.467619587,0.471907371899
36.4534488491,63.4494351503,108.417946126
58.5934084793,36.5505648497,0.465027328777
38.8297576689,66.282570833,108.423879855
56.2170996595,33.717429167,0.459093600024
41.3608400919,69.0358069074,108.429297608
53.6860172365,30.9641930926,0.453675847221
44.0389387617,71.6983570877,108.434412766
51.0079185668,28.3016429123,0.44856068855
46.8173026708,74.2296324579,108.439111066
48.2295546577,25.7703675421,0.443862388436
49.6415909868,76.5923957779,108.443175141
45.4052663416,23.4076042221,0.43979831347
52.4849848753,78.783703813,108.446532514
42.5618724532,21.216296187,0.436440941026
55.3684364394,80.8362280801,108.449475135
39.678420889,19.1637719199,0.433498320237
58.3207038736,82.7862048888,108.452279644
36.7261534548,17.2137951112,0.430693810747
61.3071458175,84.6272759896,108.4547591
33.7397115109,15.3727240104,0.42821435513
64.2910325756,86.3524793546,108.456858042
30.7558247528,13.6475206454,0.426115413159
67.2340183051,87.9553871208,108.458578247
27.8128390233,12.0446128792,0.424395207281
70.1044972696,89.4376587205,108.459796826
24.9423600588,10.5623412795,0.42317662833
72.8654863433,90.7973426365,108.460631105
22.1813709852,9.20265736351,0.422342350032
75.4848800977,92.034077506,108.4613073
19.5619772308,7.96592249401,0.421666155063
77.9432541887,93.1527694227,108.461893795
17.1036031397,6.84723057727,0.421079660108
80.206879113,94.1504374166,108.462355146
14.8399782154,5.84956258336,0.420618308819
82.2469374775,95.0248910799,108.462643428
12.7999198509,4.9751089201,0.420330026275
84.0605744346,95.7836911942,108.462817071
10.9862828938,4.21630880581,0.420156383789
85.6713924864,96.4432161972,108.462930154
9.37546484202,3.55678380283,0.420043300501
87.1128070911,97.0220464306,108.46301174
7.9340502373,2.9779535694,0.419961715138
88.3918975758,97.5269437006,108.463074698
6.65495975261,2.47305629943,0.419898756816
89.5080495738,97.9609587731,108.463121436
5.53880775462,2.03904122692,0.419852018875
90.4600140463,98.3263544778,108.463150416
4.58684328209,1.6736455222,0.419823038563
91.2628448187,98.6312482741,108.463159866
3.78401250974,1.36875172587,0.419813588891
91.9372592392,98.8851297108,108.463159553
3.10959808928,1.11487028915,0.419813901273
92.5056095522,99.0974791991,108.463159653
2.54124777629,0.902520800855,0.41981380127
92.9797239674,99.2735133675,108.463159627
2.06713336104,0.726486632458,0.419813828065
93.3720486792,99.4184582202,108.463159634
1.67480864925,0.581541779784,0.419813820886
93.6945815268,99.537178773,108.463159632
1.35227580167,0.462821227033,0.419813822809
93.9573571064,99.6335975156,108.463159632
1.08950022201,0.36640248439,0.419813822294
94.1692538739,99.7111258744,108.463159632
0.877603454494,0.288874125603,0.419813822432
94.3381226759,99.77276132,108.463159632
0.708734652562,0.227238680019,0.419813822395
94.473852889,99.8221848044,108.463159632
0.573004439479,0.177815195555,0.419813822405
94.5816889082,99.8613598478,108.463159632
0.46516842019,0.138640152248,0.419813822402
94.6640259982,99.8912069072,108.463159632
0.382831330285,0.108793092829,0.419813822403
94.7259587434,99.9136225342,108.463159632
0.320898585051,0.086377465797,0.419813822403
94.7730809845,99.9306624079,108.463159632
0.273776343952,0.0693375920666,0.419813822403
94.8105124533,99.9441886531,108.463159632
0.2363448751,0.0558113468872,0.419813822403
94.8406355953,99.9550684816,108.463159632
0.206221733111,0.0449315183958,0.419813822403
94.865108276,99.963905878,108.463159632
0.181749052412,0.0360941219914,0.419813822403
94.8849358683,99.9710660213,108.463159632
0.161921460163,0.0289339787309,0.419813822403
94.9010191993,99.9768739964,108.463159632
0.145838129113,0.0231260035559,0.419813822403
94.9138492003,99.9815071471,108.463159632
0.133008128096,0.0184928529141,0.419813822403
94.9235194488,99.98499925,108.463159632
0.123337879624,0.0150007500467,0.419813822403
94.9307173918,99.987598559,108.463159632
0.11613993665,0.0124014409727,0.419813822403
94.9361813082,99.9895716793,108.463159632
0.110676020225,0.0104283206868,0.419813822403
94.9406975043,99.9912025606,108.463159632
0.106159824127,0.00879743944414,0.419813822403
94.9444386147,99.992553544,108.463159632
0.10241871378,0.00744645595613,0.419813822403
94.9475067534,99.9936615052,108.463159632
0.0993505750397,0.00633849482625,0.419813822403
94.9499794447,99.9945544392,108.463159632
0.0968778837548,0.00544556076791,0.419813822403
94.9519657829,99.9952717423,108.463159632
0.0948915455855,0.00472825772202,0.419813822403
94.9535357626,99.9958386907,108.463159632
0.0933215658019,0.0041613092907,0.419813822403
94.9547060891,99.996261317,108.463159632
0.0921512393612,0.00373868298944,0.419813822403
94.9555753237,99.9965752135,108.463159632
0.0912820047486,0.00342478646239,0.419813822403
94.9562202755,99.9968081174,108.463159632
0.0906370529158,0.00319188257052,0.419813822403
94.9566879524,99.9969770041,108.463159632
0.0901693760215,0.00302299590067,0.419813822403
94.9570219284,99.9970976089,108.463159632
0.0898354000752,0.002902391073,0.419813822403
94.9572670581,99.9971861298,108.463159632
0.0895902703091,0.00281387022498,0.419813822403
94.9574853096,99.9972649444,108.463159632
0.0893720188865,0.00273505563466,0.419813822403
94.9576800801,99.9973352796,108.463159632
0.089177248302,0.00266472042211,0.419813822403
94.9578566093,99.9973990275,108.463159632
0.0890007190928,0.00260097249686,0.419813822403
94.9579777985,99.9974427911,108.463159632
0.0888795299388,0.00255720887576,0.419813822403
94.9581048691,99.9974886786,108.463159632
0.0887524593286,0.00251132135275,0.419813822403
94.9581478143,99.9975041869,108.463159632
0.0887095141227,0.00249581305237,0.419813822403
0.0,0.0,0.0
95.0468573284,100.0,108.882973455
0.075218190381,0.00208244787147,0.357727919595
94.9716391381,99.9979175521,108.525245535
0.193279303765,0.00536415507201,0.920348608883
94.8535780247,99.9946358449,107.962624846
0.36951878529,0.0102774729464,1.76204851251
94.6773385431,99.9897225271,107.120924942
0.627926230686,0.0175793610683,2.99903174508
94.4189310978,99.9824206389,105.88394171
1.00108114625,0.0285848144215,4.79080297855
94.0457761822,99.9714151856,104.092170476
1.51461139383,0.04495856181,7.267363233
93.5322459346,99.9550414382,101.615610222
2.1636319956,0.0678713383735,10.4129004671
92.8832253328,99.9321286616,98.4700729876
2.9212560466,0.0981288356142,14.1063674659
92.1256012818,99.9018711644,94.7766059889
3.81375155179,0.139281120865,18.4901486071
91.2331057767,99.8607188791,90.3928248477
4.83787500689,0.194613799304,23.5645851787
90.2089823215,99.8053862007,85.318388276
5.96358659565,0.266600335659,29.1992959608
89.0832707328,99.7333996643,79.683677494
7.14883807733,0.356364235253,35.2060137619
87.8980192511,99.6436357647,73.6769596929
8.36447790824,0.466160500779,41.4630263282
86.6823794202,99.5338394992,67.4199471265
9.59345195922,0.59964354678,47.9113110338
85.4534053692,99.4003564532,60.9716624209
10.7978605503,0.757321835729,54.3771681758
84.2489967782,99.2426781643,54.5058052789
11.9540062397,0.941258348591,60.7543576253
83.0928510887,99.0587416514,48.1286158295
13.0444146174,1.15496188175,66.962446516
82.002442711,98.8450381183,41.9205269388
14.0440117921,1.399389004,72.8616228275
81.0028455363,98.600610996,36.0213506273
14.9254319125,1.67719637896,78.2871083817
80.1214254159,98.322803621,30.595865073
15.6653730358,1.99329180398,83.0878345697
79.3814842927,98.006708196,25.7951388851
16.2723460237,2.35674979533,87.2862265805
78.7745113048,97.6432502047,21.5967468742
16.75911306,2.7769406652,90.9230228365
78.2877442685,97.2230593348,17.9599506183
17.1353705393,3.2618762072,94.0193078362
77.9114867891,96.7381237928,14.8636656185
17.4091546556,3.80786522953,96.5774861134
77.6377026728,96.1921347705,12.3054873414
17.5975995439,4.4167489982,98.6546439323
77.4492577846,95.5832510018,10.2283295224
17.7227919453,5.09963768814,100.343652761
77.3240653832,94.9003623119,8.53932069383
17.801562017,5.88173895508,101.739043377
77.2452953114,94.1182610449,7.14393007798
17.846545581,6.78785214654,102.908063696
77.2003117474,93.2121478535,5.97490975901
17.8686081122,7.8387289459,103.892106823
77.1782492163,92.1612710541,4.99086663166
17.8782231724,9.06081619923,104.724997139
77.168634156,90.9391838008,4.15797631615
17.8870943318,10.4751471337,105.426196502
77.1597629967,89.5248528663,3.45677695246
17.9095000087,12.0954974085,106.002530926
77.1373573197,87.9045025915,2.88044252885
17.9631413913,13.9308752445,106.462605949
77.0837159371,86.0691247555,2.42036750604
18.0678762433,15.9822788644,106.822286679
76.9789810852,84.0177211356,2.06068677533
18.2434971601,18.2381178377,107.103251572
76.8033601683,81.7618821623,1.77972188311
18.5102324125,20.6983767262,107.328965824
76.5366249159,79.3016232738,1.5540076307
18.887279659,23.3558667251,107.515462345
76.1595776694,76.6441332749,1.36751111016
19.3909988555,26.1947027584,107.669473806
75.6558584729,73.8052972416,1.21349964825
20.0237795792,29.1605345288,107.793593584
75.0230777492,70.8394654712,1.08937987087
20.7837891386,32.2021124932,107.890530554
74.2630681898,67.7978875068,0.99244290059
21.6748562955,35.3001496938,107.965110711
73.3720010329,64.6998503062,0.917862744101
22.7067397344,38.4519327766,108.021903663
72.340117594,61.5480672234,0.86106979173
23.8891297518,41.6519180335,108.064890532
71.1577275767,58.3480819665,0.818082922463
25.2280728397,44.8831577281,108.097278009
69.8187844887,55.1168422719,0.785695445488
26.7204097945,48.1109745208,108.121546536
68.326447534,51.8890254792,0.761426918285
28.360764889,51.3024368592,108.139719202
66.6860924395,48.6975631408,0.743254252911
30.150330448,54.4446115211,108.153541742
64.8965268805,45.5553884789,0.729431712393
32.0889607073,57.5246651234,108.164225847
62.9578966211,42.4753348766,0.718747607259
34.1755111179,60.5309961048,108.17265397
60.8713462105,39.4690038952,0.710319484425
36.4032238803,63.4480508422,108.179534013
58.6436334481,36.5519491578,0.703439441302
38.7795327001,66.2811865248,108.185467742
56.2673246283,33.7188134752,0.69750571255
41.3106151232,69.0344225992,108.190885495
53.7362422053,30.9655774008,0.692087959746
43.9887137929,71.6969727795,108.196000654
51.0581435356,28.3030272205,0.686972801076
46.767077702,74.2282481497,108.200698954
48.2797796265,25.7717518503,0.682274500961
49.591366018,76.5910114697,108.204763029
45.4554913104,23.4089885303,0.678210425995
52.4347599065,78.7823195049,108.208120401
42.612097422,21.2176804951,0.674853053551
55.3182114707,80.834843772,108.211063022
39.7286458578,19.165156228,0.671910432762
58.2704789049,82.7848205807,108.213867531
36.7763784236,17.2151794193,0.669105923272
61.2569208487,84.6258916815,108.216346987
33.7899364797,15.3741083185,0.666626467656
64.2408076068,86.3510950464,108.218445929
30.8060497216,13.6489049536,0.664527525685
67.1837933363,87.9540028126,108.220166135
27.8630639921,12.0459971874,0.662807319807
70.0542723008,89.4362744124,108.221384714
24.9925850276,10.5637255876,0.661588740855
72.8152613745,90.7959583283,108.222218992
22.231595954,9.20404167167,0.660754462558
75.4346551289,92.0326931978,108.222895187
19.6122021996,7.96730680217,0.660078267588
77.8930292199,93.1513851146,108.223481682
17.1538281085,6.84861488543,0.659491772633
80.1566541442,94.1490531085,108.223943033
14.8902031842,5.85094689152,0.659030421344
82.1967125088,95.0235067717,108.224231316
12.8501448197,4.97649322826,0.658742138801
84.0103494658,95.782306886,108.224404958
11.0365078626,4.21769311397,0.658568496314
85.6211675176,96.441831889,108.224518042
9.42568981081,3.55816811099,0.658455413026
87.0625821223,97.0206621224,108.224599627
7.98427520609,2.97933787756,0.658373827663
88.341672607,97.5255593924,108.224662585
6.7051847214,2.47444060759,0.658310869341
89.457824605,97.9595744649,108.224709323
5.58903272341,2.04042553508,0.6582641314
90.4097890776,98.3249701696,108.224738304
4.63706825088,1.67502983036,0.658235151088
91.2126198499,98.629863966,108.224747753
3.83423747853,1.37013603403,0.658225701416
91.8870342704,98.8837454027,108.224747441
3.15982305806,1.11625459731,0.658226013798
92.4553845834,99.096094891,108.224747541
2.59147274507,0.903905109015,0.658225913795
92.9294989986,99.2721290594,108.224747514
2.11735832983,0.727870940618,0.658225940591
93.3218237104,99.4170739121,108.224747521
1.72503361804,0.582926087944,0.658225933411
93.644356558,99.5357944648,108.224747519
1.40250077045,0.464205535193,0.658225935335
93.9071321376,99.6322132074,108.22474752
1.1397251908,0.36778679255,0.658225934819
94.1190289052,99.7097415662,108.22474752
0.927828423282,0.290258433763,0.658225934957
94.2878977071,99.7713770118,108.22474752
0.758959621349,0.228622988179,0.65822593492
94.4236279202,99.8208004963,108.22474752
0.623229408267,0.179199503715,0.65822593493
94.5314639395,99.8599755396,108.22474752
0.515393388978,0.140024460408,0.658225934928
94.6138010294,99.889822599,108.22474752
0.433056299073,0.110177400989,0.658225934928
94.6757337746,99.912238226,108.22474752
0.371123553839,0.087761773957,0.658225934928
94.7228560157,99.9292780998,108.22474752
0.32400131274,0.0707219002266,0.658225934928
94.7602874846,99.942804345,108.22474752
0.286569843888,0.0571956550473,0.658225934928
94.7904106265,99.9536841734,108.22474752
0.256446701899,0.0463158265558,0.658225934928
94.8148833072,99.9625215698,108.22474752
0.2319740212,0.0374784301515,0.658225934928
94.8347108995,99.9696817131,108.22474752
0.212146428951,0.030318286891,0.658225934928
94.8507942305,99.9754896883,108.22474752
0.196063097901,0.024510311716,0.658225934928
94.8636242316,99.9801228389,108.22474752
0.183233096884,0.0198771610741,0.658225934928
94.87329448,99.9836149418,108.22474752
0.173562848412,0.0163850582067,0.658225934928
94.880492423,99.9862142509,108.22474752
0.166364905438,0.0137857491327,0.658225934928
94.8859563394,99.9881873712,108.22474752
0.160900989013,0.0118126288468,0.658225934928
94.8904725355,99.9898182524,108.22474752
0.156384792915,0.0101817476042,0.658225934928
94.8942136459,99.9911692359,108.22474752
0.152643682568,0.00883076411616,0.658225934928
94.8972817846,99.992277197,108.22474752
0.149575543828,0.00772280298628,0.658225934928
94.8997544759,99.9931701311,108.22474752
0.147102852543,0.00682986892795,0.658225934928
94.9017408141,99.9938874341,108.22474752
0.145116514373,0.00611256588206,0.658225934928
94.9033107938,99.9944543825,108.22474752
0.14354653459,0.00554561745073,0.658225934928
94.9044811203,99.9948770089,108.22474752
0.142376208149,0.00512299114948,0.658225934928
94.9053503549,99.9951909054,108.22474752
0.141506973537,0.00480909462242,0.658225934928
94.9059953067,99.9954238093,108.22474752
0.140862021704,0.00457619073056,0.658225934928
94.9064629836,99.9955926959,108.22474752
0.140394344809,0.0044073040607,0.658225934928
94.9067969596,99.9957133008,108.22474752
0.140060368863,0.00428669923303,0.658225934928
94.9070420893,99.9958018216,108.22474752
0.139815239097,0.00419817838501,0.658225934928
94.9072603408,99.9958806362,108.22474752
0.139596987674,0.00411936379469,0.658225934928
94.9074551113,99.9959509714,108.22474752
0.13940221709,0.00404902858215,0.658225934928
94.9076316406,99.9960147193,108.22474752
0.139225687881,0.00398528065689,0.658225934928
94.9077528297,99.996058483,108.22474752
0.139104498727,0.0039415170358,0.658225934928
94.9078799003,99.9961043705,108.22474752
0.138977428116,0.00389562951278,0.658225934928
94.9079228455,99.9961198788,108.22474752
0.138934482911,0.00388012121241,0.658225934928
0.0,0.0,0.0
95.0468573284,100.0,108.882973455
0.118061113384,0.00328170720054,0.562620689288
94.9287962151,99.9967182928,108.320352765
0.294300594909,0.00819502507497,1.40432059292
94.7525567335,99.9918049749,107.478652862
0.552708040305,0.0154969131969,2.64130382549
94.4941492881,99.9845030868,106.241669629
0.925862955868,0.0265023665501,4.43307505895
94.1209943726,99.9734976334,104.449898396
1.43939320345,0.0428761139385,6.9096353134
93.607464125,99.9571238861,101.973338141
2.08841380522,0.0657888905021,10.0551725475
92.9584435232,99.9342111095,98.8278009072
2.84603785622,0.0960463877427,13.7486395463
92.2008194722,99.9039536123,95.1343339085
3.7385333614,0.137198672994,18.1324206875
91.308323967,99.862801327,90.7505527673
4.76265681651,0.192531351432,23.2068572591
90.2842005119,99.8074686486,85.6761161956
5.88836840527,0.264517887787,28.8415680412
89.1584889232,99.7354821122,80.0414054136
7.07361988695,0.354281787382,34.8482858423
87.9732374415,99.6457182126,74.0346876125
8.28925971786,0.464078052907,41.1052984086
86.7575976106,99.5359219471,67.7776750461
9.51823376884,0.597561098908,47.5535831142
85.5286235596,99.4024389011,61.3293903405
10.7226423599,0.755239387858,54.0194402562
84.3242149686,99.2447606121,54.8635331985
11.8787880494,0.93917590072,60.3966297057
83.1680692791,99.0608240993,48.4863437491
12.969196427,1.15287943387,66.6047185964
82.0776609014,98.8471205661,42.2782548584
13.9687936018,1.39730655613,72.5038949079
81.0780637267,98.6026934439,36.3790785469
14.8502137221,1.67511393109,77.9293804621
80.1966436063,98.3248860689,30.9535929926
15.5901548454,1.99120935611,82.7301066501
79.4567024831,98.0087906439,26.1528668046
16.1971278333,2.35466734746,86.928498661
78.8497294952,97.6453326525,21.9544747938
16.6838948696,2.77485821733,90.5652949169
78.3629624589,97.2251417827,18.3176785379
17.0601523489,3.25979375933,93.6615799166
77.9867049795,96.7402062407,15.2213935381
17.3339364652,3.80578278166,96.2197581938
77.7129208632,96.1942172183,12.663215261
17.5223813535,4.41466655033,98.2969160127
77.524475975,95.5853334497,10.586057442
17.6475737549,5.09755524027,99.9859248413
77.3992835735,94.9024447597,8.89704861342
17.7263438266,5.87965650721,101.381315457
77.3205135018,94.1203434928,7.50165799757
17.7713273906,6.78576969867,102.550335776
77.2755299378,93.2142303013,6.33263767861
17.7933899218,7.83664649803,103.534378903
77.2534674066,92.163353502,5.34859455126
17.803004982,9.05873375136,104.367269219
77.2438523464,90.9412662486,4.51570423575
17.8118761414,10.4730646858,105.068468583
77.2349811871,89.5269353142,3.81450487205
17.8342818183,12.0934149607,105.644803006
77.2125755101,87.9065850393,3.23817044845
17.887923201,13.9287927966,106.104878029
77.1589341275,86.0712072034,2.77809542563
17.9926580529,15.9801964165,106.46455876
77.0541992755,84.0198035835,2.41841469493
18.1682789698,18.2360353898,106.745523652
76.8785783587,81.7639646102,2.13744980271
18.4350142221,20.6962942783,106.971237904
76.6118431063,79.3037057217,1.91173555029
18.8120614687,23.3537842772,107.157734425
76.2347958598,76.6462157228,1.72523902976
19.3157806651,26.1926203106,107.311745887
75.7310766633,73.8073796894,1.57122756785
19.9485613888,29.1584520809,107.435865664
75.0982959396,70.8415479191,1.44710779046
20.7085709482,32.2000300453,107.532802635
74.3382863802,67.7999699547,1.35017082019
21.5996381051,35.2980672459,107.607382791
73.4472192233,64.7019327541,1.2755906637
22.6315215441,38.4498503287,107.664175743
72.4153357844,61.5501496713,1.21879771133
23.8139115614,41.6498355856,107.707162613
71.2329457671,58.3501644144,1.17581084206
25.1528546493,44.8810752802,107.73955009
69.8940026791,55.1189247198,1.14342336508
26.6451916041,48.1088920729,107.763818617
68.4016657243,51.8911079271,1.11915483788
28.2855466986,51.3003544114,107.781991282
66.7613106298,48.6996455886,1.10098217251
30.0751122576,54.4425290733,107.795813823
64.9717450708,45.5574709267,1.08715963199
32.013742517,57.5225826755,107.806497928
63.0331148115,42.4774173245,1.07647552685
34.1002929275,60.5289136569,107.814926051
60.9465644009,39.4710863431,1.06804740402
36.3280056899,63.4459683943,107.821806094
58.7188516385,36.5540316057,1.0611673609
38.7043145097,66.279104077,107.827739823
56.3425428187,33.720895923,1.05523363215
41.2353969328,69.0323401513,107.833157575
53.8114603957,30.9676598487,1.04981587934
43.9134956025,71.6948903316,107.838272734
51.133361726,28.3051096684,1.04470072067
46.6918595116,74.2261657018,107.842971034
48.3549978169,25.7738342982,1.04000242056
49.5161478276,76.5889290219,107.847035109
45.5307095008,23.4110709781,1.03593834559
52.3595417161,78.780237057,107.850392482
42.6873156124,21.219762943,1.03258097315
55.2429932803,80.8327613241,107.853335102
39.8038640482,19.1672386759,1.02963835236
58.1952607145,82.7827381328,107.856139612
36.851596614,17.2172618672,1.02683384287
61.1817026583,84.6238092336,107.858619067
33.8651546701,15.3761907664,1.02435438725
64.1655894164,86.3490125986,107.860718009
30.881267912,13.6509874014,1.02225544528
67.1085751459,87.9519203647,107.862438215
27.9382821825,12.0480796353,1.0205352394
69.9790541105,89.4341919645,107.863656794
25.067803218,10.5658080355,1.01931666045
72.7400431841,90.7938758805,107.864491073
22.3068141443,9.20612411954,1.01848238215
75.3594369385,92.03061075,107.865167268
19.6874203899,7.96938925004,1.01780618718
77.8178110295,93.1493026667,107.865753763
17.2290462989,6.85069733331,1.01721969223
80.0814359538,94.1469706606,107.866215114
14.9654213746,5.85302933939,1.01675834094
82.1214943184,95.0214243239,107.866503396
12.9253630101,4.97857567613,1.0164700584
83.9351312755,95.7802244382,107.866677039
11.111726053,4.21977556184,1.01629641591
85.5459493272,96.4397494411,107.866790122
9.50090800119,3.56025055886,1.01618333262
86.987363932,97.0185796746,107.866871707
8.05949339647,2.98142032543,1.01610174726
88.2664544167,97.5234769445,107.866934666
6.78040291178,2.47652305546,1.01603878894
89.3826064147,97.9574920171,107.866981404
5.66425091379,2.04250798295,1.015992051
90.3345708872,98.3228877218,107.867010384
4.71228644126,1.67711227823,1.01596307068
91.1374016595,98.6277815181,107.867019834
3.90945566891,1.3722184819,1.01595362101
91.81181608,98.8816629548,107.867019521
3.23504124845,1.11833704519,1.01595393339
92.380166393,99.0940124431,107.867019621
2.66669093546,0.905987556886,1.01595383339
92.8542808082,99.2700466115,107.867019595
2.19257652021,0.729953388489,1.01595386019
93.24660552,99.4149914642,107.867019602
1.80025180842,0.585008535815,1.01595385301
93.5691383676,99.5337120169,107.8670196
1.47771896084,0.466287983064,1.01595385493
93.8319139473,99.6301307596,107.8670196
1.21494338118,0.369869240422,1.01595385441
94.0438107148,99.7076591184,107.8670196
1.00304661366,0.292340881634,1.01595385455
94.2126795167,99.7692945639,107.8670196
0.83417781173,0.230705436051,1.01595385452
94.3484097298,99.8187180484,107.8670196
0.698447598648,0.181281951587,1.01595385453
94.4562457491,99.8578930917,107.8670196
0.590611579359,0.142106908279,1.01595385452
94.538582839,99.8877401511,107.8670196
0.508274489454,0.11225984886,1.01595385452
94.6005155842,99.9101557782,107.8670196
0.44634174422,0.0898442218285,1.01595385452
94.6476378253,99.9271956519,107.8670196
0.399219503121,0.0728043480981,1.01595385452
94.6850692942,99.9407218971,107.8670196
0.361788034269,0.0592781029187,1.01595385452
94.7151924362,99.9516017256,107.8670196
0.33166489228,0.0483982744273,1.01595385452
94.7396651169,99.960439122,107.8670196
0.307192211581,0.0395608780229,1.01595385452
94.7594927091,99.9675992652,107.8670196
0.287364619332,0.0324007347624,1.01595385452
94.7755760402,99.9734072404,107.8670196
0.271281288282,0.0265927595875,1.01595385452
94.7884060412,99.9780403911,107.8670196
0.258451287265,0.0219596089456,1.01595385452
94.7980762896,99.9815324939,107.8670196
0.248781038793,0.0184675060782,1.01595385452
94.8052742326,99.984131803,107.8670196
0.241583095819,0.0158681970042,1.01595385452
94.810738149,99.9861049233,107.8670196
0.236119179394,0.0138950767183,1.01595385452
94.8152543451,99.9877358045,107.8670196
0.231602983296,0.0122641954756,1.01595385452
94.8189954555,99.989086788,107.8670196
0.227861872949,0.0109132119876,1.01595385452
94.8220635942,99.9901947491,107.8670196
0.224793734209,0.00980525085775,1.01595385452
94.8245362855,99.9910876832,107.8670196
0.222321042924,0.00891231679942,1.01595385452
94.8265226237,99.9918049862,107.8670196
0.220334704754,0.00819501375353,1.01595385452
94.8280926035,99.9923719347,107.8670196
0.218764724971,0.0076280653222,1.01595385452
94.8292629299,99.992794561,107.8670196
0.21759439853,0.00720543902095,1.01595385452
94.8301321645,99.9931084575,107.8670196
0.216725163918,0.00689154249389,1.01595385452
94.8307771164,99.9933413614,107.8670196
0.216080212085,0.00665863860203,1.01595385452
94.8312447932,99.9935102481,107.8670196
0.21561253519,0.00648975193217,1.01595385452
94.8315787692,99.9936308529,107.8670196
0.215278559244,0.0063691471045,1.01595385452
94.831823899,99.9937193737,107.8670196
0.215033429478,0.00628062625648,1.01595385452
94.8320421504,99.9937981883,107.8670196
0.214815178055,0.00620181166616,1.01595385452
94.832236921,99.9938685235,107.8670196
0.214620407471,0.00613147645362,1.01595385452
94.8324134502,99.9939322715,107.8670196
0.214443878262,0.00606772852836,1.01595385452
94.8325346393,99.9939760351,107.8670196
0.214322689108,0.00602396490726,1.01595385452
94.8326617099,99.9940219226,107.8670196
0.214195618498,0.00597807738425,1.01595385452
94.8327046551,99.9940374309,107.8670196
0.214152673292,0.00596256908388,1.01595385452
0.0,0.0,0.0
95.0468573284,100.0,108.882973455
0.176239481525,0.00491331787443,0.841699903629
94.8706178469,99.9950866821,108.041273551
0.434646926921,0.0122152059963,2.0786831362
94.6122104015,99.987784794,106.804290319
0.807801842484,0.0232206593495,3.87045436966
94.239055486,99.9767793407,105.012519085
1.32133209006,0.039594406738,6.34701462412
93.7255252384,99.9604055933,102.535958831
1.97035269184,0.0625071833015,9.49255185823
93.0765046366,99.9374928167,99.3904215965
2.72797674283,0.0927646805421,13.186018857
92.3188805856,99.9072353195,95.6969545977
3.62047224802,0.133916965793,17.5697999982
91.4263850804,99.8660830342,91.3131734566
4.64459570313,0.189249644232,22.6442365699
90.4022616253,99.8107503558,86.2387368849
5.77030729189,0.261236180587,28.2789473519
89.2765500365,99.7387638194,80.6040261029
6.95555877357,0.351000080181,34.285665153
88.0912985549,99.6489999198,74.5973083018
8.17119860447,0.460796345707,40.5426777193
86.875658724,99.5392036543,68.3402957354
9.40017265545,0.594279391708,46.9909624249
85.646684673,99.4057206083,61.8920110298
10.6045812465,0.751957680657,53.4568195669
84.4422760819,99.2480423193,55.4261538878
11.760726936,0.935894193519,59.8340090164
83.2861303925,99.0641058065,49.0489644384
12.8511353136,1.14959772667,66.0420979071
82.1957220148,98.8504022733,42.8408755477
13.8507324884,1.39402484893,71.9412742186
81.1961248401,98.6059751511,36.9416992361
14.7321526087,1.67183222389,77.3667597729
80.3147047197,98.3281677761,31.5162136819
15.472093732,1.98792764891,82.1674859608
79.5747635964,98.0120723511,26.7154874939
16.0790667199,2.35138564026,86.3658779717
78.9677906085,97.6486143597,22.5170954831
16.5658337562,2.77157651013,90.0026742276
78.4810235723,97.2284234899,18.8802992272
16.9420912355,3.25651205213,93.0989592273
78.1047660929,96.7434879479,15.7840142274
17.2158753519,3.80250107446,95.6571375045
77.8309819766,96.1974989255,13.2258359502
17.4043202401,4.41138484313,97.7342953234
77.6425370883,95.5886151569,11.1486781313
17.5295126415,5.09427353306,99.423304152
77.5173446869,94.9057264669,9.45966930271
17.6082827133,5.87637480001,100.818694768
77.4385746152,94.1236252,8.06427868686
17.6532662772,6.78248799147,101.987715087
77.3935910512,93.2175120085,6.8952583679
17.6753288084,7.83336479083,102.971758214
77.37152852,92.1666352092,5.91121524055
17.6849438686,9.05545204416,103.80464853
77.3619134598,90.9445479558,5.07832492503
17.693815028,10.4697829786,104.505847893
77.3530423004,89.5302170214,4.37712556134
17.716220705,12.0901332535,105.082182317
77.3306366235,87.9098667465,3.80079113774
17.7698620876,13.9255110894,105.54225734
77.2769952409,86.0744889106,3.34071611492
17.8745969395,15.9769147093,105.901938071
77.1722603889,84.0230852907,2.98103538422
18.0502178564,18.2327536826,106.182902963
76.9966394721,81.7672463174,2.70007049199
18.3169531087,20.6930125711,106.408617215
76.7299042197,79.3069874289,2.47435623958
18.6940003553,23.35050257,106.595113736
76.3528569732,76.64949743,2.28785971904
19.1977195518,26.1893386034,106.749125198
75.8491377767,73.8106613966,2.13384825714
19.8305002754,29.1551703737,106.873244975
75.216357053,70.8448296263,2.00972847975
20.5905098348,32.1967483381,106.970181945
74.4563474936,67.8032516619,1.91279150947
21.4815769918,35.2947855387,107.044762102
73.5652803367,64.7052144613,1.83821135298
22.5134604307,38.4465686215,107.101555054
72.5333968978,61.5534313785,1.78141840061
23.695850448,41.6465538784,107.144541923
71.3510068804,58.3534461216,1.73843153135
25.0347935359,44.877793573,107.1769294
70.0120637925,55.122206427,1.70604405437
26.5271304907,48.1056103657,107.201197928
68.5197268377,51.8943896343,1.68177552717
28.1674855852,51.2970727041,107.219370593
66.8793717432,48.7029272959,1.66360286179
29.9570511442,54.4392473661,107.233193133
65.0898061842,45.5607526339,1.64978032128
31.8956814036,57.5193009683,107.243877239
63.1511759249,42.4806990317,1.63909621614
33.9822318141,60.5256319497,107.252305361
61.0646255143,39.4743680503,1.63066809331
36.2099445765,63.4426866871,107.259185405
58.8369127519,36.5573133129,1.62378805019
38.5862533964,66.2758223698,107.265119133
56.4606039321,33.7241776302,1.61785432143
41.1173358194,69.0290584441,107.270536886
53.929521509,30.9709415559,1.61243656863
43.7954344891,71.6916086244,107.275652045
51.2514228393,28.3083913756,1.60732140996
46.5737983982,74.2228839946,107.280350345
48.4730589302,25.7771160054,1.60262310984
49.3980867142,76.5856473147,107.28441442
45.6487706142,23.4143526853,1.59855903488
52.2414806027,78.7769553498,107.287771792
42.8053767257,21.2230446502,1.59520166243
55.1249321669,80.8294796169,107.290714413
39.9219251615,19.1705203831,1.59225904165
58.0771996011,82.7794564256,107.293518923
36.9696577273,17.2205435744,1.58945453216
61.063641545,84.6205275264,107.295998378
33.9832157835,15.3794724736,1.58697507654
64.047528303,86.3457308914,107.29809732
30.9993290254,13.6542691086,1.58487613457
66.9905140326,87.9486386575,107.299817526
28.0563432959,12.0513613425,1.58315592869
69.8609929971,89.4309102573,107.301036105
25.1858643314,10.5690897427,1.58193734974
72.6219820707,90.7905941733,107.301870383
22.4248752577,9.20940582674,1.58110307144
75.2413758251,92.0273290428,107.302546578
19.8054815033,7.97267095724,1.58042687647
77.6997499161,93.1460209595,107.303133073
17.3471074123,6.85397904051,1.57984038152
79.9633748404,94.1436889534,107.303594425
15.083482488,5.85631104659,1.57937903023
82.003433205,95.0181426167,107.303882707
13.0434241234,4.98185738333,1.57909074768
83.8170701621,95.776942731,107.30405635
11.2297871664,4.22305726904,1.5789171052
85.4278882139,96.4364677339,107.304169433
9.61896911458,3.56353226606,1.57880402191
86.8693028186,97.0152979674,107.304251018
8.17755450986,2.98470203263,1.57872243655
88.1483933033,97.5201952373,107.304313977
6.89846402516,2.47980476266,1.57865947822
89.2645453013,97.9542103099,107.304360714
5.78231202717,2.04578969015,1.57861274028
90.2165097738,98.3196060146,107.304389695
4.83034755465,1.68039398543,1.57858375997
91.0193405461,98.6244998109,107.304399144
4.02751678229,1.37550018911,1.5785743103
91.6937549666,98.8783812476,107.304398832
3.35310236183,1.12161875239,1.57857462268
92.2621052796,99.0907307359,107.304398932
2.78475204884,0.909269264087,1.57857452268
92.7362196948,99.2667649043,107.304398905
2.3106376336,0.73323509569,1.57857454947
93.1285444066,99.411709757,107.304398912
1.91831292181,0.588290243016,1.57857454229
93.4510772542,99.5304303097,107.304398911
1.59578007422,0.469569690265,1.57857454422
93.7138528339,99.6268490524,107.304398911
1.33300449456,0.373150947622,1.5785745437
93.9257496014,99.7043774112,107.304398911
1.12110772705,0.295622588835,1.57857454384
94.0946184033,99.7660128567,107.304398911
0.952238925115,0.233987143251,1.5785745438
94.2303486164,99.8154363412,107.304398911
0.816508712032,0.184563658787,1.57857454381
94.3381846357,99.8546113845,107.304398911
0.708672692744,0.14538861548,1.57857454381
94.4205217256,99.8844584439,107.304398911
0.626335602838,0.115541556061,1.57857454381
94.4824544708,99.906874071,107.304398911
0.564402857604,0.093125929029,1.57857454381
94.5295767119,99.9239139447,107.304398911
0.517280616505,0.0760860552986,1.57857454381
94.5670081808,99.9374401899,107.304398911
0.479849147653,0.0625598101193,1.57857454381
94.5971313228,99.9483200184,107.304398911
0.449726005664,0.0516799816278,1.57857454381
94.6216040035,99.9571574148,107.304398911
0.425253324965,0.0428425852235,1.57857454381
94.6414315957,99.964317558,107.304398911
0.405425732716,0.035682441963,1.57857454381
94.6575149268,99.9701255332,107.304398911
0.389342401666,0.029874466788,1.57857454381
94.6703449278,99.9747586839,107.304398911
0.376512400649,0.0252413161461,1.57857454381
94.6800151763,99.9782507867,107.304398911
0.366842152177,0.0217492132787,1.57857454381
94.6872131192,99.9808500958,107.304398911
0.359644209203,0.0191499042047,1.57857454381
94.6926770357,99.9828232161,107.304398911
0.354180292778,0.0171767839188,1.57857454381
94.6971932318,99.9844540973,107.304398911
0.34966409668,0.0155459026762,1.57857454381
94.7009343421,99.9858050808,107.304398911
0.345922986333,0.0141949191882,1.57857454381
94.7040024808,99.9869130419,107.304398911
0.342854847593,0.0130869580583,1.57857454381
94.7064751721,99.987805976,107.304398911
0.340382156308,0.012194024,1.57857454381
94.7084615103,99.988523279,107.304398911
0.338395818139,0.0114767209541,1.57857454381
94.7100314901,99.9890902275,107.304398911
0.336825838355,0.0109097725227,1.57857454381
94.7112018165,99.9895128538,107.304398911
0.335655511914,0.0104871462215,1.57857454381
94.7120710511,99.9898267503,107.304398911
0.334786277302,0.0101732496944,1.57857454381
94.712716003,99.9900596542,107.304398911
0.334141325469,0.00994034580256,1.57857454381
94.7131836799,99.9902285409,107.304398911
0.333673648575,0.00977145913271,1.57857454381
94.7135176558,99.9903491457,107.304398911
0.333339672628,0.00965085430504,1.57857454381
94.7137627856,99.9904376665,107.304398911
0.333094542862,0.00956233345702,1.57857454381
94.713981037,99.9905164811,107.304398911
0.33287629144,0.0094835188667,1.57857454381
94.7141758076,99.9905868163,107.304398911
0.332681520855,0.00941318365415,1.57857454381
94.7143523368,99.9906505643,107.304398911
0.332504991646,0.0093494357289,1.57857454381
94.7144735259,99.9906943279,107.304398911
0.332383802492,0.0093056721078,1.57857454381
94.7146005966,99.9907402154,107.304398911
0.332256731882,0.00925978458479,1.57857454381
94.7146435418,99.9907557237,107.304398911
0.332213786676,0.00924427628441,1.57857454381
0.0,0.0,0.0
95.0468573284,100.0,108.882973455
0.258407445396,0.0073018881219,1.23698323257
94.788449883,99.9926981119,107.645990222
0.631562360959,0.0183073414751,3.02875446604
94.4152949675,99.9816926585,105.854218989
1.14509260854,0.0346810888635,5.50531472049
93.9017647199,99.9653189111,103.377658734
1.79411321031,0.0575938654271,8.65085195461
93.2527441181,99.9424061346,100.2321215
2.55173726131,0.0878513626677,12.3443189534
92.4951200671,99.9121486373,96.5386545014
3.4442327665,0.129003647919,16.7281000945
91.6026245619,99.8709963521,92.1548733602
4.4683562216,0.184336326357,21.8025366662
90.5785011068,99.8156636736,87.0804367885
5.59406781036,0.256322862712,27.4372474483
89.4527895181,99.7436771373,81.4457260065
6.77931929204,0.346086762307,33.4439652494
88.2675380364,99.6539132377,75.4390082054
7.99495912295,0.455883027832,39.7009778157
87.0518982055,99.5441169722,69.1819956391
9.22393317393,0.589366073833,46.1492625213
85.8229241545,99.4106339262,62.7337109335
10.428341765,0.747044362783,52.6151196633
84.6185155635,99.2529556372,56.2678537914
11.5844874544,0.930980875645,58.9923091127
83.462369874,99.0690191244,49.890664342
12.6748958321,1.1446844088,65.2003980034
82.3719614963,98.8553155912,43.6825754513
13.6744930069,1.38911153106,71.099574315
81.3723643216,98.6108884689,37.7833991398
14.5559131272,1.66691890602,76.5250598692
80.4909442012,98.333081094,32.3579135855
15.2958542505,1.98301433103,81.3257860572
79.751003078,98.016985669,27.5571873976
15.9028272384,2.34647232238,85.524178068
79.1440300901,97.6535276776,23.3587953867
16.3895942747,2.76666319225,89.1609743239
78.6572630538,97.2333368077,19.7219991308
16.765851754,3.25159873426,92.2572593237
78.2810055744,96.7484012657,16.6257141311
17.0396358703,3.79758775659,94.8154376009
78.0072214581,96.2024122434,14.0675358539
17.2280807586,4.40647152526,96.8925954198
77.8187765699,95.5935284747,11.9903780349
17.35327316,5.08936021519,98.5816042484
77.6935841685,94.9106397848,10.3013692063
17.4320432317,5.87146148214,99.9769948643
77.6148140967,94.1285385179,8.90597859049
17.4770267957,6.77757467359,101.146015183
77.5698305327,93.2224253264,7.73695827153
17.4990893269,7.82845147295,102.130058311
77.5477680015,92.171548527,6.75291514418
17.5087043871,9.05053872628,102.962948626
77.5381529413,90.9494612737,5.92002482866
17.5175755465,10.4648696607,103.66414799
77.529281782,89.5351303393,5.21882546497
17.5399812234,12.0852199356,104.240482413
77.506876105,87.9147800644,4.64249104137
17.5936226061,13.9205977715,104.700557436
77.4532347224,86.0794022285,4.18241601855
17.698357458,15.9720013914,105.060238167
77.3484998704,84.0279986086,3.82273528785
17.8739783748,18.2278403647,105.341203059
77.1728789536,81.7721596353,3.54177039562
18.1407136272,20.6880992532,105.566917312
76.9061437012,79.3119007468,3.31605614321
18.5177608737,23.3455892521,105.753413832
76.5290964547,76.6544107479,3.12955962267
19.0214800702,26.1844252855,105.907425294
76.0253772582,73.8155747145,2.97554816076
19.6542607939,29.1502570558,106.031545071
75.3925965345,70.8497429442,2.85142838338
20.4142703533,32.1918350202,106.128482042
74.6325869751,67.8081649798,2.7544914131
21.3053375102,35.2898722208,106.203062198
73.7415198182,64.7101277792,2.67991125661
22.3372209491,38.4416553037,106.259855151
72.7096363793,61.5583446963,2.62311830424
23.5196109665,41.6416405606,106.30284202
71.527246362,58.3583594394,2.58013143498
24.8585540544,44.8728802551,106.335229497
70.188303274,55.1271197449,2.547743958
26.3508910092,48.1006970478,106.359498024
68.6959663193,51.8993029522,2.5234754308
27.9912461037,51.2921593863,106.377670689
67.0556112248,48.7078406137,2.50530276542
29.7808116627,54.4343340482,106.39149323
65.2660456658,45.5656659518,2.49148022491
31.7194419221,57.5143876505,106.402177335
63.3274154064,42.4856123495,2.48079611977
33.8059923326,60.5207186318,106.410605458
61.2408649958,39.4792813682,2.47236799694
36.033705095,63.4377733692,106.417485501
59.0131522334,36.5622266308,2.46548795381
38.4100139148,66.2709090519,106.42341923
56.6368434136,33.7290909481,2.45955422506
40.9410963379,69.0241451263,106.428836982
54.1057609906,30.9758548737,2.45413647226
43.6191950076,71.6866953066,106.433952141
51.4276623209,28.3133046934,2.44902131359
46.3975589167,74.2179706768,106.438650441
48.6492984118,25.7820293232,2.44432301347
49.2218472327,76.5807339968,106.442714516
45.8250100957,23.4192660032,2.44025893851
52.0652411212,78.7720420319,106.446071889
42.9816162073,21.2279579681,2.43690156606
54.9486926854,80.824566299,106.449014509
40.0981646431,19.175433701,2.43395894527
57.9009601196,82.7745431077,106.451819019
37.1458972089,17.2254568923,2.43115443578
60.8874020634,84.6156142085,106.454298475
34.159455265,15.3843857915,2.42867498017
63.8712888215,86.3408175735,106.456397417
31.1755685069,13.6591824265,2.4265760382
66.814274551,87.9437253396,106.458117622
28.2325827774,12.0562746604,2.42485583232
69.6847535155,89.4259969394,106.459336201
25.3621038129,10.5740030606,2.42363725337
72.4457425892,90.7856808554,106.46017048
22.6011147392,9.21431914462,2.42280297507
75.0651363436,92.0224157249,106.460846675
19.9817209849,7.97758427512,2.4221267801
77.5235104346,93.1411076416,106.46143317
17.5233468938,6.85889235838,2.42154028515
79.7871353589,94.1387756355,106.461894521
15.2597219695,5.86122436446,2.42107893386
81.8271937235,95.0132292988,106.462182803
13.219663605,4.98677070121,2.42079065131
83.6408306805,95.7720294131,106.462356446
11.4060266479,4.22797058692,2.42061700883
85.2516487323,96.4315544161,106.462469529
9.7952085961,3.56844558393,2.42050392554
86.6930633371,97.0103846495,106.462551115
8.35379399138,2.98961535051,2.42042234018
87.9721538218,97.5152819195,106.462614073
7.07470350669,2.48471808054,2.42035938185
89.0883058197,97.949296992,106.462660811
5.9585515087,2.05070300802,2.42031264391
90.0402702923,98.3146926967,106.462689791
5.00658703617,1.6853073033,2.4202836636
90.8431010646,98.619586493,106.462699241
4.20375626382,1.38041350698,2.42027421393
91.5175154851,98.8734679297,106.462698928
3.52934184335,1.12653207026,2.42027452631
92.0858657981,99.085817418,106.462699028
2.96099153037,0.914182581961,2.42027442631
92.5599802133,99.2618515864,106.462699002
2.48687711512,0.738148413564,2.4202744531
92.9523049251,99.4067964391,106.462699009
2.09455240333,0.59320356089,2.42027444592
93.2748377727,99.5255169919,106.462699007
1.77201955575,0.474483008139,2.42027444785
93.5376133524,99.6219357345,106.462699007
1.50924397609,0.378064265496,2.42027444733
93.7495101199,99.6994640933,106.462699007
1.29734720857,0.300535906709,2.42027444747
93.9183789218,99.7610995389,106.462699007
1.12847840664,0.238900461126,2.42027444743
94.0541091349,99.8105230233,106.462699007
0.992748193557,0.189476976662,2.42027444744
94.1619451542,99.8496980666,106.462699007
0.884912174269,0.150301933354,2.42027444744
94.2442822441,99.8795451261,106.462699007
0.802575084363,0.120454873935,2.42027444744
94.3062149893,99.9019607531,106.462699007
0.740642339129,0.0980392469035,2.42027444744
94.3533372304,99.9190006268,106.462699007
0.69352009803,0.0809993731731,2.42027444744
94.3907686993,99.932526872,106.462699007
0.656088629178,0.0674731279937,2.42027444744
94.4208918413,99.9434067005,106.462699007
0.62596548719,0.0565932995022,2.42027444744
94.4453645219,99.9522440969,106.462699007
0.60149280649,0.0477559030979,2.42027444744
94.4651921142,99.9594042402,106.462699007
0.581665214242,0.0405957598374,2.42027444744
94.4812754452,99.9652122153,106.462699007
0.565581883191,0.0347877846624,2.42027444744
94.4941054463,99.969845366,106.462699007
0.552751882174,0.0301546340205,2.42027444744
94.5037756947,99.9733374688,106.462699007
0.543081633702,0.0266625311532,2.42027444744
94.5109736377,99.9759367779,106.462699007
0.535883690728,0.0240632220792,2.42027444744
94.5164375541,99.9779098982,106.462699007
0.530419774303,0.0220901017932,2.42027444744
94.5209537502,99.9795407794,106.462699007
0.525903578205,0.0204592205506,2.42027444744
94.5246948606,99.9808917629,106.462699007
0.522162467858,0.0191082370626,2.42027444744
94.5277629993,99.9819997241,106.462699007
0.519094329118,0.0180002759327,2.42027444744
94.5302356906,99.9828926581,106.462699007
0.516621637833,0.0171073418744,2.42027444744
94.5322220288,99.9836099612,106.462699007
0.514635299664,0.0163900388285,2.42027444744
94.5337920086,99.9841769096,106.462699007
0.51306531988,0.0158230903972,2.42027444744
94.534962335,99.9845995359,106.462699007
0.511894993439,0.0154004640959,2.42027444744
94.5358315696,99.9849134324,106.462699007
0.511025758827,0.0150865675689,2.42027444744
94.5364765214,99.9851463363,106.462699007
0.510380806994,0.014853663677,2.42027444744
94.5369441983,99.985315223,106.462699007
0.5099131301,0.0146847770071,2.42027444744
94.5372781743,99.9854358278,106.462699007
0.509579154153,0.0145641721795,2.42027444744
94.5375233041,99.9855243487,106.462699007
0.509334024387,0.0144756513314,2.42027444744
94.5377415555,99.9856031633,106.462699007
0.509115772965,0.0143968367411,2.42027444744
94.5379363261,99.9856734985,106.462699007
0.50892100238,0.0143265015286,2.42027444744
94.5381128553,99.9857372464,106.462699007
0.508744473171,0.0142627536033,2.42027444744
94.5382340444,99.98578101,106.462699007
0.508623284017,0.0142189899822,2.42027444744
94.538361115,99.9858268975,106.462699007
0.508496213407,0.0141731024592,2.42027444744
94.5384040602,99.9858424058,106.462699007
0.508453268201,0.0141575941588,2.42027444744
0.0,0.0,0.0
95.0468573284,100.0,108.882973455
0.373154915563,0.0110054533532,1.79177123346
94.6737024129,99.9889945466,107.091202221
0.886685163142,0.0273792007416,4.26833148792
94.1601721653,99.9726207993,104.614641967
1.53570576492,0.0502919773052,7.41386872203
93.5111515635,99.9497080227,101.469104733
2.29332981591,0.0805494745458,11.1073357208
92.7535275125,99.9194505255,97.7756377339
3.1858253211,0.121701759797,15.491116862
91.8610320073,99.8782982402,93.3918565928
4.20994877621,0.177034438235,20.5655534337
90.8369085522,99.8229655618,88.3174200211
5.33566036497,0.24902097459,26.2002642157
89.7111969635,99.7509790254,82.6827092391
6.52091184664,0.338784874185,32.2069820168
88.5259454818,99.6612151258,76.675991438
7.73655167755,0.44858113971,38.4639945831
87.3103056509,99.5514188603,70.4189788716
8.96552572853,0.582064185711,44.9122792887
86.0813315999,99.4179358143,63.970694166
10.1699343196,0.739742474661,51.3781364307
84.8769230089,99.2602575253,57.504837024
11.326080009,0.923678987523,57.7553258802
83.7207773194,99.0763210125,51.1276475746
12.4164883867,1.13738252068,63.9634147709
82.6303689417,98.8626174793,44.9195586839
13.4160855615,1.38180964294,69.8625910824
81.630771767,98.6181903571,39.0203823723
14.2975056818,1.65961701789,75.2880766367
80.7493516466,98.3403829821,33.5948968181
15.0374468051,1.97571244291,80.0888028246
80.0094105234,98.0242875571,28.7941706301
15.644419793,2.33917043426,84.2871948355
79.4024375355,97.6608295657,24.5957786193
16.1311868293,2.75936130413,87.9239910914
78.9156704992,97.2406386959,20.9589823634
16.5074443086,3.24429684613,91.0202760911
78.5394130198,96.7557031539,17.8626973636
16.7812284249,3.79028586846,93.5784543683
78.2656289035,96.2097141315,15.3045190864
16.9696733132,4.39916963714,95.6556121872
78.0771840153,95.6008303629,13.2273612675
17.0948657146,5.08205832707,97.3446210158
77.9519916139,94.9179416729,11.5383524389
17.1736357863,5.86415959401,98.7400116317
77.8732215421,94.135840406,10.1429618231
17.2186193503,6.77027278547,99.9090319506
77.8282379781,93.2297272145,8.9739415041
17.2406818815,7.82114958483,100.893075078
77.8061754469,92.1788504152,7.98989837675
17.2502969417,9.04323683816,101.725965394
77.7965603867,90.9567631618,7.15700806123
17.2591681011,10.4575677726,102.427164757
77.7876892274,89.5424322274,6.45580869754
17.281573778,12.0779180475,103.003499181
77.7652835504,87.9220819525,5.87947427394
17.3352151607,13.9132958834,103.463574204
77.7116421678,86.0867041166,5.41939925112
17.4399500126,15.9646995033,103.823254934
77.6069073158,84.0353004967,5.05971852042
17.6155709294,18.2205384766,104.104219827
77.431286399,81.7794615234,4.77875362819
17.8823061818,20.6807973651,104.329934079
77.1645511466,79.3192026349,4.55303937578
18.2593534283,23.338287364,104.5164306
76.7875039001,76.661712636,4.36654285524
18.7630726248,26.1771233974,104.670442061
76.2837847036,73.8228766026,4.21253139334
19.3958533485,29.1429551677,104.794561839
75.6510039799,70.8570448323,4.08841161595
20.1558629079,32.1845331321,104.891498809
74.8909944205,67.8154668679,3.99147464567
21.0469300648,35.2825703327,104.966078966
73.9999272636,64.7174296673,3.91689448918
22.0788135038,38.4343534155,105.022871918
72.9680438247,61.5656465845,3.86010153681
23.2612035211,41.6343386724,105.065858787
71.7856538074,58.3656613276,3.81711466755
24.600146609,44.865578367,105.098246264
70.4467107194,55.134421633,3.78472719057
26.0924835638,48.0933951597,105.122514791
68.9543737647,51.9066048403,3.76045866337
27.7328386583,51.2848574982,105.140687457
67.3140186701,48.7151425018,3.74228599799
29.5224042173,54.4270321601,105.154509997
65.5244531112,45.5729678399,3.72846345748
31.4610344767,57.5070857623,105.165194102
63.5858228518,42.4929142377,3.71777935234
33.5475848872,60.5134167437,105.173622225
61.4992724412,39.4865832563,3.70935122951
35.7752976496,63.4304714811,105.180502268
59.2715596788,36.5695285189,3.70247118639
38.1516064694,66.2636071638,105.186435997
56.895250859,33.7363928362,3.69653745763
40.6826888925,69.0168432381,105.19185375
54.364168436,30.9831567619,3.69111970483
43.3607875622,71.6793934184,105.196968909
51.6860697663,28.3206065816,3.68600454616
46.1391514713,74.2106687887,105.201667209
48.9077058572,25.7893312113,3.68130624604
48.9634397873,76.5734321087,105.205731284
46.0834175411,23.4265678913,3.67724217108
51.8068336758,78.7647401438,105.209088656
43.2400236527,21.2352598562,3.67388479863
54.69028524,80.8172644109,105.212031277
40.3565720885,19.1827355891,3.67094217785
57.6425526742,82.7672412196,105.214835786
37.4043046543,17.2327587804,3.66813766836
60.628994618,84.6083123204,105.217315242
34.4178627104,15.3916876796,3.66565821274
63.6128813761,86.3335156854,105.219414184
31.4339759523,13.6664843146,3.66355927077
66.5558671056,87.9364234515,105.22113439
28.4909902228,12.0635765485,3.66183906489
69.4263460701,89.4186950513,105.222352969
25.6205112583,10.5813049487,3.66062048594
72.1873351438,90.7783789673,105.223187247
22.8595221846,9.22162103274,3.65978620764
74.8067288982,92.0151138368,105.223863442
20.2401284303,7.98488616324,3.65911001267
77.2651029892,93.1338057535,105.224449937
17.7817543392,6.8661942465,3.65852351772
79.5287279135,94.1314737474,105.224911288
15.5181294149,5.86852625259,3.65806216643
81.5687862781,95.0059274107,105.225199571
13.4780710504,4.99407258933,3.65777388388
83.3824232351,95.764727525,105.225373213
11.6644340933,4.23527247504,3.6576002414
84.9932412869,96.4242525279,105.225486297
10.0536160415,3.57574747206,3.65748715811
86.4346558917,97.0030827614,105.225567882
8.61220143678,2.99691723863,3.65740557275
87.7137463764,97.5079800313,105.22563084
7.33311095209,2.49201996866,3.65734261442
88.8298983743,97.9419951039,105.225677578
6.21695895409,2.05800489614,3.65729587648
89.7818628469,98.3073908086,105.225706559
5.26499448157,1.69260919142,3.65726689617
90.5846936192,98.6122846049,105.225716008
4.46216370921,1.3877153951,3.6572574465
91.2591080397,98.8661660416,105.225715696
3.78774928875,1.13383395838,3.65725775888
91.8274583527,99.0785155299,105.225715796
3.21939897576,0.921484470083,3.65725765888
92.3015727679,99.2545496983,105.225715769
2.74528456052,0.745450301686,3.65725768567
92.6938974797,99.399494551,105.225715776
2.35295984873,0.600505449012,3.65725767849
93.0164303273,99.5182151037,105.225715774
2.03042700114,0.481784896261,3.65725768042
93.279205907,99.6146338464,105.225715775
1.76765142148,0.385366153618,3.6572576799
93.4911026745,99.6921622052,105.225715775
1.55575465397,0.307837794831,3.65725768004
93.6599714764,99.7537976508,105.225715775
1.38688585204,0.246202349247,3.65725768
93.7957016895,99.8032211352,105.225715775
1.25115563895,0.196778864784,3.65725768001
93.9035377088,99.8423961785,105.225715775
1.14331961966,0.157603821476,3.65725768001
93.9858747987,99.8722432379,105.225715775
1.06098252976,0.127756762057,3.65725768001
94.0478075439,99.894658865,105.225715775
0.999049784525,0.105341135025,3.65725768001
94.094929785,99.9116987387,105.225715775
0.951927543426,0.088301261295,3.65725768001
94.1323612539,99.9252249839,105.225715775
0.914496074574,0.0747750161156,3.65725768001
94.1624843959,99.9361048124,105.225715775
0.884372932585,0.0638951876241,3.65725768001
94.1869570766,99.9449422088,105.225715775
0.859900251886,0.0550577912198,3.65725768001
94.2067846688,99.952102352,105.225715775
0.840072659638,0.0478976479593,3.65725768001
94.2228679999,99.9579103272,105.225715775
0.823989328587,0.0420896727843,3.65725768001
94.2356980009,99.9625434779,105.225715775
0.81115932757,0.0374565221424,3.65725768001
94.2453682493,99.9660355807,105.225715775
0.801489079098,0.0339644192751,3.65725768001
94.2525661923,99.9686348898,105.225715775
0.794291136124,0.0313651102011,3.65725768001
94.2580301087,99.9706080101,105.225715775
0.788827219699,0.0293919899151,3.65725768001
94.2625463048,99.9722388913,105.225715775
0.784311023601,0.0277611086725,3.65725768001
94.2662874152,99.9735898748,105.225715775
0.780569913254,0.0264101251845,3.65725768001
94.2693555539,99.9746978359,105.225715775
0.777501774514,0.0253021640546,3.65725768001
94.2718282452,99.97559077,105.225715775
0.775029083229,0.0244092299963,3.65725768001
94.2738145834,99.976308073,105.225715775
0.77304274506,0.0236919269504,3.65725768001
94.2753845632,99.9768750215,105.225715775
0.771472765276,0.0231249785191,3.65725768001
94.2765548896,99.9772976478,105.225715775
0.770302438835,0.0227023522178,3.65725768001
94.2774241242,99.9776115443,105.225715775
0.769433204223,0.0223884556908,3.65725768001
94.278069076,99.9778444482,105.225715775
0.76878825239,0.0221555517989,3.65725768001
94.2785367529,99.9780133349,105.225715775
0.768320575496,0.021986665129,3.65725768001
94.2788707289,99.9781339397,105.225715775
0.767986599549,0.0218660603014,3.65725768001
94.2791158587,99.9782224605,105.225715775
0.767741469783,0.0217775394533,3.65725768001
94.2793341101,99.9783012751,105.225715775
0.767523218361,0.021698724863,3.65725768001
94.2795288807,99.9783716103,105.225715775
0.767328447776,0.0216283896505,3.65725768001
94.2797054099,99.9784353583,105.225715775
0.767151918567,0.0215646417252,3.65725768001
94.279826599,99.9784791219,105.225715775
0.767030729413,0.0215208781041,3.65725768001
94.2799536696,99.9785250094,105.225715775
0.766903658803,0.0214749905811,3.65725768001
94.2799966148,99.9785405177,105.225715775
0.766860713597,0.0214594822807,3.65725768001
0.0,0.0,0.0
95.0468573284,100.0,108.882973455
0.513530247579,0.0163737473884,2.47656025445
94.5333270809,99.9836262526,106.4064132
1.16255084935,0.039286523952,5.62209748857
93.8843064791,99.960713476,103.260875966
1.92017490035,0.0695440211926,9.31556448734
93.1266824281,99.9304559788,99.5674089674
2.81267040554,0.110696306443,13.6993456285
92.2341869229,99.8893036936,95.1836278262
3.83679386064,0.166028984882,18.7737822002
91.2100634678,99.8339710151,90.1091912546
4.96250544941,0.238015521237,24.4084929822
90.084351879,99.7619844788,84.4744804725
6.14775693108,0.327779420832,30.4152107833
88.8991003974,99.6722205792,78.4677626714
7.36339676199,0.437575686357,36.6722233497
87.6834605665,99.5624243136,72.2107501051
8.59237081297,0.571058732358,43.1205080553
86.4544865155,99.4289412676,65.7624653995
9.79677940402,0.728737021308,49.5863651973
85.2500779244,99.2712629787,59.2966082575
10.9529250935,0.91267353417,55.9635546467
84.093932235,99.0873264658,52.919418808
12.0433334712,1.12637706732,62.1716435374
83.0035238573,98.8736229327,46.7113299173
13.0429306459,1.37080418958,68.0708198489
82.0039266825,98.6291958104,40.8121536058
13.9243507663,1.64861156454,73.4963054032
81.1225065622,98.3513884355,35.3866680516
14.6642918895,1.96470698956,78.2970315911
80.3825654389,98.0352930104,30.5859418636
15.2712648774,2.32816498091,82.495423602
79.775592451,97.6718350191,26.3875498527
15.7580319137,2.74835585078,86.1322198579
79.2888254147,97.2516441492,22.7507535968
16.1342893931,3.23329139278,89.2285048577
78.9125679354,96.7667086072,19.6544685971
16.4080735094,3.77928041511,91.7866831348
78.6387838191,96.2207195849,17.0962903199
16.5965183976,4.38816418378,93.8638409538
78.4503389308,95.6118358162,15.019132501
16.721710799,5.07105287372,95.5528497824
78.3251465294,94.9289471263,13.3301236724
16.8004808708,5.85315414066,96.9482403982
78.2463764577,94.1468458593,11.9347330565
16.8454644348,6.75926733212,98.1172607172
78.2013928937,93.2407326679,10.7657127376
16.8675269659,7.81014413148,99.1013038445
78.1793303625,92.1898558685,9.78166961021
16.8771420262,9.03223138481,99.93419416
78.1697153023,90.9677686152,8.9487792947
16.8860131855,10.4465623193,100.635393524
78.1608441429,89.5534376807,8.24757993101
16.9084188625,12.0669125941,101.211727947
78.138438466,87.9330874059,7.6712455074
16.9620602451,13.9022904301,101.67180297
78.0847970833,86.0977095699,7.21117048459
17.066795097,15.9536940499,102.031483701
77.9800622314,84.0463059501,6.85148975388
17.2424160139,18.2095330233,102.312448593
77.8044413146,81.7904669767,6.57052486166
17.5091512662,20.6697919118,102.538162846
77.5377060622,79.3302080882,6.34481060924
17.8861985128,23.3272819107,102.724659366
77.1606588157,76.6727180893,6.15831408871
18.3899177093,26.166117944,102.878670828
76.6569396192,73.833882056,6.0043026268
19.022698433,29.1319497144,103.002790605
76.0241588955,70.8680502856,5.88018284941
19.7827079923,32.1735276788,103.099727576
75.2641493361,67.8264723212,5.78324587914
20.6737751493,35.2715648794,103.174307732
74.3730821792,64.7284351206,5.70866572265
21.7056585882,38.4233479622,103.231100684
73.3411987402,61.5766520378,5.65187277028
22.8880486055,41.6233332191,103.274087554
72.1588087229,58.3766667809,5.60888590101
24.2269916935,44.8545729136,103.306475031
70.819865635,55.1454270864,5.57649842404
25.7193286482,48.0823897064,103.330743558
69.3275286802,51.9176102936,5.55222989683
27.3596837427,51.2738520448,103.348916223
67.6871735857,48.7261479552,5.53405723146
29.1492493017,54.4160267067,103.362738764
65.8976080267,45.5839732933,5.52023469094
31.0878795611,57.496080309,103.373422869
63.9589777673,42.503919691,5.50955058581
33.1744299717,60.5024112904,103.381850992
61.8724273568,39.4975887096,5.50112246297
35.4021427341,63.4194660278,103.388731035
59.6447145944,36.5805339722,5.49424241985
37.7784515539,66.2526017104,103.394664764
57.2684057746,33.7473982896,5.4883086911
40.3095339769,69.0058377848,103.400082516
54.7373233515,30.9941622152,5.48289093829
42.9876326466,71.6683879651,103.405197675
52.0592246818,28.3316120349,5.47777577962
45.7659965557,74.1996633353,103.409895975
49.2808607727,25.8003366647,5.47307747951
48.5902848718,76.5624266553,103.41396005
46.4565724567,23.4375733447,5.46901340454
51.4336787602,78.7537346904,103.417317423
43.6131785682,21.2462653096,5.4656560321
54.3171303244,80.8062589575,103.420260043
40.729727004,19.1937410425,5.46271341131
57.2693977586,82.7562357662,103.423064553
37.7774595698,17.2437642338,5.45990890182
60.2558397025,84.5973068671,103.425544009
34.791017626,15.4026931329,5.4574294462
63.2397264606,86.322510232,103.427642951
31.8071308679,13.677489768,5.45533050423
66.1827121901,87.9254179982,103.429363156
28.8641451384,12.0745820018,5.45361029835
69.0531911546,89.4076895979,103.430581735
25.9936661739,10.5923104021,5.4523917194
71.8141802282,90.7673735139,103.431416014
23.2326771002,9.23262648609,5.45155744111
74.4335739826,92.0041083834,103.432092209
20.6132833458,7.99589161659,5.45088124614
76.8919480737,93.1228003001,103.432678704
18.1549092548,6.87719969986,5.45029475118
79.155572998,94.1204682941,103.433140055
15.8912843305,5.87953170594,5.44983339989
81.1956313625,94.9949219573,103.433428337
13.8512259659,5.00507804268,5.44954511735
83.0092683196,95.7537220716,103.43360198
12.0375890089,4.24627792839,5.44937147486
84.6200863714,96.4132470746,103.433715063
10.4267709571,3.58675292541,5.44925839157
86.0615009761,96.992077308,103.433796649
8.98535635234,3.00792269198,5.44917680621
87.3405914608,97.496974578,103.433859607
7.70626586765,2.50302542201,5.44911384789
88.4567434588,97.9309896505,103.433906345
6.59011386966,2.0690103495,5.44906710995
89.4087079313,98.2963853552,103.433935325
5.63814939713,1.70361464478,5.44903812964
90.2115387037,98.6012791515,103.433944775
4.83531862478,1.39872084845,5.44902867996
90.8859531241,98.8551605883,103.433944462
4.16090420431,1.14483941174,5.44902899235
91.4543034371,99.0675100766,103.433944562
3.59255389132,0.932489923436,5.44902889234
91.9284178524,99.243544245,103.433944536
3.11843947608,0.756455755039,5.44902891914
92.3207425641,99.3884890976,103.433944543
2.72611476429,0.611510902365,5.44902891196
92.6432754117,99.5072096504,103.433944541
2.4035819167,0.492790349614,5.44902891388
92.9060509914,99.603628393,103.433944541
2.14080633705,0.396371606972,5.44902891337
93.1179477589,99.6811567518,103.433944541
1.92890956953,0.318843248184,5.44902891351
93.2868165608,99.7427921974,103.433944541
1.7600407676,0.257207802601,5.44902891347
93.4225467739,99.7922156819,103.433944541
1.62431055452,0.207784318137,5.44902891348
93.5303827932,99.8313907252,103.433944541
1.51647453523,0.168609274829,5.44902891348
93.6127198831,99.8612377846,103.433944541
1.43413744532,0.13876221541,5.44902891348
93.6746526284,99.8836534116,103.433944541
1.37220470009,0.116346588379,5.44902891348
93.7217748695,99.9006932854,103.433944541
1.32508245899,0.0993067146482,5.44902891348
93.7592063383,99.9142195305,103.433944541
1.28765099014,0.0857804694688,5.44902891348
93.7893294803,99.925099359,103.433944541
1.25752784815,0.0749006409773,5.44902891348
93.813802161,99.9339367554,103.433944541
1.23305516745,0.066063244573,5.44902891348
93.8336297532,99.9410968987,103.433944541
1.2132275752,0.0589031013125,5.44902891348
93.8497130843,99.9469048739,103.433944541
1.19714424415,0.0530951261375,5.44902891348
93.8625430853,99.9515380245,103.433944541
1.18431424313,0.0484619754956,5.44902891348
93.8722133338,99.9550301274,103.433944541
1.17464399466,0.0449698726283,5.44902891348
93.8794112768,99.9576294364,103.433944541
1.16744605169,0.0423705635543,5.44902891348
93.8848751932,99.9596025567,103.433944541
1.16198213526,0.0403974432683,5.44902891348
93.8893913893,99.961233438,103.433944541
1.15746593916,0.0387665620257,5.44902891348
93.8931324996,99.9625844215,103.433944541
1.15372482882,0.0374155785377,5.44902891348
93.8962006384,99.9636923826,103.433944541
1.15065669008,0.0363076174078,5.44902891348
93.8986733296,99.9645853167,103.433944541
1.14818399879,0.0354146833495,5.44902891348
93.9006596678,99.9653026197,103.433944541
1.14619766062,0.0346973803036,5.44902891348
93.9022296476,99.9658695681,103.433944541
1.14462768084,0.0341304318723,5.44902891348
93.903399974,99.9662921944,103.433944541
1.1434573544,0.033707805571,5.44902891348
93.9042692087,99.966606091,103.433944541
1.14258811979,0.033393909044,5.44902891348
93.9049141605,99.9668389948,103.433944541
1.14194316795,0.0331610051521,5.44902891348
93.9053818374,99.9670078815,103.433944541
1.14147549106,0.0329921184822,5.44902891348
93.9057158133,99.9671284863,103.433944541
1.14114151511,0.0328715136546,5.44902891348
93.9059609431,99.9672170072,103.433944541
1.14089638535,0.0327829928066,5.44902891348
93.9061791945,99.9672958218,103.433944541
1.14067813392,0.0327041782162,5.44902891348
93.9063739651,99.967366157,103.433944541
1.14048336334,0.0326338430037,5.44902891348
93.9065504943,99.9674299049,103.433944541
1.14030683413,0.0325700950784,5.44902891348
93.9066716835,99.9674736685,103.433944541
1.14018564498,0.0325263314573,5.44902891348
93.9067987541,99.9675195561,103.433944541
1.14005857437,0.0324804439343,5.44902891348
93.9068416993,99.9675350644,103.433944541
1.14001562916,0.0324649356339,5.44902891348
0.0,0.0,0.0
95.0468573284,100.0,108.882973455
0.649020601776,0.0229127765636,3.14553723412
94.3978367267,99.9770872234,105.737436221
1.40664465277,0.0531702738042,6.83900423289
93.6402126757,99.9468297262,102.043969222
2.29914015796,0.0943225590551,11.2227853741
92.7477171705,99.9056774409,97.6601880807
3.32326361307,0.149655237494,16.2972219457
91.7235937154,99.8503447625,92.585751509
4.44897520183,0.221641773849,21.9319327278
90.5978821266,99.7783582262,86.951040727
5.6342266835,0.311405673443,27.9386505289
89.4126306449,99.6885943266,80.9443229259
6.84986651441,0.421201938969,34.1956630952
88.196990814,99.578798061,74.6873103595
8.07884056539,0.55468498497,40.6439478008
86.9680167631,99.445315015,68.2390256539
9.28324915644,0.712363273919,47.1098049428
85.763608172,99.2876367261,61.7731685119
10.4393948459,0.896299786781,53.4869943923
84.6074624825,99.1037002132,55.3959790625
11.5298032236,1.11000331994,59.695083283
83.5170541049,98.8899966801,49.1878901718
12.5294003983,1.35443044219,65.5942595945
82.5174569301,98.6455695578,43.2887138603
13.4108205187,1.63223781715,71.0197451487
81.6360368098,98.3677621828,37.863228306
14.1507616419,1.94833324217,75.8204713367
80.8960956865,98.0516667578,33.0625021181
14.7577346298,2.31179123352,80.0188633475
80.2891226986,97.6882087665,28.8641101072
15.2445016661,2.73198210339,83.6556596035
79.8023556623,97.2680178966,25.2273138513
15.6207591455,3.21691764539,86.7519446032
79.426098183,96.7830823546,22.1310288515
15.8945432618,3.76290666772,89.3101228804
79.1523140666,96.2370933323,19.5728505744
16.08298815,4.37179043639,91.3872806993
78.9638691784,95.6282095636,17.4956927554
16.2081805514,5.05467912633,93.0762895279
78.838676777,94.9453208737,15.8066839268
16.2869506232,5.83678039327,94.4716801438
78.7599067052,94.1632196067,14.411293311
16.3319341872,6.74289358473,95.6407004627
78.7149231413,93.2571064153,13.242272992
16.3539967184,7.79377038409,96.6247435901
78.6928606101,92.2062296159,12.2582298647
16.3636117786,9.01585763742,97.4576339056
78.6832455499,90.9841423626,11.4253395491
16.3724829379,10.4301885719,98.1588332693
78.6743743905,89.5698114281,10.7241401855
16.3948886149,12.0505388467,98.7351676929
78.6519687135,87.9494611533,10.1478057619
16.4485299975,13.8859166827,99.1952427157
78.5983273309,86.1140833173,9.68773073904
16.5532648495,15.9373203026,99.5549234464
78.493592479,84.0626796974,9.32805000833
16.7288857663,18.1931592759,99.8358883386
78.3179715621,81.8068407241,9.04708511611
16.9956210187,20.6534181644,100.061602591
78.0512363098,79.3465818356,8.8213708637
17.3726682652,23.3109081633,100.248099112
77.6741890632,76.6890918367,8.63487434316
17.8763874617,26.1497441966,100.402110573
77.1704698667,73.8502558034,8.48086288125
18.5091681854,29.115575967,100.526230351
76.5376891431,70.884424033,8.35674310387
19.2691777448,32.1571539314,100.623167321
75.7776795837,67.8428460686,8.25980613359
20.1602449017,35.255191132,100.697747478
74.8866124267,64.744808868,8.1852259771
21.1921283406,38.4069742148,100.75454043
73.8547289878,61.5930257852,8.12843302473
22.3745183579,41.6069594717,100.797527299
72.6723389705,58.3930405283,8.08544615546
23.7134614459,44.8381991663,100.829914776
71.3333958826,55.1618008337,8.05305867849
25.2057984006,48.066015959,100.854183303
69.8410589278,51.933984041,8.02879015128
26.8461534952,51.2574782974,100.872355969
68.2007038333,48.7425217026,8.01061748591
28.6357190541,54.3996529593,100.886178509
66.4111382743,45.6003470407,7.99679494539
30.5743493135,57.4797065616,100.896862614
64.4725080149,42.5202934384,7.98611084026
32.6608997241,60.486037543,100.905290737
62.3859576044,39.513962457,7.97768271742
34.8886124865,63.4030922804,100.91217078
60.158244842,36.5969077196,7.9708026743
37.2649213063,66.236227963,100.918104509
57.7819360221,33.763772037,7.96486894555
39.7960037293,68.9894640374,100.923522262
55.2508535991,31.0105359626,7.95945119275
42.474102399,71.6520142177,100.928637421
52.5727549294,28.3479857823,7.95433603408
45.2524663081,74.1832895879,100.933335721
49.7943910203,25.8167104121,7.94963773396
48.0767546242,76.5460529079,100.937399796
46.9701027043,23.4539470921,7.94557365899
50.9201485126,78.737360943,100.940757168
44.1267088158,21.262639057,7.94221628655
53.8036000768,80.7898852102,100.943699789
41.2432572516,19.2101147898,7.93927366576
56.755867511,82.7398620189,100.946504298
38.2909898174,17.2601379811,7.93646915627
59.7423094549,84.5809331197,100.948983754
35.3045478735,15.4190668803,7.93398970066
62.726196213,86.3061364846,100.951082696
32.3206611155,13.6938635154,7.93189075868
65.6691819425,87.9090442508,100.952802902
29.3776753859,12.0909557492,7.93017055281
68.539660907,89.3913158505,100.954021481
26.5071964214,10.6086841495,7.92895197385
71.3006499807,90.7509997665,100.954855759
23.7462073478,9.24900023348,7.92811769556
73.920043735,91.987734636,100.955531954
21.1268135934,8.01226536398,7.92744150059
76.3784178261,93.1064265528,100.956118449
18.6684395024,6.89357344724,7.92685500563
78.6420427504,94.1040945467,100.9565798
16.4048145781,5.89590545333,7.92639365434
80.6821011149,94.9785482099,100.956868083
14.3647562135,5.02145179007,7.9261053718
82.495738072,95.7373483242,100.957041725
12.5511192564,4.26265167578,7.92593172931
84.1065561238,96.3968733272,100.957154809
10.9403012046,3.6031266728,7.92581864603
85.5479707285,96.9757035606,100.957236394
9.49888659992,3.02429643937,7.92573706066
86.8270612132,97.4806008306,100.957299352
8.21979611523,2.5193991694,7.92567410234
87.9432132112,97.9146159031,100.95734609
7.10364411723,2.08538409689,7.9256273644
88.8951776837,98.2800116078,100.957375071
6.15167964471,1.71998839217,7.92559838409
89.6980084561,98.5849054042,100.95738452
5.34884887236,1.41509459584,7.92558893442
90.3724228765,98.8387868409,100.957384208
4.67443445189,1.16121315912,7.9255892468
90.9407731895,99.0511363292,100.957384308
4.1060841389,0.948863670825,7.92558914679
91.4148876048,99.2271704976,100.957384281
3.63196972366,0.772829502428,7.92558917359
91.8072123166,99.3721153502,100.957384288
3.23964501187,0.627884649754,7.92558916641
92.1297451642,99.490835903,100.957384286
2.91711216428,0.509164097003,7.92558916833
92.3925207438,99.5872546456,100.957384287
2.65433658462,0.41274535436,7.92558916782
92.6044175113,99.6647830044,100.957384287
2.44243981711,0.335216995573,7.92558916796
92.7732863133,99.72641845,100.957384287
2.27357101518,0.273581549989,7.92558916792
92.9090165263,99.7758419345,100.957384287
2.1378408021,0.224158065525,7.92558916793
93.0168525456,99.8150169778,100.957384287
2.03000478281,0.184983022218,7.92558916793
93.0991896355,99.8448640372,100.957384287
1.9476676929,0.155135962799,7.92558916793
93.1611223808,99.8672796642,100.957384287
1.88573494767,0.132720335767,7.92558916793
93.2082446219,99.884319538,100.957384287
1.83861270657,0.115680462037,7.92558916793
93.2456760907,99.8978457831,100.957384287
1.80118123772,0.102154216857,7.92558916793
93.2757992327,99.9087256116,100.957384287
1.77105809573,0.0912743883657,7.92558916793
93.3002719134,99.917563008,100.957384287
1.74658541503,0.0824369919614,7.92558916793
93.3200995057,99.9247231513,100.957384287
1.72675782278,0.0752768487009,7.92558916793
93.3361828367,99.9305311265,100.957384287
1.71067449173,0.0694688735259,7.92558916793
93.3490128377,99.9351642771,100.957384287
1.69784449071,0.0648357228841,7.92558916793
93.3586830862,99.93865638,100.957384287
1.68817424224,0.0613436200167,7.92558916793
93.3658810292,99.9412556891,100.957384287
1.68097629927,0.0587443109427,7.92558916793
93.3713449456,99.9432288093,100.957384287
1.67551238284,0.0567711906568,7.92558916793
93.3758611417,99.9448596906,100.957384287
1.67099618674,0.0551403094141,7.92558916793
93.379602252,99.9462106741,100.957384287
1.6672550764,0.0537893259261,7.92558916793
93.3826703908,99.9473186352,100.957384287
1.66418693766,0.0526813647962,7.92558916793
93.3851430821,99.9482115693,100.957384287
1.66171424637,0.0517884307379,7.92558916793
93.3871294202,99.9489288723,100.957384287
1.6597279082,0.051071127692,7.92558916793
93.3886994,99.9494958207,100.957384287
1.65815792842,0.0505041792607,7.92558916793
93.3898697265,99.949918447,100.957384287
1.65698760198,0.0500815529594,7.92558916793
93.3907389611,99.9502323436,100.957384287
1.65611836736,0.0497676564324,7.92558916793
93.3913839129,99.9504652475,100.957384287
1.65547341553,0.0495347525405,7.92558916793
93.3918515898,99.9506341341,100.957384287
1.65500573864,0.0493658658707,7.92558916793
93.3921855657,99.950754739,100.957384287
1.65467176269,0.049245261043,7.92558916793
93.3924306955,99.9508432598,100.957384287
1.65442663293,0.049156740195,7.92558916793
93.3926489469,99.9509220744,100.957384287
1.6542083815,0.0490779256046,7.92558916793
93.3928437175,99.9509924096,100.957384287
1.65401361092,0.0490075903921,7.92558916793
93.3930202467,99.9510561575,100.957384287
1.65383708171,0.0489438424669,7.92558916793
93.3931414359,99.9510999212,100.957384287
1.65371589256,0.0489000788458,7.92558916793
93.3932685065,99.9511458087,100.957384287
1.65358882194,0.0488541913227,7.92558916793
93.3933114517,99.951161317,100.957384287
1.65354587674,0.0488386830224,7.92558916793
0.0,0.0,0.0
95.0468573284,100.0,108.882973455
0.757624050994,0.0302574972406,3.69346699877
94.2892332774,99.9697425028,105.189506456
1.65011955618,0.0714097824915,8.07724813993
93.3967377723,99.9285902175,100.805725315
2.67424301129,0.12674246093,13.1516847116
92.3726143172,99.8732575391,95.7312887431
3.79995460005,0.198728997285,18.7863954937
91.2469027284,99.8012710027,90.0965779611
4.98520608173,0.28849289688,24.7931132947
90.0616512467,99.7115071031,84.08986016
6.20084591263,0.398289162405,31.0501258611
88.8460114158,99.6017108376,77.8328475937
7.42981996361,0.531772208406,37.4984105667
87.6170373648,99.4682277916,71.3845628881
8.63422855466,0.689450497356,43.9642677087
86.4126287738,99.3105495026,64.918705746
9.79037424413,0.873387010218,50.3414571581
85.2564830843,99.1266129898,58.5415162966
10.8807826218,1.08709054337,56.5495460488
84.1660747066,98.9129094566,52.3334274059
11.8803797965,1.33151766563,62.4487223604
83.1664775319,98.6684823344,46.4342510944
12.7617999169,1.60932504059,67.8742079146
82.2850574115,98.3906749594,41.0087655401
13.5017410402,1.9254204656,72.6749341026
81.5451162883,98.0745795344,36.2080393522
14.1087140281,2.28887845696,76.8733261134
80.9381433004,97.711121543,32.0096473413
14.5954810643,2.70906932683,80.5101223693
80.4513762641,97.2909306732,28.3728510854
14.9717385437,3.19400486883,83.6064073691
80.0751187847,96.8059951312,25.2765660857
15.24552266,3.73999389116,86.1645856463
79.8013346684,96.2600061088,22.7183878085
15.4339675483,4.34887765983,88.2417434652
79.6128897802,95.6511223402,20.6412299895
15.5591599497,5.03176634976,89.9307522938
79.4876973788,94.9682336502,18.9522211609
15.6379300214,5.81386761671,91.3261429097
79.408927307,94.1861323833,17.5568305451
15.6829135854,6.71998080816,92.4951632286
79.363943743,93.2800191918,16.3878102261
15.7049761166,7.77085760752,93.479206356
79.3418812119,92.2291423925,15.4037670988
15.7145911768,8.99294486086,94.3120966715
79.3322661516,91.0070551391,14.5708767833
15.7234623362,10.4072757953,95.0132960352
79.3233949923,89.5927242047,13.8696774196
15.7458680131,12.0276260702,95.5896304588
79.3009893153,87.9723739298,13.293342996
15.7995093957,13.8630039061,96.0497054816
79.2473479327,86.1369960939,12.8332679732
15.9042442477,15.914407526,96.4093862123
79.1426130808,84.085592474,12.4735872425
16.0798651645,18.1702464993,96.6903511045
78.9669921639,81.8297535007,12.1926223502
16.3466004169,20.6305053878,96.9160653569
78.7002569116,79.3694946122,11.9669080978
16.7236476634,23.2879953867,97.1025618775
78.323209665,76.7120046133,11.7804115773
17.2273668599,26.1268314201,97.2565733394
77.8194904685,73.8731685799,11.6264001154
17.8601475836,29.0926631904,97.3806931168
77.1867097448,70.9073368096,11.502280338
18.620157143,32.1342411548,97.477630087
76.4267001855,67.8657588452,11.4053433677
19.5112242999,35.2322783554,97.5522102435
75.5356330285,64.7677216446,11.3307632112
20.5431077388,38.3840614382,97.6090031959
74.5037495896,61.6159385618,11.2739702588
21.7254977562,41.5840466951,97.6519900652
73.3213595723,58.4159533049,11.2309833896
23.0644408441,44.8152863897,97.6843775421
71.9824164843,55.1847136103,11.1985959126
24.5567777989,48.0431031824,97.7086460693
70.4900795296,51.9568968176,11.1743273854
26.1971328934,51.2345655208,97.7268187347
68.8497244351,48.7654344792,11.15615472
27.9866984524,54.3767401828,97.7406412752
67.0601588761,45.6232598172,11.1423321795
29.9253287117,57.456793785,97.7513253804
65.1215286167,42.543206215,11.1316480744
32.0118791223,60.4631247664,97.7597535032
63.0349782061,39.5368752336,11.1232199515
34.2395918847,63.3801795038,97.7666335463
60.8072654437,36.6198204962,11.1163399084
36.6159007045,66.2133151864,97.7725672751
58.4309566239,33.7866848136,11.1104061797
39.1469831276,68.9665512608,97.7779850279
55.8998742009,31.0334487392,11.1049884269
41.8250817973,71.6291014411,97.7831001866
53.2217755312,28.3708985589,11.0998732682
44.6034457064,74.1603768113,97.7877984867
50.4434116221,25.8396231887,11.0951749681
47.4277340224,76.5231401314,97.7918625616
47.619123306,23.4768598686,11.0911108931
50.2711279109,78.7144481665,97.7952199341
44.7757294176,21.2855518335,11.0877535207
53.1545794751,80.7669724336,97.7981625549
41.8922778534,19.2330275664,11.0848108999
56.1068469093,82.7169492423,97.8009670644
38.9400104192,17.2830507577,11.0820063904
59.0932888531,84.5580203431,97.80344652
35.9535684753,15.4419796569,11.0795269348
62.0771756112,86.2832237081,97.8055454619
32.9696817172,13.7167762919,11.0774279928
65.0201613407,87.8861314742,97.8072656678
30.0266959877,12.1138685258,11.0757077869
67.8906403052,89.368403074,97.8084842468
27.1562170232,10.631596926,11.074489208
70.6516293789,90.72808699,97.8093185251
24.3952279496,9.27191301005,11.0736549297
73.2710231333,91.9648218595,97.80999472
21.7758341952,8.03517814055,11.0729787347
75.7293972243,93.0835137762,97.810581215
19.3174601041,6.91648622381,11.0723922398
77.9930221486,94.0811817701,97.8110425663
17.0538351798,5.91881822989,11.0719308885
80.0330805132,94.9556354334,97.8113308488
15.0137768153,5.04436456663,11.0716426059
81.8467174702,95.7144355477,97.8115044913
13.2001398582,4.28556445235,11.0714689634
83.457535522,96.3739605506,97.8116175746
11.5893218064,3.62603944936,11.0713558801
84.8989501267,96.9527907841,97.81169916
10.1479072017,3.04720921593,11.0712742948
86.1780406114,97.457688054,97.8117621183
8.868816717,2.54231194597,11.0712113365
87.2941926094,97.8917031266,97.8118088562
7.75266471901,2.10829687345,11.0711645985
88.246157082,98.2570988313,97.8118378365
6.80070024649,1.74290116873,11.0711356182
89.0489878543,98.5619926276,97.8118472862
5.99786947413,1.43800737241,11.0711261685
89.7234022748,98.8158740643,97.8118469738
5.32345505367,1.18412593569,11.0711264809
90.2917525878,99.0282235526,97.8118470738
4.75510474068,0.971776447388,11.0711263809
90.765867003,99.204257721,97.811847047
4.28099032543,0.795742278991,11.0711264077
91.1581917148,99.3492025737,97.8118470542
3.88866561365,0.650797426317,11.0711264005
91.4807245624,99.4679231264,97.8118470523
3.56613276606,0.532076873566,11.0711264025
91.743500142,99.5643418691,97.8118470528
3.3033571864,0.435658130924,11.0711264019
91.9553969096,99.6418702279,97.8118470527
3.09146041889,0.358129772136,11.0711264021
92.1242657115,99.7035056734,97.8118470527
2.92259161695,0.296494326553,11.071126402
92.2599959246,99.7529291579,97.8118470527
2.78686140387,0.247070842089,11.071126402
92.3678319439,99.7921042012,97.8118470527
2.67902538458,0.207895798781,11.071126402
92.4501690338,99.8219512606,97.8118470527
2.59668829468,0.178048739362,11.071126402
92.512101779,99.8443668877,97.8118470527
2.53475554944,0.155633112331,11.071126402
92.5592240201,99.8614067614,97.8118470527
2.48763330834,0.1385932386,11.071126402
92.5966554889,99.8749330066,97.8118470527
2.45020183949,0.125066993421,11.071126402
92.6267786309,99.8858128351,97.8118470527
2.4200786975,0.114187164929,11.071126402
92.6512513116,99.8946502315,97.8118470527
2.3956060168,0.105349768525,11.071126402
92.6710789039,99.9018103747,97.8118470527
2.37577842456,0.0981896252645,11.071126402
92.6871622349,99.9076183499,97.8118470527
2.3596950935,0.0923816500895,11.071126402
92.699992236,99.9122515006,97.8118470527
2.34686509249,0.0877484994476,11.071126402
92.7096624844,99.9157436034,97.8118470527
2.33719484402,0.0842563965802,11.071126402
92.7168604274,99.9183429125,97.8118470527
2.32999690104,0.0816570875062,11.071126402
92.7223243438,99.9203160328,97.8118470527
2.32453298462,0.0796839672203,11.071126402
92.7268405399,99.921946914,97.8118470527
2.32001678852,0.0780530859777,11.071126402
92.7305816503,99.9232978975,97.8118470527
2.31627567817,0.0767021024897,11.071126402
92.733649789,99.9244058586,97.8118470527
2.31320753943,0.0755941413598,11.071126402
92.7361224803,99.9252987927,97.8118470527
2.31073484815,0.0747012073015,11.071126402
92.7381088185,99.9260160957,97.8118470527
2.30874850998,0.0739839042556,11.071126402
92.7396787982,99.9265830442,97.8118470527
2.30717853019,0.0734169558242,11.071126402
92.7408491247,99.9270056705,97.8118470527
2.30600820375,0.072994329523,11.071126402
92.7417183593,99.927319567,97.8118470527
2.30513896914,0.0726804329959,11.071126402
92.7423633111,99.9275524709,97.8118470527
2.30449401731,0.0724475291041,11.071126402
92.742830988,99.9277213576,97.8118470527
2.30402634041,0.0722786424342,11.071126402
92.743164964,99.9278419624,97.8118470527
2.30369236447,0.0721580376066,11.071126402
92.7434100937,99.9279304832,97.8118470527
2.3034472347,0.0720695167585,11.071126402
92.7436283452,99.9280092978,97.8118470527
2.30322898328,0.0719907021682,11.071126402
92.7438231157,99.928079633,97.8118470527
2.30303421269,0.0719203669557,11.071126402
92.743999645,99.928143381,97.8118470527
2.30285768348,0.0718566190304,11.071126402
92.7441208341,99.9281871446,97.8118470527
2.30273649433,0.0718128554093,11.071126402
92.7442479047,99.9282330321,97.8118470527
2.30260942372,0.0717669678863,11.071126402
92.7442908499,99.9282485404,97.8118470527
2.30256647851,0.0717514595859,11.071126402
0.0,0.0,0.0
95.0468573284,100.0,108.882973455
0.892495505188,0.0411522852509,4.38378114117
94.1543618233,99.9588477147,104.499192314
1.9166189603,0.0964849636896,9.45821771286
93.1302383681,99.9035150363,99.4247557419
3.04233054906,0.168471500044,15.0929284949
92.0045267794,99.8315285,93.7900449599
4.22758203073,0.258235399639,21.099646296
90.8192752977,99.7417646004,87.7833271588
5.44322186164,0.368031665164,27.3566588623
89.6036354668,99.6319683348,81.5263145924
6.67219591262,0.501514711166,33.8049435679
88.3746614158,99.4984852888,75.0780298868
7.87660450367,0.659193000115,40.2708007099
87.1702528248,99.3408069999,68.6121727448
9.03275019314,0.843129512977,46.6479901594
86.0141071353,99.156870487,62.2349832954
10.1231585708,1.05683304613,52.8560790501
84.9236987576,98.9431669539,56.0268944047
11.1227557455,1.30126016839,58.7552553616
83.9241015829,98.6987398316,50.1277180931
12.0041758659,1.57906754335,64.1807409159
83.0426814625,98.4209324567,44.7022325389
12.7441169892,1.89516296836,68.9814671038
82.3027403393,98.1048370316,39.9015063509
13.3510899771,2.25862095972,73.1798591147
81.6957673514,97.7413790403,35.7031143401
13.8378570134,2.67881182959,76.8166553706
81.2090003151,97.3211881704,32.0663180842
14.2141144927,3.16374737159,79.9129403703
80.8327428357,96.8362526284,28.9700330844
14.487898609,3.70973639392,82.4711186475
80.5589587194,96.2902636061,26.4118548072
14.6763434973,4.31862016259,84.5482764664
80.3705138312,95.6813798374,24.3346969883
14.8015358987,5.00150885252,86.237285295
80.2453214298,94.9984911475,22.6456881597
14.8803059704,5.78361011947,87.6326759109
80.166551358,94.2163898805,21.2502975439
14.9252895344,6.68972331092,88.8016962298
80.121567794,93.3102766891,20.0812772249
14.9473520656,7.74060011028,89.7857393572
80.0995052629,92.2593998897,19.0972340975
14.9569671258,8.96268736362,90.6186296727
80.0898902026,91.0373126364,18.264343782
14.9658382852,10.3770182981,91.3198290364
80.0810190433,89.6229817019,17.5631444183
14.9882439621,11.9973685729,91.89616346
80.0586133663,88.0026314271,16.9868099947
15.0418853447,13.8327464089,92.3562384828
80.0049719837,86.1672535911,16.5267349719
15.1466201967,15.8841500288,92.7159192135
79.9002371318,84.1158499712,16.1670542412
15.3222411135,18.1399890021,92.9968841057
79.7246162149,81.8600109979,15.886089349
15.5889763659,20.6002478906,93.2225983582
79.4578809625,79.3997521094,15.6603750966
15.9660236124,23.2577378895,93.4090948787
79.080833716,76.7422621105,15.473878576
16.4697428089,26.0965739228,93.5631063406
78.5771145195,73.9034260772,15.3198671141
17.1025235326,29.0624056932,93.687226118
77.9443337958,70.9375943068,15.1957473368
17.862533092,32.1039836576,93.7841630883
77.1843242364,67.8960163424,15.0988103665
18.7536002489,35.2020208582,93.8587432448
76.2932570795,64.7979791418,15.02423021
19.7854836878,38.353803941,93.9155361971
75.2613736406,61.646196059,14.9674372576
20.9678737052,41.5537891979,93.9585230664
74.0789836233,58.4462108021,14.9244503883
22.3068167931,44.7850288925,93.9909105434
72.7400405353,55.2149711075,14.8920629114
23.7991537479,48.0128456852,94.0151790706
71.2477035806,51.9871543148,14.8677943842
25.4395088424,51.2043080236,94.0333517359
69.6073484861,48.7956919764,14.8496217188
27.2290744014,54.3464826855,94.0471742765
67.8177829271,45.6535173145,14.8357991783
29.1677046607,57.4265362878,94.0578583816
65.8791526677,42.5734637122,14.8251150731
31.2542550713,60.4328672692,94.0662865044
63.7926022571,39.5671327308,14.8166869503
33.4819678337,63.3499220066,94.0731665476
61.5648894947,36.6500779934,14.8098069072
35.8582766535,66.1830576892,94.0791002763
59.1885806749,33.8169423108,14.8038731784
38.3893590766,68.9362937636,94.0845180291
56.6574982519,31.0637062364,14.7984554256
41.0674577463,71.5988439439,94.0896331878
53.9793995822,28.4011560561,14.793340267
43.8458216554,74.1301193141,94.0943314879
51.2010356731,25.8698806859,14.7886419668
46.6701099714,76.4928826341,94.0983955629
48.376747357,23.5071173659,14.7845778919
49.5135038599,78.6841906692,94.1017529353
45.5333534686,21.3158093308,14.7812205194
52.3969554241,80.7367149363,94.1046955561
42.6499019044,19.2632850637,14.7782778986
55.3492228583,82.6866917451,94.1075000656
39.6976344702,17.3133082549,14.7754733892
58.3356648021,84.5277628459,94.1099795212
36.7111925263,15.4722371541,14.7729939335
61.3195515602,86.2529662108,94.1120784632
33.7273057682,13.7470337892,14.7708949916
64.2625372897,87.855873977,94.1137986691
30.7843200387,12.144126023,14.7691747857
67.1330162542,89.3381455767,94.115017248
27.9138410742,10.6618544233,14.7679562067
69.8940053279,90.6978294927,94.1158515263
25.1528520005,9.30217050729,14.7671219284
72.5133990823,91.9345643622,94.1165277213
22.5334582462,8.06543563779,14.7664457335
74.9717731733,93.053256279,94.1171142162
20.0750841551,6.94674372105,14.7658592385
77.2353980976,94.0509242729,94.1175755675
17.8114592308,5.94907572713,14.7653978872
79.2754564622,94.9253779361,94.1178638501
15.7714008663,5.07462206387,14.7651096047
81.0890934192,95.6841780504,94.1180374925
13.9577639092,4.31582194959,14.7649359622
82.699911471,96.3437030534,94.1181505758
12.3469458574,3.6562969466,14.7648228789
84.1413260758,96.9225332868,94.1182321612
10.9055312527,3.07746671317,14.7647412935
85.4204165604,97.4274305568,94.1182951195
9.626440768,2.57256944321,14.7646783352
86.5365685584,97.8614456293,94.1183418575
8.51028877,2.13855437069,14.7646315973
87.488533031,98.226841334,94.1183708378
7.55832429748,1.77315866597,14.764602617
88.2913638033,98.5317351304,94.1183802874
6.75549352513,1.46826486965,14.7645931673
88.9657782238,98.7856165671,94.1183799751
6.08107910466,1.21438343293,14.7645934797
89.5341285368,98.9979660554,94.1183800751
5.51272879167,1.00203394463,14.7645933797
90.008242952,99.1740002238,94.1183800483
5.03861437643,0.825999776232,14.7645934065
90.4005676638,99.3189450764,94.1183800554
4.64628966464,0.681054923558,14.7645933993
90.7231005114,99.4376656292,94.1183800535
4.32375681705,0.562334370807,14.7645934012
90.985876091,99.5340843718,94.118380054
4.06098123739,0.465915628164,14.7645934007
91.1977728586,99.6116127306,94.1183800539
3.84908446988,0.388387269377,14.7645934008
91.3666416605,99.6732481762,94.1183800539
3.68021566795,0.326751823793,14.7645934008
91.5023718736,99.7226716607,94.1183800539
3.54448545487,0.277328339329,14.7645934008
91.6102078929,99.761846704,94.1183800539
3.43664943558,0.238153296022,14.7645934008
91.6925449828,99.7916937634,94.1183800539
3.35431234567,0.208306236603,14.7645934008
91.754477728,99.8141093904,94.1183800539
3.29237960044,0.185890609571,14.7645934008
91.8015999691,99.8311492642,94.1183800539
3.24525735934,0.168850735841,14.7645934008
91.839031438,99.8446755093,94.1183800539
3.20782589049,0.155324490661,14.7645934008
91.8691545799,99.8555553378,94.1183800539
3.1777027485,0.14444466217,14.7645934008
91.8936272606,99.8643927342,94.1183800539
3.1532300678,0.135607265766,14.7645934008
91.9134548529,99.8715528775,94.1183800539
3.13340247555,0.128447122505,14.7645934008
91.9295381839,99.8773608527,94.1183800539
3.1173191445,0.12263914733,14.7645934008
91.942368185,99.8819940033,94.1183800539
3.10448914348,0.118005996688,14.7645934008
91.9520384334,99.8854861062,94.1183800539
3.09481889501,0.114513893821,14.7645934008
91.9592363764,99.8880854153,94.1183800539
3.08762095204,0.111914584747,14.7645934008
91.9647002928,99.8900585355,94.1183800539
3.08215703561,0.109941464461,14.7645934008
91.9692164889,99.8916894168,94.1183800539
3.07764083951,0.108310583218,14.7645934008
91.9729575993,99.8930404003,94.1183800539
3.07389972917,0.10695959973,14.7645934008
91.976025738,99.8941483614,94.1183800539
3.07083159043,0.1058516386,14.7645934008
91.9784984293,99.8950412955,94.1183800539
3.06835889914,0.104958704542,14.7645934008
91.9804847675,99.8957585985,94.1183800539
3.06637256097,0.104241401496,14.7645934008
91.9820547473,99.8963255469,94.1183800539
3.06480258119,0.103674453065,14.7645934008
91.9832250737,99.8967481732,94.1183800539
3.06363225475,0.103251826764,14.7645934008
91.9840943083,99.8970620698,94.1183800539
3.06276302013,0.102937930237,14.7645934008
91.9847392601,99.8972949737,94.1183800539
3.0621180683,0.102705026345,14.7645934008
91.985206937,99.8974638603,94.1183800539
3.06165039141,0.102536139675,14.7645934008
91.985540913,99.8975844652,94.1183800539
3.06131641546,0.102415534847,14.7645934008
91.9857860427,99.897672986,94.1183800539
3.0610712857,0.102327013999,14.7645934008
91.9860042942,99.8977518006,94.1183800539
3.06085303427,0.102248199409,14.7645934008
91.9861990648,99.8978221358,94.1183800539
3.06065826369,0.102177864196,14.7645934008
91.986375594,99.8978858837,94.1183800539
3.06048173448,0.102114116271,14.7645934008
91.9864967831,99.8979296474,94.1183800539
3.06036054532,0.10207035265,14.7645934008
91.9866238537,99.8979755349,94.1183800539
3.06023347471,0.102024465127,14.7645934008
91.9866667989,99.8979910432,94.1183800539
3.06019052951,0.102008956827,14.7645934008
0.0,0.0,0.0
95.0468573284,100.0,108.882973455
1.02412345511,0.0553326784387,5.07443657169
94.0227338733,99.9446673216,103.808536883
2.14983504387,0.127319214793,10.7091473537
92.8970222846,99.8726807852,98.173826101
3.33508652554,0.217083114388,16.7158651548
91.7117708029,99.7829168856,92.1671082999
4.55072635645,0.326879379914,22.9728777211
90.496130972,99.6731206201,85.9100957336
5.77970040743,0.460362425915,29.4211624268
89.267156921,99.5396375741,79.461811028
6.98410899848,0.618040714864,35.8870195688
88.06274833,99.3819592851,72.995953886
8.14025468795,0.801977227726,42.2642090182
86.9066026405,99.1980227723,66.6187644365
9.23066306562,1.01568076088,48.4722979089
85.8161942628,98.9843192391,60.4106755458
10.2302602404,1.26010788314,54.3714742204
84.8165970881,98.7398921169,54.5114992343
11.1116803607,1.5379152581,59.7969597747
83.9351769677,98.4620847419,49.0860136801
11.851621484,1.85401068311,64.5976859626
83.1952358445,98.1459893169,44.2852874921
12.4585944719,2.21746867447,68.7960779735
82.5882628566,97.7825313255,40.0868954812
12.9453615082,2.63765954433,72.4328742294
82.1014958203,97.3623404557,36.4500992253
13.3216189875,3.12259508634,75.5291592292
81.7252383409,96.8774049137,33.3538142256
13.5954031038,3.66858410867,78.0873375063
81.4514542246,96.3314158913,30.7956359484
13.7838479921,4.27746787734,80.1644953253
81.2630093364,95.7225321227,28.7184781295
13.9090403935,4.96035656727,81.8535041539
81.137816935,95.0396434327,27.0294693009
13.9878104652,5.74245783422,83.2488947697
81.0590468632,94.2575421658,25.634078685
14.0327940292,6.64857102567,84.4179150887
81.0140632992,93.3514289743,24.4650583661
14.0548565604,7.69944782503,85.401958216
80.992000768,92.300552175,23.4810152387
14.0644716206,8.92153507837,86.2348485315
80.9823857078,91.0784649216,22.6481249232
14.07334278,10.3358660128,86.9360478952
80.9735145485,89.6641339872,21.9469255595
14.0957484569,11.9562162877,87.5123823188
80.9511088715,88.0437837123,21.3705911359
14.1493898396,13.7915941236,87.9724573417
80.8974674889,86.2084058764,20.9105161131
14.2541246915,15.8429977435,88.3321380724
80.7927326369,84.1570022565,20.5508353824
14.4297456083,18.0988367168,88.6131029646
80.6171117201,81.9011632832,20.2698704902
14.6964808607,20.5590956053,88.838817217
80.3503764677,79.4409043947,20.0441562377
15.0735281072,23.2165856042,89.0253137375
79.9733292212,76.7834143958,19.8576597172
15.5772473037,26.0554216376,89.1793251994
79.4696100247,73.9445783624,19.7036482553
16.2100280274,29.0212534079,89.3034449768
78.836829301,70.9787465921,19.5795284779
16.9700375868,32.0628313723,89.4003819471
78.0768197416,67.9371686277,19.4825915076
17.8611047437,35.1608685729,89.4749621036
77.1857525847,64.8391314271,19.4080113512
18.8929881827,38.3126516557,89.531755056
76.1538691458,61.6873483443,19.3512183988
20.0753782,41.5126369126,89.5747419252
74.9714791285,58.4873630874,19.3082315295
21.4143212879,44.7438766072,89.6071294022
73.6325360405,55.2561233928,19.2758440525
22.9066582427,47.9716933999,89.6313979294
72.1401990858,52.0283066001,19.2515755253
24.5470133372,51.1631557384,89.6495705948
70.4998439912,48.8368442616,19.23340286
26.3365788962,54.3053304003,89.6633931353
68.7102784323,45.6946695997,19.2195803194
28.2752091556,57.3853840025,89.6740772404
66.7716481729,42.6146159975,19.2088962143
30.3617595661,60.3917149839,89.6825053633
64.6850977623,39.6082850161,19.2004680915
32.5894723285,63.3087697213,89.6893854064
62.4573849999,36.6912302787,19.1935880484
34.9657811483,66.141905404,89.6953191351
60.0810761801,33.858094596,19.1876543196
37.4968635714,68.8951414783,89.7007368879
57.5499937571,31.1048585217,19.1822365668
40.1749622411,71.5576916586,89.7058520466
54.8718950874,28.4423083414,19.1771214081
42.9533261502,74.0889670289,89.7105503467
52.0935311783,25.9110329711,19.172423108
45.7776144662,76.4517303489,89.7146144217
49.2692428622,23.5482696511,19.168359033
48.6210083547,78.643038384,89.7179717941
46.4258489738,21.356961616,19.1650016606
51.5044599189,80.6955626511,89.7209144149
43.5423974096,19.3044373489,19.1620590398
54.4567273531,82.6455394598,89.7237189244
40.5901299754,17.3544605402,19.1592545303
57.4431692969,84.4866105606,89.72619838
37.6036880315,15.5133894394,19.1567750747
60.427056055,86.2118139256,89.728297322
34.6198012734,13.7881860744,19.1546761327
63.3700417845,87.8147216917,89.7300175279
31.6768155439,12.1852783083,19.1529559269
66.240520749,89.2969932915,89.7312361068
28.8063365794,10.7030067085,19.1517373479
69.0015098227,90.6566772075,89.7320703851
26.0453475057,9.34332279254,19.1509030696
71.6209035771,91.893412077,89.7327465801
23.4259537514,8.10658792304,19.1502268746
74.0792776681,93.0121039937,89.7333330751
20.9675796603,6.9878960063,19.1496403797
76.3429025924,94.0097719876,89.7337944263
18.703954736,5.99022801238,19.1491790284
78.382960957,94.8842256509,89.7340827089
16.6638963715,5.11577434912,19.1488907459
80.196597914,95.6430257652,89.7342563514
14.8502594144,4.35697423484,19.1487171034
81.8074159658,96.3025507681,89.7343694347
13.2394413626,3.69744923185,19.1486040201
83.2488305706,96.8813810016,89.73445102
11.7980267579,3.11861899842,19.1485224347
84.5279210553,97.3862782715,89.7345139784
10.5189362732,2.61372172846,19.1484594764
85.6440730532,97.8202933441,89.7345607163
9.40278427519,2.17970665594,19.1484127385
86.5960375258,98.1856890488,89.7345896966
8.45081980267,1.81431095122,19.1483837581
87.3988682981,98.4905828451,89.7345991463
7.64798903031,1.5094171549,19.1483743085
88.0732827186,98.7444642818,89.7345988339
6.97357460985,1.25553571818,19.1483746208
88.6416330316,98.9568137701,89.7345989339
6.40522429686,1.04318622988,19.1483745208
89.1157474468,99.1328479385,89.7345989071
5.93110988162,0.867152061483,19.1483745476
89.5080721586,99.2777927912,89.7345989143
5.53878516983,0.722207208809,19.1483745405
89.8306050062,99.3965133439,89.7345989124
5.21625232224,0.603486656058,19.1483745424
90.0933805859,99.4929320866,89.7345989129
4.95347674258,0.507067913415,19.1483745419
90.3052773534,99.5704604454,89.7345989127
4.74157997507,0.429539554628,19.148374542
90.4741461553,99.632095891,89.7345989128
4.57271117314,0.367904109044,19.148374542
90.6098763684,99.6815193754,89.7345989128
4.43698096005,0.31848062458,19.148374542
90.7177123877,99.7206944187,89.7345989128
4.32914494076,0.279305581273,19.148374542
90.8000494776,99.7505414781,89.7345989128
4.24680785086,0.249458521854,19.148374542
90.8619822228,99.7729571052,89.7345989128
4.18487510562,0.227042894822,19.148374542
90.9091044639,99.7899969789,89.7345989128
4.13775286453,0.210003021092,19.148374542
90.9465359328,99.8035232241,89.7345989128
4.10032139567,0.196476775912,19.148374542
90.9766590748,99.8144030526,89.7345989128
4.07019825369,0.185596947421,19.148374542
91.0011317555,99.823240449,89.7345989128
4.04572557299,0.176759551016,19.148374542
91.0209593477,99.8304005922,89.7345989128
4.02589798074,0.169599407756,19.148374542
91.0370426788,99.8362085674,89.7345989128
4.00981464969,0.163791432581,19.148374542
91.0498726798,99.8408417181,89.7345989128
3.99698464867,0.159158281939,19.148374542
91.0595429282,99.8443338209,89.7345989128
3.9873144002,0.155666179072,19.148374542
91.0667408712,99.84693313,89.7345989128
3.98011645722,0.153066869998,19.148374542
91.0722047876,99.8489062503,89.7345989128
3.9746525408,0.151093749712,19.148374542
91.0767209837,99.8505371315,89.7345989128
3.9701363447,0.149462868469,19.148374542
91.0804620941,99.851888115,89.7345989128
3.96639523435,0.148111884981,19.148374542
91.0835302328,99.8529960761,89.7345989128
3.96332709561,0.147003923851,19.148374542
91.0860029241,99.8538890102,89.7345989128
3.96085440433,0.146110989793,19.148374542
91.0879892623,99.8546063133,89.7345989128
3.95886806616,0.145393686747,19.148374542
91.0895592421,99.8551732617,89.7345989128
3.95729808638,0.144826738316,19.148374542
91.0907295685,99.855595888,89.7345989128
3.95612775994,0.144404112015,19.148374542
91.0915988031,99.8559097845,89.7345989128
3.95525852532,0.144090215487,19.148374542
91.092243755,99.8561426884,89.7345989128
3.95461357349,0.143857311596,19.148374542
91.0927114318,99.8563115751,89.7345989128
3.9541458966,0.143688424926,19.148374542
91.0930454078,99.8564321799,89.7345989128
3.95381192065,0.143567820098,19.148374542
91.0932905376,99.8565207007,89.7345989128
3.95356679088,0.14347929925,19.148374542
91.093508789,99.8565995153,89.7345989128
3.95334853946,0.14340048466,19.148374542
91.0937035596,99.8566698506,89.7345989128
3.95315376888,0.143330149447,19.148374542
91.0938800888,99.8567335985,89.7345989128
3.95297723967,0.143266401522,19.148374542
91.0940012779,99.8567773621,89.7345989128
3.95285605051,0.143222637901,19.148374542
91.0941283485,99.8568232496,89.7345989128
3.9527289799,0.143176750378,19.148374542
91.0941712937,99.8568387579,89.7345989128
3.9526860347,0.143161242077,19.148374542
0.0,0.0,0.0
95.0468573284,100.0,108.882973455
1.12571158876,0.0719865363548,5.63471078203
93.9211457397,99.9280134636,103.248262673
2.31096307044,0.161750435949,11.6414285831
92.735894258,99.8382495641,97.2415448716
3.52660290134,0.271546701475,17.8984411495
91.5202544271,99.7284532985,90.9845323053
4.75557695232,0.405029747476,24.3467258551
90.2912803761,99.5949702525,84.5362475997
5.95998554337,0.562708036425,30.8125829971
89.0868717851,99.4372919636,78.0703904577
7.11613123284,0.746644549288,37.1897724465
87.9307260956,99.2533554507,71.6932010082
8.20653961051,0.960348082442,43.3978613372
86.8403177179,99.0396519176,65.4851121175
9.20613678525,1.2047752047,49.2970376487
85.8407205432,98.7952247953,59.585935806
10.0875569056,1.48258257966,54.722523203
84.9593004228,98.5174174203,54.1604502517
10.8274980289,1.79867800467,59.523249391
84.2193592996,98.2013219953,49.3597240638
11.4344710168,2.16213599603,63.7216414018
83.6123863117,97.837864004,45.1613320529
11.9212380531,2.5823268659,67.3584376577
83.1256192754,97.4176731341,41.524535797
12.2974955324,3.0672624079,70.4547226575
82.749361796,96.9327375921,38.4282507973
12.5712796487,3.61325143023,73.0129009346
82.4755776797,96.3867485698,35.8700725201
12.759724537,4.2221351989,75.0900587536
82.2871327915,95.7778648011,33.7929147012
12.8849169384,4.90502388883,76.7790675822
82.1619403901,95.0949761112,32.1039058726
12.9636870101,5.68712515578,78.174458198
82.0831703183,94.3128748442,30.7085152567
13.0086705741,6.59323834723,79.343478517
82.0381867543,93.4067616528,29.5394949378
13.0307331053,7.64411514659,80.3275216443
82.0161242231,92.3558848534,28.5554518104
13.0403481655,8.86620239993,81.1604119599
82.0065091629,91.1337976001,27.7225614949
13.0492193249,10.2805333344,81.8616113235
81.9976380036,89.7194666656,27.0213621312
13.0716250018,11.9008836092,82.4379457471
81.9752323266,88.0991163908,26.4450277076
13.1252663844,13.7362614452,82.89802077
81.921590944,86.2637385548,25.9849526848
13.2300012364,15.7876650651,83.2577015007
81.8168560921,84.2123349349,25.6252719541
13.4056221532,18.0435040384,83.5386663929
81.6412351752,81.9564959616,25.3443070619
13.6723574056,20.5037629269,83.7643806453
81.3744999228,79.4962370731,25.1185928094
14.0494046521,23.1612529258,83.9508771658
80.9974526763,76.8387470742,24.9320962889
14.5531238486,26.0000889591,84.1048886278
80.4937334798,73.9999110409,24.778084827
15.1859045723,28.9659207295,84.2290084051
79.8609527561,71.0340792705,24.6539650496
15.9459141317,32.0074986939,84.3259453754
79.1009431967,67.9925013061,24.5570280793
16.8369812886,35.1055358945,84.4005255319
78.2098760398,64.8944641055,24.4824479228
17.8688647275,38.2573189773,84.4573184843
77.1779926009,61.7426810227,24.4256549705
19.0512547449,41.4573042342,84.5003053535
75.9956025836,58.5426957658,24.3826681012
20.3901978328,44.6885439288,84.5326928305
74.6566594956,55.3114560712,24.3502806242
21.8825347876,47.9163607215,84.5569613577
73.1643225409,52.0836392785,24.326012097
23.5228898821,51.1078230599,84.5751340231
71.5239674464,48.8921769401,24.3078394317
25.3124554411,54.2499977218,84.5889565636
69.7344018874,45.7500022782,24.2940168911
27.2510857004,57.3300513241,84.5996406687
67.795771628,42.6699486759,24.283332786
29.337636111,60.3363823055,84.6080687916
65.7092212174,39.6636176945,24.2749046632
31.5653488734,63.2534370429,84.6149488347
63.481508455,36.7465629571,24.26802462
33.9416576932,66.0865727255,84.6208825635
61.1051996352,33.9134272745,24.2620908913
36.4727401163,68.8398087999,84.6263003163
58.5741172122,31.1601912001,24.2566731385
39.150838786,71.5023589802,84.6314154749
55.8960185425,28.4976410198,24.2515579798
41.9292026951,74.0336343504,84.636113775
53.1176546334,25.9663656496,24.2468596797
44.7534910111,76.3963976704,84.64017785
50.2933663173,23.6036023296,24.2427956047
47.5968848996,78.5877057056,84.6435352225
47.4499724289,21.4122942944,24.2394382323
50.4803364638,80.6402299727,84.6464778432
44.5665208647,19.3597700273,24.2364956115
53.432603898,82.5902067814,84.6492823527
41.6142534305,17.4097932186,24.233691102
56.4190458418,84.4312778822,84.6517618083
38.6278114866,15.5687221178,24.2312116464
59.4029325999,86.1564812471,84.6538607503
35.6439247285,13.8435187529,24.2291127044
62.3459183294,87.7593890133,84.6555809562
32.700938999,12.2406109867,24.2273924985
65.2163972939,89.2416606131,84.6567995351
29.8304600345,10.7583393869,24.2261739196
67.9773863676,90.601344529,84.6576338134
27.0694709608,9.39865547098,24.2253396413
70.596780122,91.8380793985,84.6583100084
24.4500772065,8.16192060148,24.2246634463
73.055154213,92.9567713153,84.6588965034
21.9917031154,7.04322868474,24.2240769514
75.3187791373,93.9544393092,84.6593578547
19.7280781911,6.04556069082,24.2236156001
77.3588375019,94.8288929724,84.6596461372
17.6880198266,5.17110702756,24.2233273175
79.1724744589,95.5876930867,84.6598197797
15.8743828695,4.41230691328,24.2231536751
80.7832925107,96.2472180897,84.659932863
14.2635648177,3.75278191029,24.2230405918
82.2247071155,96.8260483231,84.6600144483
12.822150213,3.17395167686,24.2229590064
83.5037976001,97.3309455931,84.6600774067
11.5430597283,2.6690544069,24.2228960481
84.6199495981,97.7649606656,84.6601241446
10.4269077303,2.23503933438,24.2228493101
85.5719140707,98.1303563703,84.6601531249
9.47494325778,1.86964362966,24.2228203298
86.374744843,98.4352501667,84.6601625746
8.67211248542,1.56474983334,24.2228108802
87.0491592635,98.6891316034,84.6601622622
7.99769806496,1.31086839662,24.2228111925
87.6175095765,98.9014810917,84.6601623622
7.42934775197,1.09851890832,24.2228110925
88.0916239917,99.0775152601,84.6601623354
6.95523333672,0.922484739921,24.2228111193
88.4839487035,99.2224601128,84.6601623426
6.56290862494,0.777539887247,24.2228111122
88.8064815511,99.3411806655,84.6601623407
6.24037577735,0.658819334496,24.2228111141
89.0692571308,99.4375994081,84.6601623412
5.97760019769,0.562400591854,24.2228111136
89.2811538983,99.5151277669,84.660162341
5.76570343018,0.484872233066,24.2228111137
89.4500227002,99.5767632125,84.6601623411
5.59683462824,0.423236787483,24.2228111137
89.5857529133,99.626186697,84.6601623411
5.46110441516,0.373813303019,24.2228111137
89.6935889326,99.6653617403,84.6601623411
5.35326839587,0.334638259712,24.2228111137
89.7759260225,99.6952087997,84.6601623411
5.27093130597,0.304791200293,24.2228111137
89.8378587677,99.7176244267,84.6601623411
5.20899856073,0.282375573261,24.2228111137
89.8849810088,99.7346643005,84.6601623411
5.16187631963,0.26533569953,24.2228111137
89.9224124777,99.7481905456,84.6601623411
5.12444485078,0.251809454351,24.2228111137
89.9525356196,99.7590703741,84.6601623411
5.09432170879,0.24092962586,24.2228111137
89.9770083003,99.7679077705,84.6601623411
5.06984902809,0.232092229455,24.2228111137
89.9968358926,99.7750679138,84.6601623411
5.05002143584,0.224932086195,24.2228111137
90.0129192236,99.780875889,84.6601623411
5.03393810479,0.21912411102,24.2228111137
90.0257492247,99.7855090396,84.6601623411
5.02110810378,0.214490960378,24.2228111137
90.0354194731,99.7890011425,84.6601623411
5.01143785531,0.21099885751,24.2228111137
90.0426174161,99.7916004516,84.6601623411
5.00423991233,0.208399548436,24.2228111137
90.0480813325,99.7935735718,84.6601623411
4.99877599591,0.206426428151,24.2228111137
90.0525975286,99.7952044531,84.6601623411
4.99425979981,0.204795546908,24.2228111137
90.056338639,99.7965554366,84.6601623411
4.99051868946,0.20344456342,24.2228111137
90.0594067777,99.7976633977,84.6601623411
4.98745055072,0.20233660229,24.2228111137
90.061879469,99.7985563318,84.6601623411
4.98497785944,0.201443668232,24.2228111137
90.0638658072,99.7992736348,84.6601623411
4.98299152127,0.200726365186,24.2228111137
90.065435787,99.7998405832,84.6601623411
4.98142154148,0.200159416754,24.2228111137
90.0666061134,99.8002632095,84.6601623411
4.98025121504,0.199736790453,24.2228111137
90.067475348,99.8005771061,84.6601623411
4.97938198043,0.199422893926,24.2228111137
90.0681202998,99.80081001,84.6601623411
4.9787370286,0.199189990034,24.2228111137
90.0685879767,99.8009788966,84.6601623411
4.9782693517,0.199021103364,24.2228111137
90.0689219527,99.8010995015,84.6601623411
4.97793537576,0.198900498537,24.2228111137
90.0691670824,99.8011880223,84.6601623411
4.97769024599,0.198811977689,24.2228111137
90.0693853339,99.8012668369,84.6601623411
4.97747199457,0.198733163098,24.2228111137
90.0695801045,99.8013371721,84.6601623411
4.97727722398,0.198662827886,24.2228111137
90.0697566337,99.80140092,84.6601623411
4.97710069477,0.198599079961,24.2228111137
90.0698778228,99.8014446837,84.6601623411
4.97697950562,0.19855531634,24.2228111137
90.0700048934,99.8014905712,84.6601623411
4.97685243501,0.198509428817,24.2228111137
90.0700478386,99.8015060795,84.6601623411
4.9768094898,0.198493920516,24.2228111137
0.0,0.0,0.0
95.0468573284,100.0,108.882973455
1.18525148168,0.0897638995947,6.00671780109
93.8616058468,99.9102361004,102.876255654
2.40089131258,0.19956016512,12.2637303674
92.6459660159,99.8004398349,96.6192430873
3.62986536356,0.333043211121,18.712015073
91.4169919649,99.6669567889,90.1709583817
4.83427395461,0.490721500071,25.177872215
90.2125833738,99.5092784999,83.7051012397
5.99041964408,0.674658012933,31.5550616645
89.0564376844,99.3253419871,77.3279117903
7.08082802175,0.888361546087,37.7631505552
87.9660293067,99.1116384539,71.1198228996
8.08042519649,1.13278866835,43.6623268667
86.966432132,98.8672113317,65.220646588
8.96184531685,1.4105960433,49.087812421
86.0850120116,98.5894039567,59.7951610338
9.70178644012,1.72669146832,53.8885386089
85.3450708883,98.2733085317,54.9944348458
10.308759428,2.09014945967,58.0869306198
84.7380979004,97.9098505403,50.796042835
10.7955264643,2.51034032954,61.7237268757
84.2513308641,97.4896596705,47.1592465791
11.1717839436,2.99527587154,64.8200118754
83.8750733848,97.0047241285,44.0629615793
11.44556806,3.54126489387,67.3781901526
83.6012892685,96.4587351061,41.5047833021
11.6340129482,4.15014866255,69.4553479716
83.4128443802,95.8498513375,39.4276254832
11.7592053496,4.83303735248,71.1443568001
83.2876519788,95.1669626475,37.7386166546
11.8379754214,5.61513861942,72.539747416
83.2088819071,94.3848613806,36.3432260387
11.8829589854,6.52125181088,73.708767735
83.1638983431,93.4787481891,35.1742057198
11.9050215165,7.57212861024,74.6928108623
83.1418358119,92.4278713898,34.1901625924
11.9146365768,8.79421586357,75.5257011778
83.1322207517,91.2057841364,33.3572722769
11.9235077361,10.208546798,76.2269005415
83.1233495923,89.791453202,32.6560729132
11.9459134131,11.8288970729,76.8032349651
83.1009439154,88.1711029271,32.0797384896
11.9995547957,13.6642749088,77.2633099879
83.0473025328,86.3357250912,31.6196634668
12.1042896476,15.7156785287,77.6229907186
82.9425676808,84.2843214713,31.2599827361
12.2799105645,17.971517502,77.9039556109
82.766946764,82.028482498,30.9790178439
12.5466458168,20.4317763905,78.1296698633
82.5002115116,79.5682236095,30.7533035915
12.9236930634,23.0892663894,78.3161663838
82.1231642651,76.9107336106,30.5668070709
13.4274122599,25.9281024228,78.4701778457
81.6194450686,74.0718975772,30.412795609
14.0601929836,28.8939341931,78.5942976231
80.9866643449,71.1060658069,30.2886758316
14.8202025429,31.9355121575,78.6912345934
80.2266547855,68.0644878425,30.1917388614
15.7112696999,35.0335493581,78.7658147499
79.3355876286,64.9664506419,30.1171587049
16.7431531388,38.185332441,78.8226077022
78.3037041897,61.814667559,30.0603657525
17.9255431561,41.3853176979,78.8655945715
77.1213141723,58.6146823021,30.0173788832
19.264486244,44.6165573924,78.8979820485
75.7823710844,55.3834426076,29.9849914063
20.7568231988,47.8443741851,78.9222505757
74.2900341296,52.1556258149,29.9607228791
22.3971782933,51.0358365236,78.9404232411
72.6496790351,48.9641634764,29.9425502137
24.1867438523,54.1780111855,78.9542457816
70.8601134761,45.8219888145,29.9287276732
26.1253741117,57.2580647877,78.9649298867
68.9214832168,42.7419352123,29.918043568
28.2119245223,60.2643957691,78.9733580095
66.8349328062,39.7356042309,29.9096154452
30.4396372846,63.1814505065,78.9802380527
64.6072200438,36.8185494935,29.9027354021
32.8159461045,66.0145861892,78.9861717814
62.230911224,33.9854138108,29.8968016733
35.3470285275,68.7678222635,78.9915895342
59.6998288009,31.2321777365,29.8913839205
38.0251271972,71.4303724439,78.9967046929
57.0217301312,28.5696275561,29.8862687618
40.8034911063,73.9616478141,79.001402993
54.2433662221,26.0383521859,29.8815704617
43.6277794223,76.3244111341,79.005467068
51.4190779061,23.6755888659,29.8775063868
46.4711733108,78.5157191692,79.0088244404
48.5756840176,21.4842808308,29.8741490143
49.354624875,80.5682434363,79.0117670612
45.6922324534,19.4317565637,29.8712063935
52.3068923092,82.518220245,79.0145715707
42.7399650192,17.481779755,29.868401884
55.2933342531,84.3592913458,79.0170510263
39.7535230754,15.6407086542,29.8659224284
58.2772210112,86.0844947108,79.0191499683
36.7696363173,13.9155052892,29.8638234865
61.2202067407,87.6874024769,79.0208701742
33.8266505878,12.3125975231,29.8621032806
64.0906857052,89.1696740767,79.0220887531
30.9561716233,10.8303259233,29.8608847016
66.8516747788,90.5293579927,79.0229230314
28.1951825496,9.47064200733,29.8600504233
69.4710685332,91.7660928622,79.0235992264
25.5757887952,8.23390713783,29.8593742284
71.9294426243,92.8847847789,79.0241857213
23.1174147042,7.11521522109,29.8587877334
74.1930675486,93.8824527728,79.0246470726
20.8537897799,6.11754722718,29.8583263821
76.2331259131,94.7569064361,79.0249353552
18.8137314153,5.24309356392,29.8580380996
78.0467628702,95.5157065504,79.0251089977
17.0000944583,4.48429344963,29.8578644571
79.657580922,96.1752315534,79.0252220809
15.3892764065,3.82476844665,29.8577513738
81.0989955267,96.7540617868,79.0253036663
13.9478618017,3.24593821322,29.8576697884
82.3780860114,97.2589590567,79.0253666246
12.6687713171,2.74104094325,29.8576068301
83.4942380094,97.6929741293,79.0254133626
11.5526193191,2.30702587073,29.8575600922
84.4462024819,98.058369834,79.0254423429
10.6006548465,1.94163016601,29.8575311119
85.2490332543,98.3632636303,79.0254517926
9.79782407418,1.63673636969,29.8575216622
85.9234476747,98.617145067,79.0254514802
9.12340965372,1.38285493297,29.8575219746
86.4917979877,98.8294945553,79.0254515802
8.55505934073,1.17050544467,29.8575218746
86.965912403,99.0055287237,79.0254515534
8.08094492549,0.994471276276,29.8575219014
87.3582371147,99.1504735764,79.0254515606
7.6886202137,0.849526423602,29.8575218942
87.6807699623,99.2691941291,79.0254515586
7.36608736611,0.730805870851,29.8575218961
87.943545542,99.3656128718,79.0254515592
7.10331178645,0.634387128209,29.8575218956
88.1554423095,99.4431412306,79.025451559
6.89141501894,0.556858769421,29.8575218957
88.3243111114,99.5047766762,79.0254515591
6.722546217,0.495223323838,29.8575218957
88.4600413245,99.5542001606,79.025451559
6.58681600392,0.445799839374,29.8575218957
88.5678773438,99.5933752039,79.025451559
6.47897998463,0.406624796066,29.8575218957
88.6502144337,99.6232222634,79.025451559
6.39664289473,0.376777736647,29.8575218957
88.7121471789,99.6456378904,79.025451559
6.33471014949,0.354362109616,29.8575218957
88.75926942,99.6626777641,79.025451559
6.2875879084,0.337322235885,29.8575218957
88.7967008889,99.6762040093,79.025451559
6.25015643954,0.323795990706,29.8575218957
88.8268240309,99.6870838378,79.025451559
6.22003329755,0.312916162214,29.8575218957
88.8512967116,99.6959212342,79.025451559
6.19556061685,0.30407876581,29.8575218957
88.8711243038,99.7030813775,79.025451559
6.17573302461,0.296918622549,29.8575218957
88.8872076349,99.7088893526,79.025451559
6.15964969356,0.291110647375,29.8575218957
88.9000376359,99.7135225033,79.025451559
6.14681969254,0.286477496733,29.8575218957
88.9097078844,99.7170146061,79.025451559
6.13714944407,0.282985393865,29.8575218957
88.9169058273,99.7196139152,79.025451559
6.12995150109,0.280386084791,29.8575218957
88.9223697438,99.7215870355,79.025451559
6.12448758467,0.278412964505,29.8575218957
88.9268859399,99.7232179167,79.025451559
6.11997138857,0.276782083263,29.8575218957
88.9306270502,99.7245689002,79.025451559
6.11623027822,0.275431099775,29.8575218957
88.933695189,99.7256768614,79.025451559
6.11316213948,0.274323138645,29.8575218957
88.9361678802,99.7265697954,79.025451559
6.1106894482,0.273430204586,29.8575218957
88.9381542184,99.7272870985,79.025451559
6.10870311003,0.272712901541,29.8575218957
88.9397241982,99.7278540469,79.025451559
6.10713313024,0.272145953109,29.8575218957
88.9408945246,99.7282766732,79.025451559
6.1059628038,0.271723326808,29.8575218957
88.9417637592,99.7285905697,79.025451559
6.10509356919,0.271409430281,29.8575218957
88.9424087111,99.7288234736,79.025451559
6.10444861736,0.271176526389,29.8575218957
88.942876388,99.7289923603,79.025451559
6.10398094046,0.271007639719,29.8575218957
88.9432103639,99.7291129651,79.025451559
6.10364696452,0.270887034892,29.8575218957
88.9434554937,99.729201486,79.025451559
6.10340183475,0.270798514044,29.8575218957
88.9436737451,99.7292803005,79.025451559
6.10318358333,0.270719699453,29.8575218957
88.9438685157,99.7293506358,79.025451559
6.10298881274,0.270649364241,29.8575218957
88.9440450449,99.7294143837,79.025451559
6.10281228354,0.270585616315,29.8575218957
88.9441662341,99.7294581473,79.025451559
6.10269109438,0.270541852694,29.8575218957
88.9442933047,99.7295040348,79.025451559
6.10256402377,0.270495965171,29.8575218957
88.9443362499,99.7295195431,79.025451559
6.10252107857,0.270480456871,29.8575218957
0.0,0.0,0.0
95.0468573284,100.0,108.882973455
1.21563983091,0.109796265525,6.25701256634
93.8312174975,99.8902037345,102.625960888
2.44461388189,0.243279311527,12.7052972719
92.6022434466,99.7567206885,96.1776761828
3.64902247293,0.400957600476,19.171154414
91.3978348555,99.5990423995,89.7118190408
4.80516816241,0.584894113338,25.5483438634
90.241689166,99.4151058867,83.3346295913
5.89557654007,0.798597646493,31.7564327541
89.1512807884,99.2014023535,77.1265407006
6.89517371481,1.04302476875,37.6556090656
88.1516836136,98.9569752312,71.2273643891
7.77659383517,1.32083214371,43.0810946199
87.2702634933,98.6791678563,65.8018788349
8.51653495844,1.63692756872,47.8818208078
86.53032237,98.3630724313,61.0011526469
9.12350794633,2.00038556008,52.0802128187
85.9233493821,97.9996144399,56.8027606361
9.61027498262,2.42057642995,55.7170090746
85.4365823458,97.5794235701,53.1659643802
9.98653246197,2.90551197195,58.8132940743
85.0603248665,97.0944880281,50.0696793804
10.2603165783,3.45150099428,61.3714723515
84.7865407501,96.5484990057,47.5115011032
10.4487614665,4.06038476295,63.4486301705
84.5980958619,95.939615237,45.4343432843
10.5739538679,4.74327345288,65.1376389991
84.4729034605,95.2567265471,43.7453344557
10.6527239397,5.52537471983,66.5330296149
84.3941333887,94.4746252802,42.3499438398
10.6977075037,6.43148791129,67.7020499339
84.3491498248,93.5685120887,41.1809235209
10.7197700349,7.48236471064,68.6860930612
84.3270872936,92.5176352894,40.1968803935
10.7293850951,8.70445196398,69.5189833767
84.3174722334,91.295548036,39.363990078
10.7382562544,10.1187828984,70.2201827404
84.308601074,89.8812171016,38.6627907143
10.7606619314,11.7391331733,70.796517164
84.2861953971,88.2608668267,38.0864562907
10.814303314,13.5745110092,71.2565921868
84.2325540144,86.4254889908,37.6263812679
10.9190381659,15.6259146291,71.6162729175
84.1278191625,84.3740853709,37.2667005372
11.0946590828,17.8817536024,71.8972378098
83.9521982456,82.1182463976,36.985735645
11.3613943352,20.3420124909,72.1229520622
83.6854629933,79.6579875091,36.7600213926
11.7384415817,22.9995024898,72.3094485827
83.3084157467,77.0004975102,36.573524872
12.2421607782,25.8383385232,72.4634600446
82.8046965502,74.1616614768,36.4195134101
12.8749415019,28.8041702935,72.587579822
82.1719158266,71.1958297065,36.2953936327
13.6349510613,31.8457482579,72.6845167923
81.4119062672,68.1542517421,36.1984566625
14.5260182182,34.9437854585,72.7590969488
80.5208391103,65.0562145415,36.123876506
15.5579016571,38.0955685414,72.8158899011
79.4889556713,61.9044314586,36.0670835536
16.7402916744,41.2955537983,72.8588767704
78.306565654,58.7044462017,36.0240966843
18.0792347624,44.5267934928,72.8912642474
76.9676225661,55.4732065072,35.9917092074
19.5715717171,47.7546102855,72.9155327746
75.4752856113,52.2453897145,35.9674406801
21.2119268116,50.946072624,72.93370544
73.8349305168,49.053927376,35.9492680148
23.0014923706,54.0882472859,72.9475279805
72.0453649578,45.9117527141,35.9354454743
24.94012263,57.1683008882,72.9582120856
70.1067346984,42.8316991118,35.9247613691
27.0266730406,60.1746318695,72.9666402085
68.0201842879,39.8253681305,35.9163332463
29.254385803,63.0916866069,72.9735202516
65.7924715255,36.9083133931,35.9094532032
31.6306946228,65.9248222896,72.9794539803
63.4161627056,34.0751777104,35.9035194744
34.1617770458,68.678058364,72.9848717331
60.8850802826,31.321941636,35.8981017216
36.8398757155,71.3406085443,72.9899868918
58.2069816129,28.6593914557,35.8929865629
39.6182396246,73.8718839145,72.9946851919
55.4286177038,26.1281160855,35.8882882628
42.4425279407,76.2346472345,72.9987492669
52.6043293878,23.7653527655,35.8842241879
45.2859218291,78.4259552696,73.0021066393
49.7609354993,21.5740447304,35.8808668154
48.1693733933,80.4784795367,73.0050492601
46.8774839351,19.5215204633,35.8779241946
51.1216408275,82.4284563454,73.0078537696
43.9252165009,17.5715436546,35.8751196851
54.1080827714,84.2695274462,73.0103332252
40.9387745571,15.7304725538,35.8726402295
57.0919695295,85.9947308112,73.0124321672
37.954887799,14.0052691888,35.8705412875
60.034955259,87.5976385773,73.0141523731
35.0119020694,12.4023614227,35.8688210817
62.9054342235,89.0799101771,73.015370952
32.1414231049,10.9200898229,35.8676025027
65.6664232972,90.4395940931,73.0162052303
29.3804340313,9.56040590693,35.8667682244
68.2858170515,91.6763289626,73.0168814253
26.7610402769,8.32367103743,35.8660920295
70.7441911426,92.7950208793,73.0174679202
24.3026661859,7.20497912069,35.8655055345
73.0078160669,93.7926888732,73.0179292715
22.0390412616,6.20731112677,35.8650441832
75.0478744314,94.6671425365,73.0182175541
19.998982897,5.33285746351,35.8647559007
76.8615113885,95.4259426508,73.0183911966
18.1853459399,4.57405734922,35.8645822582
78.4723294403,96.0854676538,73.0185042799
16.5745278881,3.91453234624,35.8644691749
79.913744045,96.6642978872,73.0185858652
15.1331132834,3.33570211281,35.8643875895
81.1928345297,97.1691951572,73.0186488235
13.8540227987,2.83080484285,35.8643246312
82.3089865277,97.6032102297,73.0186955615
12.7378708007,2.39678977033,35.8642778933
83.2609510002,97.9686059344,73.0187245418
11.7859063282,2.03139406561,35.864248913
84.0637817726,98.2734997307,73.0187339915
10.9830755559,1.72650026929,35.8642394633
84.738196193,98.5273811674,73.0187336791
10.3086611354,1.47261883257,35.8642397757
85.306546506,98.7397306557,73.0187337791
9.74031082241,1.26026934427,35.8642396757
85.7806609213,98.9157648241,73.0187337523
9.26619640716,1.08423517587,35.8642397025
86.1729856331,99.0607096768,73.0187337595
8.87387169537,0.939290323197,35.8642396953
86.4955184807,99.1794302296,73.0187337575
8.55133884779,0.820569770446,35.8642396972
86.7582940603,99.2758489722,73.0187337581
8.28856326813,0.724151027803,35.8642396967
86.9701908278,99.353377331,73.0187337579
8.07666650061,0.646622669016,35.8642396968
87.1390596298,99.4150127766,73.018733758
7.90779769868,0.584987223432,35.8642396968
87.2747898428,99.464436261,73.0187337579
7.7720674856,0.535563738969,35.8642396968
87.3826258621,99.5036113043,73.018733758
7.66423146631,0.496388695661,35.8642396968
87.464962952,99.5334583638,73.018733758
7.5818943764,0.466541636242,35.8642396968
87.5268956973,99.5558739908,73.018733758
7.51996163117,0.44412600921,35.8642396968
87.5740179384,99.5729138645,73.018733758
7.47283939007,0.42708613548,35.8642396968
87.6114494072,99.5864401097,73.018733758
7.43540792122,0.4135598903,35.8642396968
87.6415725492,99.5973199382,73.018733758
7.40528477923,0.402680061809,35.8642396968
87.6660452299,99.6061573346,73.018733758
7.38081209853,0.393842665405,35.8642396968
87.6858728222,99.6133174779,73.018733758
7.36098450628,0.386682522144,35.8642396968
87.7019561532,99.619125453,73.018733758
7.34490117523,0.380874546969,35.8642396968
87.7147861542,99.6237586037,73.018733758
7.33207117421,0.376241396327,35.8642396968
87.7244564027,99.6272507065,73.018733758
7.32240092574,0.37274929346,35.8642396968
87.7316543457,99.6298500156,73.018733758
7.31520298277,0.370149984386,35.8642396968
87.7371182621,99.6318231359,73.018733758
7.30973906634,0.3681768641,35.8642396968
87.7416344582,99.6334540171,73.018733758
7.30522287025,0.366545982857,35.8642396968
87.7453755685,99.6348050006,73.018733758
7.3014817599,0.365194999369,35.8642396968
87.7484437073,99.6359129618,73.018733758
7.29841362116,0.364087038239,35.8642396968
87.7509163986,99.6368058958,73.018733758
7.29594092987,0.363194104181,35.8642396968
87.7529027367,99.6375231989,73.018733758
7.2939545917,0.362476801135,35.8642396968
87.7544727165,99.6380901473,73.018733758
7.29238461192,0.361909852704,35.8642396968
87.755643043,99.6385127736,73.018733758
7.29121428548,0.361487226403,35.8642396968
87.7565122776,99.6388266701,73.018733758
7.29034505087,0.361173329876,35.8642396968
87.7571572294,99.639059574,73.018733758
7.28970009903,0.360940425984,35.8642396968
87.7576249063,99.6392284607,73.018733758
7.28923242214,0.360771539314,35.8642396968
87.7579588822,99.6393490655,73.018733758
7.28889844619,0.360650934486,35.8642396968
87.758204012,99.6394375864,73.018733758
7.28865331643,0.360562413638,35.8642396968
87.7584222634,99.639516401,73.018733758
7.28843506501,0.360483599048,35.8642396968
87.758617034,99.6395867362,73.018733758
7.28824029442,0.360413263835,35.8642396968
87.7587935632,99.6396504841,73.018733758
7.28806376521,0.36034951591,35.8642396968
87.7589147524,99.6396942477,73.018733758
7.28794257606,0.360305752289,35.8642396968
87.759041823,99.6397401352,73.018733758
7.28781550545,0.360259864766,35.8642396968
87.7590847682,99.6397556435,73.018733758
7.28777256024,0.360244356466,35.8642396968
0.0,0.0,0.0
95.0468573284,100.0,108.882973455
1.22897405098,0.133483046001,6.4482847056
93.8178832775,99.866516954,102.434688749
2.43338264203,0.291161334951,12.9141418476
92.6134746864,99.708838665,95.9688316071
3.5895283315,0.475097847813,19.2913312971
91.4573289969,99.5249021522,89.5916421577
4.67993670917,0.688801380967,25.4994201878
90.3669206193,99.311198619,83.383553267
5.67953388391,0.933228503225,31.3985964993
89.3673234445,99.0667714968,77.4843769555
6.56095400427,1.21103587818,36.8240820535
88.4859033242,98.7889641218,72.0588914012
7.30089512753,1.5271313032,41.6248082415
87.7459622009,98.4728686968,67.2581652133
7.90786811543,1.89058929455,45.8232002523
87.138989213,98.1094107054,63.0597732024
8.39463515171,2.31078016442,49.4599965083
86.6522221767,97.6892198356,59.4229769465
8.77089263107,2.79571570642,52.556281508
86.2759646974,97.2042842936,56.3266919467
9.04467674738,3.34170472875,55.1144597852
86.0021805811,96.6582952712,53.7685136696
9.23312163563,3.95058849743,57.1916176041
85.8137356928,96.0494115026,51.6913558506
9.35831403704,4.63347718736,58.8806264327
85.6885432914,95.3665228126,50.002347022
9.43708410879,5.4155784543,60.2760170486
85.6097732196,94.5844215457,48.6069564062
9.48206767277,6.32169164576,61.4450373675
85.5647896557,93.6783083542,47.4379360872
9.50413020395,7.37256844512,62.4290804949
85.5427271245,92.6274315549,46.4538929599
9.51374526417,8.59465569845,63.2619708104
85.5331120643,91.4053443015,45.6210026444
9.52261642352,10.0089866329,63.9631701741
85.5242409049,89.9910133671,44.9198032807
9.54502210048,11.6293369078,64.5395045977
85.501835228,88.3706630922,44.3434688571
9.5986634831,13.4647147437,64.9995796205
85.4481938453,86.5352852563,43.8833938342
9.70339833504,15.5161183636,65.3592603512
85.3434589934,84.4838816364,43.5237131035
9.8790192519,17.7719573369,65.6402252434
85.1678380765,82.2280426631,43.2427482113
10.1457545043,20.2322162254,65.8659394958
84.9011028242,79.7677837746,43.0170339589
10.5228017508,22.8897062243,66.0524360164
84.5240555776,77.1102937757,42.8305374384
11.0265209473,25.7285422577,66.2064474783
84.0203363812,74.2714577423,42.6765259765
11.659301671,28.694374028,66.3305672557
83.3875556575,71.305625972,42.5524061991
12.4193112304,31.7359519924,66.427504226
82.6275460981,68.2640480076,42.4554692288
13.3103783873,34.833989193,66.5020843824
81.7364789412,65.166010807,42.3808890723
14.3422618262,37.9857722758,66.5588773348
80.7045955022,62.0142277242,42.3240961199
15.5246518435,41.1857575327,66.6018642041
79.5222054849,58.8142424673,42.2811092507
16.8635949315,44.4169972273,66.6342516811
78.183262397,55.5830027727,42.2487217737
18.3559318862,47.64481402,66.6585202083
76.6909254422,52.35518598,42.2244532465
19.9962869807,50.8362763584,66.6766928736
75.0505703477,49.1637236416,42.2062805811
21.7858525397,53.9784510204,66.6905154142
73.2610047887,46.0215489796,42.1924580406
23.7244827991,57.0585046226,66.7011995193
71.3223745293,42.9414953774,42.1817739355
25.8110332097,60.064835604,66.7096276421
69.2358241188,39.935164396,42.1733458126
28.0387459721,62.9818903414,66.7165076852
67.0081113564,37.0181096586,42.1664657695
30.4150547919,65.815026024,66.722441414
64.6318025365,34.184973976,42.1605320407
32.9461372149,68.5682620984,66.7278591668
62.1007201135,31.4317379016,42.1551142879
35.6242358846,71.2308122787,66.7329743255
59.4226214438,28.7691877213,42.1499991293
38.4025997937,73.7620876489,66.7376726256
56.6442575347,26.2379123511,42.1453008292
41.2268881098,76.124850969,66.7417367005
53.8199692187,23.875149031,42.1412367542
44.0702819982,78.3161590041,66.745094073
50.9765753302,21.6838409959,42.1378793818
46.9537335624,80.3686832712,66.7480366938
48.093123766,19.6313167288,42.134936761
49.9060009966,82.3186600799,66.7508412033
45.1408563318,17.6813399201,42.1321322515
52.8924429405,84.1597311807,66.7533206589
42.154414388,15.8402688193,42.1296527959
55.8763296986,85.8849345457,66.7554196009
39.1705276299,14.1150654543,42.1275538539
58.8193154281,87.4878423118,66.7571398067
36.2275419004,12.5121576882,42.125833648
61.6897943926,88.9701139116,66.7583583857
33.3570629358,11.0298860884,42.1246150691
64.4507834663,90.3297978275,66.759192664
30.5960738622,9.67020217245,42.1237807908
67.0701772206,91.566532697,66.759868859
27.9766801078,8.43346730295,42.1231045958
69.5285513117,92.6852246138,66.7604553539
25.5183060168,7.31477538621,42.1225181008
71.792176236,93.6828926077,66.7609167052
23.2546810925,6.3171073923,42.1220567495
73.8322346005,94.557346271,66.7612049877
21.2146227279,5.44265372904,42.121768467
75.6458715576,95.3161463852,66.7613786302
19.4009857708,4.68385361475,42.1215948245
77.2566896094,95.9756713882,66.7614917135
17.790167719,4.02432861177,42.1214817412
78.6981042141,96.5545016217,66.7615732989
16.3487531143,3.44549837834,42.1214001559
79.9771946988,97.0593988916,66.7616362572
15.0696626296,2.94060110837,42.1213371975
81.0933466968,97.4934139641,66.7616829951
13.9535106316,2.50658603585,42.1212904596
82.0453111693,97.8588096689,66.7617119755
13.0015461591,2.14119033113,42.1212614793
82.8481419417,98.1637034652,66.7617214251
12.1987153868,1.83629653481,42.1212520296
83.5225563621,98.4175849019,66.7617211127
11.5243009663,1.58241509809,42.121252342
84.0909066751,98.6299343902,66.7617212127
10.9559506533,1.37006560979,42.121252242
84.5650210904,98.8059685586,66.761721186
10.4818362381,1.1940314414,42.1212522688
84.9573458022,98.9509134113,66.7617211931
10.0895115263,1.04908658872,42.1212522616
85.2798786497,99.069633964,66.7617211912
9.76697867869,0.930366035971,42.1212522635
85.5426542294,99.1660527067,66.7617211917
9.50420309903,0.833947293329,42.121252263
85.7545509969,99.2435810655,66.7617211916
9.29230633152,0.756418934541,42.1212522632
85.9234197989,99.305216511,66.7617211916
9.12343752959,0.694783488958,42.1212522631
86.0591500119,99.3546399955,66.7617211916
8.9877073165,0.645360004494,42.1212522631
86.1669860312,99.3938150388,66.7617211916
8.87987129722,0.606184961187,42.1212522631
86.2493231211,99.4236620982,66.7617211916
8.79753420731,0.576337901767,42.1212522631
86.3112558664,99.4460777253,66.7617211916
8.73560146208,0.553922274736,42.1212522631
86.3583781075,99.463117599,66.7617211916
8.68847922098,0.536882401005,42.1212522631
86.3958095763,99.4766438442,66.7617211916
8.65104775212,0.523356155826,42.1212522631
86.4259327183,99.4875236727,66.7617211916
8.62092461014,0.512476327334,42.1212522631
86.450405399,99.4963610691,66.7617211916
8.59645192944,0.50363893093,42.1212522631
86.4702329913,99.5035212123,66.7617211916
8.57662433719,0.49647878767,42.1212522631
86.4863163223,99.5093291875,66.7617211916
8.56054100614,0.490670812495,42.1212522631
86.4991463233,99.5139623381,66.7617211916
8.54771100512,0.486037661853,42.1212522631
86.5088165718,99.517454441,66.7617211916
8.53804075665,0.482545558985,42.1212522631
86.5160145148,99.5200537501,66.7617211916
8.53084281367,0.479946249911,42.1212522631
86.5214784312,99.5220268704,66.7617211916
8.52537889725,0.477973129625,42.1212522631
86.5259946273,99.5236577516,66.7617211916
8.52086270115,0.476342248383,42.1212522631
86.5297357376,99.5250087351,66.7617211916
8.51712159081,0.474991264895,42.1212522631
86.5328038764,99.5261166962,66.7617211916
8.51405345206,0.473883303765,42.1212522631
86.5352765677,99.5270096303,66.7617211916
8.51158076078,0.472990369707,42.1212522631
86.5372629058,99.5277269333,66.7617211916
8.50959442261,0.472273066661,42.1212522631
86.5388328856,99.5282938818,66.7617211916
8.50802444283,0.471706118229,42.1212522631
86.5400032121,99.5287165081,66.7617211916
8.50685411639,0.471283491928,42.1212522631
86.5408724467,99.5290304046,66.7617211916
8.50598488177,0.470969595401,42.1212522631
86.5415173985,99.5292633085,66.7617211916
8.50533992994,0.470736691509,42.1212522631
86.5419850754,99.5294321952,66.7617211916
8.50487225305,0.470567804839,42.1212522631
86.5423190513,99.5295528,66.7617211916
8.5045382771,0.470447200012,42.1212522631
86.5425641811,99.5296413208,66.7617211916
8.50429314733,0.470358679164,42.1212522631
86.5427824325,99.5297201354,66.7617211916
8.50407489591,0.470279864573,42.1212522631
86.5429772031,99.5297904706,66.7617211916
8.50388012533,0.470209529361,42.1212522631
86.5431537323,99.5298542186,66.7617211916
8.50370359612,0.470145781436,42.1212522631
86.5432749215,99.5298979822,66.7617211916
8.50358240696,0.470102017814,42.1212522631
86.5434019921,99.5299438697,66.7617211916
8.50345533635,0.470056130291,42.1212522631
86.5434449373,99.529959378,66.7617211916
8.50341239115,0.470040621991,42.1212522631
0.0,0.0,0.0
95.0468573284,100.0,108.882973455
1.20440859105,0.157678288949,6.46585714201
93.8424487374,99.8423217111,102.417116313
2.36055428052,0.341614801811,12.8430465915
92.6863030479,99.6583851982,96.0399268633
3.45096265819,0.555318334966,19.0511354822
91.5958946703,99.444681665,89.8318379726
4.45055983293,0.799745457224,24.9503117937
90.5962974955,99.2002545428,83.9326616611
5.33197995329,1.07755283218,30.3757973479
89.7148773752,98.9224471678,78.5071761068
6.07192107655,1.3936482572,35.1765235359
88.9749362519,98.6063517428,73.7064499189
6.67889406445,1.75710624855,39.3749155467
88.367963264,98.2428937514,69.508057908
7.16566110073,2.17729711842,43.0117118026
87.8811962277,97.8227028816,65.8712616521
7.54191858009,2.66223266042,46.1079968024
87.5049387484,97.3377673396,62.7749766523
7.81570269641,3.20822168275,48.6661750796
87.231154632,96.7917783172,60.2167983752
8.00414758465,3.81710545142,50.7433328985
87.0427097438,96.1828945486,58.1396405562
8.12933998606,4.49999414136,52.4323417271
86.9175173424,95.5000058586,56.4506317276
8.20811005781,5.2820954083,53.827732343
86.8387472706,94.7179045917,55.0552411118
8.25309362179,6.18820859976,54.9967526619
86.7937637066,93.8117914002,53.8862207928
8.27515615297,7.23908539912,55.9807957893
86.7717011755,92.7609146009,52.9021776655
8.28477121319,8.46117265245,56.8136861048
86.7620861152,91.5388273475,52.06928735
8.29364237254,9.87550358691,57.5148854685
86.7532149559,90.1244964131,51.3680879863
8.3160480495,11.4958538618,58.0912198921
86.7308092789,88.5041461382,50.7917535627
8.36968943212,13.3312316977,58.5512949149
86.6771678963,86.6687683023,50.3316785398
8.47442428406,15.3826353176,58.9109756456
86.5724330444,84.6173646824,49.9719978091
8.65004520092,17.6384742909,59.1919405378
86.3968121275,82.3615257091,49.6910329169
8.91678045328,20.0987331794,59.4176547902
86.1300768752,79.9012668206,49.4653186645
9.29382769982,22.7562231783,59.6041513108
85.7530296286,77.2437768217,49.278822144
9.79754689631,25.5950592116,59.7581627727
85.2493104321,74.4049407884,49.1248106821
10.43032762,28.560890982,59.8822825501
84.6165297084,71.439109018,49.0006909047
11.1903371794,31.6024689464,59.9792195203
83.8565201491,68.3975310536,48.9037539344
12.0814043363,34.700506147,60.0537996768
82.9654529921,65.299493853,48.8291737779
13.1132877752,37.8522892298,60.1105926292
81.9335695532,62.1477107702,48.7723808255
14.2956777926,41.0522744867,60.1535794985
80.7511795359,58.9477255133,48.7293939563
15.6346208805,44.2835141813,60.1859669755
79.412236448,55.7164858187,48.6970064793
17.1269578353,47.511330974,60.2102355027
77.9198994932,52.488669026,48.6727379521
18.7673129298,50.7027933124,60.228408168
76.2795443987,49.2972066876,48.6545652867
20.5568784888,53.8449679744,60.2422307085
74.4899788397,46.1550320256,48.6407427462
22.4955087481,56.9250215766,60.2529148137
72.5513485803,43.0749784234,48.6300586411
24.5820591587,59.931352558,60.2613429365
70.4647981697,40.068647442,48.6216305182
26.8097719211,62.8484072954,60.2682229796
68.2370854074,37.1515927046,48.6147504751
29.1860807409,65.681542978,60.2741567084
65.8607765875,34.318457022,48.6088167464
31.7171631639,68.4347790524,60.2795744612
63.3296941645,31.5652209476,48.6033989936
34.3952618336,71.0973292327,60.2846896199
60.6515954948,28.9026707673,48.5982838349
37.1736257427,73.6286046029,60.28938792
57.8732315857,26.3713953971,48.5935855348
39.9979140588,75.991367923,60.2934519949
55.0489432697,24.008632077,48.5895214598
42.8413079472,78.1826759581,60.2968093674
52.2055493812,21.8173240419,48.5861640874
45.7247595114,80.2352002252,60.2997519882
49.322097817,19.7647997748,48.5832214666
48.6770269456,82.1851770339,60.3025564977
46.3698303828,17.8148229661,48.5804169571
51.6634688895,84.0262481347,60.3050359533
43.3833884389,15.9737518653,48.5779375015
54.6473556476,85.7514514997,60.3071348953
40.3995016808,14.2485485003,48.5758385595
57.5903413771,87.3543592658,60.3088551011
37.4565159513,12.6456407342,48.5741183536
60.4608203416,88.8366308656,60.3100736801
34.5860369868,11.1633691344,48.5728997747
63.2218094153,90.1963147815,60.3109079584
31.8250479132,9.80368521845,48.5720654964
65.8412031697,91.433049651,60.3115841534
29.2056541588,8.56695034895,48.5713893014
68.2995772607,92.5517415678,60.3121706483
26.7472800677,7.44825843221,48.5708028064
70.563202185,93.5494095617,60.3126319996
24.4836551434,6.4505904383,48.5703414551
72.6032605495,94.423863225,60.3129202821
22.4435967789,5.57613677504,48.5700531726
74.4168975066,95.1826633392,60.3130939246
20.6299598218,4.81733666075,48.5698795301
76.0277155584,95.8421883422,60.3132070079
19.01914177,4.15781165777,48.5697664468
77.4691301631,96.4210185757,60.3132885933
17.5777271653,3.57898142434,48.5696848615
78.7482206478,96.9259158456,60.3133515516
16.2986366806,3.07408415437,48.5696219031
79.8643726458,97.3599309181,60.3133982895
15.1824846826,2.64006908186,48.5695751652
80.8163371183,97.7253266229,60.3134272699
14.2305202101,2.27467337713,48.5695461849
81.6191678907,98.0302204192,60.3134367195
13.4276894377,1.96977958081,48.5695367352
82.2935823112,98.2841018559,60.3134364071
12.7532750173,1.71589814409,48.5695370476
82.8619326241,98.4964513442,60.3134365071
12.1849247043,1.50354865579,48.5695369476
83.3360470394,98.6724855126,60.3134364803
11.710810289,1.3275144874,48.5695369744
83.7283717512,98.8174303653,60.3134364875
11.3184855773,1.18256963472,48.5695369672
84.0509045988,98.936150918,60.3134364856
10.9959527297,1.06384908197,48.5695369691
84.3136801784,99.0325696607,60.3134364861
10.73317715,0.96743033933,48.5695369686
84.5255769459,99.1100980195,60.313436486
10.5212803825,0.889901980543,48.5695369688
84.6944457479,99.171733465,60.313436486
10.3524115806,0.828266534959,48.5695369687
84.830175961,99.2211569495,60.313436486
10.2166813675,0.778843050495,48.5695369687
84.9380119802,99.2603319928,60.313436486
10.1088453482,0.739668007188,48.5695369687
85.0203490702,99.2901790522,60.313436486
10.0265082583,0.709820947769,48.5695369687
85.0822818154,99.3125946793,60.313436486
9.96457551306,0.687405320737,48.5695369687
85.1294040565,99.329634553,60.313436486
9.91745327196,0.670365447006,48.5695369687
85.1668355253,99.3431607982,60.313436486
9.8800218031,0.656839201827,48.5695369687
85.1969586673,99.3540406267,60.313436486
9.84989866112,0.645959373336,48.5695369687
85.221431348,99.3628780231,60.313436486
9.82542598042,0.637121976931,48.5695369687
85.2412589403,99.3700381663,60.313436486
9.80559838817,0.629961833671,48.5695369687
85.2573422713,99.3758461415,60.313436486
9.78951505712,0.624153858496,48.5695369687
85.2701722723,99.3804792921,60.313436486
9.7766850561,0.619520707854,48.5695369687
85.2798425208,99.383971395,60.313436486
9.76701480763,0.616028604987,48.5695369687
85.2870404638,99.3865707041,60.313436486
9.75981686465,0.613429295913,48.5695369687
85.2925043802,99.3885438244,60.313436486
9.75435294823,0.611456175627,48.5695369687
85.2970205763,99.3901747056,60.313436486
9.74983675213,0.609825294384,48.5695369687
85.3007616867,99.3915256891,60.313436486
9.74609564178,0.608474310896,48.5695369687
85.3038298254,99.3926336502,60.313436486
9.74302750304,0.607366349766,48.5695369687
85.3063025167,99.3935265843,60.313436486
9.74055481176,0.606473415708,48.5695369687
85.3082888548,99.3942438873,60.313436486
9.73856847359,0.605756112662,48.5695369687
85.3098588346,99.3948108358,60.313436486
9.73699849381,0.605189164231,48.5695369687
85.3110291611,99.3952334621,60.313436486
9.73582816737,0.604766537929,48.5695369687
85.3118983957,99.3955473586,60.313436486
9.73495893275,0.604452641402,48.5695369687
85.3125433475,99.3957802625,60.313436486
9.73431398092,0.60421973751,48.5695369687
85.3130110244,99.3959491492,60.313436486
9.73384630403,0.60405085084,48.5695369687
85.3133450004,99.396069754,60.313436486
9.73351232808,0.603930246013,48.5695369687
85.3135901301,99.3961582748,60.313436486
9.73326719831,0.603841725165,48.5695369687
85.3138083815,99.3962370894,60.313436486
9.73304894689,0.603762910574,48.5695369687
85.3140031521,99.3963074246,60.313436486
9.73285417631,0.603692575362,48.5695369687
85.3141796813,99.3963711726,60.313436486
9.7326776471,0.603628827437,48.5695369687
85.3143008705,99.3964149362,60.313436486
9.73255645794,0.603585063816,48.5695369687
85.3144279411,99.3964608237,60.313436486
9.73242938733,0.603539176293,48.5695369687
85.3144708863,99.396476332,60.313436486
9.73238644213,0.603523667992,48.5695369687
0.0,0.0,0.0
95.0468573284,100.0,108.882973455
1.15614568947,0.183936512862,6.37718944944
93.890711639,99.8160634871,102.505784005
2.24655406714,0.397640046017,12.5852783401
92.8003032613,99.602359954,96.2976951146
3.24615124188,0.642067168275,18.4844546517
91.8007060866,99.3579328317,90.3985188031
4.12757136224,0.919874543234,23.9099402059
90.9192859662,99.0801254568,84.9730332488
4.86751248551,1.23596996825,28.7106663939
90.1793448429,98.7640300318,80.1723070609
5.4744854734,1.5994279596,32.9090584047
89.572371855,98.4005720404,75.97391505
5.96125250969,2.01961882947,36.5458546606
89.0856048188,97.9803811705,72.3371187941
6.33750998904,2.50455437147,39.6421396604
88.7093473394,97.4954456285,69.2408337944
6.61129410536,3.0505433938,42.2003179376
88.4355632231,96.9494566062,66.6826555172
6.7997389936,3.65942716248,44.2774757565
88.2471183348,96.3405728375,64.6054976982
6.92493139501,4.34231585241,45.9664845851
88.1219259334,95.6576841476,62.9164888696
7.00370146676,5.12441711935,47.361875201
88.0431558617,94.8755828806,61.5210982538
7.04868503074,6.03053031081,48.5308955199
87.9981722977,93.9694696892,60.3520779348
7.07074756192,7.08140711017,49.5149386473
87.9761097665,92.9185928898,59.3680348075
7.08036262214,8.3034943635,50.3478289628
87.9664947063,91.6965056365,58.535144492
7.0892337815,9.71782529797,51.0490283265
87.9576235469,90.282174702,57.8339451283
7.11163945845,11.3381755728,51.6253627501
87.93521787,88.6618244272,57.2576107047
7.16528084108,13.1735534088,52.0854377729
87.8815764874,86.8264465912,56.7975356819
7.27001569302,15.2249570286,52.4451185036
87.7768416354,84.7750429714,56.4378549512
7.44563660987,17.480796002,52.7260833958
87.6012207186,82.519203998,56.1568900589
7.71237186223,19.9410548904,52.9517976482
87.3344854662,80.0589451096,55.9311758065
8.08941910877,22.5985448894,53.1382941688
86.9574382197,77.4014551106,55.744679286
8.59313830526,25.4373809227,53.2923056307
86.4537190232,74.5626190773,55.5906678241
9.22591902895,28.403212693,53.4164254081
85.8209382995,71.596787307,55.4665480467
9.98592858833,31.4447906575,53.5133623783
85.0609287401,68.5552093425,55.3696110764
10.8769957453,34.5428278581,53.5879425348
84.1698615832,65.4571721419,55.2950309199
11.9088791842,37.6946109409,53.6447354872
83.1379781443,62.3053890591,55.2382379675
13.0912692015,40.8945961978,53.6877223565
81.9555881269,59.1054038022,55.1952510983
14.4302122894,44.1258358923,53.7201098334
80.616645039,55.8741641077,55.1628636213
15.9225492442,47.353652685,53.7443783606
79.1243080842,52.646347315,55.1385950941
17.5629043387,50.5451150235,53.762551026
77.4839529897,49.4548849765,55.1204224287
19.3524698977,53.6872896854,53.7763735665
75.6943874307,46.3127103146,55.1065998882
21.2911001571,56.7673432877,53.7870576717
73.7557571714,43.2326567123,55.0959157831
23.3776505676,59.7736742691,53.7954857945
71.6692067608,40.2263257309,55.0874876602
25.60536333,62.6907290064,53.8023658376
69.4414939984,37.3092709936,55.0806076171
27.9816721499,65.5238646891,53.8082995664
67.0651851786,34.4761353109,55.0746738884
30.5127545729,68.2771007635,53.8137173192
64.5341027555,31.7228992365,55.0692561356
33.1908532426,70.9396509438,53.8188324779
61.8560040858,29.0603490562,55.0641409769
35.9692171517,73.470926314,53.823530778
59.0776401767,26.529073686,55.0594426768
38.7935054677,75.833689634,53.8275948529
56.2533518607,24.166310366,55.0553786018
41.6368993562,78.0249976691,53.8309522254
53.4099579722,21.9750023309,55.0520212294
44.5203509204,80.0775219362,53.8338948462
50.526506408,19.9224780638,55.0490786086
47.4726183546,82.0274987449,53.8366993557
47.5742389738,17.9725012551,55.0462740991
50.4590602985,83.8685698457,53.8391788113
44.58779703,16.1314301543,55.0437946435
53.4429470565,85.5937732107,53.8412777532
41.6039102719,14.4062267893,55.0416957015
56.3859327861,87.1966809769,53.8429979591
38.6609245424,12.8033190231,55.0399754956
59.2564117506,88.6789525766,53.8442165381
35.7904455779,11.3210474234,55.0387569167
62.0174008242,90.0386364926,53.8450508164
33.0294565042,9.9613635074,55.0379226384
64.6367945786,91.2753713621,53.8457270113
30.4100627498,8.7246286379,55.0372464434
67.0951686696,92.3940632788,53.8463135063
27.9516886588,7.60593672116,55.0366599485
69.3587935939,93.3917312728,53.8467748576
25.6880637345,6.60826872725,55.0361985972
71.3988519585,94.266184936,53.8470631401
23.6480053699,5.73381506399,55.0359103146
73.2124889156,95.0249850503,53.8472367826
21.8343684129,4.9750149497,55.0357366721
74.8233069674,95.6845100533,53.8473498659
20.2235503611,4.31548994672,55.0356235888
76.2647215721,96.2633402867,53.8474314513
18.7821357564,3.73665971329,55.0355420035
77.5438120568,96.7682375567,53.8474944096
17.5030452717,3.23176244332,55.0354790452
78.6599640548,97.2022526292,53.8475411475
16.3868932737,2.7977473708,55.0354323072
79.6119285273,97.5676483339,53.8475701278
15.4349288011,2.43235166608,55.0354033269
80.4147592996,97.8725421302,53.8475795775
14.6320980288,2.12745786976,55.0353938772
81.0891737201,98.126423567,53.8475792651
13.9576836083,1.87357643304,55.0353941896
81.6575240331,98.3387730553,53.8475793651
13.3893332953,1.66122694474,55.0353940896
82.1316384483,98.5148072237,53.8475793383
12.9152188801,1.48519277635,55.0353941164
82.5239631601,98.6597520763,53.8475793455
12.5228941683,1.34024792367,55.0353941092
82.8464960077,98.7784726291,53.8475793436
12.2003613207,1.22152737092,55.0353941112
83.1092715874,98.8748913717,53.8475793441
11.9375857411,1.12510862828,55.0353941106
83.3211683549,98.9524197305,53.847579344
11.7256889735,1.04758026949,55.0353941108
83.4900371568,99.0140551761,53.847579344
11.5568201716,0.985944823908,55.0353941107
83.6257673699,99.0634786606,53.847579344
11.4210899585,0.936521339445,55.0353941107
83.7336033892,99.1026537039,53.847579344
11.3132539392,0.897346296137,55.0353941107
83.8159404791,99.1325007633,53.847579344
11.2309168493,0.867499236718,55.0353941107
83.8778732243,99.1549163903,53.847579344
11.1689841041,0.845083609686,55.0353941107
83.9249954654,99.171956264,53.847579344
11.121861863,0.828043735956,55.0353941107
83.9624269343,99.1854825092,53.847579344
11.0844303942,0.814517490776,55.0353941107
83.9925500763,99.1963623377,53.847579344
11.0543072522,0.803637662285,55.0353941107
84.017022757,99.2051997341,53.847579344
11.0298345715,0.794800265881,55.0353941107
84.0368503492,99.2123598774,53.847579344
11.0100069792,0.78764012262,55.0353941107
84.0529336803,99.2181678526,53.847579344
10.9939236482,0.781832147445,55.0353941107
84.0657636813,99.2228010032,53.847579344
10.9810936471,0.777198996803,55.0353941107
84.0754339298,99.2262931061,53.847579344
10.9714233987,0.773706893936,55.0353941107
84.0826318727,99.2288924151,53.847579344
10.9642254557,0.771107584862,55.0353941107
84.0880957892,99.2308655354,53.847579344
10.9587615393,0.769134464576,55.0353941107
84.0926119853,99.2324964167,53.847579344
10.9542453432,0.767503583333,55.0353941107
84.0963530956,99.2338474002,53.847579344
10.9505042328,0.766152599845,55.0353941107
84.0994212343,99.2349553613,53.847579344
10.9474360941,0.765044638715,55.0353941107
84.1018939256,99.2358482953,53.847579344
10.9449634028,0.764151704657,55.0353941107
84.1038802638,99.2365655984,53.847579344
10.9429770646,0.763434401611,55.0353941107
84.1054502436,99.2371325468,53.847579344
10.9414070849,0.76286745318,55.0353941107
84.10662057,99.2375551731,53.847579344
10.9402367584,0.762444826879,55.0353941107
84.1074898046,99.2378690696,53.847579344
10.9393675238,0.762130930352,55.0353941107
84.1081347565,99.2381019735,53.847579344
10.938722572,0.76189802646,55.0353941107
84.1086024334,99.2382708602,53.847579344
10.9382548951,0.76172913979,55.0353941107
84.1089364093,99.238391465,53.847579344
10.9379209191,0.761608534962,55.0353941107
84.1091815391,99.2384799859,53.847579344
10.9376757894,0.761520014114,55.0353941107
84.1093997905,99.2385588005,53.847579344
10.9374575379,0.761441199524,55.0353941107
84.1095945611,99.2386291357,53.847579344
10.9372627674,0.761370864311,55.0353941107
84.1097710903,99.2386928836,53.847579344
10.9370862381,0.761307116386,55.0353941107
84.1098922794,99.2387366472,53.847579344
10.936965049,0.761263352765,55.0353941107
84.1100193501,99.2387825348,53.847579344
10.9368379784,0.761217465242,55.0353941107
84.1100622953,99.2387980431,53.847579344
10.9367950332,0.761201956942,55.0353941107
0.0,0.0,0.0
95.0468573284,100.0,108.882973455
1.09040837767,0.213703533155,6.2080888907
93.9564489508,99.7862964668,102.674884564
2.09000555241,0.458130655413,12.1072652022
92.956851776,99.5418693446,96.7757082525
2.97142567277,0.735938030372,17.5327507565
92.0754316557,99.2640619696,91.3502226983
3.71136679603,1.05203345539,22.3334769444
91.3354905324,98.9479665446,86.5494965103
4.31833978393,1.41549144674,26.5318689553
90.7285175445,98.5845085533,82.3511044995
4.80510682021,1.83568231661,30.1686652112
90.2417505082,98.1643176834,78.7143082436
5.18136429957,2.32061785861,33.2649502109
89.8654930289,97.6793821414,75.6180232438
5.45514841589,2.86660688094,35.8231284881
89.5917089126,97.1333931191,73.0598449666
5.64359330413,3.47549064961,37.9002863071
89.4032640243,96.5245093504,70.9826871477
5.76878570554,4.15837933955,39.5892951357
89.2780716229,95.8416206605,69.2936783191
5.84755577729,4.94048060649,40.9846857515
89.1993015511,95.0595193935,67.8982877032
5.89253934127,5.84659379795,42.1537060705
89.1543179872,94.1534062021,66.7292673843
5.91460187245,6.89747059731,43.1377491978
89.132255456,93.1025294027,65.7452242569
5.92421693267,8.11955785064,43.9706395133
89.1226403958,91.8804421494,64.9123339414
5.93308809202,9.5338887851,44.671838877
89.1137692364,90.4661112149,64.2111345777
5.95549376898,11.15423906,45.2481733006
89.0913635595,88.84576094,63.6348001541
6.00913515161,12.9896168959,45.7082483234
89.0377221768,87.0103831041,63.1747251313
6.11387000354,15.0410205158,46.0679290542
88.9329873249,84.9589794842,62.8150444006
6.2894909204,17.2968594891,46.3488939464
88.757366408,82.7031405109,62.5340795084
6.55622617276,19.7571183776,46.5746081988
88.4906311557,80.2428816224,62.308365256
6.9332734193,22.4146083765,46.7611047193
88.1135839091,77.5853916235,62.1218687354
7.43699261579,25.2534444098,46.9151161812
87.6098647127,74.7465555902,61.9678572735
8.06977333947,28.2192761802,47.0392359586
86.977083989,71.7807238198,61.8437374961
8.82978289886,31.2608541446,47.1361729289
86.2170744296,68.7391458554,61.7468005259
9.72085005578,34.3588913452,47.2107530854
85.3260072727,65.6411086548,61.6722203694
10.7527334947,37.510674428,47.2675460378
84.2941238337,62.489325572,61.615427417
11.935123512,40.7106596849,47.310532907
83.1117338164,59.2893403151,61.5724405477
13.2740666,43.9418993795,47.342920384
81.7727907285,56.0581006205,61.5400530707
14.7664035547,47.1697161722,47.3671889112
80.2804537737,52.8302838278,61.5157845435
16.4067586492,50.3611785106,47.3853615766
78.6400986792,49.6388214894,61.4976118782
18.1963242082,53.5033531726,47.3991841171
76.8505331202,46.4966468274,61.4837893377
20.1349544676,56.5834067748,47.4098682222
74.9119028608,43.4165932252,61.4731052325
22.2215048782,59.5897377562,47.4182963451
72.8253524503,40.4102622438,61.4646771097
24.4492176406,62.5067924936,47.4251763882
70.5976396879,37.4932075064,61.4577970666
26.8255264604,65.3399281762,47.4311101169
68.221330868,34.6600718238,61.4518633378
29.3566088834,68.0931642506,47.4365278697
65.690248445,31.9068357494,61.446445585
32.0347075531,70.7557144309,47.4416430284
63.0121497753,29.2442855691,61.4413304263
34.8130714622,73.2869898011,47.4463413285
60.2337858662,26.7130101989,61.4366321262
37.6373597783,75.6497531211,47.4504054035
57.4094975502,24.3502468789,61.4325680513
40.4807536667,77.8410611563,47.4537627759
54.5661036617,22.1589388437,61.4292106788
43.3642052309,79.8935854234,47.4567053967
51.6826520975,20.1064145766,61.426268058
46.3164726651,81.8435622321,47.4595099062
48.7303846633,18.1564377679,61.4234635485
49.302914609,83.6846333329,47.4619893618
45.7439427195,16.3153666671,61.4209840929
52.2868013671,85.4098366979,47.4640883038
42.7600559614,14.5901633021,61.4188851509
55.2297870966,87.012744464,47.4658085097
39.8170702319,12.987255536,61.4171649451
58.1002660611,88.4950160638,47.4670270886
36.9465912673,11.5049839362,61.4159463661
60.8612551348,89.8546999797,47.4678613669
34.1856021937,10.1453000203,61.4151120878
63.4806488891,91.0914348492,47.4685375619
31.5662084393,8.90856515076,61.4144358928
65.9390229802,92.210126766,47.4691240569
29.1078343483,7.78987323402,61.4138493979
68.2026479045,93.2077947599,47.4695854081
26.844209424,6.79220524011,61.4133880466
70.242706269,94.0822484231,47.4698736907
24.8041510594,5.91775157685,61.4130997641
72.0563432261,94.8410485374,47.4700473332
22.9905141023,5.15895146256,61.4129261216
73.6671612779,95.5005735404,47.4701604165
21.3796960505,4.49942645958,61.4128130383
75.1085758826,96.0794037739,47.4702420018
19.9382814458,3.92059622615,61.4127314529
76.3876663673,96.5843010438,47.4703049601
18.6591909611,3.41569895618,61.4126684946
77.5038183653,97.0183161163,47.4703516981
17.5430389631,2.98168388367,61.4126217567
78.4557828378,97.3837118211,47.4703806784
16.5910744906,2.61628817895,61.4125927763
79.2586136102,97.6886056174,47.4703901281
15.7882437183,2.31139438262,61.4125833267
79.9330280306,97.9424870541,47.4703898157
15.1138292978,2.0575129459,61.4125836391
80.5013783436,98.1548365424,47.4703899157
14.5454789848,1.84516345761,61.4125835391
80.9754927589,98.3308707108,47.4703898889
14.0713645696,1.66912928921,61.4125835659
81.3678174707,98.4758155635,47.4703898961
13.6790398578,1.52418443653,61.4125835587
81.6903503182,98.5945361162,47.4703898941
13.3565070102,1.40546388378,61.4125835606
81.9531258979,98.6909548589,47.4703898947
13.0937314305,1.30904514114,61.4125835601
82.1650226654,98.7684832176,47.4703898945
12.881834663,1.23151678235,61.4125835602
82.3338914674,98.8301186632,47.4703898946
12.7129658611,1.16988133677,61.4125835602
82.4696216804,98.8795421477,47.4703898946
12.577235648,1.12045785231,61.4125835602
82.5774576997,98.918717191,47.4703898946
12.4693996287,1.081282809,61.4125835602
82.6597947896,98.9485642504,47.4703898946
12.3870625388,1.05143574958,61.4125835602
82.7217275349,98.9709798775,47.4703898946
12.3251297936,1.02902012255,61.4125835602
82.768849776,98.9880197512,47.4703898946
12.2780075525,1.01198024882,61.4125835602
82.8062812448,99.0015459964,47.4703898946
12.2405760836,0.998454003638,61.4125835602
82.8364043868,99.0124258249,47.4703898946
12.2104529416,0.987574175147,61.4125835602
82.8608770675,99.0212632213,47.4703898946
12.1859802609,0.978736778743,61.4125835602
82.8807046598,99.0284233645,47.4703898946
12.1661526687,0.971576635482,61.4125835602
82.8967879908,99.0342313397,47.4703898946
12.1500693376,0.965768660307,61.4125835602
82.9096179918,99.0388644903,47.4703898946
12.1372393366,0.961135509665,61.4125835602
82.9192882403,99.0423565932,47.4703898946
12.1275690881,0.957643406798,61.4125835602
82.9264861833,99.0449559023,47.4703898946
12.1203711452,0.955044097724,61.4125835602
82.9319500997,99.0469290226,47.4703898946
12.1149072287,0.953070977438,61.4125835602
82.9364662958,99.0485599038,47.4703898946
12.1103910327,0.951440096195,61.4125835602
82.9402074061,99.0499108873,47.4703898946
12.1066499223,0.950089112707,61.4125835602
82.9432755449,99.0510188484,47.4703898946
12.1035817836,0.948981151578,61.4125835602
82.9457482362,99.0519117825,47.4703898946
12.1011090923,0.948088217519,61.4125835602
82.9477345743,99.0526290855,47.4703898946
12.0991227541,0.947370914473,61.4125835602
82.9493045541,99.053196034,47.4703898946
12.0975527743,0.946803966042,61.4125835602
82.9504748806,99.0536186603,47.4703898946
12.0963824479,0.946381339741,61.4125835602
82.9513441152,99.0539325568,47.4703898946
12.0955132133,0.946067443214,61.4125835602
82.951989067,99.0541654607,47.4703898946
12.0948682614,0.945834539322,61.4125835602
82.9524567439,99.0543343473,47.4703898946
12.0944005845,0.945665652652,61.4125835602
82.9527907198,99.0544549522,47.4703898946
12.0940666086,0.945545047824,61.4125835602
82.9530358496,99.054543473,47.4703898946
12.0938214788,0.945456526976,61.4125835602
82.953254101,99.0546222876,47.4703898946
12.0936032274,0.945377712386,61.4125835602
82.9534488716,99.0546926228,47.4703898946
12.0934084568,0.945307377173,61.4125835602
82.9536254008,99.0547563708,47.4703898946
12.0932319276,0.945243629248,61.4125835602
82.95374659,99.0548001344,47.4703898946
12.0931107385,0.945199865627,61.4125835602
82.9538736606,99.0548460219,47.4703898946
12.0929836679,0.945153978104,61.4125835602
82.9539166058,99.0548615302,47.4703898946
12.0929407226,0.945138469804,61.4125835602
0.0,0.0,0.0
95.0468573284,100.0,108.882973455
0.999597174739,0.244427122258,5.89917631152
94.0472601537,99.7555728777,102.983797143
1.8810172951,0.522234497217,11.3246618658
93.1658400333,99.4777655028,97.558311589
2.62095841837,0.838329922232,16.1253880537
92.4258989101,99.1616700778,92.757585401
3.22793140626,1.20178791358,20.3237800646
91.8189259222,98.7982120864,88.5591933902
3.71469844255,1.62197878345,23.9605763205
91.3321588859,98.3780212165,84.9223971343
4.0909559219,2.10691432546,27.0568613202
90.9559014065,97.8930856745,81.8261121345
4.36474003822,2.65290334779,29.6150395974
90.6821172902,97.3470966522,79.2679338573
4.55318492646,3.26178711646,31.6921974164
90.493672402,96.7382128835,77.1907760384
4.67837732787,3.94467580639,33.381206245
90.3684800006,96.0553241936,75.5017672098
4.75714739962,4.72677707334,34.7765968608
90.2897099288,95.2732229267,74.1063765939
4.8021309636,5.63289026479,35.9456171798
90.2447263648,94.3671097352,72.937356275
4.82419349478,6.68376706415,36.9296603071
90.2226638337,93.3162329358,71.9533131476
4.833808555,7.90585431749,37.7625506226
90.2130487734,92.0941456825,71.1204228321
4.84267971436,9.32018525195,38.4637499863
90.2041776141,90.6798147481,70.4192234684
4.86508539131,10.9405355268,39.0400844099
90.1817719371,89.0594644732,69.8428890448
4.91872677394,12.7759133627,39.5001594327
90.1281305545,87.2240866373,69.382814022
5.02346162588,14.8273169826,39.8598401634
90.0233957026,85.1726830174,69.0231332913
5.19908254273,17.0831559559,40.1408050557
89.8477747857,82.9168440441,68.7421683991
5.46581779509,19.5434148444,40.3665193081
89.5810395334,80.4565851556,68.5164541467
5.84286504163,22.2009048433,40.5530158286
89.2039922868,77.7990951567,68.3299576261
6.34658423812,25.0397408767,40.7070272905
88.7002730903,74.9602591233,68.1759461642
6.97936496181,28.005572647,40.8311470679
88.0674923666,71.994427353,68.0518263868
7.73937452119,31.0471506114,40.9280840382
87.3074828073,68.9528493886,67.9548894166
8.63044167812,34.145187812,41.0026641947
86.4164156503,65.854812188,67.8803092601
9.66232511703,37.2969708949,41.0594571471
85.3845322114,62.7030291051,67.8235163077
10.8447151344,40.4969561518,41.1024440163
84.2021421941,59.5030438482,67.7805294384
12.1836582223,43.7281958463,41.1348314933
82.8631991061,56.2718041537,67.7481419614
13.6759951771,46.956012639,41.1591000205
81.3708621514,53.043987361,67.7238734342
15.3163502716,50.1474749775,41.1772726859
79.7305070569,49.8525250225,67.7057007689
17.1059158306,53.2896496394,41.1910952264
77.9409414979,46.7103503606,67.6918782284
19.0445460899,56.3697032417,41.2017793315
76.0023112385,43.6302967583,67.6811941232
21.1310965005,59.376034223,41.2102074544
73.9157608279,40.623965777,67.6727660004
23.3588092629,62.2930889604,41.2170874975
71.6880480655,37.7069110396,67.6658859573
25.7351180827,65.1262246431,41.2230212262
69.3117392457,34.8737753569,67.6599522285
28.2662005058,67.8794607175,41.228438979
66.7806568227,32.1205392825,67.6545344757
30.9442991755,70.5420108978,41.2335541377
64.102558153,29.4579891022,67.649419317
33.7226630846,73.073286268,41.2382524378
61.3241942439,26.926713732,67.6447210169
36.5469514006,75.436049588,41.2423165128
58.4999059278,24.563950412,67.640656942
39.3903452891,77.6273576231,41.2456738852
55.6565120394,22.3726423769,67.6372995695
42.2737968533,79.6798818902,41.248616506
52.7730604752,20.3201181098,67.6343569487
45.2260642875,81.6298586989,41.2514210155
49.820793041,18.3701413011,67.6315524392
48.2125062313,83.4709297997,41.2539004711
46.8343510971,16.5290702003,67.6290729836
51.1963929894,85.1961331647,41.2559994131
43.850464339,14.8038668353,67.6269740416
54.1393787189,86.7990409308,41.257719619
40.9074786095,13.2009590692,67.6252538358
57.0098576834,88.2813125306,41.2589381979
38.036999645,11.7186874694,67.6240352568
59.7708467571,89.6409964466,41.2597724762
35.2760105714,10.3590035534,67.6232009785
62.3902405115,90.8777313161,41.2604486712
32.656616817,9.12226868392,67.6225247835
64.8486146025,91.9964232328,41.2610351661
30.1982427259,8.00357676718,67.6219382886
67.1122395268,92.9940912267,41.2614965174
27.9346178016,7.00590877326,67.6214769373
69.1522978914,93.86854489,41.2617848
25.8945594371,6.13145511,67.6211886548
70.9659348484,94.6273450043,41.2619584425
24.08092248,5.37265499572,67.6210150123
72.5767529002,95.2868700073,41.2620715258
22.4701044282,4.71312999273,67.620901929
74.0181675049,95.8657002407,41.2621531111
21.0286898235,4.1342997593,67.6208203436
75.2972579896,96.3705975107,41.2622160694
19.7495993388,3.62940248934,67.6207573853
76.4134099876,96.8046125832,41.2622628074
18.6334473408,3.19538741682,67.6207106474
77.3653744602,97.1700082879,41.2622917877
17.6814828683,2.8299917121,67.620681667
78.1682052325,97.4749020842,41.2623012374
16.8786520959,2.52509791578,67.6206722174
78.842619653,97.7287835209,41.262300925
16.2042376755,2.27121647906,67.6206725298
79.410969966,97.9411330092,41.262301025
15.6358873625,2.05886699076,67.6206724298
79.8850843812,98.1171671776,41.2623009982
15.1617729472,1.88283282236,67.6206724566
80.277409093,98.2621120303,41.2623010054
14.7694482354,1.73788796969,67.6206724494
80.5999419406,98.3808325831,41.2623010034
14.4469153879,1.61916741694,67.6206724513
80.8627175202,98.4772513257,41.262301004
14.1841398082,1.5227486743,67.6206724508
81.0746142878,98.5547796845,41.2623010038
13.9722430407,1.44522031551,67.6206724509
81.2434830897,98.6164151301,41.2623010039
13.8033742388,1.38358486993,67.6206724509
81.3792133028,98.6658386145,41.2623010039
13.6676440257,1.33416138546,67.6206724509
81.4870493221,98.7050136578,41.2623010039
13.5598080064,1.29498634215,67.6206724509
81.569386412,98.7348607173,41.2623010039
13.4774709165,1.26513928273,67.6206724509
81.6313191572,98.7572763443,41.2623010039
13.4155381712,1.2427236557,67.6206724509
81.6784413983,98.774316218,41.2623010039
13.3684159301,1.22568378197,67.6206724509
81.7158728671,98.7878424632,41.2623010039
13.3309844613,1.21215753679,67.6206724509
81.7459960091,98.7987222917,41.2623010039
13.3008613193,1.2012777083,67.6206724509
81.7704686898,98.8075596881,41.2623010039
13.2763886386,1.1924403119,67.6206724509
81.7902962821,98.8147198314,41.2623010039
13.2565610464,1.18528016864,67.6206724509
81.8063796131,98.8205278065,41.2623010039
13.2404777153,1.17947219346,67.6206724509
81.8192096142,98.8251609572,41.2623010039
13.2276477143,1.17483904282,67.6206724509
81.8288798626,98.82865306,41.2623010039
13.2179774658,1.17134693995,67.6206724509
81.8360778056,98.8312523691,41.2623010039
13.2107795228,1.16874763088,67.6206724509
81.841541722,98.8332254894,41.2623010039
13.2053156064,1.16677451059,67.6206724509
81.8460579181,98.8348563706,41.2623010039
13.2007994103,1.16514362935,67.6206724509
81.8497990285,98.8362073541,41.2623010039
13.1970583,1.16379264586,67.6206724509
81.8528671672,98.8373153153,41.2623010039
13.1939901612,1.16268468473,67.6206724509
81.8553398585,98.8382082493,41.2623010039
13.1915174699,1.16179175067,67.6206724509
81.8573261967,98.8389255524,41.2623010039
13.1895311318,1.16107444763,67.6206724509
81.8588961764,98.8394925008,41.2623010039
13.187961152,1.1605074992,67.6206724509
81.8600665029,98.8399151271,41.2623010039
13.1867908256,1.1600848729,67.6206724509
81.8609357375,98.8402290236,41.2623010039
13.1859215909,1.15977097637,67.6206724509
81.8615806893,98.8404619275,41.2623010039
13.1852766391,1.15953807248,67.6206724509
81.8620483662,98.8406308142,41.2623010039
13.1848089622,1.15936918581,67.6206724509
81.8623823422,98.840751419,41.2623010039
13.1844749863,1.15924858098,67.6206724509
81.8626274719,98.8408399399,41.2623010039
13.1842298565,1.15916006013,67.6206724509
81.8628457234,98.8409187545,41.2623010039
13.1840116051,1.15908124554,67.6206724509
81.8630404939,98.8409890897,41.2623010039
13.1838168345,1.15901091033,67.6206724509
81.8632170232,98.8410528376,41.2623010039
13.1836403053,1.1589471624,67.6206724509
81.8633382123,98.8410966012,41.2623010039
13.1835191161,1.15890339878,67.6206724509
81.8634652829,98.8411424887,41.2623010039
13.1833920455,1.15885751126,67.6206724509
81.8635082281,98.841157997,41.2623010039
13.1833491003,1.15884200296,67.6206724509
0.0,0.0,0.0
95.0468573284,100.0,108.882973455
0.881420120362,0.277807374959,5.42548555426
94.1654372081,99.722192625,103.4574879
1.62136124363,0.593902799974,10.2262117422
93.4254960848,99.4060972,98.6567617125
2.22833423152,0.957360791327,14.4246037531
92.8185230969,99.0426392087,94.4583697017
2.71510126781,1.3775516612,18.061400009
92.3317560606,98.6224483388,90.8215734458
3.09135874716,1.8624872032,21.1576850087
91.9554985813,98.1375127968,87.725288446
3.36514286348,2.40847622553,23.7158632859
91.681714465,97.5915237745,85.1671101688
3.55358775172,3.0173599942,25.7930211049
91.4932695767,96.9826400058,83.0899523499
3.67878015313,3.70024868413,27.4820299334
91.3680771753,96.2997513159,81.4009435213
3.75755022488,4.48234995108,28.8774205493
91.2893071036,95.5176500489,80.0055529055
3.80253378887,5.38846314253,30.0464408682
91.2443235396,94.6115368575,78.8365325865
3.82459632004,6.43933994189,31.0304839956
91.2222610084,93.5606600581,77.8524894591
3.83421138027,7.66142719523,31.8633743111
91.2126459482,92.3385728048,77.0195991436
3.84308253962,9.07575812969,32.5645736748
91.2037747888,90.9242418703,76.3183997799
3.86548821657,10.6961084045,33.1409080984
91.1813691119,89.3038915955,75.7420653563
3.9191295992,12.5314862405,33.6009831212
91.1277277292,87.4685137595,75.2819903335
4.02386445114,14.5828898604,33.9606638519
91.0229928773,85.4171101396,74.9223096028
4.19948536799,16.8387288337,34.2416287442
90.8473719604,83.1612711663,74.6413447106
4.46622062035,19.2989877222,34.4673429966
90.5806367081,80.7010122778,74.4156304582
4.84326786689,21.9564777211,34.6538395171
90.2035894615,78.0435222789,74.2291339376
5.34698706338,24.7953137544,34.807850979
89.6998702651,75.2046862456,74.0751224757
5.97976778707,27.7611455248,34.9319707564
89.0670895414,72.2388544752,73.9510026983
6.73977734645,30.8027234892,35.0289077267
88.307079982,69.1972765108,73.8540657281
7.63084450338,33.9007606898,35.1034878832
87.4160128251,66.0992393102,73.7794855716
8.6627279423,37.0525437726,35.1602808355
86.3841293861,62.9474562274,73.7226926192
9.84511795963,40.2525290295,35.2032677048
85.2017393688,59.7474709705,73.6797057499
11.1840610476,43.4837687241,35.2356551818
83.8627962809,56.5162312759,73.647318273
12.6763980023,46.7115855168,35.259923709
82.3704593261,53.2884144832,73.6230497458
14.3167530968,49.9030478552,35.2780963744
80.7301042316,50.0969521448,73.6048770804
16.1063186558,53.0452225171,35.2919189149
78.9405386726,46.9547774829,73.5910545399
18.0449489152,56.1252761194,35.30260302
77.0019084132,43.8747238806,73.5803704347
20.1314993258,59.1316071008,35.3110311428
74.9153580027,40.8683928992,73.5719423119
22.3592120882,62.0486618382,35.317911186
72.6876452403,37.9513381618,73.5650622688
24.735520908,64.8817975208,35.3238449147
70.3113364205,35.1182024792,73.55912854
27.266603331,67.6350335952,35.3292626675
67.7802539974,32.3649664048,73.5537107872
29.9447020007,70.2975837755,35.3343778262
65.1021553277,29.7024162245,73.5485956286
32.7230659098,72.8288591457,35.3390761263
62.3237914186,27.1711408543,73.5438973284
35.5473542259,75.1916224657,35.3431402013
59.4995031026,24.8083775343,73.5398332535
38.3907481143,77.3829305009,35.3464975737
56.6561092141,22.6170694991,73.536475881
41.2741996785,79.435454768,35.3494401945
53.7726576499,20.564545232,73.5335332602
44.2264671127,81.3854315767,35.352244704
50.8203902157,18.6145684233,73.5307287508
47.2129090566,83.2265026775,35.3547241596
47.8339482719,16.7734973225,73.5282492951
50.1967958147,84.9517060424,35.3568231016
44.8500615138,15.0482939576,73.5261503532
53.1397815442,86.5546138086,35.3585433075
41.9070757843,13.4453861914,73.5244301473
56.0102605087,88.0368854084,35.3597618864
39.0365968197,11.9631145916,73.5232115683
58.7712495823,89.3965693243,35.3605961647
36.2756077461,10.6034306757,73.52237729
61.3906433367,90.6333041938,35.3612723597
33.6562139917,9.36669580618,73.5217010951
63.8490174278,91.7519961106,35.3618588546
31.1978399007,8.24800388944,73.5211146001
66.1126423521,92.7496641045,35.3623202059
28.9342149764,7.25033589552,73.5206532488
68.1527007166,93.6241177677,35.3626084885
26.8941566118,6.37588223226,73.5203649663
69.9663376737,94.382917882,35.3627821309
25.0805196547,5.61708211798,73.5201913238
71.5771557255,95.042442885,35.3628952142
23.469701603,4.95755711499,73.5200782405
73.0185703302,95.6212731184,35.3629767996
22.0282869982,4.37872688156,73.5199966551
74.2976608149,96.1261703884,35.3630397579
20.7491965135,3.8738296116,73.5199336968
75.4138128129,96.5601854609,35.3630864959
19.6330445155,3.43981453908,73.5198869589
76.3657772854,96.9255811656,35.3631154762
18.681080043,3.07441883436,73.5198579786
77.1686080578,97.230474962,35.3631249258
17.8782492707,2.76952503804,73.5198485289
77.8430224782,97.4843563987,35.3631246135
17.2038348502,2.51564360132,73.5198488413
78.4113727912,97.696705887,35.3631247135
16.6354845372,2.30329411302,73.5198487413
78.8854872065,97.8727400554,35.3631246867
16.161370122,2.12725994462,73.5198487681
79.2778119183,98.0176849081,35.3631246939
15.7690454102,1.98231509195,73.5198487609
79.6003447658,98.1364054608,35.3631246919
15.4465125626,1.8635945392,73.5198487628
79.8631203455,98.2328242034,35.3631246924
15.1837369829,1.76717579655,73.5198487623
80.075017113,98.3103525622,35.3631246923
14.9718402154,1.68964743777,73.5198487624
80.2438859149,98.3719880078,35.3631246923
14.8029714135,1.62801199218,73.5198487624
80.379616128,98.4214114923,35.3631246923
14.6672412004,1.57858850772,73.5198487624
80.4874521473,98.4605865356,35.3631246923
14.5594051811,1.53941346441,73.5198487624
80.5697892372,98.490433595,35.3631246923
14.4770680912,1.50956640499,73.5198487624
80.6317219825,98.512849222,35.3631246923
14.415135346,1.48715077796,73.5198487624
80.6788442236,98.5298890958,35.3631246923
14.3680131049,1.47011090423,73.5198487624
80.7162756924,98.5434153409,35.3631246923
14.330581636,1.45658465905,73.5198487624
80.7463988344,98.5542951694,35.3631246923
14.300458494,1.44570483056,73.5198487624
80.7708715151,98.5631325658,35.3631246923
14.2759858133,1.43686743416,73.5198487624
80.7906991073,98.5702927091,35.3631246923
14.2561582211,1.42970729089,73.5198487624
80.8067824384,98.5761006843,35.3631246923
14.24007489,1.42389931572,73.5198487624
80.8196124394,98.5807338349,35.3631246923
14.227244889,1.41926616508,73.5198487624
80.8292826879,98.5842259378,35.3631246923
14.2175746406,1.41577406221,73.5198487624
80.8364806309,98.5868252469,35.3631246923
14.2103766976,1.41317475314,73.5198487624
80.8419445473,98.5887983671,35.3631246923
14.2049127812,1.41120163285,73.5198487624
80.8464607434,98.5904292484,35.3631246923
14.2003965851,1.40957075161,73.5198487624
80.8502018537,98.5917802319,35.3631246923
14.1966554747,1.40821976812,73.5198487624
80.8532699925,98.592888193,35.3631246923
14.193587336,1.40711180699,73.5198487624
80.8557426838,98.5937811271,35.3631246923
14.1911146447,1.40621887293,73.5198487624
80.8577290219,98.5944984301,35.3631246923
14.1891283065,1.40550156989,73.5198487624
80.8592990017,98.5950653785,35.3631246923
14.1875583267,1.40493462145,73.5198487624
80.8604693281,98.5954880048,35.3631246923
14.1863880003,1.40451199515,73.5198487624
80.8613385628,98.5958019014,35.3631246923
14.1855187657,1.40419809863,73.5198487624
80.8619835146,98.5960348053,35.3631246923
14.1848738138,1.40396519473,73.5198487624
80.8624511915,98.5962036919,35.3631246923
14.184406137,1.40379630806,73.5198487624
80.8627851674,98.5963242968,35.3631246923
14.184072161,1.40367570324,73.5198487624
80.8630302972,98.5964128176,35.3631246923
14.1838270312,1.40358718239,73.5198487624
80.8632485486,98.5964916322,35.3631246923
14.1836087798,1.4035083678,73.5198487624
80.8634433192,98.5965619674,35.3631246923
14.1834140092,1.40343803259,73.5198487624
80.8636198484,98.5966257153,35.3631246923
14.18323748,1.40337428466,73.5198487624
80.8637410376,98.596669479,35.3631246923
14.1831162909,1.40333052104,73.5198487624
80.8638681082,98.5967153665,35.3631246923
14.1829892203,1.40328463352,73.5198487624
80.8639110534,98.5967308748,35.3631246923
14.1829462751,1.40326912522,73.5198487624
0.0,0.0,0.0
95.0468573284,100.0,108.882973455
0.739941123266,0.316095425015,4.80072618795
94.3069162052,99.683904575,104.082247267
1.34691411116,0.679553416368,8.99911819881
93.6999432173,99.3204465836,99.8838552559
1.83368114745,1.09974428624,12.6359144547
93.213176181,98.9002557138,96.247059
2.2099386268,1.58467982824,15.7321994545
92.8369187016,98.4153201718,93.1507740003
2.48372274312,2.13066885057,18.2903777316
92.5631345853,97.8693311494,90.5925957231
2.67216763136,2.73955261924,20.3675355506
92.3746896971,97.2604473808,88.5154379042
2.79736003277,3.42244130917,22.0565443792
92.2494972957,96.5775586908,86.8264290756
2.87613010452,4.20454257612,23.451934995
92.1707272239,95.7954574239,85.4310384597
2.9211136685,5.11065576758,24.620955314
92.1257436599,94.8893442324,84.2620181408
2.94317619968,6.16153256693,25.6049984413
92.1036811288,93.8384674331,83.2779750134
2.9527912599,7.38361982027,26.4378887569
92.0940660685,92.6163801797,82.4450846979
2.96166241926,8.79795075473,27.1390881205
92.0851949092,91.2020492453,81.7438853342
2.98406809621,10.4183010296,27.7154225442
92.0627892322,89.5816989704,81.1675509106
3.03770947884,12.2536788655,28.175497567
92.0091478496,87.7463211345,80.7074758878
3.14244433078,14.3050824854,28.5351782977
91.9044129977,85.6949175146,80.3477951571
3.31806524763,16.5609214587,28.8161431899
91.7287920808,83.4390785413,80.0668302649
3.58480049999,19.0211803472,29.0418574423
91.4620568285,80.9788196528,79.8411160124
3.96184774653,21.6786703461,29.2283539628
91.0850095819,78.3213296539,79.6546194919
4.46556694302,24.5175063795,29.3823654248
90.5812903854,75.4824936205,79.50060803
5.0983476667,27.4833381498,29.5064852021
89.9485096617,72.5166618502,79.3764882526
5.85835722609,30.5249161142,29.6034221724
89.1885001024,69.4750838858,79.2795512823
6.74942438301,33.6229533148,29.6780023289
88.2974329454,66.3770466852,79.2049711258
7.78130782193,36.7747363976,29.7347952813
87.2655495065,63.2252636024,79.1481781735
8.96369783926,39.9747216545,29.7777821505
86.0831594892,60.0252783455,79.1051913042
10.3026409272,43.2059613491,29.8101696275
84.7442164012,56.7940386509,79.0728038272
11.794977882,46.4337781418,29.8344381547
83.2518794465,53.5662218582,79.0485353
13.4353329765,49.6252404803,29.8526108201
81.611524352,50.3747595197,79.0303626347
15.2248985355,52.7674151422,29.8664333606
79.821958793,47.2325848578,79.0165400941
17.1635287948,55.8474687444,29.8771174657
77.8833285336,44.1525312556,79.005855989
19.2500792054,58.8537997258,29.8855455886
75.796778123,41.1462002742,78.9974278662
21.4777919678,61.7708544632,29.8924256317
73.5690653606,38.2291455368,78.990547823
23.8541007876,64.6039901459,29.8983593605
71.1927565408,35.3960098541,78.9846140943
26.3851832107,67.3572262202,29.9037771133
68.6616741178,32.6427737798,78.9791963415
29.0632818804,70.0197764006,29.9088922719
65.9835754481,29.9802235994,78.9740811828
31.8416457895,72.5510517708,29.913590572
63.205211539,27.4489482292,78.9693828827
34.6659341055,74.9138150908,29.917654647
60.3809232229,25.0861849092,78.9653188077
37.509327994,77.1051231259,29.9210120195
57.5375293345,22.8948768741,78.9619614353
40.3927795582,79.157647393,29.9239546402
54.6540777703,20.842352607,78.9590188145
43.3450469924,81.1076242017,29.9267591497
51.7018103361,18.8923757983,78.956214305
46.3314889362,82.9486953025,29.9292386053
48.7153683922,17.0513046975,78.9537348494
49.3153756943,84.6738986675,29.9313375473
45.7314816341,15.3261013325,78.9516359074
52.2583614238,86.2768064336,29.9330577532
42.7884959046,13.7231935664,78.9499157015
55.1288403883,87.7590780334,29.9342763321
39.9180169401,12.2409219666,78.9486971226
57.889829462,89.1187619494,29.9351106104
37.1570278665,10.8812380506,78.9478628443
60.5092232164,90.3554968189,29.9357868054
34.5376341121,9.64450318114,78.9471866493
62.9675973074,91.4741887356,29.9363733004
32.079260021,8.5258112644,78.9466001544
65.2312222317,92.4718567295,29.9368346517
29.8156350967,7.52814327048,78.9461388031
67.2712805963,93.3463103928,29.9371229342
27.7755767322,6.65368960722,78.9458505205
69.0849175533,94.1051105071,29.9372965767
25.9619397751,5.89488949293,78.9456768781
70.6957356051,94.76463551,29.93740966
24.3511217233,5.23536448995,78.9455637948
72.1371502098,95.3434657435,29.9374912453
22.9097071186,4.65653425652,78.9454822094
73.4162406945,95.8483630134,29.9375542037
21.6306166339,4.15163698656,78.9454192511
74.5323926925,96.282378086,29.9376009416
20.5144646359,3.71762191404,78.9453725131
75.4843571651,96.6477737907,29.9376299219
19.5625001634,3.35222620932,78.9453435328
76.2871879374,96.952667587,29.9376393716
18.759669391,3.047332413,78.9453340832
76.9616023579,97.2065490237,29.9376390592
18.0852549706,2.79345097628,78.9453343955
77.5299526709,97.418898512,29.9376391592
17.5169046576,2.58110148798,78.9453342955
78.0040670861,97.5949326804,29.9376391324
17.0427902423,2.40506731958,78.9453343223
78.3963917979,97.7398775331,29.9376391396
16.6504655305,2.26012246691,78.9453343152
78.7189246455,97.8585980858,29.9376391377
16.327932683,2.14140191416,78.9453343171
78.9817002251,97.9550168285,29.9376391382
16.0651571033,2.04498317151,78.9453343166
79.1935969927,98.0325451873,29.937639138
15.8532603358,1.96745481273,78.9453343167
79.3624657946,98.0941806329,29.9376391381
15.6843915339,1.90581936714,78.9453343167
79.4981960077,98.1436041173,29.9376391381
15.5486613208,1.85639588268,78.9453343167
79.606032027,98.1827791606,29.9376391381
15.4408253015,1.81722083937,78.9453343167
79.6883691169,98.21262622,29.9376391381
15.3584882116,1.78737377995,78.9453343167
79.7503018621,98.2350418471,29.9376391381
15.2965554663,1.76495815292,78.9453343167
79.7974241032,98.2520817208,29.9376391381
15.2494332252,1.74791827919,78.9453343167
79.834855572,98.265607966,29.9376391381
15.2120017564,1.73439203401,78.9453343167
79.864978714,98.2764877945,29.9376391381
15.1818786144,1.72351220552,78.9453343167
79.8894513947,98.2853251909,29.9376391381
15.1574059337,1.71467480911,78.9453343167
79.909278987,98.2924853341,29.9376391381
15.1375783415,1.70751466585,78.9453343167
79.925362318,98.2982933093,29.9376391381
15.1214950104,1.70170669068,78.9453343167
79.9381923191,98.30292646,29.9376391381
15.1086650094,1.69707354004,78.9453343167
79.9478625675,98.3064185628,29.9376391381
15.0989947609,1.69358143717,78.9453343167
79.9550605105,98.3090178719,29.9376391381
15.0917968179,1.6909821281,78.9453343167
79.9605244269,98.3109909922,29.9376391381
15.0863329015,1.68900900781,78.9453343167
79.965040623,98.3126218734,29.9376391381
15.0818167054,1.68737812657,78.9453343167
79.9687817334,98.3139728569,29.9376391381
15.0780755951,1.68602714308,78.9453343167
79.9718498721,98.3150808181,29.9376391381
15.0750074563,1.68491918195,78.9453343167
79.9743225634,98.3159737521,29.9376391381
15.072534765,1.68402624789,78.9453343167
79.9763089016,98.3166910552,29.9376391381
15.0705484269,1.68330894484,78.9453343167
79.9778788813,98.3172580036,29.9376391381
15.0689784471,1.68274199641,78.9453343167
79.9790492078,98.3176806299,29.9376391381
15.0678081207,1.68231937011,78.9453343167
79.9799184424,98.3179945264,29.9376391381
15.066938886,1.68200547359,78.9453343167
79.9805633942,98.3182274303,29.9376391381
15.0662939342,1.68177256969,78.9453343167
79.9810310711,98.318396317,29.9376391381
15.0658262573,1.68160368302,78.9453343167
79.9813650471,98.3185169218,29.9376391381
15.0654922814,1.6814830782,78.9453343167
79.9816101768,98.3186054427,29.9376391381
15.0652471516,1.68139455735,78.9453343167
79.9818284283,98.3186842572,29.9376391381
15.0650289002,1.68131574276,78.9453343167
79.9820231988,98.3187545925,29.9376391381
15.0648341296,1.68124540755,78.9453343167
79.9821997281,98.3188183404,29.9376391381
15.0646576004,1.68118165962,78.9453343167
79.9823209172,98.318862104,29.9376391381
15.0645364112,1.681137896,78.9453343167
79.9824479878,98.3189079915,29.9376391381
15.0644093406,1.68109200848,78.9453343167
79.982490933,98.3189234998,29.9376391381
15.0643663954,1.68107650018,78.9453343167
0.0,0.0,0.0
95.0468573284,100.0,108.882973455
0.606972987894,0.363457991353,4.19839201085
94.4398843405,99.6365420086,104.684581444
1.09374002418,0.783648861222,7.83518826676
93.9531173043,99.2163511388,101.047785188
1.46999750353,1.26858440322,10.9314732665
93.5768598249,98.7314155968,97.9515001882
1.74378161985,1.81457342555,13.4896515437
93.3030757086,98.1854265744,95.393321911
1.93222650809,2.42345719423,15.5668093626
93.1146308203,97.5765428058,93.3161640921
2.0574189095,3.10634588416,17.2558181912
92.9894384189,96.8936541158,91.6271552635
2.13618898126,3.88844715111,18.6512088071
92.9106683472,96.1115528489,90.2317646477
2.18117254524,4.79456034256,19.820229126
92.8656847832,95.2054396574,89.0627443287
2.20323507641,5.84543714192,20.8042722534
92.843622252,94.1545628581,88.0787012014
2.21285013664,7.06752439525,21.6371625689
92.8340071918,92.9324756047,87.2458108858
2.22172129599,8.48185532972,22.3383619326
92.8251360324,91.5181446703,86.5446115222
2.24412697295,10.1022056046,22.9146963562
92.8027303555,89.8977943954,85.9682770985
2.29776835557,11.9375834405,23.374771379
92.7490889729,88.0624165595,85.5082020757
2.40250320751,13.9889870604,23.7344521097
92.6443541209,86.0110129396,85.148521345
2.57812412436,16.2448260337,24.0154170019
92.4687332041,83.7551739663,84.8675564528
2.84485937672,18.7050849222,24.2411312544
92.2019979517,81.2949150778,84.6418422004
3.22190662326,21.3625749211,24.4276277749
91.8249507052,78.6374250789,84.4553456799
3.72562581975,24.2014109545,24.5816392368
91.3212315087,75.7985890455,84.3013342179
4.35840654344,27.1672427248,24.7057590142
90.688450785,72.8327572752,84.1772144406
5.11841610282,30.2088206892,24.8026959845
89.9284412256,69.7911793108,84.0802774703
6.00948325975,33.3068578898,24.877276141
89.0373740687,66.6931421102,84.0056973138
7.04136669867,36.4586409726,24.9340690933
88.0054906298,63.5413590274,83.9489043614
8.223756716,39.6586262295,24.9770559626
86.8231006124,60.3413737705,83.9059174922
9.56269980393,42.8898659241,25.0094434396
85.4841575245,57.1101340759,83.8735300152
11.0550367587,46.1176827168,25.0337119668
83.9918205697,53.8823172832,83.849261488
12.6953918532,49.3091450552,25.0518846321
82.3514654752,50.6908549448,83.8310888226
14.4849574122,52.4513197172,25.0657071727
80.5618999162,47.5486802828,83.8172662821
16.4235876716,55.5313733194,25.0763912778
78.6232696569,44.4686266806,83.806582177
18.5101380821,58.5377043008,25.0848194006
76.5367192463,41.4622956992,83.7981540541
20.7378508445,61.4547590382,25.0916994438
74.3090064839,38.5452409618,83.791274011
23.1141596644,64.2878947208,25.0976331725
71.9326976641,35.7121052792,83.7853402822
25.6452420874,67.0411307952,25.1030509253
69.4016152411,32.9588692048,83.7799225294
28.3233407571,69.7036809755,25.108166084
66.7235165713,30.2963190245,83.7748073708
31.1017046662,72.2349563457,25.1128643841
63.9451526622,27.7650436543,83.7701090707
33.9259929822,74.5977196658,25.1169284591
61.1208643462,25.4022803342,83.7660449957
36.7693868707,76.7890277009,25.1202858315
58.2774704577,23.2109722991,83.7626876232
39.6528384349,78.841551968,25.1232284523
55.3940188935,21.158448032,83.7597450025
42.6051058691,80.7915287767,25.1260329618
52.4417514594,19.2084712233,83.756940493
45.5915478129,82.6325998775,25.1285124174
49.4553095155,17.3674001225,83.7544610373
48.575434571,84.3578032425,25.1306113594
46.4714227574,15.6421967575,83.7523620954
51.5184203006,85.9607110086,25.1323315652
43.5284370279,14.0392889914,83.7506418895
54.3888992651,87.4429826084,25.1335501442
40.6579580634,12.5570173916,83.7494233105
57.1498883387,88.8026665243,25.1343844225
37.8969689897,11.1973334757,83.7485890322
59.7692820931,90.0394013938,25.1350606175
35.2775752353,9.96059860615,83.7479128373
62.2276561841,91.1580933106,25.1356471124
32.8192011443,8.84190668941,83.7473263423
64.4912811084,92.1557613045,25.1361084637
30.55557622,7.8442386955,83.746864991
66.531339473,93.0302149678,25.1363967463
28.5155178555,6.96978503224,83.7465767085
68.3449764301,93.7890150821,25.1365703887
26.7018808984,6.21098491795,83.746403066
69.9557944819,94.448540085,25.136683472
25.0910628466,5.55145991497,83.7462899827
71.3972090866,95.0273703185,25.1367650574
23.6496482419,4.97262968154,83.7462083974
72.6762995713,95.5322675884,25.1368280157
22.3705577572,4.46773241157,83.746145439
73.7924515693,95.9662826609,25.1368747537
21.2544057592,4.03371733905,83.7460987011
74.7444160418,96.3316783657,25.136903734
20.3024412867,3.66832163433,83.7460697208
75.5472468141,96.636572162,25.1369131836
19.4996105143,3.36342783801,83.7460602711
76.2216612346,96.8904535987,25.1369128713
18.8251960938,3.10954640129,83.7460605835
76.7900115476,97.102803087,25.1369129713
18.2568457808,2.89719691299,83.7460604835
77.2641259628,97.2788372554,25.1369129445
17.7827313656,2.7211627446,83.7460605103
77.6564506746,97.4237821081,25.1369129516
17.3904066538,2.57621789192,83.7460605031
77.9789835222,97.5425026608,25.1369129497
17.0678738062,2.45749733917,83.746060505
78.2417591019,97.6389214035,25.1369129502
16.8050982266,2.36107859653,83.7460605045
78.4536558694,97.7164497623,25.1369129501
16.5932014591,2.28355023774,83.7460605046
78.6225246713,97.7780852078,25.1369129501
16.4243326571,2.22191479216,83.7460605046
78.7582548844,97.8275086923,25.1369129501
16.288602444,2.17249130769,83.7460605046
78.8660909037,97.8666837356,25.1369129501
16.1807664247,2.13331626439,83.7460605046
78.9484279936,97.896530795,25.1369129501
16.0984293348,2.10346920497,83.7460605046
79.0103607388,97.9189464221,25.1369129501
16.0364965896,2.08105357794,83.7460605046
79.0574829799,97.9359862958,25.1369129501
15.9893743485,2.0640137042,83.7460605046
79.0949144488,97.949512541,25.1369129501
15.9519428797,2.05048745903,83.7460605046
79.1250375908,97.9603923695,25.1369129501
15.9218197377,2.03960763053,83.7460605046
79.1495102715,97.9692297659,25.1369129501
15.897347057,2.03077023413,83.7460605046
79.1693378637,97.9763899091,25.1369129501
15.8775194647,2.02361009087,83.7460605046
79.1854211948,97.9821978843,25.1369129501
15.8614361337,2.01780211569,83.7460605046
79.1982511958,97.9868310349,25.1369129501
15.8486061327,2.01316896505,83.7460605046
79.2079214443,97.9903231378,25.1369129501
15.8389358842,2.00967686218,83.7460605046
79.2151193872,97.9929224469,25.1369129501
15.8317379412,2.00707755311,83.7460605046
79.2205833037,97.9948955672,25.1369129501
15.8262740248,2.00510443282,83.7460605046
79.2250994998,97.9965264484,25.1369129501
15.8217578287,2.00347355158,83.7460605046
79.2288406101,97.9978774319,25.1369129501
15.8180167183,2.00212256809,83.7460605046
79.2319087488,97.998985393,25.1369129501
15.8149485796,2.00101460696,83.7460605046
79.2343814401,97.9998783271,25.1369129501
15.8124758883,2.00012167291,83.7460605046
79.2363677783,98.0005956301,25.1369129501
15.8104895501,1.99940436986,83.7460605046
79.2379377581,98.0011625786,25.1369129501
15.8089195704,1.99883742143,83.7460605046
79.2391080845,98.0015852049,25.1369129501
15.8077492439,1.99841479513,83.7460605046
79.2399773191,98.0018991014,25.1369129501
15.8068800093,1.9981008986,83.7460605046
79.240622271,98.0021320053,25.1369129501
15.8062350575,1.99786799471,83.7460605046
79.2410899479,98.002300892,25.1369129501
15.8057673806,1.99769910804,83.7460605046
79.2414239238,98.0024214968,25.1369129501
15.8054334046,1.99757850321,83.7460605046
79.2416690536,98.0025100176,25.1369129501
15.8051882749,1.99748998236,83.7460605046
79.241887305,98.0025888322,25.1369129501
15.8049700234,1.99741116777,83.7460605046
79.2420820756,98.0026591674,25.1369129501
15.8047752529,1.99734083256,83.7460605046
79.2422586048,98.0027229154,25.1369129501
15.8045987237,1.99727708464,83.7460605046
79.2423797939,98.002766679,25.1369129501
15.8044775345,1.99723332101,83.7460605046
79.2425068646,98.0028125665,25.1369129501
15.8043504639,1.99718743349,83.7460605046
79.2425498098,98.0028280748,25.1369129501
15.8043075187,1.99717192519,83.7460605046
0.0,0.0,0.0
95.0468573284,100.0,108.882973455
0.486767036285,0.420190869869,3.6367962559
94.5600902922,99.5798091301,105.246177199
0.863024515637,0.905126411872,6.73308125566
94.1838328128,99.0948735881,102.149892199
1.13680863196,1.4511154342,9.29125953284
93.9100486965,98.5488845658,99.5917139219
1.3252535202,2.05999920287,11.3684173518
93.7216038082,97.9400007971,97.514556103
1.45044592161,2.74288789281,13.0574261804
93.5964114068,97.2571121072,95.8255472744
1.52921599336,3.52498915975,14.4528167962
93.5176413351,96.4750108402,94.4301566585
1.57419955734,4.43110235121,15.6218371152
93.4726577711,95.5688976488,93.2611363396
1.59626208852,5.48197915057,16.6058802425
93.4505952399,94.5180208494,92.2770932122
1.60587714874,6.7040664039,17.438770558
93.4409801797,93.2959335961,91.4442028967
1.6147483081,8.11839733836,18.1399699217
93.4321090203,91.8816026616,90.743003533
1.63715398505,9.73874761321,18.7163043453
93.4097033434,90.2612523868,90.1666691094
1.69079536768,11.5741254492,19.1763793682
93.3560619608,88.4258745508,89.7065940866
1.79553021962,13.625529069,19.5360600989
93.2513271088,86.374470931,89.3469133559
1.97115113647,15.8813680423,19.8170249911
93.075706192,84.1186319577,89.0659484637
2.23788638883,18.3416269308,20.0427392435
92.8089709396,81.6583730692,88.8402342112
2.61493363537,20.9991169298,20.229235764
92.4319236931,79.0008830702,88.6537376907
3.11865283186,23.8379529631,20.3832472259
91.9282044966,76.1620470369,88.4997262288
3.75143355554,26.8037847334,20.5073670033
91.2954237729,73.1962152666,88.3756064514
4.51144311493,29.8453626979,20.6043039736
90.5354142135,70.1546373021,88.2786694811
5.40251027185,32.9433998985,20.6788841301
89.6443470566,67.0566001015,88.2040893246
6.43439371077,36.0951829813,20.7356770825
88.6124636177,63.9048170187,88.1472963723
7.6167837281,39.2951682382,20.7786639517
87.4300736003,60.7048317618,88.104309503
8.95572681604,42.5264079327,20.8110514287
86.0911305124,57.4735920673,88.071922026
10.4480637708,45.7542247254,20.8353199559
84.5987935576,54.2457752746,88.0476534988
12.0884188653,48.9456870639,20.8534926213
82.9584384631,51.0543129361,88.0294808335
13.8779844243,52.0878617258,20.8673151618
81.1688729041,47.9121382742,88.0156582929
15.8166146837,55.1679153281,20.8779992669
79.2302426448,44.8320846719,88.0049741878
17.9031650942,58.1742463095,20.8864273898
77.1436922342,41.8257536905,87.996546065
20.1308778566,61.0913010468,20.8933074329
74.9159794718,38.9086989532,87.9896660218
22.5071866765,63.9244367295,20.8992411616
72.539670652,36.0755632705,87.9837322931
25.0382690995,66.6776728039,20.9046589145
70.0085882289,33.3223271961,87.9783145403
27.7163677692,69.3402229842,20.9097740731
67.3304895592,30.6597770158,87.9731993816
30.4947316783,71.8714983544,20.9144723732
64.5521256501,28.1285016456,87.9685010815
33.3190199943,74.2342616744,20.9185364482
61.7278373341,25.7657383256,87.9644370065
36.1624138828,76.4255697095,20.9218938206
58.8844434456,23.5744302905,87.9610796341
39.045865447,78.4780939766,20.9248364414
56.0009918814,21.5219060234,87.9581370133
41.9981328812,80.4280707853,20.9276409509
53.0487244472,19.5719292147,87.9553325038
44.9845748251,82.2691418861,20.9301204065
50.0622825034,17.7308581139,87.9528530482
47.9684615831,83.9943452511,20.9322193485
47.0783957453,16.0056547489,87.9507541062
50.9114473127,85.5972530173,20.9339395544
44.1354100158,14.4027469827,87.9490339004
53.7819262772,87.079524617,20.9351581333
41.2649310513,12.920475383,87.9478153214
56.5429153508,88.439208533,20.9359924116
38.5039419776,11.560791467,87.9469810431
59.1623091052,89.6759434025,20.9366686066
35.8845482232,10.3240565975,87.9463048481
61.6206831962,90.7946353192,20.9372551016
33.4261741322,9.20536468076,87.9457183532
63.8843081205,91.7923033132,20.9377164529
31.1625492079,8.20769668685,87.9452570019
65.9243664851,92.6667569764,20.9380047354
29.1224908433,7.33324302359,87.9449687193
67.7380034422,93.4255570907,20.9381783779
27.3088538863,6.5744429093,87.9447950769
69.348821494,94.0850820937,20.9382914612
25.6980358345,5.91491790632,87.9446819936
70.7902360987,94.6639123271,20.9383730465
24.2566212298,5.33608767289,87.9446004082
72.0693265834,95.1688095971,20.9384360049
22.9775307451,4.83119040292,87.9445374499
73.1854785814,95.6028246696,20.9384827428
21.8613787471,4.39717533041,87.9444907119
74.1374430539,95.9682203743,20.9385117231
20.9094142745,4.03177962569,87.9444617316
74.9402738262,96.2731141706,20.9385211728
20.1065835022,3.72688582936,87.944452282
75.6146882467,96.5269956074,20.9385208604
19.4321690817,3.47300439264,87.9444525943
76.1830385597,96.7393450957,20.9385209604
18.8638187687,3.26065490435,87.9444524943
76.6571529749,96.9153792641,20.9385209336
18.3897043535,3.08462073595,87.9444525211
77.0494776867,97.0603241167,20.9385209408
17.9973796417,2.93967588327,87.944452514
77.3720105343,97.1790446695,20.9385209389
17.6748467941,2.82095533052,87.9444525159
77.634786114,97.2754634121,20.9385209394
17.4120712145,2.72453658788,87.9444525154
77.8466828815,97.3529917709,20.9385209392
17.2001744469,2.64700822909,87.9444525155
78.0155516834,97.4146272165,20.9385209393
17.031305645,2.58537278351,87.9444525155
78.1512818965,97.464050701,20.9385209393
16.8955754319,2.53594929905,87.9444525155
78.2591179158,97.5032257443,20.9385209393
16.7877394126,2.49677425574,87.9444525155
78.3414550057,97.5330728037,20.9385209393
16.7054023227,2.46692719632,87.9444525155
78.4033877509,97.5554884307,20.9385209393
16.6434695775,2.44451156929,87.9444525155
78.450509992,97.5725283044,20.9385209393
16.5963473364,2.42747169556,87.9444525155
78.4879414609,97.5860545496,20.9385209393
16.5589158676,2.41394545038,87.9444525155
78.5180646029,97.5969343781,20.9385209393
16.5287927256,2.40306562189,87.9444525155
78.5425372836,97.6057717745,20.9385209393
16.5043200449,2.39422822548,87.9444525155
78.5623648758,97.6129319178,20.9385209393
16.4844924526,2.38706808222,87.9444525155
78.5784482069,97.618739893,20.9385209393
16.4684091216,2.38126010705,87.9444525155
78.5912782079,97.6233730436,20.9385209393
16.4555791205,2.37662695641,87.9444525155
78.6009484564,97.6268651465,20.9385209393
16.4459088721,2.37313485354,87.9444525155
78.6081463993,97.6294644555,20.9385209393
16.4387109291,2.37053554446,87.9444525155
78.6136103158,97.6314375758,20.9385209393
16.4332470127,2.36856242418,87.9444525155
78.6181265119,97.6330684571,20.9385209393
16.4287308166,2.36693154294,87.9444525155
78.6218676222,97.6344194406,20.9385209393
16.4249897062,2.36558055945,87.9444525155
78.6249357609,97.6355274017,20.9385209393
16.4219215675,2.36447259832,87.9444525155
78.6274084522,97.6364203357,20.9385209393
16.4194488762,2.36357966426,87.9444525155
78.6293947904,97.6371376388,20.9385209393
16.417462538,2.36286236121,87.9444525155
78.6309647702,97.6377045872,20.9385209393
16.4158925583,2.36229541278,87.9444525155
78.6321350966,97.6381272135,20.9385209393
16.4147222318,2.36187278648,87.9444525155
78.6330043312,97.63844111,20.9385209393
16.4138529972,2.36155888995,87.9444525155
78.6336492831,97.6386740139,20.9385209393
16.4132080454,2.36132598606,87.9444525155
78.63411696,97.6388429006,20.9385209393
16.4127403685,2.36115709939,87.9444525155
78.6344509359,97.6389635054,20.9385209393
16.4124063925,2.36103649456,87.9444525155
78.6346960657,97.6390520263,20.9385209393
16.4121612628,2.36094797372,87.9444525155
78.6349143171,97.6391308409,20.9385209393
16.4119430113,2.36086915913,87.9444525155
78.6351090877,97.6392011761,20.9385209393
16.4117482408,2.36079882391,87.9444525155
78.6352856169,97.639264924,20.9385209393
16.4115717115,2.36073507599,87.9444525155
78.635406806,97.6393086876,20.9385209393
16.4114505224,2.36069131237,87.9444525155
78.6355338767,97.6393545752,20.9385209393
16.4113234518,2.36064542484,87.9444525155
78.6355768219,97.6393700835,20.9385209393
16.4112805066,2.36062991654,87.9444525155
0.0,0.0,0.0
95.0468573284,100.0,108.882973455
0.376257479352,0.484935542003,3.09628499975
94.6705998491,99.515064458,105.786688455
0.650041595671,1.03092456433,5.65446327694
94.3968157328,98.9690754357,103.228510178
0.838486483915,1.639808333,7.73162109588
94.2083708445,98.360191667,101.151352359
0.963678885323,2.32269702294,9.42062992447
94.0831784431,97.6773029771,99.4623435303
1.04244895708,3.10479828988,10.8160205403
94.0044083714,96.8952017101,98.0669529144
1.08743252106,4.01091148134,11.9850408593
93.9594248074,95.9890885187,96.8979325955
1.10949505223,5.0617882807,12.9690839866
93.9373622762,94.9382117193,95.9138894681
1.11911011246,6.28387553403,13.8019743021
93.927747216,93.716124466,95.0809991526
1.12798127181,7.69820646849,14.5031736658
93.9188760566,92.3017935315,94.3797997889
1.15038694877,9.31855674334,15.0795080894
93.8964703797,90.6814432567,93.8034653653
1.20402833139,11.1539345793,15.5395831123
93.842828997,88.8460654207,93.3433903425
1.30876318333,13.2053381992,15.899263843
93.7380941451,86.7946618008,92.9837096118
1.48438410018,15.4611771725,16.1802287352
93.5624732283,84.5388228275,92.7027447196
1.75111935254,17.921436061,16.4059429876
93.2957379759,82.078563939,92.4770304671
2.12816659908,20.5789260599,16.5924395081
92.9186907294,79.4210739401,92.2905339466
2.63188579557,23.4177620932,16.74645097
92.4149715329,76.5822379068,92.1365224847
3.26466651926,26.3835938636,16.8705707474
91.7821908092,73.6164061364,92.0124027073
4.02467607864,29.425171828,16.9675077177
91.0221812498,70.574828172,91.915465737
4.91574323557,32.5232090286,17.0420878742
90.1311140929,67.4767909714,91.8408855806
5.94762667449,35.6749921114,17.0988808266
89.099230654,64.3250078886,91.7840926282
7.13001669182,38.8749773683,17.1418676958
87.9168406366,61.1250226317,91.7411057589
8.46895977975,42.1062170629,17.1742551728
86.5778975487,57.8937829371,91.7087182819
9.96129673452,45.3340338556,17.1985237
85.0855605939,54.6659661444,91.6844497547
11.601651829,48.525496194,17.2166963654
83.4452054994,51.474503806,91.6662770894
13.391217388,51.6676708559,17.2305189059
81.6556399404,48.3323291441,91.6524545488
15.3298476474,54.7477244582,17.241203011
79.717009681,45.2522755418,91.6417704437
17.416398058,57.7540554396,17.2496311339
77.6304592705,42.2459445604,91.6333423209
19.6441108204,60.671110177,17.256511177
75.4027465081,39.328889823,91.6264622778
22.0204196402,63.5042458596,17.2624449057
73.0264376883,36.4957541404,91.620528549
24.5515020632,66.257481934,17.2678626585
70.4953552652,33.742518066,91.6151107962
27.2296007329,68.9200321143,17.2729778172
67.8172565955,31.0799678857,91.6099956375
30.007964642,71.4513074845,17.2776761173
65.0388926864,28.5486925155,91.6052973374
32.8322529581,73.8140708045,17.2817401923
62.2146043704,26.1859291955,91.6012332624
35.6756468465,76.0053788397,17.2850975647
59.3712104819,23.9946211603,91.59787589
38.5590984107,78.0579031068,17.2880401855
56.4877589177,21.9420968932,91.5949332692
41.5113658449,80.0078799155,17.290844695
53.5354914835,19.9921200845,91.5921287597
44.4978077888,81.8489510163,17.2933241506
50.5490495397,18.1510489837,91.5896493041
47.4816945469,83.5741543812,17.2954230926
47.5651627816,16.4258456188,91.5875503621
50.4246802764,85.1770621474,17.2971432985
44.6221770521,14.8229378526,91.5858301563
53.2951592409,86.6593337472,17.2983618774
41.7516980876,13.3406662528,91.5846115773
56.0561483145,88.0190176631,17.2991961557
38.9907090139,11.9809823369,91.583777299
58.6755420689,89.2557525326,17.2998723507
36.3713152595,10.7442474674,91.583101104
61.13391616,90.3744444494,17.3004588457
33.9129411685,9.62555555063,91.5825146091
63.3975410843,91.3721124433,17.3009201969
31.6493162442,8.62788755672,91.5820532578
65.4375994488,92.2465661065,17.3012084795
29.6092578796,7.75343389346,91.5817649753
67.2512364059,93.0053662208,17.301382122
27.7956209226,6.99463377917,91.5815913328
68.8620544577,93.6648912238,17.3014952053
26.1848028708,6.33510877619,91.5814782495
70.3034690624,94.2437214572,17.3015767906
24.743388266,5.75627854276,91.5813966641
71.5825595471,94.7486187272,17.301639749
23.4642977813,5.25138127279,91.5813337058
72.6987115451,95.1826337997,17.3016864869
22.3481457834,4.81736620028,91.5812869679
73.6506760176,95.5480295044,17.3017154672
21.3961813108,4.45197049556,91.5812579875
74.45350679,95.8529233008,17.3017249169
20.5933505385,4.14707669923,91.5812485379
75.1279212104,96.1068047375,17.3017246045
19.918936118,3.89319526251,91.5812488502
75.6962715234,96.3191542258,17.3017247045
19.350585805,3.68084577421,91.5812487502
76.1703859387,96.4951883942,17.3017246777
18.8764713898,3.50481160582,91.581248777
76.5627106504,96.6401332469,17.3017246849
18.484146678,3.35986675314,91.5812487699
76.885243498,96.7588537996,17.301724683
18.1616138304,3.24114620039,91.5812487718
77.1480190777,96.8552725423,17.3017246835
17.8988382507,3.14472745775,91.5812487713
77.3599158452,96.932800901,17.3017246833
17.6869414832,3.06719909896,91.5812487714
77.5287846471,96.9944363466,17.3017246834
17.5180726813,3.00556365338,91.5812487714
77.6645148602,97.0438598311,17.3017246834
17.3823424682,2.95614016892,91.5812487714
77.7723508795,97.0830348744,17.3017246834
17.2745064489,2.91696512561,91.5812487714
77.8546879694,97.1128819338,17.3017246834
17.192169359,2.88711806619,91.5812487714
77.9166207147,97.1352975608,17.3017246834
17.1302366138,2.86470243916,91.5812487714
77.9637429557,97.1523374346,17.3017246834
17.0831143727,2.84766256543,91.5812487714
78.0011744246,97.1658636798,17.3017246834
17.0456829038,2.83413632025,91.5812487714
78.0312975666,97.1767435082,17.3017246834
17.0155597618,2.82325649176,91.5812487714
78.0557702473,97.1855809046,17.3017246834
16.9910870811,2.81441909535,91.5812487714
78.0755978395,97.1927410479,17.3017246834
16.9712594889,2.80725895209,91.5812487714
78.0916811706,97.1985490231,17.3017246834
16.9551761579,2.80145097692,91.5812487714
78.1045111716,97.2031821737,17.3017246834
16.9423461568,2.79681782627,91.5812487714
78.1141814201,97.2066742766,17.3017246834
16.9326759084,2.79332572341,91.5812487714
78.1213793631,97.2092735857,17.3017246834
16.9254779654,2.79072641433,91.5812487714
78.1268432795,97.211246706,17.3017246834
16.920014049,2.78875329405,91.5812487714
78.1313594756,97.2128775872,17.3017246834
16.9154978529,2.7871224128,91.5812487714
78.1351005859,97.2142285707,17.3017246834
16.9117567425,2.78577142932,91.5812487714
78.1381687247,97.2153365318,17.3017246834
16.9086886038,2.78466346819,91.5812487714
78.1406414159,97.2162294659,17.3017246834
16.9062159125,2.78377053413,91.5812487714
78.1426277541,97.2169467689,17.3017246834
16.9042295743,2.78305323108,91.5812487714
78.1441977339,97.2175137173,17.3017246834
16.9026595945,2.78248628265,91.5812487714
78.1453680603,97.2179363437,17.3017246834
16.9014892681,2.78206365635,91.5812487714
78.146237295,97.2182502402,17.3017246834
16.9006200335,2.78174975982,91.5812487714
78.1468822468,97.2184831441,17.3017246834
16.8999750817,2.78151685593,91.5812487714
78.1473499237,97.2186520307,17.3017246834
16.8995074048,2.78134796926,91.5812487714
78.1476838996,97.2187726356,17.3017246834
16.8991734288,2.78122736443,91.5812487714
78.1479290294,97.2188611564,17.3017246834
16.898928299,2.78113884358,91.5812487714
78.1481472808,97.218939971,17.3017246834
16.8987100476,2.78106002899,91.5812487714
78.1483420514,97.2190103062,17.3017246834
16.898515277,2.78098969378,91.5812487714
78.1485185806,97.2190740541,17.3017246834
16.8983387478,2.78092594586,91.5812487714
78.1486397698,97.2191178178,17.3017246834
16.8982175587,2.78088218224,91.5812487714
78.1487668404,97.2191637053,17.3017246834
16.8980904881,2.78083629471,91.5812487714
78.1488097856,97.2191792136,17.3017246834
16.8980475429,2.78082078641,91.5812487714
0.0,0.0,0.0
95.0468573284,100.0,108.882973455
0.27378411632,0.545989022329,2.55817827719
94.7730732121,99.4540109777,106.324795178
0.462229004563,1.154872791,4.63533609613
94.5846283239,98.845127209,104.247637359
0.587421405971,1.83776148093,6.32434492472
94.4594359225,98.1622385191,102.55862853
0.666191477726,2.61986274788,7.71973554057
94.3806658507,97.3801372521,101.163237914
0.711175041707,3.52597593934,8.88875585953
94.3356822867,96.4740240607,99.9942175952
0.733237572881,4.57685273869,9.87279898688
94.3136197556,95.4231472613,99.0101744679
0.742852633107,5.79893999203,10.7056893024
94.3040046953,94.201060008,98.1772841524
0.751723792459,7.21327092649,11.4068886661
94.295133536,92.7867290735,97.4760847887
0.774129469416,8.83362120134,11.9832230897
94.272727859,91.1663787987,96.8997503651
0.827770852039,10.6689990373,12.4432981125
94.2190864764,89.3310009627,96.4396753422
0.932505703978,12.7204026572,12.8029788432
94.1143516245,87.2795973428,96.0799946115
1.10812662083,14.9762416305,13.0839437354
93.9387307076,85.0237583695,95.7990297193
1.37486187319,17.436500519,13.3096579878
93.6719954552,82.563499481,95.5733154669
1.75190911973,20.0939905179,13.4961545084
93.2949482087,79.9060094821,95.3868189464
2.25562831622,22.9328265512,13.6501659703
92.7912290122,77.0671734488,95.2328074845
2.88840903991,25.8986583216,13.7742857477
92.1584482885,74.1013416784,95.1086877071
3.64841859929,28.940236286,13.871222718
91.3984387292,71.059763714,95.0117507368
4.53948575622,32.0382734866,13.9458028744
90.5073715722,67.9617265134,94.9371705803
5.57136919514,35.1900565694,14.0025958268
89.4754881333,64.8099434306,94.8803776279
6.75375921247,38.3900418263,14.0455826961
88.293098116,61.6099581737,94.8373907587
8.0927023004,41.6212815209,14.0779701731
86.954155028,58.3787184791,94.8050032817
9.58503925517,44.8490983136,14.1022387003
85.4618180733,55.1509016864,94.7807347545
11.2253943497,48.040560652,14.1204113656
83.8214629788,51.959439348,94.7625620891
13.0149599087,51.1827353139,14.1342339061
82.0318974198,48.8172646861,94.7487395486
14.953590168,54.2627889162,14.1449180113
80.0932671604,45.7372110838,94.7380554435
17.0401405786,57.2691198976,14.1533461341
78.0067167498,42.7308801024,94.7296273206
19.267853341,60.186174635,14.1602261772
75.7790039874,39.813825365,94.7227472775
21.6441621608,63.0193103176,14.166159906
73.4026951676,36.9806896824,94.7168135488
24.1752445839,65.772546392,14.1715776588
70.8716127446,34.227453608,94.7113957959
26.8533432536,68.4350965723,14.1766928175
68.1935140749,31.5649034277,94.7062806373
29.6317071627,70.9663719425,14.1813911176
65.4151501658,29.0336280575,94.7015823372
32.4559954787,73.3291352625,14.1854551925
62.5908618497,26.6708647375,94.6975182622
35.2993893672,75.5204432977,14.188812565
59.7474679613,24.4795567023,94.6941608898
38.1828409314,77.5729675648,14.1917551858
56.8640163971,22.4270324352,94.691218269
41.1351083656,79.5229443735,14.1945596953
53.9117489629,20.4770556265,94.6884137595
44.1215503094,81.3640154743,14.1970391509
50.925307019,18.6359845257,94.6859343039
47.1054370675,83.0892188392,14.1991380929
47.9414202609,16.9107811608,94.6838353619
50.048422797,84.6921266054,14.2008582987
44.9984345314,15.3078733946,94.682115156
52.9189017615,86.1743982052,14.2020768777
42.1279555669,13.8256017948,94.6808965771
55.6798908352,87.5340821211,14.202911156
39.3669664933,12.4659178789,94.6800622988
58.2992845896,88.7708169906,14.203587351
36.7475727389,11.2291830094,94.6793861038
60.7576586806,89.8895089074,14.2041738459
34.2891986478,10.1104910926,94.6787996088
63.0212836049,90.8871769013,14.2046351972
32.0255737235,9.11282309872,94.6783382575
65.0613419695,91.7616305645,14.2049234797
29.985515359,8.23836943546,94.678049975
66.8749789265,92.5204306788,14.2050971222
28.1718784019,7.47956932117,94.6778763325
68.4857969783,93.1799556818,14.2052102055
26.5610603501,6.82004431819,94.6777632492
69.927211583,93.7587859152,14.2052917909
25.1196457454,6.24121408476,94.6776816639
71.2063020677,94.2636831852,14.2053547492
23.8405552607,5.7363168148,94.6776187055
72.3224540657,94.6976982577,14.2054014871
22.7244032627,5.30230174228,94.6775719676
73.2744185383,95.0630939624,14.2054304675
21.7724387902,4.93690603756,94.6775429873
74.0772493106,95.3679877588,14.2054399171
20.9696080178,4.63201224124,94.6775335376
74.7516637311,95.6218691955,14.2054396047
20.2951935974,4.37813080452,94.67753385
75.3200140441,95.8342186838,14.2054397047
19.7268432844,4.16578131622,94.67753375
75.7941284593,96.0102528522,14.205439678
19.2527288691,3.98974714782,94.6775337768
76.1864531711,96.1551977049,14.2054396851
18.8604041573,3.84480229515,94.6775337696
76.5089860187,96.2739182576,14.2054396832
18.5378713098,3.7260817424,94.6775337715
76.7717615983,96.3703370002,14.2054396837
18.2750957301,3.62966299975,94.677533771
76.9836583659,96.447865359,14.2054396836
18.0631989626,3.55213464097,94.6775337712
77.1525271678,96.5095008046,14.2054396836
17.8943301607,3.49049919538,94.6775337711
77.2882573809,96.5589242891,14.2054396836
17.7585999476,3.44107571092,94.6775337711
77.3960934002,96.5980993324,14.2054396836
17.6507639283,3.40190066761,94.6775337711
77.4784304901,96.6279463918,14.2054396836
17.5684268384,3.37205360819,94.6775337711
77.5403632353,96.6503620188,14.2054396836
17.5064940931,3.34963798116,94.6775337711
77.5874854764,96.6674018926,14.2054396836
17.459371852,3.33259810743,94.6775337711
77.6249169452,96.6809281377,14.2054396836
17.4219403832,3.31907186225,94.6775337711
77.6550400872,96.6918079662,14.2054396836
17.3918172412,3.30819203376,94.6775337711
77.6795127679,96.7006453626,14.2054396836
17.3673445605,3.29935463735,94.6775337711
77.6993403602,96.7078055059,14.2054396836
17.3475169683,3.29219449409,94.6775337711
77.7154236912,96.7136134811,14.2054396836
17.3314336372,3.28638651892,94.6775337711
77.7282536923,96.7182466317,14.2054396836
17.3186036362,3.28175336828,94.6775337711
77.7379239407,96.7217387346,14.2054396836
17.3089333877,3.27826126541,94.6775337711
77.7451218837,96.7243380437,14.2054396836
17.3017354447,3.27566195634,94.6775337711
77.7505858001,96.726311164,14.2054396836
17.2962715283,3.27368883605,94.6775337711
77.7551019962,96.7279420452,14.2054396836
17.2917553322,3.27205795481,94.6775337711
77.7588431066,96.7292930287,14.2054396836
17.2880142219,3.27070697132,94.6775337711
77.7619112453,96.7304009898,14.2054396836
17.2849460831,3.26959901019,94.6775337711
77.7643839366,96.7312939239,14.2054396836
17.2824733918,3.26870607613,94.6775337711
77.7663702748,96.7320112269,14.2054396836
17.2804870537,3.26798877309,94.6775337711
77.7679402545,96.7325781753,14.2054396836
17.2789170739,3.26742182465,94.6775337711
77.769110581,96.7330008016,14.2054396836
17.2777467475,3.26699919835,94.6775337711
77.7699798156,96.7333146982,14.2054396836
17.2768775128,3.26668530183,94.6775337711
77.7706247674,96.7335476021,14.2054396836
17.276232561,3.26645239793,94.6775337711
77.7710924443,96.7337164887,14.2054396836
17.2757648841,3.26628351126,94.6775337711
77.7714264203,96.7338370936,14.2054396836
17.2754309082,3.26616290644,94.6775337711
77.77167155,96.7339256144,14.2054396836
17.2751857784,3.26607438559,94.6775337711
77.7718898015,96.734004429,14.2054396836
17.274967527,3.265995571,94.6775337711
77.772084572,96.7340747642,14.2054396836
17.2747727564,3.26592523579,94.6775337711
77.7722611013,96.7341385121,14.2054396836
17.2745962272,3.26586148786,94.6775337711
77.7723822904,96.7341822758,14.2054396836
17.274475038,3.26581772424,94.6775337711
77.772509361,96.7342281633,14.2054396836
17.2743479674,3.26577183672,94.6775337711
77.7725523062,96.7342436716,14.2054396836
17.2743050222,3.26575632842,94.6775337711
0.0,0.0,0.0
95.0468573284,100.0,108.882973455
0.188444888244,0.608883768672,2.07715781895
94.8584124402,99.3911162313,106.805815636
0.313637289652,1.2917724586,3.76616664753
94.7332200388,98.7082275414,105.116806807
0.392407361406,2.07387372555,5.16155726338
94.654449967,97.9261262744,103.721416191
0.437390925387,2.97998691701,6.33057758234
94.6094664031,97.020013083,102.552395872
0.459453456562,4.03086371637,7.31462070969
94.5874038719,95.9691362836,101.568352745
0.469068516787,5.2529509697,8.14751102521
94.5777888117,94.7470490303,100.73546243
0.477939676139,6.66728190416,8.8487103889
94.5689176523,93.3327180958,100.034263066
0.500345353097,8.28763217901,9.4250448125
94.5465119753,91.712367821,99.4579286422
0.55398673572,10.123010015,9.88511983532
94.4928705927,89.876989985,98.9978536194
0.658721587659,12.1744136348,10.244800566
94.3881357408,87.8255863652,98.6381728887
0.834342504511,14.4302526081,10.5257654582
94.2125148239,85.5697473919,98.3572079965
1.10107775687,16.8905114966,10.7514797107
93.9457795716,83.1094885034,98.1314937441
1.47812500341,19.5480014955,10.9379762312
93.568732325,80.4519985045,97.9449972235
1.9818441999,22.3868375289,11.0919876931
93.0650131285,77.6131624711,97.7909857616
2.61462492359,25.3526692992,11.2161074705
92.4322324049,74.6473307008,97.6668659843
3.37463448297,28.3942472637,11.3130444408
91.6722228455,71.6057527363,97.569929014
4.2657016399,31.4922844643,11.3876245973
90.7811556885,68.5077155357,97.4953488575
5.29758507882,34.6440675471,11.4444175496
89.7492722496,65.3559324529,97.4385559051
6.47997509615,37.844052804,11.4874044189
88.5668822323,62.155947196,97.3955690358
7.81891818408,41.0752924985,11.5197918959
87.2279391444,58.9247075015,97.3631815589
9.31125513885,44.3031092912,11.5440604231
85.7356021896,55.6968907088,97.3389130317
10.9516102334,47.4945716297,11.5622330884
84.0952470951,52.5054283703,97.3207403663
12.7411757923,50.6367462916,11.576055629
82.3056815361,49.3632537084,97.3069178258
14.6798060517,53.7167998939,11.5867397341
80.3670512767,46.2832001061,97.2962337206
16.7663564623,56.7231308753,11.5951678569
78.2805008662,43.2768691247,97.2878055978
18.9940692247,59.6401856126,11.6020479001
76.0527881038,40.3598143874,97.2809255547
21.3703780445,62.4733212953,11.6079816288
73.6764792839,37.5266787047,97.2749918259
23.9014604675,65.2265573697,11.6133993816
71.1453968609,34.7734426303,97.2695740731
26.5795591372,67.88910755,11.6185145403
68.4672981912,32.11089245,97.2644589145
29.3579230463,70.4203829202,11.6232128404
65.6889342821,29.5796170798,97.2597606143
32.1822113624,72.7831462402,11.6272769154
62.8646459661,27.2168537598,97.2556965394
35.0256052508,74.9744542753,11.6306342878
60.0212520776,25.0255457247,97.2523391669
37.909056815,77.0269785424,11.6335769086
57.1378005134,22.9730214576,97.2493965461
40.8613242492,78.9769553511,11.6363814181
54.1855330792,21.0230446489,97.2465920367
43.8477661931,80.8180264519,11.6388608737
51.1990911353,19.1819735481,97.244112581
46.8316529512,82.5432298169,11.6409598157
48.2152043772,17.4567701831,97.2420136391
49.7746386807,84.1461375831,11.6426800216
45.2722186477,15.8538624169,97.2402934332
52.6451176452,85.6284091828,11.6438986005
42.4017396832,14.3715908172,97.2390748542
55.4061067189,86.9880930988,11.6447328788
39.6407506096,13.0119069012,97.2382405759
58.0255004733,88.2248279683,11.6454090738
37.0213568552,11.7751720317,97.237564381
60.4838745643,89.343519885,11.6459955687
34.5629827641,10.656480115,97.236977886
62.7474994886,90.3411878789,11.64645692
32.2993578399,9.65881212105,97.2365165347
64.7875578531,91.2156415422,11.6467452026
30.2592994753,8.78435845779,97.2362282522
66.6011948102,91.9744416565,11.646918845
28.4456625182,8.0255583435,97.2360546097
68.212012862,92.6339666595,11.6470319283
26.8348444664,7.36603334052,97.2359415264
69.6534274667,93.2127968929,11.6471135137
25.3934298617,6.78720310709,97.235859941
70.9325179514,93.7176941629,11.647176472
24.114339377,6.28230583713,97.2357969827
72.0486699494,94.1517092354,11.64722321
22.998187379,5.84829076461,97.2357502448
73.0006344219,94.5171049401,11.6472521903
22.0462229065,5.48289505989,97.2357212645
73.8034651943,94.8219987364,11.6472616399
21.2433921341,5.17800126357,97.2357118148
74.4778796148,95.0758801732,11.6472613276
20.5689777137,4.92411982685,97.2357121272
75.0462299277,95.2882296615,11.6472614276
20.0006274007,4.71177033855,97.2357120272
75.520344343,95.4642638299,11.6472614008
19.5265129855,4.53573617015,97.235712054
75.9126690548,95.6092086825,11.6472614079
19.1341882737,4.39079131748,97.2357120468
76.2352019024,95.7279292353,11.647261406
18.8116554261,4.27207076473,97.2357120487
76.497977482,95.8243479779,11.6472614065
18.5488798464,4.17565202208,97.2357120482
76.7098742495,95.9018763367,11.6472614064
18.3369830789,4.0981236633,97.2357120483
76.8787430515,95.9635117823,11.6472614064
18.168114277,4.03648821771,97.2357120483
77.0144732646,96.0129352668,11.6472614064
18.0323840639,3.98706473325,97.2357120483
77.1223092838,96.0521103101,11.6472614064
17.9245480446,3.94788968994,97.2357120483
77.2046463737,96.0819573695,11.6472614064
17.8422109547,3.91804263052,97.2357120483
77.266579119,96.1043729965,11.6472614064
17.7802782095,3.89562700349,97.2357120483
77.3137013601,96.1214128702,11.6472614064
17.7331559684,3.87858712976,97.2357120483
77.3511328289,96.1349391154,11.6472614064
17.6957244995,3.86506088458,97.2357120483
77.3812559709,96.1458189439,11.6472614064
17.6656013575,3.85418105609,97.2357120483
77.4057286516,96.1546563403,11.6472614064
17.6411286768,3.84534365968,97.2357120483
77.4255562439,96.1618164836,11.6472614064
17.6213010846,3.83818351642,97.2357120483
77.4416395749,96.1676244588,11.6472614064
17.6052177535,3.83237554125,97.2357120483
77.4544695759,96.1722576094,11.6472614064
17.5923877525,3.82774239061,97.2357120483
77.4641398244,96.1757497123,11.6472614064
17.582717504,3.82425028774,97.2357120483
77.4713377674,96.1783490213,11.6472614064
17.5755195611,3.82165097867,97.2357120483
77.4768016838,96.1803221416,11.6472614064
17.5700556446,3.81967785838,97.2357120483
77.4813178799,96.1819530229,11.6472614064
17.5655394485,3.81804697714,97.2357120483
77.4850589903,96.1833040064,11.6472614064
17.5617983382,3.81669599365,97.2357120483
77.488127129,96.1844119675,11.6472614064
17.5587301994,3.81558803252,97.2357120483
77.4905998203,96.1853049015,11.6472614064
17.5562575082,3.81469509846,97.2357120483
77.4925861584,96.1860222046,11.6472614064
17.55427117,3.81397779541,97.2357120483
77.4941561382,96.186589153,11.6472614064
17.5527011902,3.81341084698,97.2357120483
77.4953264647,96.1870117793,11.6472614064
17.5515308638,3.81298822068,97.2357120483
77.4961956993,96.1873256758,11.6472614064
17.5506616292,3.81267432415,97.2357120483
77.4968406511,96.1875585797,11.6472614064
17.5500166773,3.81244142026,97.2357120483
77.497308328,96.1877274664,11.6472614064
17.5495490004,3.81227253359,97.2357120483
77.497642304,96.1878480712,11.6472614064
17.5492150245,3.81215192877,97.2357120483
77.4978874337,96.1879365921,11.6472614064
17.5489698947,3.81206340792,97.2357120483
77.4981056851,96.1880154067,11.6472614064
17.5487516433,3.81198459333,97.2357120483
77.4983004557,96.1880857419,11.6472614064
17.5485568727,3.81191425811,97.2357120483
77.4984769849,96.1881494898,11.6472614064
17.5483803435,3.81185051019,97.2357120483
77.4985981741,96.1881932534,11.6472614064
17.5482591543,3.81180674657,97.2357120483
77.4987252447,96.188239141,11.6472614064
17.5481320837,3.81176085905,97.2357120483
77.4987681899,96.1882546493,11.6472614064
17.5480891385,3.81174535074,97.2357120483
0.0,0.0,0.0
95.0468573284,100.0,108.882973455
0.125192401408,0.682888689932,1.68900882859
94.921664927,99.3171113101,107.193964626
0.203962473163,1.46498995688,3.08439944444
94.8428948553,98.5350100431,105.79857401
0.248946037144,2.37110314833,4.2534197634
94.7979112913,97.6288968517,104.629553691
0.271008568318,3.42197994769,5.23746289075
94.7758487601,96.5780200523,103.645510564
0.280623628543,4.64406720103,6.07035320626
94.7662336999,95.355932799,102.812620248
0.289494787896,6.05839813549,6.77155256995
94.7573625405,93.9416018645,102.111420885
0.311900464853,7.67874841034,7.34788699356
94.7349568636,92.3212515897,101.535086461
0.365541847476,9.51412624629,7.80796201637
94.681315481,90.4858737537,101.075011438
0.470276699415,11.5655298662,8.16764274708
94.576580629,88.4344701338,100.715330708
0.645897616268,13.8213688395,8.4486076393
94.4009597122,86.1786311605,100.434365815
0.912632868628,16.281627728,8.67432189172
94.1342244598,83.718372272,100.208651563
1.28968011517,18.9391177269,8.86081841225
93.7571772133,81.0608822731,100.022155042
1.79339931166,21.7779537602,9.01482987416
93.2534580168,78.2220462398,99.8681435806
2.42618003534,24.7437855306,9.13894965155
92.6206772931,75.2562144694,99.7440238032
3.18618959473,27.785363495,9.23588662182
91.8606677337,72.214636505,99.6470868329
4.07725675165,30.8834006956,9.31046677831
90.9696005768,69.1165993044,99.5725066764
5.10914019057,34.0351837784,9.36725973068
89.9377171379,65.9648162216,99.5157137241
6.2915302079,37.2351690353,9.41024659995
88.7553271205,62.7648309647,99.4727268548
7.63047329584,40.4664087299,9.44263407692
87.4163840326,59.5335912701,99.4403393778
9.12281025061,43.6942255226,9.46690260413
85.9240470778,56.3057744774,99.4160708506
10.7631653451,46.885687861,9.4850752695
84.2836919833,53.114312139,99.3978981852
12.5527309041,50.0278625229,9.49889781002
82.4941264243,49.9721374771,99.3840756447
14.4913611635,53.1079161252,9.50958191515
80.555496165,46.8920838748,99.3733915396
16.577911574,56.1142471066,9.51801003799
78.4689457544,43.8857528934,99.3649634168
18.8056243364,59.031301844,9.52489008111
76.241232992,40.968698156,99.3580833736
21.1819331563,61.8644375266,9.53082380986
73.8649241722,38.1355624734,99.3521496449
23.7130155793,64.617673601,9.53624156267
71.3338417491,35.382326399,99.3467318921
26.391114249,67.2802237813,9.54135672134
68.6557430794,32.7197762187,99.3416167334
29.1694781581,69.8114991515,9.54605502145
65.8773791703,30.1885008485,99.3369184333
31.9937664741,72.1742624715,9.55011909642
63.0530908543,27.8257375285,99.3328543583
34.8371603626,74.3655705067,9.55347646886
60.2096969658,25.6344294933,99.3294969859
37.7206119268,76.4180947738,9.55641908965
57.3262454016,23.5819052262,99.3265543651
40.672879361,78.3680715825,9.55922359914
54.3739779674,21.6319284175,99.3237498556
43.6593213049,80.2091426833,9.56170305476
51.3875360236,19.7908573167,99.3212704
46.6432080629,81.9343460482,9.56380199673
48.4036492655,18.0656539518,99.319171458
49.5861937925,83.5372538144,9.56552220261
45.460663536,16.4627461856,99.3174512521
52.456672757,85.0195254142,9.56674078156
42.5901845715,14.9804745858,99.3162326732
55.2176618306,86.3792093301,9.56757505985
39.8291954978,13.6207906699,99.3153983949
57.837055585,87.6159441996,9.56825125482
37.2098017434,12.3840558004,99.3147221999
60.295429676,88.7346361164,9.56883774978
34.7514276524,11.2653638836,99.314135705
62.5590546003,89.7323041103,9.56929910107
32.4878027281,10.2676958897,99.3136743537
64.5991129649,90.6067577735,9.56958738361
30.4477443635,9.39324222646,99.3133860711
66.412749922,91.3655578878,9.5697610261
28.6341074065,8.63444211218,99.3132124286
68.0235679738,92.0250828908,9.56987410939
27.0232893547,7.97491710919,99.3130993454
69.4649825785,92.6039131242,9.56995569475
25.58187475,7.39608687576,99.31301776
70.7440730632,93.1088103942,9.57001865307
24.3027842653,6.8911896058,99.3129548017
71.8602250612,93.5428254667,9.57006539101
23.1866322673,6.45717453328,99.3129080637
72.8121895337,93.9082211714,9.57009437132
22.2346677947,6.09177882856,99.3128790834
73.615020306,94.2131149678,9.570103821
21.4318370224,5.78688503224,99.3128696337
74.2894347265,94.4669964045,9.57010350861
20.7574226019,5.53300359552,99.3128699461
74.8577850395,94.6793458928,9.57010360862
20.1890722889,5.32065410722,99.3128698461
75.3318994547,94.8553800612,9.57010358182
19.7149578737,5.14461993882,99.3128698729
75.7242241665,95.0003249139,9.570103589
19.3226331619,4.99967508615,99.3128698657
76.0467570141,95.1190454666,9.57010358708
19.0001003143,4.8809545334,99.3128698677
76.3095325938,95.2154642092,9.57010358759
18.7373247347,4.78453579075,99.3128698672
76.5214293613,95.292992568,9.57010358746
18.5254279671,4.70700743197,99.3128698673
76.6902981632,95.3546280136,9.57010358749
18.3565591652,4.64537198638,99.3128698673
76.8260283763,95.4040514981,9.57010358748
18.2208289521,4.59594850192,99.3128698673
76.9338643956,95.4432265414,9.57010358748
18.1129929328,4.55677345861,99.3128698673
77.0162014855,95.4730736008,9.57010358748
18.0306558429,4.52692639919,99.3128698673
77.0781342307,95.4954892278,9.57010358748
17.9687230977,4.50451077216,99.3128698673
77.1252564718,95.5125291016,9.57010358748
17.9216008566,4.48747089843,99.3128698673
77.1626879407,95.5260553467,9.57010358748
17.8841693878,4.47394465325,99.3128698673
77.1928110827,95.5369351752,9.57010358748
17.8540462458,4.46306482476,99.3128698673
77.2172837634,95.5457725716,9.57010358748
17.8295735651,4.45422742836,99.3128698673
77.2371113556,95.5529327149,9.57010358748
17.8097459728,4.4470672851,99.3128698673
77.2531946867,95.5587406901,9.57010358748
17.7936626418,4.44125930992,99.3128698673
77.2660246877,95.5633738407,9.57010358748
17.7808326407,4.43662615928,99.3128698673
77.2756949362,95.5668659436,9.57010358748
17.7711623923,4.43313405641,99.3128698673
77.2828928791,95.5694652527,9.57010358748
17.7639644493,4.43053474734,99.3128698673
77.2883567956,95.5714383729,9.57010358748
17.7585005329,4.42856162705,99.3128698673
77.2928729917,95.5730692542,9.57010358748
17.7539843368,4.42693074581,99.3128698673
77.296614102,95.5744202377,9.57010358748
17.7502432264,4.42557976232,99.3128698673
77.2996822407,95.5755281988,9.57010358748
17.7471750877,4.42447180119,99.3128698673
77.302154932,95.5764211329,9.57010358748
17.7447023964,4.42357886713,99.3128698673
77.3041412702,95.5771384359,9.57010358748
17.7427160582,4.42286156409,99.3128698673
77.30571125,95.5777053843,9.57010358748
17.7411460785,4.42229461566,99.3128698673
77.3068815764,95.5781280106,9.57010358748
17.739975752,4.42187198935,99.3128698673
77.307750811,95.5784419072,9.57010358748
17.7391065174,4.42155809283,99.3128698673
77.3083957629,95.5786748111,9.57010358748
17.7384615656,4.42132518893,99.3128698673
77.3088634398,95.5788436977,9.57010358748
17.7379938887,4.42115630227,99.3128698673
77.3091974157,95.5789643026,9.57010358748
17.7376599127,4.42103569744,99.3128698673
77.3094425455,95.5790528234,9.57010358748
17.737414783,4.42094717659,99.3128698673
77.3096607969,95.579131638,9.57010358748
17.7371965315,4.420868362,99.3128698673
77.3098555675,95.5792019732,9.57010358748
17.737001761,4.42079802679,99.3128698673
77.3100320967,95.5792657211,9.57010358748
17.7368252317,4.42073427886,99.3128698673
77.3101532858,95.5793094848,9.57010358748
17.7367040426,4.42069051524,99.3128698673
77.3102803565,95.5793553723,9.57010358748
17.736576972,4.42064462772,99.3128698673
77.3103233017,95.5793708806,9.57010358748
17.7365340268,4.42062911942,99.3128698673
0.0,0.0,0.0
95.0468573284,100.0,108.882973455
0.0787700717544,0.782101266946,1.39539061585
94.9680872567,99.2178987331,107.487582839
0.123753635736,1.6882144584,2.56441093481
94.9231036927,98.3117855416,106.31856252
0.14581616691,2.73909125776,3.54845406216
94.9010411615,97.2609087422,105.334519393
0.155431227135,3.96117851109,4.38134437768
94.8914261013,96.0388214889,104.501629077
0.164302386488,5.37550944556,5.08254374137
94.882554942,94.6244905544,103.800429713
0.186708063445,6.99585972041,5.65887816497
94.860149265,93.0041402796,103.22409529
0.240349446068,8.83123755636,6.11895318779
94.8065078824,91.1687624436,102.764020267
0.345084298007,10.8826411762,6.47863391849
94.7017730304,89.1173588238,102.404339536
0.52070521486,13.1384801495,6.75959881072
94.5261521136,86.8615198505,102.123374644
0.787440467219,15.598739038,6.98531306313
94.2594168612,84.401260962,101.897660392
1.16448771376,18.2562290369,7.17180958367
93.8823696147,81.7437709631,101.711163871
1.66820691025,21.0950650703,7.32582104558
93.3786504182,78.9049349297,101.557152409
2.30098763394,24.0608968406,7.44994082296
92.7458696945,75.9391031594,101.433032632
3.06099719332,27.102474805,7.54687779324
91.9858601351,72.897525195,101.336095662
3.95206435025,30.2005120056,7.62145794973
91.0947929782,69.7994879944,101.261515505
4.98394778917,33.3522950885,7.6782509021
90.0629095393,66.6477049115,101.204722553
6.1663378065,36.5522803454,7.72123777136
88.8805195219,63.4477196546,101.161735683
7.50528089443,39.7835200399,7.75362524834
87.541576434,60.2164799601,101.129348206
8.9976178492,43.0113368326,7.77789377554
86.0492394792,56.9886631674,101.105079679
10.6379729437,46.2027991711,7.79606644092
84.4088843847,53.7972008289,101.086907014
12.4275385027,49.344973833,7.80988898143
82.6193188257,50.655026167,101.073084473
14.3661687621,52.4250274353,7.82057308657
80.6806885664,47.5749725647,101.062400368
16.4527191726,55.4313584167,7.8290012094
78.5941381558,44.5686415833,101.053972245
18.680431935,58.348413154,7.83588125252
76.3664253934,41.651586846,101.047092202
21.0567407549,61.1815488367,7.84181498128
73.9901165736,38.8184511633,101.041158473
23.5878231779,63.9347849111,7.84723273408
71.4590341506,36.0652150889,101.035740721
26.2659218476,66.5973350914,7.85234789275
68.7809354808,33.4026649086,101.030625562
29.0442857567,69.1286104616,7.85704619287
66.0025715718,30.8713895384,101.025927262
31.8685740727,71.4913737816,7.86111026783
63.1782832557,28.5086262184,101.021863187
34.7119679612,73.6826818167,7.86446764028
60.3348893672,26.3173181833,101.018505814
37.5954195254,75.7352060838,7.86741026106
57.4514378031,24.2647939162,101.015563194
40.5476869596,77.6851828925,7.87021477055
54.4991703689,22.3148171075,101.012758684
43.5341289034,79.5262539933,7.87269422617
51.512728425,20.4737460067,101.010279229
46.5180156615,81.2514573583,7.87479316814
48.5288416669,18.7485426417,101.008180287
49.4610013911,82.8543651245,7.87651337402
45.5858559374,17.1456348755,101.006460081
52.3314803556,84.3366367242,7.87773195297
42.7153769729,15.6633632758,101.005241502
55.0924694292,85.6963206402,7.87856623127
39.9543878992,14.3036793598,101.004407223
57.7118631836,86.9330555097,7.87924242624
37.3349941448,13.0669444903,101.003731029
60.1702372746,88.0517474264,7.87982892119
34.8766200538,11.9482525736,101.003144534
62.4338621989,89.0494154203,7.88029027248
32.6129951295,10.9505845797,101.002683182
64.4739205635,89.9238690836,7.88057855503
30.572936765,10.0761309164,101.0023949
66.2875575206,90.6826691979,7.88075219751
28.7592998079,9.31733080211,101.002221257
67.8983755724,91.3421942009,7.8808652808
27.1484817561,8.65780579912,101.002108174
69.3397901771,91.9210244343,7.88094686616
25.7070671514,8.0789755657,101.002026589
70.6188806618,92.4259217043,7.88100982449
24.4279766667,7.57407829573,101.00196363
71.7350326598,92.8599367768,7.88105656243
23.3118246687,7.14006322321,101.001916892
72.6869971323,93.2253324815,7.88108554274
22.3598601962,6.77466751849,101.001887912
73.4898279046,93.5302262778,7.88109499241
21.5570294238,6.46977372217,101.001878462
74.1642423251,93.7841077145,7.88109468003
20.8826150033,6.21589228545,101.001878775
74.7325926381,93.9964572028,7.88109478003
20.3142646903,6.00354279715,101.001878675
75.2067070533,94.1724913712,7.88109475324
19.8401502751,5.82750862875,101.001878702
75.5990317651,94.3174362239,7.88109476042
19.4478255633,5.68256377608,101.001878694
75.9215646127,94.4361567767,7.88109475849
19.1252927157,5.56384322333,101.001878696
76.1843401924,94.5325755193,7.88109475901
18.8625171361,5.46742448069,101.001878696
76.3962369599,94.6101038781,7.88109475887
18.6506203686,5.3898961219,101.001878696
76.5651057618,94.6717393237,7.88109475891
18.4817515666,5.32826067632,101.001878696
76.7008359749,94.7211628081,7.8810947589
18.3460213535,5.27883719185,101.001878696
76.8086719942,94.7603378515,7.8810947589
18.2381853343,5.23966214854,101.001878696
76.8910090841,94.7901849109,7.8810947589
18.1558482443,5.20981508913,101.001878696
76.9529418293,94.8126005379,7.8810947589
18.0939154991,5.18739946209,101.001878696
77.0000640704,94.8296404116,7.8810947589
18.046793258,5.17035958836,101.001878696
77.0374955393,94.8431666568,7.8810947589
18.0093617892,5.15683334318,101.001878696
77.0676186813,94.8540464853,7.8810947589
17.9792386472,5.14595351469,101.001878696
77.092091362,94.8628838817,7.8810947589
17.9547659665,5.13711611829,101.001878696
77.1119189542,94.870044025,7.8810947589
17.9349383742,5.12995597503,101.001878696
77.1280022853,94.8758520001,7.8810947589
17.9188550432,5.12414799985,101.001878696
77.1408322863,94.8804851508,7.8810947589
17.9060250422,5.11951484921,101.001878696
77.1505025348,94.8839772537,7.8810947589
17.8963547937,5.11602274634,101.001878696
77.1577004777,94.8865765627,7.8810947589
17.8891568507,5.11342343727,101.001878696
77.1631643942,94.888549683,7.8810947589
17.8836929343,5.11145031698,101.001878696
77.1676805903,94.8901805643,7.8810947589
17.8791767382,5.10981943574,101.001878696
77.1714217006,94.8915315477,7.8810947589
17.8754356278,5.10846845225,101.001878696
77.1744898393,94.8926395089,7.8810947589
17.8723674891,5.10736049112,101.001878696
77.1769625306,94.8935324429,7.8810947589
17.8698947978,5.10646755706,101.001878696
77.1789488688,94.894249746,7.8810947589
17.8679084596,5.10575025402,101.001878696
77.1805188486,94.8948166944,7.8810947589
17.8663384799,5.10518330559,101.001878696
77.181689175,94.8952393207,7.8810947589
17.8651681534,5.10476067929,101.001878696
77.1825584096,94.8955532172,7.8810947589
17.8642989188,5.10444678276,101.001878696
77.1832033615,94.8957861211,7.8810947589
17.863653967,5.10421387887,101.001878696
77.1836710384,94.8959550078,7.8810947589
17.8631862901,5.1040449922,101.001878696
77.1840050143,94.8960756126,7.8810947589
17.8628523141,5.10392438737,101.001878696
77.1842501441,94.8961641335,7.8810947589
17.8626071844,5.10383586652,101.001878696
77.1844683955,94.8962429481,7.8810947589
17.8623889329,5.10375705193,101.001878696
77.1846631661,94.8963132833,7.8810947589
17.8621941624,5.10368671672,101.001878696
77.1848396953,94.8963770312,7.8810947589
17.8620176332,5.10362296879,101.001878696
77.1849608844,94.8964207948,7.8810947589
17.861896444,5.10357920517,101.001878696
77.185087955,94.8964666824,7.8810947589
17.8617693734,5.10353331765,101.001878696
77.1851309003,94.8964821907,7.8810947589
17.8617264282,5.10351780935,101.001878696
0.0,0.0,0.0
95.0468573284,100.0,108.882973455
0.0449835639812,0.906113191455,1.16902031896
95.0018737645,99.0938868085,107.713953136
0.0670460951556,1.95698999081,2.15306344631
94.9798112333,98.0430100092,106.729910008
0.0766611553807,3.17907724415,2.98595376183
94.9701961731,96.8209227559,105.897019693
0.0855323147331,4.59340817861,3.68715312552
94.9613250137,95.4065918214,105.195820329
0.10793799169,6.21375845346,4.26348754912
94.9389193367,93.7862415465,104.619485906
0.161579374313,8.04913628941,4.72356257194
94.8852779541,91.9508637106,104.159410883
0.266314226252,10.1005399093,5.08324330264
94.7805431022,89.8994600907,103.799730152
0.441935143105,12.3563788826,5.36420819486
94.6049221853,87.6436211174,103.51876526
0.708670395465,14.8166377711,5.58992244728
94.338186933,85.1833622289,103.293051007
1.08571764201,17.47412777,5.77641896781
93.9611396864,82.52587223,103.106554487
1.5894368385,20.3129638033,5.93043042972
93.4574204899,79.6870361967,102.952543025
2.22221756218,23.2787955737,6.05455020711
92.8246397663,76.7212044263,102.828423248
2.98222712156,26.3203735381,6.15148717739
92.0646302069,73.6796264619,102.731486277
3.87329427849,29.4184107387,6.22606733387
91.1735630499,70.5815892613,102.656906121
4.90517771741,32.5701938215,6.28286028625
90.141679611,67.4298061785,102.600113168
6.08756773474,35.7701790784,6.32584715551
88.9592895937,64.2298209216,102.557126299
7.42651082268,39.001418773,6.35823463249
87.6203465058,60.998581227,102.524738822
8.91884777745,42.2292355657,6.38250315969
86.128009551,57.7707644343,102.500470295
10.559202872,45.4206979041,6.40067582506
84.4876544565,54.5793020959,102.48229763
12.3487684309,48.5628725661,6.41449836558
82.6980888975,51.4371274339,102.468475089
14.2873986903,51.6429261683,6.42518247072
80.7594586381,48.3570738317,102.457790984
16.3739491009,54.6492571497,6.43361059355
78.6729082276,45.3507428503,102.449362861
18.6016618633,57.5663118871,6.44049063667
76.4451954652,42.4336881129,102.442482818
20.9779706831,60.3994475697,6.44642436543
74.0688866453,39.6005524303,102.436549089
23.5090531061,63.1526836441,6.45184211823
71.5378042223,36.8473163559,102.431131337
26.1871517758,65.8152338244,6.4569572769
68.8597055526,34.1847661756,102.426016178
28.9655156849,68.3465091946,6.46165557701
66.0813416435,31.6534908054,102.421317878
31.789804001,70.7092725147,6.46571965198
63.2570533275,29.2907274853,102.417253803
34.6331978894,72.9005805498,6.46907702442
60.413659439,27.0994194502,102.41389643
37.5166494536,74.9531048169,6.47201964521
57.5302078748,25.0468951831,102.41095381
40.4689168878,76.9030816256,6.4748241547
54.5779404406,23.0969183744,102.4081493
43.4553588317,78.7441527264,6.47730361032
51.5914984967,21.2558472736,102.405669844
46.4392455898,80.4693560914,6.47940255229
48.6076117387,19.5306439086,102.403570902
49.3822313193,82.0722638575,6.48112275817
45.6646260091,17.9277361425,102.401850697
52.2527102838,83.5545354573,6.48234133712
42.7941470446,16.4454645427,102.400632118
55.0136993575,84.9142193732,6.48317561542
40.033157971,15.0857806268,102.399797839
57.6330931118,86.1509542427,6.48385181039
37.4137642166,13.8490457573,102.399121644
60.0914672029,87.2696461595,6.48443830534
34.9553901256,12.7303538405,102.398535149
62.3550921272,88.2673141534,6.48489965663
32.6917652013,11.7326858466,102.398073798
64.3951504917,89.1417678167,6.48518793917
30.6517068367,10.8582321833,102.397785516
66.2087874488,89.9005679309,6.48536158166
28.8380698796,10.0994320691,102.397611873
67.8196055006,90.5600929339,6.48547466495
27.2272518278,9.43990706607,102.39749879
69.2610201053,91.1389231674,6.48555625031
25.7858372231,8.86107683264,102.397417204
70.54011059,91.6438204373,6.48561920863
24.5067467384,8.35617956268,102.397354246
71.656262588,92.0778355098,6.48566594657
23.3905947404,7.92216449016,102.397307508
72.6082270605,92.4432312146,6.48569492689
22.4386302679,7.55676878544,102.397278528
73.4110578329,92.7481250109,6.48570437656
21.6357994956,7.25187498912,102.397269078
74.0854722533,93.0020064476,6.48570406418
20.9613850751,6.9979935524,102.397269391
74.6538225663,93.2143559359,6.48570416418
20.3930347621,6.7856440641,102.397269291
75.1279369816,93.3903901043,6.48570413738
19.9189203469,6.6096098957,102.397269317
75.5202616934,93.535334957,6.48570414456
19.5265956351,6.46466504303,102.39726931
75.842794541,93.6540555097,6.48570414264
19.2040627875,6.34594449028,102.397269312
76.1055701206,93.7504742524,6.48570414316
18.9412872078,6.24952574763,102.397269312
76.3174668881,93.8280026112,6.48570414302
18.7293904403,6.17199738885,102.397269312
76.4863356901,93.8896380567,6.48570414305
18.5605216384,6.11036194326,102.397269312
76.6220659031,93.9390615412,6.48570414304
18.4247914253,6.0609384588,102.397269312
76.7299019224,93.9782365845,6.48570414305
18.316955406,6.02176341549,102.397269312
76.8122390123,94.0080836439,6.48570414305
18.2346183161,5.99191635607,102.397269312
76.8741717576,94.030499271,6.48570414305
18.1726855709,5.96950072904,102.397269312
76.9212939987,94.0475391447,6.48570414305
18.1255633298,5.95246085531,102.397269312
76.9587254675,94.0610653899,6.48570414305
18.0881318609,5.93893461013,102.397269312
76.9888486095,94.0719452184,6.48570414305
18.0580087189,5.92805478164,102.397269312
77.0133212902,94.0807826148,6.48570414305
18.0335360382,5.91921738523,102.397269312
77.0331488825,94.087942758,6.48570414305
18.013708446,5.91205724197,102.397269312
77.0492322135,94.0937507332,6.48570414305
17.9976251149,5.9062492668,102.397269312
77.0620622145,94.0983838838,6.48570414305
17.9847951139,5.90161611616,102.397269312
77.071732463,94.1018759867,6.48570414305
17.9751248654,5.89812401329,102.397269312
77.078930406,94.1044752958,6.48570414305
17.9679269225,5.89552470422,102.397269312
77.0843943224,94.1064484161,6.48570414305
17.962463006,5.89355158393,102.397269312
77.0889105185,94.1080792973,6.48570414305
17.9579468099,5.89192070269,102.397269312
77.0926516288,94.1094302808,6.48570414305
17.9542056996,5.8905697192,102.397269312
77.0957197676,94.1105382419,6.48570414305
17.9511375609,5.88946175807,102.397269312
77.0981924589,94.111431176,6.48570414305
17.9486648696,5.88856882401,102.397269312
77.100178797,94.112148479,6.48570414305
17.9466785314,5.88785152097,102.397269312
77.1017487768,94.1127154275,6.48570414305
17.9451085516,5.88728457253,102.397269312
77.1029191033,94.1131380538,6.48570414305
17.9439382252,5.88686194623,102.397269312
77.1037883379,94.1134519503,6.48570414305
17.9430689906,5.88654804971,102.397269312
77.1044332897,94.1136848542,6.48570414305
17.9424240387,5.88631514581,102.397269312
77.1049009666,94.1138537409,6.48570414305
17.9419563618,5.88614625914,102.397269312
77.1052349425,94.1139743457,6.48570414305
17.9416223859,5.88602565432,102.397269312
77.1054800723,94.1140628665,6.48570414305
17.9413772561,5.88593713347,102.397269312
77.1056983237,94.1141416811,6.48570414305
17.9411590047,5.88585831888,102.397269312
77.1058930943,94.1142120163,6.48570414305
17.9409642341,5.88578798367,102.397269312
77.1060696235,94.1142757643,6.48570414305
17.9407877049,5.88572423574,102.397269312
77.1061908127,94.1143195279,6.48570414305
17.9406665158,5.88568047212,102.397269312
77.1063178833,94.1143654154,6.48570414305
17.9405394451,5.8856345846,102.397269312
77.1063608285,94.1143809237,6.48570414305
17.9404964999,5.8856190763,102.397269312
0.0,0.0,0.0
95.0468573284,100.0,108.882973455
0.0220625311744,1.05087679936,0.98404312735
95.0247947973,98.9491232006,107.898930327
0.0316775913995,2.27296405269,1.81693344286
95.015179737,97.7270359473,107.066040012
0.040548750752,3.68729498716,2.51813280655
95.0063085777,96.3127050128,106.364840648
0.0629544277092,5.307645262,3.09446723016
94.9839029007,94.692354738,105.788506225
0.116595810332,7.14302309796,3.55454225298
94.9302615181,92.856976902,105.328431202
0.221330662271,9.19442671783,3.91422298368
94.8255266662,90.8055732822,104.968750471
0.396951579124,11.4502656911,4.1951878759
94.6499057493,88.5497343089,104.687785579
0.663686831484,13.9105245796,4.42090212832
94.383170497,86.0894754204,104.462071326
1.04073407802,16.5680145785,4.60739864885
94.0061232504,83.4319854215,104.275574806
1.54445327451,19.4068506119,4.76141011076
93.5024040539,80.5931493881,104.121563344
2.1772339982,22.3726823822,4.88552988815
92.8696233302,77.6273176178,103.997443567
2.93724355758,25.4142603466,4.98246685842
92.1096137709,74.5857396534,103.900506596
3.82831071451,28.5122975472,5.05704701491
91.2185466139,71.4877024528,103.82592644
4.86019415343,31.6640806301,5.11383996728
90.186663175,68.3359193699,103.769133487
6.04258417076,34.864065887,5.15682683655
89.0042731577,65.135934113,103.726146618
7.38152725869,38.0953055815,5.18921431353
87.6653300697,61.9046944185,103.693759141
8.87386421346,41.3231223742,5.21348284073
86.172993115,58.6768776258,103.669490614
10.514219308,44.5145847127,5.2316555061
84.5326380205,55.4854152873,103.651317949
12.303784867,47.6567593746,5.24547804662
82.7430724615,52.3432406254,103.637495408
14.2424151263,50.7368129769,5.25616215176
80.8044422021,49.2631870231,103.626811303
16.3289655369,53.7431439583,5.26459027459
78.7178917915,46.2568560417,103.61838318
18.5566782993,56.6601986956,5.27147031771
76.4901790291,43.3398013044,103.611503137
20.9329871191,59.4933343783,5.27740404646
74.1138702093,40.5066656217,103.605569408
23.4640695422,62.2465704527,5.28282179927
71.5827877863,37.7534295473,103.600151655
26.1421682119,64.909120633,5.28793695794
68.9046891166,35.090879367,103.595036497
28.920532121,67.4403960032,5.29263525805
66.1263252075,32.5596039968,103.590338197
31.744820437,69.8031593232,5.29669933302
63.3020368914,30.1968406768,103.586274122
34.5882143255,71.9944673583,5.30005670546
60.458643003,28.0055326417,103.582916749
37.4716658897,74.0469916254,5.30299932625
57.5751914388,25.9530083746,103.579974128
40.4239333239,75.9969684341,5.30580383574
54.6229240046,24.0030315659,103.577169619
43.4103752677,77.8380395349,5.30828329136
51.6364820607,22.1619604651,103.574690163
46.3942620258,79.5632428999,5.31038223333
48.6525953026,20.4367571001,103.572591221
49.3372477553,81.1661506661,5.31210243921
45.7096095731,18.8338493339,103.570871016
52.2077267198,82.6484222658,5.31332101816
42.8391306086,17.3515777342,103.569652437
54.9687157935,84.0081061818,5.31415529646
40.078141535,15.9918938182,103.568818158
57.5881095479,85.2448410513,5.31483149143
37.4587477806,14.7551589487,103.568141963
60.0464836389,86.363532968,5.31541798638
35.0003736895,13.636467032,103.567555468
62.3101085632,87.3612009619,5.31587933767
32.7367487652,12.6387990381,103.567094117
64.3501669278,88.2356546252,5.31616762021
30.6966904007,11.7643453748,103.566805835
66.1638038848,88.9944547395,5.3163412627
28.8830534436,11.0055452605,103.566632192
67.7746219366,89.6539797425,5.31645434599
27.2722353918,10.3460202575,103.566519109
69.2160365413,90.2328099759,5.31653593135
25.8308207871,9.7671900241,103.566437523
70.495127026,90.7377072459,5.31659888967
24.5517303024,9.26229275413,103.566374565
71.611279024,91.1717223184,5.31664562761
23.4355783044,8.82827768161,103.566327827
72.5632434965,91.5371180231,5.31667460793
22.4836138319,8.46288197689,103.566298847
73.3660742689,91.8420118194,5.3166840576
21.6807830595,8.15798818057,103.566289397
74.0404886894,92.0958932561,5.31668374522
21.0063686391,7.90410674385,103.56628971
74.6088390024,92.3082427444,5.31668384522
20.4380183261,7.69175725555,103.56628961
75.0829534176,92.4842769128,5.31668381842
19.9639039108,7.51572308716,103.566289636
75.4752781294,92.6292217655,5.3166838256
19.5715791991,7.37077823448,103.566289629
75.797810977,92.7479423183,5.31668382368
19.2490463515,7.25205768173,103.566289631
76.0605865566,92.8443610609,5.31668382419
18.9862707718,7.15563893909,103.566289631
76.2724833241,92.9218894197,5.31668382406
18.7743740043,7.0781105803,103.566289631
76.4413521261,92.9835248653,5.31668382409
18.6055052024,7.01647513472,103.566289631
76.5770823392,93.0329483497,5.31668382408
18.4697749893,6.96705165025,103.566289631
76.6849183585,93.0721233931,5.31668382409
18.36193897,6.92787660695,103.566289631
76.7672554484,93.1019704525,5.31668382409
18.2796018801,6.89802954753,103.566289631
76.8291881936,93.1243860795,5.31668382409
18.2176691348,6.8756139205,103.566289631
76.8763104347,93.1414259532,5.31668382409
18.1705468937,6.85857404677,103.566289631
76.9137419035,93.1549521984,5.31668382409
18.1331154249,6.84504780159,103.566289631
76.9438650455,93.1658320269,5.31668382409
18.1029922829,6.83416797309,103.566289631
76.9683377262,93.1746694233,5.31668382409
18.0785196022,6.82533057669,103.566289631
76.9881653185,93.1818295666,5.31668382409
18.05869201,6.81817043343,103.566289631
77.0042486495,93.1876375417,5.31668382409
18.0426086789,6.81236245825,103.566289631
77.0170786505,93.1922706924,5.31668382409
18.0297786779,6.80772930761,103.566289631
77.026748899,93.1957627953,5.31668382409
18.0201084294,6.80423720475,103.566289631
77.033946842,93.1983621043,5.31668382409
18.0129104864,6.80163789567,103.566289631
77.0394107584,93.2003352246,5.31668382409
18.00744657,6.79966477539,103.566289631
77.0439269545,93.2019661059,5.31668382409
18.0029303739,6.79803389414,103.566289631
77.0476680649,93.2033170893,5.31668382409
17.9991892636,6.79668291065,103.566289631
77.0507362036,93.2044250505,5.31668382409
17.9961211248,6.79557494952,103.566289631
77.0532088949,93.2053179845,5.31668382409
17.9936484336,6.79468201547,103.566289631
77.0551952331,93.2060352876,5.31668382409
17.9916620954,6.79396471242,103.566289631
77.0567652128,93.206602236,5.31668382409
17.9900921156,6.79339776399,103.566289631
77.0579355393,93.2070248623,5.31668382409
17.9889217892,6.79297513769,103.566289631
77.0588047739,93.2073387588,5.31668382409
17.9880525545,6.79266124116,103.566289631
77.0594497257,93.2075716627,5.31668382409
17.9874076027,6.79242833727,103.566289631
77.0599174026,93.2077405494,5.31668382409
17.9869399258,6.7922594506,103.566289631
77.0602513786,93.2078611542,5.31668382409
17.9866059499,6.79213884577,103.566289631
77.0604965083,93.2079496751,5.31668382409
17.9863608201,6.79205032492,103.566289631
77.0607147598,93.2080284897,5.31668382409
17.9861425687,6.79197151033,103.566289631
77.0609095303,93.2080988249,5.31668382409
17.9859477981,6.79190117512,103.566289631
77.0610860595,93.2081625728,5.31668382409
17.9857712689,6.7918374272,103.566289631
77.0612072487,93.2082063364,5.31668382409
17.9856500797,6.79179366357,103.566289631
77.0613343193,93.2082522239,5.31668382409
17.9855230091,6.79174777605,103.566289631
77.0613772645,93.2082677322,5.31668382409
17.9854800639,6.79173226775,103.566289631
0.0,0.0,0.0
95.0468573284,100.0,108.882973455
0.00961506022509,1.22208725333,0.832890315514
95.0372422682,98.7779127467,108.050083139
0.0184862195776,2.6364181878,1.5340896792
95.0283711089,97.3635818122,107.348883776
0.0408918965347,4.25676846264,2.11042410281
95.0059654319,95.7432315374,106.772549352
0.0945332791579,6.0921462986,2.57049912563
94.9523240493,93.9078537014,106.312474329
0.199268131097,8.14354991847,2.93017985633
94.8475891973,91.8564500815,105.952793598
0.37488904795,10.3993888918,3.21114474855
94.6719682805,89.6006111082,105.671828706
0.641624300309,12.8596477803,3.43685900097
94.4052330281,87.1403522197,105.446114454
1.01867154685,15.5171377792,3.6233555215
94.0281857816,84.4828622208,105.259617933
1.52239074334,18.3559738125,3.77736698341
93.5244665851,81.6440261875,105.105606471
2.15517146703,21.3218055829,3.9014867608
92.8916858614,78.6781944171,104.981486694
2.91518102641,24.3633835473,3.99842373107
92.131676302,75.6366164527,104.884549724
3.80624818334,27.4614207479,4.07300388756
91.2406091451,72.5385792521,104.809969567
4.83813162226,30.6132038307,4.12979683993
90.2087257062,69.3867961693,104.753176615
6.02052163959,33.8131890876,4.1727837092
89.0263356889,66.1868109124,104.710189746
7.35946472752,37.0444287822,4.20517118618
87.6873926009,62.9555712178,104.677802269
8.85180168229,40.2722455749,4.22943971338
86.1950556461,59.7277544251,104.653533741
10.4921567768,43.4637079133,4.24761237875
84.5547005516,56.5362920867,104.635361076
12.2817223358,46.6058825752,4.26143491927
82.7651349927,53.3941174248,104.621538535
14.2203525952,49.6859361775,4.2721190244
80.8265047333,50.3140638225,104.61085443
16.3069030057,52.6922671589,4.28054714724
78.7399543227,47.3077328411,104.602426308
18.5346157681,55.6093218963,4.28742719036
76.5122415603,44.3906781037,104.595546264
20.9109245879,58.4424575789,4.29336091911
74.1359327405,41.5575424211,104.589612536
23.442007011,61.1956936533,4.29877867192
71.6048503175,38.8043063467,104.584194783
26.1201056807,63.8582438336,4.30389383059
68.9267516478,36.1417561664,104.579079624
28.8984695898,66.3895192038,4.3085921307
66.1483877387,33.6104807962,104.574381324
31.7227579058,68.7522825238,4.31265620567
63.3240994226,31.2477174762,104.570317249
34.5661517943,70.943590559,4.31601357811
60.4807055342,29.056409441,104.566959877
37.4496033585,72.9961148261,4.3189561989
57.59725397,27.0038851739,104.564017256
40.4018707927,74.9460916348,4.32176070839
54.6449865358,25.0539083652,104.561212746
43.3883127365,76.7871627356,4.32424016401
51.6585445919,23.2128372644,104.558733291
46.3721994946,78.5123661005,4.32633910598
48.6746578338,21.4876338995,104.556634349
49.3151852241,80.1152738667,4.32805931186
45.7316721043,19.8847261333,104.554914143
52.1856641887,81.5975454665,4.32927789081
42.8611931398,18.4024545335,104.553695564
54.9466532623,82.9572293824,4.33011216911
40.1002040661,17.0427706176,104.552861286
57.5660470167,84.1939642519,4.33078836408
37.4808103117,15.8060357481,104.552185091
60.0244211077,85.3126561687,4.33137485903
35.0224362207,14.6873438313,104.551598596
62.288046032,86.3103241626,4.33183621032
32.7588112964,13.6896758374,104.551137244
64.3281043966,87.1847778258,4.33212449286
30.7187529319,12.8152221742,104.550848962
66.1417413537,87.9435779401,4.33229813535
28.9051159748,12.0564220599,104.550675319
67.7525594054,88.6031029431,4.33241121864
27.294297923,11.3968970569,104.550562236
69.1939740102,89.1819331765,4.332492804
25.8528833183,10.8180668235,104.550480651
70.4730644949,89.6868304465,4.33255576232
24.5737928336,10.3131695535,104.550417692
71.5892164929,90.120845519,4.33260250026
23.4576408356,9.87915448097,104.550370954
72.5411809654,90.4862412237,4.33263148058
22.5056763631,9.51375877625,104.550341974
73.3440117377,90.7911350201,4.33264093025
21.7028455907,9.20886497993,104.550332524
74.0184261582,91.0450164568,4.33264061787
21.0284311702,8.95498354321,104.550332837
74.5867764712,91.2573659451,4.33264071787
20.4600808573,8.74263405491,104.550332737
75.0608908864,91.4334001135,4.33264069107
19.985966442,8.56659988652,104.550332764
75.4532155982,91.5783449662,4.33264069825
19.5936417302,8.42165503384,104.550332756
75.7757484458,91.6970655189,4.33264069633
19.2711088826,8.30293448109,104.550332758
76.0385240255,91.7934842616,4.33264069684
19.008333303,8.20651573845,104.550332758
76.250420793,91.8710126203,4.33264069671
18.7964365355,8.12898737966,104.550332758
76.4192895949,91.9326480659,4.33264069674
18.6275677335,8.06735193408,104.550332758
76.555019808,91.9820715504,4.33264069673
18.4918375205,8.01792844961,104.550332758
76.6628558273,92.0212465937,4.33264069674
18.3840015012,7.97875340631,104.550332758
76.7451929172,92.0510936531,4.33264069674
18.3016644113,7.94890634689,104.550332758
76.8071256624,92.0735092801,4.33264069674
18.239731666,7.92649071985,104.550332758
76.8542479035,92.0905491539,4.33264069674
18.1926094249,7.90945084612,104.550332758
76.8916793724,92.1040753991,4.33264069674
18.1551779561,7.89592460094,104.550332758
76.9218025144,92.1149552275,4.33264069674
18.1250548141,7.88504477245,104.550332758
76.9462751951,92.123792624,4.33264069674
18.1005821334,7.87620737605,104.550332758
76.9661027873,92.1309527672,4.33264069674
18.0807545411,7.86904723279,104.550332758
76.9821861184,92.1367607424,4.33264069674
18.0646712101,7.86323925761,104.550332758
76.9950161194,92.141393893,4.33264069674
18.0518412091,7.85860610697,104.550332758
77.0046863678,92.1448859959,4.33264069674
18.0421709606,7.8551140041,104.550332758
77.0118843108,92.147485305,4.33264069674
18.0349730176,7.85251469503,104.550332758
77.0173482272,92.1494584253,4.33264069674
18.0295091012,7.85054157474,104.550332758
77.0218644233,92.1510893065,4.33264069674
18.0249929051,7.8489106935,104.550332758
77.0256055337,92.15244029,4.33264069674
18.0212517948,7.84755971001,104.550332758
77.0286736724,92.1535482511,4.33264069674
18.018183656,7.84645174888,104.550332758
77.0311463637,92.1544411852,4.33264069674
18.0157109647,7.84555881483,104.550332758
77.0331327019,92.1551584882,4.33264069674
18.0137246266,7.84484151178,104.550332758
77.0347026817,92.1557254367,4.33264069674
18.0121546468,7.84427456335,104.550332758
77.0358730081,92.156148063,4.33264069674
18.0109843203,7.84385193705,104.550332758
77.0367422427,92.1564619595,4.33264069674
18.0101150857,7.84353804052,104.550332758
77.0373871946,92.1566948634,4.33264069674
18.0094701339,7.84330513663,104.550332758
77.0378548714,92.15686375,4.33264069674
18.009002457,7.84313624996,104.550332758
77.0381888474,92.1569843549,4.33264069674
18.008668481,7.84301564513,104.550332758
77.0384339772,92.1570728757,4.33264069674
18.0084233513,7.84292712428,104.550332758
77.0386522286,92.1571516903,4.33264069674
18.0082050999,7.84284830969,104.550332758
77.0388469992,92.1572220255,4.33264069674
18.0080103293,7.84277797448,104.550332758
77.0390235284,92.1572857734,4.33264069674
18.0078338001,7.84271422655,104.550332758
77.0391447175,92.1573295371,4.33264069674
18.0077126109,7.84267046293,104.550332758
77.0392717881,92.1573754246,4.33264069674
18.0075855403,7.84262457541,104.550332758
77.0393147333,92.1573909329,4.33264069674
18.0075425951,7.84260906711,104.550332758
0.0,0.0,0.0
95.0468573284,100.0,108.882973455
0.00887115935247,1.41433093446,0.701199363691
95.0379861691,98.5856690655,108.181774091
0.0312768363097,3.03468120931,1.2775337873
95.0155804921,96.9653187907,107.605439667
0.0849182189328,4.87005904526,1.73760881011
94.9619391095,95.1299409547,107.145364645
0.189653070872,6.92146266514,2.09728954082
94.8572042576,93.0785373349,106.785683914
0.365273987725,9.17730163845,2.37825443304
94.6815833407,90.8226983616,106.504719022
0.632009240084,11.6375605269,2.60396868545
94.4148480884,88.3624394731,106.279004769
1.00905648663,14.2950505259,2.79046520599
94.0378008418,85.7049494741,106.092508249
1.51277568311,17.1338865592,2.9444766679
93.5340816453,82.8661134408,105.938496787
2.1455564068,20.0997183295,3.06859644528
92.9013009216,79.9002816705,105.814377009
2.90556596618,23.141296294,3.16553341556
92.1412913623,76.858703706,105.717440039
3.79663312311,26.2393334946,3.24011357205
91.2502242053,73.7606665054,105.642859883
4.82851656203,29.3911165774,3.29690652442
90.2183407664,70.6088834226,105.58606693
6.01090657936,32.5911018343,3.33989339369
89.0359507491,67.4088981657,105.543080061
7.34984966729,35.8223415288,3.37228087066
87.6970076611,64.1776584712,105.510692584
8.84218662207,39.0501583215,3.39654939787
86.2046707064,60.9498416785,105.486424057
10.4825417166,42.24162066,3.41472206324
84.5643156119,57.75837934,105.468251392
12.2721072756,45.3837953219,3.42854460376
82.7747500529,54.6162046781,105.454428851
14.2107375349,48.4638489242,3.43922870889
80.8361197935,51.5361510758,105.443744746
16.2972879455,51.4701799056,3.44765683173
78.7495693829,48.5298200944,105.435316623
18.5250007079,54.3872346429,3.45453687485
76.5218566205,45.6127653571,105.42843658
20.9013095277,57.2203703256,3.4604706036
74.1455478007,42.7796296744,105.422502851
23.4323919508,59.9736064,3.4658883564
71.6144653777,40.0263936,105.417085098
26.1104906205,62.6361565803,3.47100351507
68.936366708,37.3638434197,105.41196994
28.8888545296,65.1674319505,3.47570181519
66.1580027989,34.8325680495,105.40727164
31.7131428456,67.5301952705,3.47976589016
63.3337144828,32.4698047295,105.403207565
34.5565367341,69.7215033056,3.4831232626
60.4903205944,30.2784966944,105.399850192
37.4399882983,71.7740275727,3.48606588339
57.6068690302,28.2259724273,105.396907571
40.3922557325,73.7240043814,3.48887039288
54.654601596,26.2759956186,105.394103062
43.3786976763,75.5650754822,3.49134984849
51.6681596521,24.4349245178,105.391623606
46.3625844344,77.2902788472,3.49344879047
48.684272894,22.7097211528,105.389524664
49.3055701639,78.8931866134,3.49516899634
45.7412871645,21.1068133866,105.387804458
52.1760491284,80.3754582131,3.4963875753
42.8708082,19.6245417869,105.386585879
54.9370382021,81.7351421291,3.49722185359
40.1098191264,18.2648578709,105.385751601
57.5564319565,82.9718769986,3.49789804856
37.490425372,17.0281230014,105.385075406
60.0148060475,84.0905689153,3.49848454352
35.0320512809,15.9094310847,105.384488911
62.2784309718,85.0882369093,3.49894589481
32.7684263566,14.9117630907,105.38402756
64.3184893364,85.9626905725,3.49923417735
30.7283679921,14.0373094275,105.383739277
66.1321262934,86.7214906868,3.49940781984
28.914731035,13.2785093132,105.383565635
67.7429443452,87.3810156898,3.49952090312
27.3039129832,12.6189843102,105.383452552
69.1843589499,87.9598459232,3.49960248849
25.8624983785,12.0401540768,105.383370966
70.4634494346,88.4647431932,3.49966544681
24.5834078938,11.5352568068,105.383308008
71.5796014326,88.8987582657,3.49971218475
23.4672558958,11.1012417343,105.38326127
72.5315659051,89.2641539704,3.49974116506
22.5152914233,10.7358460296,105.38323229
73.3343966775,89.5690477667,3.49975061473
21.7124606509,10.4309522333,105.38322284
74.008811098,89.8229292035,3.49975030235
21.0380462305,10.1770707965,105.383223152
74.577161411,90.0352786918,3.49975040236
20.4696959175,9.96472130825,105.383223052
75.0512758262,90.2113128602,3.49975037556
19.9955815022,9.78868713985,105.383223079
75.443600538,90.3562577128,3.49975038274
19.6032567905,9.64374228717,105.383223072
75.7661333856,90.4749782656,3.49975038082
19.2807239429,9.52502173442,105.383223074
76.0289089652,90.5713970082,3.49975038133
19.0179483632,9.42860299178,105.383223073
76.2408057327,90.648925367,3.49975038119
18.8060515957,9.35107463299,105.383223074
76.4096745347,90.7105608126,3.49975038123
18.6371827938,9.28943918741,105.383223074
76.5454047478,90.7599842971,3.49975038122
18.5014525807,9.24001570295,105.383223074
76.6532407671,90.7991593404,3.49975038122
18.3936165614,9.20084065964,105.383223074
76.735577857,90.8290063998,3.49975038122
18.3112794715,9.17099360022,105.383223074
76.7975106022,90.8514220268,3.49975038122
18.2493467262,9.14857797319,105.383223074
76.8446328433,90.8684619005,3.49975038122
18.2022244851,9.13153809946,105.383223074
76.8820643121,90.8819881457,3.49975038122
18.1647930163,9.11801185428,105.383223074
76.9121874541,90.8928679742,3.49975038122
18.1346698743,9.10713202579,105.383223074
76.9366601348,90.9017053706,3.49975038122
18.1101971936,9.09829462938,105.383223074
76.9564877271,90.9088655139,3.49975038122
18.0903696014,9.09113448612,105.383223074
76.9725710581,90.9146734891,3.49975038122
18.0742862703,9.08532651095,105.383223074
76.9854010591,90.9193066397,3.49975038122
18.0614562693,9.08069336031,105.383223074
76.9950713076,90.9227987426,3.49975038122
18.0517860208,9.07720125744,105.383223074
77.0022692506,90.9253980516,3.49975038122
18.0445880778,9.07460194836,105.383223074
77.007733167,90.9273711719,3.49975038122
18.0391241614,9.07262882808,105.383223074
77.0122493631,90.9290020532,3.49975038122
18.0346079653,9.07099794684,105.383223074
77.0159904735,90.9303530367,3.49975038122
18.030866855,9.06964696335,105.383223074
77.0190586122,90.9314609978,3.49975038122
18.0277987162,9.06853900222,105.383223074
77.0215313035,90.9323539318,3.49975038122
18.025326025,9.06764606816,105.383223074
77.0235176417,90.9330712349,3.49975038122
18.0233396868,9.06692876511,105.383223074
77.0250876214,90.9336381833,3.49975038122
18.021769707,9.06636181668,105.383223074
77.0262579479,90.9340608096,3.49975038122
18.0205993806,9.06593919038,105.383223074
77.0271271825,90.9343747061,3.49975038122
18.0197301459,9.06562529385,105.383223074
77.0277721343,90.93460761,3.49975038122
18.0190851941,9.06539238996,105.383223074
77.0282398112,90.9347764967,3.49975038122
18.0186175172,9.06522350329,105.383223074
77.0285737872,90.9348971015,3.49975038122
18.0182835413,9.06510289846,105.383223074
77.0288189169,90.9349856224,3.49975038122
18.0180384115,9.06501437762,105.383223074
77.0290371684,90.935064437,3.49975038122
18.0178201601,9.06493556303,105.383223074
77.0292319389,90.9351347722,3.49975038122
18.0176253895,9.06486522781,105.383223074
77.0294084682,90.9351985201,3.49975038122
18.0174488603,9.06480147989,105.383223074
77.0295296573,90.9352422837,3.49975038122
18.0173276711,9.06475771627,105.383223074
77.0296567279,90.9352881713,3.49975038122
18.0172006005,9.06471182874,105.383223074
77.0296996731,90.9353036796,3.49975038122
18.0171576553,9.06469632044,105.383223074
0.0,0.0,0.0
95.0468573284,100.0,108.882973455
0.0224056769572,1.62035027485,0.576334423605
95.0244516515,98.3796497252,108.306639031
0.0760470595803,3.4557281108,1.03640944642
94.9708102689,96.5442718892,107.846564008
0.180781911519,5.50713173067,1.39609017713
94.8660754169,94.4928682693,107.486883278
0.356402828372,7.76297070399,1.67705506935
94.6904545001,92.237029296,107.205918385
0.623138080732,10.2232295925,1.90276932176
94.4237192477,89.7767704075,106.980204133
1.00018532727,12.8807195914,2.0892658423
94.0466720012,87.1192804086,106.793707612
1.50390452376,15.7195556247,2.24327730421
93.5429528047,84.2804443753,106.639696151
2.13668524745,18.6853873951,2.36739708159
92.910172081,81.3146126049,106.515576373
2.89669480683,21.7269653595,2.46433405187
92.1501625216,78.2730346405,106.418639403
3.78776196376,24.8250025601,2.53891420836
91.2590953647,75.1749974399,106.344059246
4.81964540268,27.9767856429,2.59570716073
90.2272119258,72.0232143571,106.287266294
6.00203542001,31.1767708998,2.63869403
89.0448219084,68.8232291002,106.244279425
7.34097850794,34.4080105944,2.67108150697
87.7058788205,65.5919894056,106.211891948
8.83331546271,37.6358273871,2.69535003417
86.2135418657,62.3641726129,106.187623421
10.4736705572,40.8272897255,2.71352269955
84.5731867712,59.1727102745,106.169450755
12.2632361162,43.9694643874,2.72734524007
82.7836212122,56.0305356126,106.155628215
14.2018663756,47.0495179897,2.7380293452
80.8449909529,52.9504820103,106.14494411
16.2884167861,50.0558489711,2.74645746803
78.7584405423,49.9441510289,106.136515987
18.5161295485,52.9729037085,2.75333751116
76.5307277799,47.0270962915,106.129635944
20.8924383684,55.8060393911,2.75927123991
74.1544189601,44.1939606089,106.123702215
23.4235207914,58.5592754655,2.76468899271
71.623336537,41.4407245345,106.118284462
26.1016194611,61.2218256458,2.76980415138
68.9452378673,38.7781743542,106.113169303
28.8799833702,63.753101016,2.7745024515
66.1668739582,36.246898984,106.108471003
31.7042716862,66.115864336,2.77856652646
63.3425856422,33.884135664,106.104406928
34.5476655747,68.3071723712,2.78192389891
60.4991917537,31.6928276288,106.101049556
37.4311171389,70.3596966383,2.7848665197
57.6157401895,29.6403033617,106.098106935
40.3833845731,72.309673447,2.78767102919
54.6634727553,27.690326553,106.095302426
43.369826517,74.1507445478,2.7901504848
51.6770308115,25.8492554522,106.09282297
46.3537132751,75.8759479127,2.79224942677
48.6931440534,24.1240520873,106.090724028
49.2966990046,77.4788556789,2.79396963265
45.7501583239,22.5211443211,106.089003822
52.1671779691,78.9611272787,2.7951882116
42.8796793594,21.0388727213,106.087785243
54.9281670427,80.3208111946,2.7960224899
40.1186902857,19.6791888054,106.086950965
57.5475607971,81.5575460641,2.79669868487
37.4992965313,18.4424539359,106.08627477
60.0059348882,82.6762379809,2.79728517983
35.0409224403,17.3237620191,106.085688275
62.2695598124,83.6739059748,2.79774653112
32.777297516,16.3260940252,106.085226924
64.309618177,84.548359638,2.79803481366
30.7372391514,15.451640362,106.084938641
66.1232551341,85.3071597523,2.79820845615
28.9236021944,14.6928402477,106.084764999
67.7340731859,85.9666847553,2.79832153943
27.3127841426,14.0333152447,106.084651915
69.1754877906,86.5455149887,2.7984031248
25.8713695379,13.4544850113,106.08457033
70.4545782753,87.0504122587,2.79846608312
24.5922790532,12.9495877413,106.084507372
71.5707302733,87.4844273312,2.79851282106
23.4761270552,12.5155726688,106.084460634
72.5226947458,87.849823036,2.79854180137
22.5241625826,12.150176964,106.084431653
73.3255255182,88.1547168323,2.79855125104
21.7213318103,11.8452831677,106.084422204
73.9999399386,88.408598269,2.79855093866
21.0469173898,11.591401731,106.084422516
74.5682902516,88.6209477573,2.79855103866
20.4785670768,11.3790522427,106.084422416
75.0424046668,88.7969819257,2.79855101187
20.0044526616,11.2030180743,106.084422443
75.4347293786,88.9419267784,2.79855101905
19.6121279498,11.0580732216,106.084422436
75.7572622262,89.0606473311,2.79855101712
19.2895951022,10.9393526689,106.084422438
76.0200378059,89.1570660738,2.79855101764
19.0268195226,10.8429339262,106.084422437
76.2319345734,89.2345944325,2.7985510175
18.814922755,10.7654055675,106.084422437
76.4008033753,89.2962298781,2.79855101754
18.6460539531,10.7037701219,106.084422437
76.5365335884,89.3456533626,2.79855101753
18.51032374,10.6543466374,106.084422437
76.6443696077,89.3848284059,2.79855101753
18.4024877207,10.6151715941,106.084422437
76.7267066976,89.4146754653,2.79855101753
18.3201506308,10.5853245347,106.084422437
76.7886394428,89.4370910923,2.79855101753
18.2582178856,10.5629089077,106.084422437
76.8357616839,89.4541309661,2.79855101753
18.2110956445,10.5458690339,106.084422437
76.8731931528,89.4676572113,2.79855101753
18.1736641756,10.5323427887,106.084422437
76.9033162948,89.4785370397,2.79855101753
18.1435410337,10.5214629603,106.084422437
76.9277889755,89.4873744362,2.79855101753
18.119068353,10.5126255638,106.084422437
76.9476165677,89.4945345794,2.79855101753
18.0992407607,10.5054654206,106.084422437
76.9636998988,89.5003425546,2.79855101753
18.0831574297,10.4996574454,106.084422437
76.9765298998,89.5049757052,2.79855101753
18.0703274286,10.4950242948,106.084422437
76.9862001483,89.5084678081,2.79855101753
18.0606571802,10.4915321919,106.084422437
76.9933980912,89.5110671172,2.79855101753
18.0534592372,10.4889328828,106.084422437
76.9988620077,89.5130402375,2.79855101753
18.0479953208,10.4869597625,106.084422437
77.0033782038,89.5146711187,2.79855101753
18.0434791247,10.4853288813,106.084422437
77.0071193141,89.5160221022,2.79855101753
18.0397380143,10.4839778978,106.084422437
77.0101874529,89.5171300633,2.79855101753
18.0366698756,10.4828699367,106.084422437
77.0126601441,89.5180229974,2.79855101753
18.0341971843,10.4819770026,106.084422437
77.0146464823,89.5187403004,2.79855101753
18.0322108461,10.4812596996,106.084422437
77.0162164621,89.5193072489,2.79855101753
18.0306408664,10.4806927511,106.084422437
77.0173867885,89.5197298752,2.79855101753
18.0294705399,10.4802701248,106.084422437
77.0182560231,89.5200437717,2.79855101753
18.0286013053,10.4799562283,106.084422437
77.018900975,89.5202766756,2.79855101753
18.0279563535,10.4797233244,106.084422437
77.0193686519,89.5204455622,2.79855101753
18.0274886766,10.4795544378,106.084422437
77.0197026278,89.5205661671,2.79855101753
18.0271547006,10.4794338329,106.084422437
77.0199477576,89.5206546879,2.79855101753
18.0269095709,10.4793453121,106.084422437
77.020166009,89.5207335025,2.79855101753
18.0266913194,10.4792664975,106.084422437
77.0203607796,89.5208038377,2.79855101753
18.0264965489,10.4791961623,106.084422437
77.0205373088,89.5208675856,2.79855101753
18.0263200196,10.4791324144,106.084422437
77.020658498,89.5209113493,2.79855101753
18.0261988305,10.4790886507,106.084422437
77.0207855686,89.5209572368,2.79855101753
18.0260717599,10.4790427632,106.084422437
77.0208285138,89.5209727451,2.79855101753
18.0260288147,10.4790272549,106.084422437
0.0,0.0,0.0
95.0468573284,100.0,108.882973455
0.0536413826231,1.83537783595,0.460075022816
94.9932159458,98.164622164,108.422898432
0.158376234562,3.88678145583,0.819755753521
94.8884810939,96.1132185442,108.063217701
0.333997151415,6.14262042914,1.10072064574
94.712860177,93.8573795709,107.782252809
0.600732403775,8.60287931763,1.32643489816
94.4461249247,91.3971206824,107.556538557
0.977779650315,11.2603693165,1.51293141869
94.0690776781,88.7396306835,107.370042036
1.4814988468,14.0992053499,1.6669428806
93.5653584816,85.9007946501,107.216030574
2.11427957049,17.0650371202,1.79106265799
92.9325777579,82.9349628798,107.091910797
2.87428912987,20.1066150846,1.88799962826
92.1725681986,79.8933849154,106.994973826
3.7653562868,23.2046522852,1.96257978475
91.2815010416,76.7953477148,106.92039367
4.79723972572,26.3564353681,2.01937273712
90.2496176027,73.6435646319,106.863600718
5.97962974305,29.556420625,2.06235960639
89.0672275854,70.443579375,106.820613848
7.31857283099,32.7876603195,2.09474708337
87.7282844975,67.2123396805,106.788226371
8.81090978576,36.0154771122,2.11901561057
86.2359475427,63.9845228878,106.763957844
10.4512648803,39.2069394507,2.13718827594
84.5955924482,60.7930605493,106.745785179
12.2408304393,42.3491141126,2.15101081646
82.8060268892,57.6508858874,106.731962638
14.1794606986,45.4291677149,2.1616949216
80.8673966298,54.5708322851,106.721278533
16.2660111092,48.4354986963,2.17012304443
78.7808462192,51.5645013037,106.71285041
18.4937238716,51.3525534336,2.17700308755
76.5531334569,48.6474465664,106.705970367
20.8700326914,54.1856891163,2.1829368163
74.176824637,45.8143108837,106.700036638
23.4011151144,56.9389251907,2.18835456911
71.645742214,43.0610748093,106.694618886
26.0792137841,59.601475371,2.19346972778
68.9676435443,40.398524629,106.689503727
28.8575776932,62.1327507412,2.19816802789
66.1892796352,37.8672492588,106.684805427
31.6818660093,64.4955140612,2.20223210286
63.3649913192,35.5044859388,106.680741352
34.5252598977,66.6868220963,2.2055894753
60.5215974307,33.3131779037,106.677383979
37.4087114619,68.7393463634,2.20853209609
57.6381458665,31.2606536366,106.674441359
40.3609788961,70.6893231721,2.21133660558
54.6858784323,29.3106768279,106.671636849
43.34742084,72.5303942729,2.2138160612
51.6994364884,27.4696057271,106.669157394
46.3313075981,74.2555976379,2.21591500317
48.7155497303,25.7444023621,106.667058452
49.2742933276,75.8585054041,2.21763520905
45.7725640008,24.1414945959,106.665338246
52.1447722921,77.3407770038,2.218853788
42.9020850363,22.6592229962,106.664119667
54.9057613658,78.7004609198,2.2196880663
40.1410959627,21.2995390802,106.663285388
57.5251551202,79.9371957893,2.22036426127
37.5217022083,20.0628042107,106.662609193
59.9835292112,81.055887706,2.22095075622
35.0633281172,18.944112294,106.662022699
62.2471541355,82.0535556999,2.22141210751
32.799703193,17.9464443001,106.661561347
64.2872125,82.9280093632,2.22170039005
30.7596448284,17.0719906368,106.661273065
66.1008494571,83.6868094775,2.22187403254
28.9460078713,16.3131905225,106.661099422
67.7116675089,84.3463344805,2.22198711583
27.3351898195,15.6536655195,106.660986339
69.1530821136,84.9251647139,2.22206870119
25.8937752148,15.0748352861,106.660904754
70.4321725983,85.4300619839,2.22213165951
24.6146847301,14.5699380161,106.660841795
71.5483245963,85.8640770564,2.22217839745
23.4985327321,14.1359229436,106.660795057
72.5002890688,86.2294727611,2.22220737777
22.5465682596,13.7705272389,106.660766077
73.3031198412,86.5343665574,2.22221682744
21.7437374872,13.4656334426,106.660756627
73.9775342617,86.7882479941,2.22221651506
21.0693230668,13.2117520059,106.66075694
74.5458845746,87.0005974824,2.22221661506
20.5009727538,12.9994025176,106.66075684
75.0199989899,87.1766316508,2.22221658826
20.0268583385,12.8233683492,106.660756866
75.4123237017,87.3215765035,2.22221659544
19.6345336268,12.6784234965,106.660756859
75.7348565493,87.4402970563,2.22221659352
19.3120007792,12.5597029437,106.660756861
75.9976321289,87.5367157989,2.22221659403
19.0492251995,12.4632842011,106.660756861
76.2095288964,87.6142441577,2.2222165939
18.837328432,12.3857558423,106.660756861
76.3783976984,87.6758796033,2.22221659393
18.6684596301,12.3241203967,106.660756861
76.5141279115,87.7253030877,2.22221659392
18.532729417,12.2746969123,106.660756861
76.6219639307,87.764478131,2.22221659393
18.4248933977,12.235521869,106.660756861
76.7043010206,87.7943251905,2.22221659393
18.3425563078,12.2056748095,106.660756861
76.7662337659,87.8167408175,2.22221659393
18.2806235626,12.1832591825,106.660756861
76.813356007,87.8337806912,2.22221659393
18.2335013215,12.1662193088,106.660756861
76.8507874758,87.8473069364,2.22221659393
18.1960698526,12.1526930636,106.660756861
76.8809106178,87.8581867649,2.22221659393
18.1659467106,12.1418132351,106.660756861
76.9053832985,87.8670241613,2.22221659393
18.1414740299,12.1329758387,106.660756861
76.9252108908,87.8741843046,2.22221659393
18.1216464377,12.1258156954,106.660756861
76.9412942218,87.8799922797,2.22221659393
18.1055631066,12.1200077203,106.660756861
76.9541242228,87.8846254304,2.22221659393
18.0927331056,12.1153745696,106.660756861
76.9637944713,87.8881175333,2.22221659393
18.0830628571,12.1118824667,106.660756861
76.9709924143,87.8907168423,2.22221659393
18.0758649142,12.1092831577,106.660756861
76.9764563307,87.8926899626,2.22221659393
18.0704009977,12.1073100374,106.660756861
76.9809725268,87.8943208439,2.22221659393
18.0658848016,12.1056791561,106.660756861
76.9847136372,87.8956718273,2.22221659393
18.0621436913,12.1043281727,106.660756861
76.9877817759,87.8967797885,2.22221659393
18.0590755525,12.1032202115,106.660756861
76.9902544672,87.8976727225,2.22221659393
18.0566028613,12.1023272775,106.660756861
76.9922408053,87.8983900256,2.22221659393
18.0546165231,12.1016099744,106.660756861
76.9938107851,87.898956974,2.22221659393
18.0530465433,12.101043026,106.660756861
76.9949811116,87.8993796003,2.22221659393
18.0518762169,12.1006203997,106.660756861
76.9958503462,87.8996934968,2.22221659393
18.0510069823,12.1003065032,106.660756861
76.996495298,87.8999264007,2.22221659393
18.0503620304,12.1000735993,106.660756861
76.9969629749,87.9000952874,2.22221659393
18.0498943535,12.0999047126,106.660756861
76.9972969509,87.9002158922,2.22221659393
18.0495603776,12.0997841078,106.660756861
76.9975420806,87.9003044131,2.22221659393
18.0493152478,12.0996955869,106.660756861
76.997760332,87.9003832277,2.22221659393
18.0490969964,12.0996167723,106.660756861
76.9979551026,87.9004535629,2.22221659393
18.0489022258,12.0995464371,106.660756861
76.9981316318,87.9005173108,2.22221659393
18.0487256966,12.0994826892,106.660756861
76.998252821,87.9005610744,2.22221659393
18.0486045074,12.0994389256,106.660756861
76.9983798916,87.9006069619,2.22221659393
18.0484774368,12.0993930381,106.660756861
76.9984228368,87.9006224702,2.22221659393
18.0484344916,12.0993775298,106.660756861
0.0,0.0,0.0
95.0468573284,100.0,108.882973455
0.104734851939,2.05140361987,0.359680730704
94.9421224765,97.9485963801,108.523292724
0.280355768792,4.30724259319,0.640645622927
94.7665015596,95.6927574068,108.242327832
0.547091021151,6.76750148168,0.866359875341
94.4997663073,93.2324985183,108.016613579
0.924138267692,9.42499148059,1.05285639588
94.1227190607,90.5750085194,107.830117059
1.42785746418,12.2638275139,1.20686785779
93.6189998643,87.7361724861,107.676105597
2.06063818787,15.2296592843,1.33098763517
92.9862191406,84.7703407157,107.55198582
2.82064774725,18.2712372487,1.42792460545
92.2262095812,81.7287627513,107.455048849
3.71171490418,21.3692744493,1.50250476194
91.3351424243,78.6307255507,107.380468693
4.7435983431,24.5210575321,1.55929771431
90.3032589853,75.4789424679,107.32367574
5.92598836043,27.721042789,1.60228458357
89.120868968,72.278957211,107.280688871
7.26493144836,30.9522824836,1.63467206055
87.7819258801,69.0477175164,107.248301394
8.75726840313,34.1800992763,1.65894058775
86.2895889253,65.8199007237,107.224032867
10.3976234976,37.3715616147,1.67711325313
84.6492338308,62.6284383853,107.205860202
12.1871890566,40.5137362766,1.69093579364
82.8596682718,59.4862637234,107.192037661
14.125819316,43.5937898789,1.70161989878
80.9210380124,56.4062101211,107.181353556
16.2123697266,46.6001208603,1.71004802161
78.8344876019,53.3998791397,107.172925433
18.440082489,49.5171755977,1.71692806474
76.6067748395,50.4828244023,107.16604539
20.8163913088,52.3503112803,1.72286179349
74.2304660197,47.6496887197,107.160111661
23.3474737318,55.1035473547,1.72827954629
71.6993835966,44.8964526453,107.154693908
26.0255724015,57.766097535,1.73339470496
69.0212849269,42.233902465,107.14957875
28.8039363106,60.2973729052,1.73809300508
66.2429210178,39.7026270948,107.14488045
31.6282246267,62.6601362252,1.74215708004
63.4186327018,37.3398637748,107.140816375
34.4716185151,64.8514442604,1.74551445249
60.5752388133,35.1485557396,107.137459002
37.3550700793,66.9039685275,1.74845707328
57.6917872491,33.0960314725,107.134516381
40.3073375135,68.8539453362,1.75126158277
54.7395198149,31.1460546638,107.131711872
43.2937794574,70.695016437,1.75374103838
51.7530778711,29.304983563,107.129232416
46.2776662155,72.4202198019,1.75583998035
48.769191113,27.5797801981,107.127133474
49.220651945,74.0231275681,1.75756018623
45.8262053835,25.9768724319,107.125413269
52.0911309095,75.5053991679,1.75877876518
42.9557264189,24.4946008321,107.12419469
54.8521199831,76.8650830838,1.75961304348
40.1947373453,23.1349169162,107.123360411
57.4715137375,78.1018179533,1.76028923845
37.5753435909,21.8981820467,107.122684216
59.9298878286,79.2205098701,1.7608757334
35.1169694999,20.7794901299,107.122097721
62.1935127529,80.218177864,1.76133708469
32.8533445756,19.781822136,107.12163637
64.2335711174,81.0926315272,1.76162536724
30.813286211,18.9073684728,107.121348088
66.0472080745,81.8514316415,1.76179900972
28.9996492539,18.1485683585,107.121174445
67.6580261263,82.5109566445,1.76191209301
27.3888312022,17.4890433555,107.121061362
69.099440731,83.0897868779,1.76199367837
25.9474165974,16.9102131221,107.120979776
70.3785312157,83.5946841479,1.7620566367
24.6683261127,16.4053158521,107.120916818
71.4946832137,84.0286992204,1.76210337464
23.5521741147,15.9713007796,107.12087008
72.4466476862,84.3940949252,1.76213235495
22.6002096422,15.6059050748,107.1208411
73.2494784586,84.6989887215,1.76214180462
21.7973788699,15.3010112785,107.12083165
73.923892879,84.9528701582,1.76214149224
21.1229644494,15.0471298418,107.120831963
74.492243192,85.1652196465,1.76214159224
20.5546141364,14.8347803535,107.120831863
74.9663576073,85.3412538149,1.76214156545
20.0804997212,14.6587461851,107.120831889
75.3586823191,85.4861986676,1.76214157263
19.6881750094,14.5138013324,107.120831882
75.6812151666,85.6049192203,1.7621415707
19.3656421618,14.3950807797,107.120831884
75.9439907463,85.701337963,1.76214157122
19.1028665821,14.298662037,107.120831884
76.1558875138,85.7788663217,1.76214157108
18.8909698146,14.2211336783,107.120831884
76.3247563157,85.8405017673,1.76214157112
18.7221010127,14.1594982327,107.120831884
76.4604865288,85.8899252518,1.76214157111
18.5863707996,14.1100747482,107.120831884
76.5683225481,85.9291002951,1.76214157111
18.4785347803,14.0708997049,107.120831884
76.650659638,85.9589473545,1.76214157111
18.3961976904,14.0410526455,107.120831884
76.7125923833,85.9813629815,1.76214157111
18.3342649452,14.0186370185,107.120831884
76.7597146244,85.9984028553,1.76214157111
18.2871427041,14.0015971447,107.120831884
76.7971460932,86.0119291005,1.76214157111
18.2497112352,13.9880708995,107.120831884
76.8272692352,86.0228089289,1.76214157111
18.2195880932,13.9771910711,107.120831884
76.8517419159,86.0316463254,1.76214157111
18.1951154125,13.9683536746,107.120831884
76.8715695081,86.0388064686,1.76214157111
18.1752878203,13.9611935314,107.120831884
76.8876528392,86.0446144438,1.76214157111
18.1592044892,13.9553855562,107.120831884
76.9004828402,86.0492475944,1.76214157111
18.1463744882,13.9507524056,107.120831884
76.9101530887,86.0527396973,1.76214157111
18.1367042398,13.9472603027,107.120831884
76.9173510317,86.0553390064,1.76214157111
18.1295062968,13.9446609936,107.120831884
76.9228149481,86.0573121267,1.76214157111
18.1240423804,13.9426878733,107.120831884
76.9273311442,86.0589430079,1.76214157111
18.1195261843,13.9410569921,107.120831884
76.9310722545,86.0602939914,1.76214157111
18.1157850739,13.9397060086,107.120831884
76.9341403933,86.0614019525,1.76214157111
18.1127169352,13.9385980475,107.120831884
76.9366130846,86.0622948866,1.76214157111
18.1102442439,13.9377051134,107.120831884
76.9385994227,86.0630121896,1.76214157111
18.1082579057,13.9369878104,107.120831884
76.9401694025,86.0635791381,1.76214157111
18.1066879259,13.9364208619,107.120831884
76.9413397289,86.0640017644,1.76214157111
18.1055175995,13.9359982356,107.120831884
76.9422089636,86.0643156609,1.76214157111
18.1046483649,13.9356843391,107.120831884
76.9428539154,86.0645485648,1.76214157111
18.104003413,13.9354514352,107.120831884
76.9433215923,86.0647174514,1.76214157111
18.1035357362,13.9352825486,107.120831884
76.9436555682,86.0648380563,1.76214157111
18.1032017602,13.9351619437,107.120831884
76.943900698,86.0649265771,1.76214157111
18.1029566304,13.9350734229,107.120831884
76.9441189494,86.0650053917,1.76214157111
18.102738379,13.9349946083,107.120831884
76.94431372,86.0650757269,1.76214157111
18.1025436084,13.9349242731,107.120831884
76.9444902492,86.0651394748,1.76214157111
18.1023670792,13.9348605252,107.120831884
76.9446114384,86.0651832385,1.76214157111
18.1022458901,13.9348167615,107.120831884
76.944738509,86.065229126,1.76214157111
18.1021188195,13.934770874,107.120831884
76.9447814542,86.0652446343,1.76214157111
18.1020758743,13.9347553657,107.120831884
0.0,0.0,0.0
95.0468573284,100.0,108.882973455
0.175620916853,2.25583897331,0.280964892223
94.8712364116,97.7441610267,108.602008563
0.442356169212,4.71609786181,0.506679144637
94.6045011592,95.2839021382,108.37629431
0.819403415753,7.37358786071,0.693175665173
94.2274539127,92.6264121393,108.18979779
1.32312261224,10.2124238941,0.847187127082
93.7237347162,89.7875761059,108.035786328
1.95590333593,13.1782556644,0.971306904467
93.0909539925,86.8217443356,107.91166655
2.71591289531,16.2198336288,1.06824387474
92.3309444331,83.7801663712,107.81472958
3.60698005224,19.3178708294,1.14282403123
91.4398772762,80.6821291706,107.740149424
4.63886349116,22.4696539122,1.1996169836
90.4079938373,77.5303460878,107.683356471
5.82125350849,25.6696391691,1.24260385287
89.22560382,74.3303608309,107.640369602
7.16019659642,28.9008788637,1.27499132985
87.886660732,71.0991211363,107.607982125
8.65253355119,32.1286956564,1.29925985705
86.3943237772,67.8713043436,107.583713598
10.2928886457,35.3201579949,1.31743252242
84.7539686827,64.6798420051,107.565540932
12.0824542047,38.4623326568,1.33125506294
82.9644031237,61.5376673432,107.551718392
14.0210844641,41.542386259,1.34193916807
81.0257728644,58.457613741,107.541034287
16.1076348746,44.5487172404,1.35036729091
78.9392224538,55.4512827596,107.532606164
18.335347637,47.4657719778,1.35724733403
76.7115096914,52.5342280222,107.525726121
20.7116564568,50.2989076605,1.36318106278
74.3352008716,49.7010923395,107.519792392
23.2427388799,53.0521437348,1.36859881559
71.8041184486,46.9478562652,107.514374639
25.9208375496,55.7146939151,1.37371397426
69.1260197789,44.2853060849,107.50925948
28.6992014587,58.2459692854,1.37841227437
66.3476558698,41.7540307146,107.50456118
31.5234897747,60.6087326054,1.38247634934
63.5233675537,39.3912673946,107.500497105
34.3668836632,62.8000406405,1.38583372178
60.6799736653,37.1999593595,107.497139733
37.2503352274,64.8525649076,1.38877634257
57.7965221011,35.1474350924,107.494197112
40.2026026616,66.8025417163,1.39158085206
54.8442546669,33.1974582837,107.491392603
43.1890446054,68.6436128171,1.39406030768
51.857812723,31.3563871829,107.488913147
46.1729313635,70.3688161821,1.39615924965
48.8739259649,29.6311838179,107.486814205
49.115917093,71.9717239482,1.39787945553
45.9309402354,28.0282760518,107.485093999
51.9863960576,73.453995548,1.39909803448
43.0604612709,26.546004452,107.48387542
54.7473851312,74.813679464,1.39993231278
40.2994721972,25.186320536,107.483041142
57.3667788856,76.0504143335,1.40060850775
37.6800784428,23.9495856665,107.482364947
59.8251529766,77.1691062502,1.4011950027
35.2217043518,22.8308937498,107.481778452
62.0887779009,78.1667742441,1.40165635399
32.9580794275,21.8332257559,107.481317101
64.1288362655,79.0412279074,1.40194463653
30.918021063,20.9587720926,107.481028818
65.9424732226,79.8000280217,1.40211827902
29.1043841059,20.1999719783,107.480855176
67.5532912743,80.4595530246,1.40223136231
27.4935660541,19.5404469754,107.480742092
68.9947058791,81.0383832581,1.40231294767
26.0521514494,18.9616167419,107.480660507
70.2737963638,81.543280528,1.40237590599
24.7730609647,18.456719472,107.480597549
71.3899483618,81.9772956006,1.40242264393
23.6569089667,18.0227043994,107.480550811
72.3419128343,82.3426913053,1.40245162425
22.7049444942,17.6573086947,107.48052183
73.1447436066,82.6475851016,1.40246107392
21.9021137218,17.3524148984,107.480512381
73.8191580271,82.9014665383,1.40246076154
21.2276993013,17.0985334617,107.480512693
74.3875083401,83.1138160266,1.40246086154
20.6593489884,16.8861839734,107.480512593
74.8616227553,83.289850195,1.40246083474
20.1852345731,16.710149805,107.48051262
75.2539474671,83.4347950477,1.40246084192
19.7929098613,16.5652049523,107.480512613
75.5764803147,83.5535156004,1.40246084
19.4703770137,16.4464843996,107.480512615
75.8392558944,83.6499343431,1.40246084051
19.2076014341,16.3500656569,107.480512614
76.0511526619,83.7274627019,1.40246084038
18.9957046666,16.2725372981,107.480512614
76.2200214638,83.7890981475,1.40246084041
18.8268358646,16.2109018525,107.480512614
76.3557516769,83.8385216319,1.4024608404
18.6911056515,16.1614783681,107.480512614
76.4635876962,83.8776966752,1.40246084041
18.5832696323,16.1223033248,107.480512614
76.5459247861,83.9075437346,1.40246084041
18.5009325424,16.0924562654,107.480512614
76.6078575313,83.9299593617,1.40246084041
18.4389997971,16.0700406383,107.480512614
76.6549797724,83.9469992354,1.40246084041
18.391877556,16.0530007646,107.480512614
76.6924112413,83.9605254806,1.40246084041
18.3544460872,16.0394745194,107.480512614
76.7225343833,83.9714053091,1.40246084041
18.3243229452,16.0285946909,107.480512614
76.747007064,83.9802427055,1.40246084041
18.2998502645,16.0197572945,107.480512614
76.7668346562,83.9874028487,1.40246084041
18.2800226722,16.0125971513,107.480512614
76.7829179873,83.9932108239,1.40246084041
18.2639393412,16.0067891761,107.480512614
76.7957479883,83.9978439746,1.40246084041
18.2511093402,16.0021560254,107.480512614
76.8054182367,84.0013360774,1.40246084041
18.2414390917,15.9986639226,107.480512614
76.8126161797,84.0039353865,1.40246084041
18.2342411487,15.9960646135,107.480512614
76.8180800961,84.0059085068,1.40246084041
18.2287772323,15.9940914932,107.480512614
76.8225962922,84.007539388,1.40246084041
18.2242610362,15.992460612,107.480512614
76.8263374026,84.0088903715,1.40246084041
18.2205199258,15.9911096285,107.480512614
76.8294055413,84.0099983326,1.40246084041
18.2174517871,15.9900016674,107.480512614
76.8318782326,84.0108912667,1.40246084041
18.2149790958,15.9891087333,107.480512614
76.8338645708,84.0116085697,1.40246084041
18.2129927577,15.9883914303,107.480512614
76.8354345506,84.0121755182,1.40246084041
18.2114227779,15.9878244818,107.480512614
76.836604877,84.0125981445,1.40246084041
18.2102524514,15.9874018555,107.480512614
76.8374741116,84.012912041,1.40246084041
18.2093832168,15.987087959,107.480512614
76.8381190635,84.0131449449,1.40246084041
18.208738265,15.9868550551,107.480512614
76.8385867403,84.0133138316,1.40246084041
18.2082705881,15.9866861684,107.480512614
76.8389207163,84.0134344364,1.40246084041
18.2079366121,15.9865655636,107.480512614
76.8391658461,84.0135229572,1.40246084041
18.2076914824,15.9864770428,107.480512614
76.8393840975,84.0136017718,1.40246084041
18.207473231,15.9863982282,107.480512614
76.8395788681,84.013672107,1.40246084041
18.2072784604,15.986327893,107.480512614
76.8397553973,84.013735855,1.40246084041
18.2071019312,15.986264145,107.480512614
76.8398765864,84.0137796186,1.40246084041
18.206980742,15.9862203814,107.480512614
76.840003657,84.0138255061,1.40246084041
18.2068536714,15.9861744939,107.480512614
76.8400466022,84.0138410144,1.40246084041
18.2068107262,15.9861589856,107.480512614
0.0,0.0,0.0
95.0468573284,100.0,108.882973455
0.26673525236,2.4602588885,0.225714252414
94.7801220761,97.5397411115,108.657259202
0.643782498901,5.1177488874,0.41221077295
94.4030748295,94.8822511126,108.470762682
1.14750169539,7.95658492075,0.566222234859
93.899355633,92.0434150793,108.31675122
1.78028241908,10.9224166911,0.690342012244
93.2665749094,89.0775833089,108.192631443
2.54029197846,13.9639946555,0.787278982521
92.50656535,86.0360053445,108.095694472
3.43135913539,17.0620318561,0.86185913901
91.6154981931,82.9379681439,108.021114316
4.46324257431,20.2138149389,0.918652091381
90.5836147541,79.7861850611,107.964321363
5.64563259164,23.4138001958,0.961638960648
89.4012247368,76.5861998042,107.921334494
6.98457567957,26.6450398904,0.994026437623
88.0622816489,73.3549601096,107.888947017
8.47691263434,29.8728566831,1.01829496483
86.5699446941,70.1271433169,107.86467849
10.1172677288,33.0643190215,1.0364676302
84.9295895996,66.9356809785,107.846505825
11.9068332878,36.2064936835,1.05029017072
83.1400240406,63.7935063165,107.832683284
13.8454635472,39.2865472857,1.06097427585
81.2013937812,60.7134527143,107.821999179
15.9320139578,42.2928782671,1.06940239869
79.1148433707,57.7071217329,107.813571056
18.1597267202,45.2099330045,1.07628244181
76.8871306083,54.7900669955,107.806691013
20.53603554,48.0430686871,1.08221617056
74.5108217884,51.9569313129,107.800757284
23.067117963,50.7963047615,1.08763392336
71.9797393654,49.2036952385,107.795339531
25.7452166327,53.4588549418,1.09274908203
69.3016406957,46.5411450582,107.790224373
28.5235805418,55.990130312,1.09744738215
66.5232767866,44.009869688,107.785526073
31.3478688579,58.3528936321,1.10151145712
63.6989884706,41.6471063679,107.781461998
34.1912627463,60.5442016672,1.10486882956
60.8555945821,39.4557983328,107.778104625
37.0747143105,62.5967259343,1.10781145035
57.9721430179,37.4032740657,107.775162004
40.0269817447,64.546702743,1.11061595984
55.0198755837,35.453297257,107.772357495
43.0134236886,66.3877738438,1.11309541545
52.0334336399,33.6122261562,107.769878039
45.9973104467,68.1129772088,1.11519435743
49.0495468818,31.8870227912,107.767779097
48.9402961762,69.7158849749,1.1169145633
46.1065611522,30.2841150251,107.766058891
51.8107751407,71.1981565747,1.11813314226
43.2360821877,28.8018434253,107.764840312
54.5717642144,72.5578404906,1.11896742055
40.4750931141,27.4421595094,107.764006034
57.1911579687,73.7945753601,1.11964361552
37.8556993597,26.2054246399,107.763329839
59.6495320598,74.9132672769,1.12023011048
35.3973252687,25.0867327231,107.762743344
61.9131569841,75.9109352708,1.12069146177
33.1337003444,24.0890647292,107.762281993
63.9532153486,76.7853889341,1.12097974431
31.0936419798,23.2146110659,107.76199371
65.7668523057,77.5441890483,1.1211533868
29.2800050227,22.4558109517,107.761820068
67.3776703575,78.2037140513,1.12126647008
27.6691869709,21.7962859487,107.761706985
68.8190849622,78.7825442848,1.12134805545
26.2277723662,21.2174557152,107.761625399
70.0981754469,79.2874415547,1.12141101377
24.9486818815,20.7125584453,107.761562441
71.2143274449,79.7214566272,1.12145775171
23.8325298835,20.2785433728,107.761515703
72.1662919174,80.086852332,1.12148673202
22.880565411,19.913147668,107.761486723
72.9691226898,80.3917461283,1.12149618169
22.0777346387,19.6082538717,107.761477273
73.6435371102,80.645627565,1.12149586931
21.4033202182,19.354372435,107.761477585
74.2118874232,80.8579770533,1.12149596932
20.8349699052,19.1420229467,107.761477485
74.6860018385,81.0340112217,1.12149594252
20.36085549,18.9659887783,107.761477512
75.0783265503,81.1789560744,1.1214959497
19.9685307782,18.8210439256,107.761477505
75.4008593979,81.2976766271,1.12149594778
19.6459979306,18.7023233729,107.761477507
75.6636349775,81.3940953698,1.12149594829
19.3832223509,18.6059046302,107.761477506
75.875531745,81.4716237286,1.12149594815
19.1713255834,18.5283762714,107.761477507
76.044400547,81.5332591741,1.12149594819
19.0024567815,18.4667408259,107.761477507
76.18013076,81.5826826586,1.12149594818
18.8667265684,18.4173173414,107.761477507
76.2879667793,81.6218577019,1.12149594818
18.7588905491,18.3781422981,107.761477507
76.3703038692,81.6517047613,1.12149594818
18.6765534592,18.3482952387,107.761477507
76.4322366145,81.6741203884,1.12149594818
18.614620714,18.3258796116,107.761477507
76.4793588556,81.6911602621,1.12149594818
18.5674984729,18.3088397379,107.761477507
76.5167903244,81.7046865073,1.12149594818
18.530067004,18.2953134927,107.761477507
76.5469134664,81.7155663358,1.12149594818
18.499943862,18.2844336642,107.761477507
76.5713861471,81.7244037322,1.12149594818
18.4754711813,18.2755962678,107.761477507
76.5912137394,81.7315638754,1.12149594818
18.4556435891,18.2684361246,107.761477507
76.6072970704,81.7373718506,1.12149594818
18.439560258,18.2626281494,107.761477507
76.6201270714,81.7420050012,1.12149594818
18.426730257,18.2579949988,107.761477507
76.6297973199,81.7454971041,1.12149594818
18.4170600085,18.2545028959,107.761477507
76.6369952629,81.7480964132,1.12149594818
18.4098620656,18.2519035868,107.761477507
76.6424591793,81.7500695335,1.12149594818
18.4043981491,18.2499304665,107.761477507
76.6469753754,81.7517004147,1.12149594818
18.399881953,18.2482995853,107.761477507
76.6507164857,81.7530513982,1.12149594818
18.3961408427,18.2469486018,107.761477507
76.6537846245,81.7541593593,1.12149594818
18.393072704,18.2458406407,107.761477507
76.6562573158,81.7550522934,1.12149594818
18.3906000127,18.2449477066,107.761477507
76.6582436539,81.7557695964,1.12149594818
18.3886136745,18.2442304036,107.761477507
76.6598136337,81.7563365449,1.12149594818
18.3870436947,18.2436634551,107.761477507
76.6609839602,81.7567591712,1.12149594818
18.3858733683,18.2432408288,107.761477507
76.6618531948,81.7570730677,1.12149594818
18.3850041337,18.2429269323,107.761477507
76.6624981466,81.7573059716,1.12149594818
18.3843591818,18.2426940284,107.761477507
76.6629658235,81.7574748583,1.12149594818
18.3838915049,18.2425251417,107.761477507
76.6632997994,81.7575954631,1.12149594818
18.383557529,18.2424045369,107.761477507
76.6635449292,81.7576839839,1.12149594818
18.3833123992,18.2423160161,107.761477507
76.6637631806,81.7577627985,1.12149594818
18.3830941478,18.2422372015,107.761477507
76.6639579512,81.7578331337,1.12149594818
18.3828993772,18.2421668663,107.761477507
76.6641344804,81.7578968817,1.12149594818
18.382722848,18.2421031183,107.761477507
76.6642556696,81.7579406453,1.12149594818
18.3826016589,18.2420593547,107.761477507
76.6643827402,81.7579865328,1.12149594818
18.3824745882,18.2420134672,107.761477507
76.6644256854,81.7580020411,1.12149594818
18.382431643,18.2419979589,107.761477507
0.0,0.0,0.0
95.0468573284,100.0,108.882973455
0.377047246541,2.65748999891,0.186496520536
94.6698100819,97.3425100011,108.696476934
0.88076644303,5.49632603225,0.340507982445
94.1660908854,94.5036739677,108.542465472
1.51354716672,8.4621578026,0.46462775983
93.5333101617,91.5378421974,108.418345695
2.2735567261,11.503735767,0.561564730106
92.7733006023,88.496264233,108.321408725
3.16462388303,14.6017729676,0.636144886596
91.8822334454,85.3982270324,108.246828568
4.19650732195,17.7535560504,0.692937838967
90.8503500065,82.2464439496,108.190035616
5.37889733928,20.9535413073,0.735924708233
89.6679599892,79.0464586927,108.147048747
6.71784042721,24.1847810019,0.768312185208
88.3290169012,75.8152189981,108.11466127
8.21017738198,27.4125977946,0.792580712411
86.8366799465,72.5874022054,108.090392742
9.85053247649,30.604060133,0.810753377786
85.196324852,69.395939867,108.072220077
11.6400980355,33.746234795,0.824575918303
83.406759293,66.253765205,108.058397536
13.5787282948,36.8262883972,0.835260023437
81.4681290336,63.1737116028,108.047713431
15.6652787054,39.8326193786,0.843688146271
79.381578623,60.1673806214,108.039285308
17.8929914678,42.749674116,0.850568189394
77.1538658606,57.250325884,108.032405265
20.2693002876,45.5828097986,0.856501918147
74.7775570408,54.4171902014,108.026471537
22.8003827107,48.336045873,0.86191967095
72.2464746178,51.663954127,108.021053784
25.4784813804,50.9985960533,0.86703482962
69.5683759481,49.0014039467,108.015938625
28.2568452895,53.5298714235,0.871733129735
66.790012039,46.4701285765,108.011240325
31.0811336055,55.8926347436,0.875797204701
63.9657237229,44.1073652564,108.00717625
33.924527494,58.0839427787,0.879154577145
61.1223298345,41.9160572213,108.003818878
36.8079790582,60.1364670458,0.882097197934
58.2388782703,39.8635329542,108.000876257
39.7602464924,62.0864438545,0.884901707424
55.2866108361,37.9135561455,107.998071747
42.7466884362,63.9275149553,0.887381163041
52.3001688922,36.0724850447,107.995592292
45.7305751943,65.6527183203,0.889480105011
49.3162821341,34.3472816797,107.99349335
48.6735609238,67.2556260864,0.89120031089
46.3732964046,32.7443739136,107.991773144
51.5440398883,68.7378976862,0.892418889841
43.5028174401,31.2621023138,107.990554565
54.305028962,70.0975816022,0.893253168139
40.7418283664,29.9024183978,107.989720287
56.9244227164,71.3343164717,0.893929363108
38.1224346121,28.6656835283,107.989044092
59.3827968074,72.4530083884,0.894515858063
35.664060521,27.5469916116,107.988457597
61.6464217317,73.4506763823,0.894977209352
33.4004355967,26.5493236177,107.987996245
63.6864800963,74.3251300456,0.895265491896
31.3603772322,25.6748699544,107.987707963
65.5001170533,75.0839301599,0.895439134382
29.5467402751,24.9160698401,107.98753432
67.1109351051,75.7434551628,0.89555221767
27.9359222233,24.2565448372,107.987421237
68.5523497099,76.3222853963,0.895633803033
26.4945076186,23.6777146037,107.987339652
69.8314401945,76.8271826662,0.895696761355
25.2154171339,23.1728173338,107.987276693
70.9475921925,77.2611977387,0.895743499296
24.0992651359,22.7388022613,107.987229955
71.8995566651,77.6265934435,0.895772479608
23.1473006634,22.3734065565,107.987200975
72.7023874374,77.9314872398,0.89578192928
22.344469891,22.0685127602,107.987191525
73.3768018579,78.1853686765,0.895781616898
21.6700554706,21.8146313235,107.987191838
73.9451521709,78.3977181648,0.895781716901
21.1017051576,21.6022818352,107.987191738
74.4192665861,78.5737523332,0.895781690106
20.6275907423,21.4262476668,107.987191765
74.8115912979,78.7186971859,0.895781697285
20.2352660305,21.2813028141,107.987191757
75.1341241455,78.8374177386,0.895781695362
19.9127331829,21.1625822614,107.987191759
75.3968997252,78.9338364813,0.895781695877
19.6499576033,21.0661635187,107.987191759
75.6087964927,79.0113648401,0.895781695739
19.4380608358,20.9886351599,107.987191759
75.7776652946,79.0730002856,0.895781695776
19.2691920338,20.9269997144,107.987191759
75.9133955077,79.1224237701,0.895781695766
19.1334618208,20.8775762299,107.987191759
76.021231527,79.1615988134,0.895781695769
19.0256258015,20.8384011866,107.987191759
76.1035686169,79.1914458728,0.895781695768
18.9432887116,20.8085541272,107.987191759
76.1655013621,79.2138614999,0.895781695768
18.8813559663,20.7861385001,107.987191759
76.2126236032,79.2309013736,0.895781695768
18.8342337252,20.7690986264,107.987191759
76.2500550721,79.2444276188,0.895781695768
18.7968022564,20.7555723812,107.987191759
76.280178214,79.2553074473,0.895781695768
18.7666791144,20.7446925527,107.987191759
76.3046508947,79.2641448437,0.895781695768
18.7422064337,20.7358551563,107.987191759
76.324478487,79.2713049869,0.895781695768
18.7223788414,20.7286950131,107.987191759
76.340561818,79.2771129621,0.895781695768
18.7062955104,20.7228870379,107.987191759
76.3533918191,79.2817461127,0.895781695768
18.6934655094,20.7182538873,107.987191759
76.3630620675,79.2852382156,0.895781695768
18.6837952609,20.7147617844,107.987191759
76.3702600105,79.2878375247,0.895781695768
18.6765973179,20.7121624753,107.987191759
76.3757239269,79.289810645,0.895781695768
18.6711334015,20.710189355,107.987191759
76.380240123,79.2914415262,0.895781695768
18.6666172054,20.7085584738,107.987191759
76.3839812334,79.2927925097,0.895781695768
18.6628760951,20.7072074903,107.987191759
76.3870493721,79.2939004708,0.895781695768
18.6598079563,20.7060995292,107.987191759
76.3895220634,79.2947934049,0.895781695768
18.657335265,20.7052065951,107.987191759
76.3915084016,79.2955107079,0.895781695768
18.6553489269,20.7044892921,107.987191759
76.3930783814,79.2960776564,0.895781695768
18.6537789471,20.7039223436,107.987191759
76.3942487078,79.2965002827,0.895781695768
18.6526086206,20.7034997173,107.987191759
76.3951179424,79.2968141792,0.895781695768
18.651739386,20.7031858208,107.987191759
76.3957628942,79.2970470831,0.895781695768
18.6510944342,20.7029529169,107.987191759
76.3962305711,79.2972159698,0.895781695768
18.6506267573,20.7027840302,107.987191759
76.3965645471,79.2973365746,0.895781695768
18.6502927814,20.7026634254,107.987191759
76.3968096769,79.2974250954,0.895781695768
18.6500476516,20.7025749046,107.987191759
76.3970279283,79.29750391,0.895781695768
18.6498294002,20.70249609,107.987191759
76.3972226989,79.2975742452,0.895781695768
18.6496346296,20.7024257548,107.987191759
76.3973992281,79.2976379932,0.895781695768
18.6494581004,20.7023620068,107.987191759
76.3975204172,79.2976817568,0.895781695768
18.6493369112,20.7023182432,107.987191759
76.3976474878,79.2977276443,0.895781695768
18.6492098406,20.7022723557,107.987191759
76.397690433,79.2977431526,0.895781695768
18.6491668954,20.7022568474,107.987191759
0.0,0.0,0.0
95.0468573284,100.0,108.882973455
0.50371919649,2.83883603335,0.154011461909
94.543138132,97.1611639667,108.728961993
1.13649992018,5.80466780369,0.278131239294
93.9103574083,94.1953321963,108.604842215
1.89650947956,8.8462457681,0.37506820957
93.1503478489,91.1537542319,108.507905245
2.78757663649,11.9442829687,0.44964836606
92.259280692,88.0557170313,108.433325089
3.81946007541,15.0960660515,0.506441318431
91.227397253,84.9039339485,108.376532136
5.00185009274,18.2960513084,0.549428187697
90.0450072357,81.7039486916,108.333545267
6.34079318067,21.527291003,0.581815664672
88.7060641478,78.472708997,108.30115779
7.83313013544,24.7551077957,0.606084191875
87.213727193,75.2448922043,108.276889263
9.47348522995,27.9465701341,0.62425685725
85.5733720985,72.0534298659,108.258716597
11.2630507889,31.0887447961,0.638079397767
83.7838065395,68.9112552039,108.244894057
13.2016810483,34.1687983983,0.648763502901
81.8451762801,65.8312016017,108.234209952
15.2882314589,37.1751293797,0.657191625735
79.7586258696,62.8248706203,108.225781829
17.5159442213,40.0921841171,0.664071668858
77.5309131072,59.9078158829,108.218901786
19.8922530411,42.9253197997,0.670005397611
75.1546042873,57.0746802003,108.212968057
22.4233354641,45.6785558741,0.675423150414
72.6235218643,54.3214441259,108.207550304
25.1014341338,48.3411060544,0.680538309084
69.9454231946,51.6588939456,108.202435146
27.8797980429,50.8723814246,0.685236609199
67.1670592855,49.1276185754,108.197736846
30.704086359,53.2351447447,0.689300684165
64.3427709695,46.7648552553,108.193672771
33.5474802474,55.4264527798,0.692658056609
61.499377081,44.5735472202,108.190315398
36.4309318116,57.4789770469,0.695600677398
58.6159255168,42.5210229531,108.187372777
39.3831992458,59.4289538556,0.698405186888
55.6636580826,40.5710461444,108.184568268
42.3696411897,61.2700249564,0.700884642505
52.6772161388,38.7299750436,108.182088812
45.3535279478,62.9952283214,0.702983584475
49.6933293807,37.0047716786,108.17998987
48.2965136773,64.5981360875,0.704703790354
46.7503436511,35.4018639125,108.178269664
51.1669926418,66.0804076873,0.705922369305
43.8798646866,33.9195923127,108.177051085
53.9279817155,67.4400916032,0.706756647603
41.118875613,32.5599083968,108.176216807
56.5473754698,68.6768264727,0.707432842572
38.4994818586,31.3231735273,108.175540612
59.0057495609,69.7955183895,0.708019337527
36.0411077676,30.2044816105,108.174954117
61.2693744852,70.7931863834,0.708480688816
33.7774828433,29.2068136166,108.174492766
63.3094328497,71.6676400467,0.708768971359
31.7374244787,28.3323599533,108.174204483
65.1230698068,72.4264401609,0.708942613846
29.9237875216,27.5735598391,108.174030841
66.7338878586,73.0859651639,0.709055697134
28.3129694698,26.9140348361,108.173917758
68.1753024633,73.6647953974,0.709137282497
26.8715548651,26.3352046026,108.173836172
69.454392948,74.1696926673,0.709200240819
25.5924643804,25.8303073327,108.173773214
70.570544946,74.6037077398,0.70924697876
24.4763123824,25.3962922602,108.173726476
71.5225094185,74.9691034446,0.709275959072
23.5243479099,25.0308965554,108.173697496
72.3253401909,75.2739972409,0.709285408744
22.7215171376,24.7260027591,108.173688046
72.9997546113,75.5278786776,0.709285096362
22.0471027171,24.4721213224,108.173688358
73.5681049243,75.7402281659,0.709285196365
21.4787524041,24.2597718341,108.173688258
74.0422193396,75.9162623343,0.709285169569
21.0046379889,24.0837376657,108.173688285
74.4345440514,76.061207187,0.709285176749
20.6123132771,23.938792813,108.173688278
74.757076899,76.1799277397,0.709285174826
20.2897804295,23.8200722603,108.17368828
75.0198524786,76.2763464824,0.709285175341
20.0270048498,23.7236535176,108.173688279
75.2317492461,76.3538748412,0.709285175203
19.8151080823,23.6461251588,108.17368828
75.4006180481,76.4155102867,0.70928517524
19.6462392804,23.5844897133,108.17368828
75.5363482611,76.4649337712,0.70928517523
19.5105090673,23.5350662288,108.17368828
75.6441842804,76.5041088145,0.709285175233
19.402673048,23.4958911855,108.17368828
75.7265213703,76.5339558739,0.709285175232
19.3203359581,23.4660441261,108.17368828
75.7884541156,76.556371501,0.709285175232
19.2584032129,23.443628499,108.17368828
75.8355763567,76.5734113747,0.709285175232
19.2112809718,23.4265886253,108.17368828
75.8730078255,76.5869376199,0.709285175232
19.1738495029,23.4130623801,108.17368828
75.9031309675,76.5978174484,0.709285175232
19.1437263609,23.4021825516,108.17368828
75.9276036482,76.6066548448,0.709285175232
19.1192536802,23.3933451552,108.17368828
75.9474312405,76.613814988,0.709285175232
19.099426088,23.386185012,108.17368828
75.9635145715,76.6196229632,0.709285175232
19.0833427569,23.3803770368,108.17368828
75.9763445725,76.6242561138,0.709285175232
19.0705127559,23.3757438862,108.17368828
75.986014821,76.6277482167,0.709285175232
19.0608425074,23.3722517833,108.17368828
75.993212764,76.6303475258,0.709285175232
19.0536445645,23.3696524742,108.17368828
75.9986766804,76.6323206461,0.709285175232
19.048180648,23.3676793539,108.17368828
76.0031928765,76.6339515273,0.709285175232
19.0436644519,23.3660484727,108.17368828
76.0069339868,76.6353025108,0.709285175232
19.0399233416,23.3646974892,108.17368828
76.0100021256,76.6364104719,0.709285175232
19.0368552029,23.3635895281,108.17368828
76.0124748169,76.637303406,0.709285175232
19.0343825116,23.362696594,108.17368828
76.014461155,76.638020709,0.709285175232
19.0323961734,23.361979291,108.17368828
76.0160311348,76.6385876575,0.709285175232
19.0308261936,23.3614123425,108.17368828
76.0172014613,76.6390102838,0.709285175232
19.0296558672,23.3609897162,108.17368828
76.0180706959,76.6393241803,0.709285175232
19.0287866326,23.3606758197,108.17368828
76.0187156477,76.6395570842,0.709285175232
19.0281416807,23.3604429158,108.17368828
76.0191833246,76.6397259709,0.709285175232
19.0276740038,23.3602740291,108.17368828
76.0195173005,76.6398465757,0.709285175232
19.0273400279,23.3601534243,108.17368828
76.0197624303,76.6399350965,0.709285175232
19.0270948981,23.3600649035,108.17368828
76.0199806817,76.6400139111,0.709285175232
19.0268766467,23.3599860889,108.17368828
76.0201754523,76.6400842463,0.709285175232
19.0266818761,23.3599157537,108.17368828
76.0203519815,76.6401479943,0.709285175232
19.0265053469,23.3598520057,108.17368828
76.0204731707,76.6401917579,0.709285175232
19.0263841578,23.3598082421,108.17368828
76.0206002413,76.6402376454,0.709285175232
19.0262570872,23.3597623546,108.17368828
76.0206431865,76.6402531537,0.709285175232
19.0262141419,23.3597468463,108.17368828
0.0,0.0,0.0
95.0468573284,100.0,108.882973455
0.632780723687,2.96583177034,0.124119777385
94.4140766048,97.0341682297,108.758853677
1.39279028307,6.00740973476,0.221056747662
93.6540670454,93.9925902652,108.661916707
2.28385744,9.10544693536,0.295636904151
92.7629998884,90.8945530646,108.587336551
3.31574087892,12.2572300182,0.352429856522
91.7311164495,87.7427699818,108.530543598
4.49813089625,15.4572152751,0.395416725789
90.5487264322,84.5427847249,108.487556729
5.83707398418,18.6884549696,0.427804202764
89.2097833443,81.3115450304,108.455169252
7.32941093895,21.9162717623,0.452072729967
87.7174463895,78.0837282377,108.430900725
8.96976603346,25.1077341008,0.470245395341
86.077091295,74.8922658992,108.412728059
10.7593315924,28.2499087627,0.484067935858
84.287525736,71.7500912373,108.398905519
12.6979618518,31.329962365,0.494752040993
82.3488954766,68.670037635,108.388221414
14.7845122624,34.3362933464,0.503180163827
80.2623450661,65.6637066536,108.379793291
17.0122250248,37.2533480837,0.51006020695
78.0346323037,62.7466519163,108.372913248
19.3885338446,40.0864837664,0.515993935702
75.6583234838,59.9135162336,108.366979519
21.9196162676,42.8397198408,0.521411688506
73.1272410608,57.1602801592,108.361561766
24.5977149373,45.5022700211,0.526526847176
70.4491423911,54.4977299789,108.356446608
27.3760788464,48.0335453913,0.531225147291
67.670778482,51.9664546087,108.351748307
30.2003671625,50.3963087113,0.535289222257
64.846490166,49.6036912887,108.347684232
33.0437610509,52.5876167464,0.538646594701
62.0030962775,47.4123832536,108.34432686
35.9272126151,54.6401410135,0.54158921549
59.1196447133,45.3598589865,108.341384239
38.8794800493,56.5901178222,0.54439372498
56.1673772791,43.4098821778,108.33857973
41.8659219932,58.431188923,0.546873180596
53.1809353352,41.568811077,108.336100274
44.8498087513,60.156392288,0.548972122567
50.1970485771,39.843607712,108.334001332
47.7927944808,61.7593000542,0.550692328445
47.2540628476,38.2406999458,108.332281126
50.6632734453,63.2415716539,0.551910907397
44.3835838831,36.7584283461,108.331062547
53.424262519,64.6012555699,0.552745185694
41.6225948095,35.3987444301,108.330228269
56.0436562734,65.8379904394,0.553421380664
39.0032010551,34.1620095606,108.329552074
58.5020303644,66.9566823561,0.554007875619
36.5448269641,33.0433176439,108.328965579
60.7656552887,67.9543503501,0.554469226908
34.2812020398,32.0456496499,108.328504228
62.8057136532,68.8288040133,0.554757509451
32.2411436752,31.1711959867,108.328215945
64.6193506103,69.5876041276,0.554931151938
30.4275067181,30.4123958724,108.328042303
66.2301686621,70.2471291306,0.555044235225
28.8166886663,29.7528708694,108.32792922
67.6715832668,70.825959364,0.555125820589
27.3752740616,29.174040636,108.327847634
68.9506737515,71.330856634,0.555188778911
26.0961835769,28.669143366,108.327784676
70.0668257495,71.7648717065,0.555235516851
24.9800315789,28.2351282935,108.327737938
71.018790222,72.1302674112,0.555264497163
24.0280671064,27.8697325888,108.327708958
71.8216209944,72.4351612075,0.555273946835
23.2252363341,27.5648387925,108.327699508
72.4960354149,72.6890426443,0.555273634453
22.5508219136,27.3109573557,108.32769982
73.0643857278,72.9013921326,0.555273734457
21.9824716006,27.0986078674,108.32769972
73.5385001431,73.077426301,0.555273707661
21.5083571854,26.922573699,108.327699747
73.9308248549,73.2223711536,0.555273714841
21.1160324736,26.7776288464,108.32769974
74.2533577025,73.3410917064,0.555273712917
20.793499626,26.6589082936,108.327699742
74.5161332821,73.437510449,0.555273713432
20.5307240463,26.562489551,108.327699741
74.7280300496,73.5150388078,0.555273713294
20.3188272788,26.4849611922,108.327699741
74.8968988516,73.5766742534,0.555273713331
20.1499584769,26.4233257466,108.327699741
75.0326290646,73.6260977379,0.555273713321
20.0142282638,26.3739022621,108.327699741
75.1404650839,73.6652727812,0.555273713324
19.9063922445,26.3347272188,108.327699741
75.2228021738,73.6951198406,0.555273713323
19.8240551546,26.3048801594,108.327699741
75.2847349191,73.7175354676,0.555273713324
19.7621224094,26.2824645324,108.327699741
75.3318571602,73.7345753413,0.555273713324
19.7150001683,26.2654246587,108.327699741
75.369288629,73.7481015865,0.555273713324
19.6775686994,26.2518984135,108.327699741
75.399411771,73.758981415,0.555273713324
19.6474455574,26.241018585,108.327699741
75.4238844517,73.7678188114,0.555273713324
19.6229728767,26.2321811886,108.327699741
75.443712044,73.7749789547,0.555273713324
19.6031452845,26.2250210453,108.327699741
75.459795375,73.7807869299,0.555273713324
19.5870619534,26.2192130701,108.327699741
75.472625376,73.7854200805,0.555273713324
19.5742319524,26.2145799195,108.327699741
75.4822956245,73.7889121834,0.555273713324
19.5645617039,26.2110878166,108.327699741
75.4894935675,73.7915114924,0.555273713324
19.557363761,26.2084885076,108.327699741
75.4949574839,73.7934846127,0.555273713324
19.5518998445,26.2065153873,108.327699741
75.49947368,73.795115494,0.555273713324
19.5473836484,26.204884506,108.327699741
75.5032147903,73.7964664775,0.555273713324
19.5436425381,26.2035335225,108.327699741
75.5062829291,73.7975744386,0.555273713324
19.5405743994,26.2024255614,108.327699741
75.5087556204,73.7984673726,0.555273713324
19.5381017081,26.2015326274,108.327699741
75.5107419585,73.7991846757,0.555273713324
19.5361153699,26.2008153243,108.327699741
75.5123119383,73.7997516241,0.555273713324
19.5345453901,26.2002483759,108.327699741
75.5134822648,73.8001742504,0.555273713324
19.5333750637,26.1998257496,108.327699741
75.5143514994,73.8004881469,0.555273713324
19.5325058291,26.1995118531,108.327699741
75.5149964512,73.8007210508,0.555273713324
19.5318608772,26.1992789492,108.327699741
75.5154641281,73.8008899375,0.555273713324
19.5313932003,26.1991100625,108.327699741
75.5157981041,73.8010105423,0.555273713324
19.5310592244,26.1989894577,108.327699741
75.5160432338,73.8010990632,0.555273713324
19.5308140946,26.1989009368,108.327699741
75.5162614852,73.8011778778,0.555273713324
19.5305958432,26.1988221222,108.327699741
75.5164562558,73.801248213,0.555273713324
19.5304010726,26.198751787,108.327699741
75.516632785,73.8013119609,0.555273713324
19.5302245434,26.1986880391,108.327699741
75.5167539742,73.8013557245,0.555273713324
19.5301033542,26.1986442755,108.327699741
75.5168810448,73.8014016121,0.555273713324
19.5299762836,26.1985983879,108.327699741
75.51692399,73.8014171204,0.555273713324
19.5299333384,26.1985828796,108.327699741
0.0,0.0,0.0
95.0468573284,100.0,108.882973455
0.760009559382,3.04157796441,0.0969369702763
94.2868477691,96.9584220356,108.786036484
1.65107671631,6.13961516501,0.171517126766
93.3957806121,93.860384835,108.711456328
2.68296015523,9.29139824784,0.228310079137
92.3638971732,90.7086017522,108.654663376
3.86535017256,12.4913835047,0.271296948403
91.1815071559,87.5086164953,108.611676506
5.20429326049,15.7226231993,0.303684425378
89.8425640679,84.2773768007,108.579289029
6.69663021526,18.950439992,0.327952952581
88.3502271132,81.049560008,108.555020502
8.33698530977,22.1419023304,0.346125617956
86.7098720187,77.8580976696,108.536847837
10.1265508688,25.2840769924,0.359948158473
84.9203064597,74.7159230076,108.523025296
12.0651811281,28.3641305946,0.370632263607
82.9816762003,71.6358694054,108.512341191
14.1517315387,31.370461576,0.379060386442
80.8951257897,68.629538424,108.503913068
16.3794443011,34.2875163134,0.385940429564
78.6674130273,65.7124836866,108.497033025
18.7557531209,37.120651996,0.391874158317
76.2911042075,62.879348004,108.491099296
21.2868355439,39.8738880704,0.39729191112
73.7600217845,60.1261119296,108.485681544
23.9649342137,42.5364382507,0.40240706979
71.0819231148,57.4635617493,108.480566385
26.7432981228,45.0677136209,0.407105369905
68.3035592057,54.9322863791,108.475868085
29.5675864388,47.430476941,0.411169444871
65.4792708896,52.569523059,108.47180401
32.4109803273,49.6217849761,0.414526817315
62.6358770012,50.3782150239,108.468446637
35.2944318915,51.6743092432,0.417469438104
59.752425437,48.3256907568,108.465504017
38.2466993256,53.6242860519,0.420273947594
56.8001580028,46.3757139481,108.462699507
41.2331412695,55.4653571527,0.422753403211
53.8137160589,44.5346428473,108.460220052
44.2170280276,57.1905605177,0.424852345182
50.8298293008,42.8094394823,108.45812111
47.1600137571,58.7934682838,0.42657255106
47.8868435713,41.2065317162,108.456400904
50.0304927216,60.2757398836,0.427791130011
45.0163646068,39.7242601164,108.455182325
52.7914817953,61.6354237996,0.428625408309
42.2553755332,38.3645762004,108.454348046
55.4108755497,62.8721586691,0.429301603278
39.6359817788,37.1278413309,108.453671851
57.8692496407,63.9908505858,0.429888098233
37.1776076877,36.0091494142,108.453085357
60.132874565,64.9885185797,0.430349449522
34.9139827634,35.0114814203,108.452624005
62.1729329296,65.862972243,0.430637732066
32.8739243989,34.137027757,108.452335723
63.9865698866,66.6217723573,0.430811374552
31.0602874418,33.3782276427,108.45216208
65.5973879384,67.2812973602,0.43092445784
29.44946939,32.7187026398,108.452048997
67.0388025431,67.8601275937,0.431006043203
28.0080547853,32.1398724063,108.451967412
68.3178930278,68.3650248636,0.431069001525
26.7289643006,31.6349751364,108.451904453
69.4340450258,68.7990399362,0.431115739466
25.6128123026,31.2009600638,108.451857715
70.3860094983,69.1644356409,0.431144719778
24.6608478301,30.8355643591,108.451828735
71.1888402707,69.4693294372,0.43115416945
23.8580170577,30.5306705628,108.451819285
71.8632546912,69.7232108739,0.431153857068
23.1836026373,30.2767891261,108.451819598
72.4316050042,69.9355603622,0.431153957071
22.6152523243,30.0644396378,108.451819498
72.9057194194,70.1115945306,0.431153930276
22.141137909,29.8884054694,108.451819524
73.2980441312,70.2565393833,0.431153937455
21.7488131973,29.7434606167,108.451819517
73.6205769788,70.375259936,0.431153935532
21.4262803497,29.624740064,108.451819519
73.8833525584,70.4716786787,0.431153936047
21.16350477,29.5283213213,108.451819519
74.0952493259,70.5492070375,0.431153935909
20.9516080025,29.4507929625,108.451819519
74.2641181279,70.610842483,0.431153935946
20.7827392006,29.389157517,108.451819519
74.399848341,70.6602659675,0.431153935936
20.6470089875,29.3397340325,108.451819519
74.5076843603,70.6994410108,0.431153935939
20.5391729682,29.3005589892,108.451819519
74.5900214502,70.7292880702,0.431153935938
20.4568358783,29.2707119298,108.451819519
74.6519541954,70.7517036973,0.431153935938
20.394903133,29.2482963027,108.451819519
74.6990764365,70.768743571,0.431153935938
20.3477808919,29.231256429,108.451819519
74.7365079053,70.7822698162,0.431153935938
20.3103494231,29.2177301838,108.451819519
74.7666310473,70.7931496447,0.431153935938
20.2802262811,29.2068503553,108.451819519
74.791103728,70.8019870411,0.431153935938
20.2557536004,29.1980129589,108.451819519
74.8109313203,70.8091471843,0.431153935938
20.2359260082,29.1908528157,108.451819519
74.8270146513,70.8149551595,0.431153935938
20.2198426771,29.1850448405,108.451819519
74.8398446523,70.8195883102,0.431153935938
20.2070126761,29.1804116898,108.451819519
74.8495149008,70.823080413,0.431153935938
20.1973424276,29.176919587,108.451819519
74.8567128438,70.8256797221,0.431153935938
20.1901444846,29.1743202779,108.451819519
74.8621767602,70.8276528424,0.431153935938
20.1846805682,29.1723471576,108.451819519
74.8666929563,70.8292837236,0.431153935938
20.1801643721,29.1707162764,108.451819519
74.8704340667,70.8306347071,0.431153935938
20.1764232618,29.1693652929,108.451819519
74.8735022054,70.8317426682,0.431153935938
20.173355123,29.1682573318,108.451819519
74.8759748967,70.8326356023,0.431153935938
20.1708824318,29.1673643977,108.451819519
74.8779612349,70.8333529053,0.431153935938
20.1688960936,29.1666470947,108.451819519
74.8795312146,70.8339198538,0.431153935938
20.1673261138,29.1660801462,108.451819519
74.8807015411,70.8343424801,0.431153935938
20.1661557874,29.1656575199,108.451819519
74.8815707757,70.8346563766,0.431153935938
20.1652865527,29.1653436234,108.451819519
74.8822157275,70.8348892805,0.431153935938
20.1646416009,29.1651107195,108.451819519
74.8826834044,70.8350581672,0.431153935938
20.164173924,29.1649418328,108.451819519
74.8830173804,70.835178772,0.431153935938
20.1638399481,29.164821228,108.451819519
74.8832625101,70.8352672928,0.431153935938
20.1635948183,29.1647327072,108.451819519
74.8834807616,70.8353461074,0.431153935938
20.1633765669,29.1646538926,108.451819519
74.8836755321,70.8354164426,0.431153935938
20.1631817963,29.1645835574,108.451819519
74.8838520613,70.8354801906,0.431153935938
20.1630052671,29.1645198094,108.451819519
74.8839732505,70.8355239542,0.431153935938
20.1628840779,29.1644760458,108.451819519
74.8841003211,70.8355698417,0.431153935938
20.1627570073,29.1644301583,108.451819519
74.8841432663,70.83558535,0.431153935938
20.1627140621,29.16441465,108.451819519
0.0,0.0,0.0
95.0468573284,100.0,108.882973455
0.891067156928,3.0980372006,0.0745801564895
94.1557901715,96.9019627994,108.808393298
1.92295059585,6.24982028343,0.13137310886
93.1239067326,93.7501797166,108.751600346
3.10534061318,9.44980554032,0.174359978127
91.9415167153,90.5501944597,108.708613477
4.44428370111,12.6810452349,0.206747455102
90.6025736273,87.3189547651,108.676226
5.93662065588,15.9088620276,0.231015982305
89.1102366726,84.0911379724,108.651957472
7.57697575039,19.100324366,0.24918864768
87.4698815781,80.899675634,108.633784807
9.36654130938,22.242499028,0.263011188197
85.6803160191,77.757500972,108.619962267
11.3051715687,25.3225526302,0.273695293331
83.7416857597,74.6774473698,108.609278161
13.3917219793,28.3288836116,0.282123416165
81.6551353491,71.6711163884,108.600850039
15.6194347417,31.245938349,0.289003459288
79.4274225867,68.754061651,108.593969995
17.9957435615,34.0790740316,0.29493718804
77.0511137669,65.9209259684,108.588036267
20.5268259846,36.832310106,0.300354940844
74.5200313439,63.167689894,108.582618514
23.2049246543,39.4948602863,0.305470099514
71.8419326742,60.5051397137,108.577503355
25.9832885634,42.0261356565,0.310168399629
69.0635687651,57.9738643435,108.572805055
28.8075768794,44.3888989765,0.314232474595
66.239280449,55.6111010235,108.56874098
31.6509707679,46.5802070117,0.317589847039
63.3958865606,53.4197929883,108.565383608
34.5344223321,48.6327312788,0.320532467828
60.5124349964,51.3672687212,108.562440987
37.4866897663,50.5827080875,0.323336977318
57.5601675622,49.4172919125,108.559636477
40.4731317101,52.4237791883,0.325816432934
54.5737256183,47.5762208117,108.557157022
43.4570184682,54.1489825533,0.327915374905
51.5898388602,45.8510174467,108.55505808
46.4000041977,55.7518903194,0.329635580783
48.6468531307,44.2481096806,108.553337874
49.2704831622,57.2341619192,0.330854159735
45.7763741662,42.7658380808,108.552119295
52.0314722359,58.5938458351,0.331688438032
43.0153850925,41.4061541649,108.551285017
54.6508659903,59.8305807046,0.332364633002
40.3959913382,40.1694192954,108.550608822
57.1092400813,60.9492726214,0.332951127957
37.9376172471,39.0507273786,108.550022327
59.3728650056,61.9469406153,0.333412479246
35.6739923228,38.0530593847,108.549560975
61.4129233702,62.8213942786,0.333700761789
33.6339339583,37.1786057214,108.549272693
63.2265603272,63.5801943928,0.333874404276
31.8202970012,36.4198056072,108.54909905
64.837378379,64.2397193958,0.333987487564
30.2094789494,35.7602806042,108.548985967
66.2787929838,64.8185496293,0.334069072927
28.7680643447,35.1814503707,108.548904382
67.5578834684,65.3234468992,0.334132031249
27.48897386,34.6765531008,108.548841423
68.6740354664,65.7574619717,0.33417876919
26.372821862,34.2425380283,108.548794686
69.625999939,66.1228576765,0.334207749502
25.4208573895,33.8771423235,108.548765705
70.4288307113,66.4277514728,0.334217199174
24.6180266171,33.5722485272,108.548756256
71.1032451318,66.6816329095,0.334216886792
23.9436121967,33.3183670905,108.548756568
71.6715954448,66.8939823978,0.334216986795
23.3752618837,33.1060176022,108.548756468
72.14570986,67.0700165662,0.334216959999
22.9011474684,32.9299834338,108.548756495
72.5380345718,67.2149614189,0.334216967179
22.5088227566,32.7850385811,108.548756488
72.8605674194,67.3336819716,0.334216965255
22.186289909,32.6663180284,108.548756489
73.1233429991,67.4301007143,0.334216965771
21.9235143294,32.5698992857,108.548756489
73.3352397666,67.5076290731,0.334216965633
21.7116175619,32.4923709269,108.548756489
73.5041085685,67.5692645186,0.33421696567
21.5427487599,32.4307354814,108.548756489
73.6398387816,67.6186880031,0.33421696566
21.4070185469,32.3813119969,108.548756489
73.7476748009,67.6578630464,0.334216965662
21.2991825276,32.3421369536,108.548756489
73.8300118908,67.6877101058,0.334216965662
21.2168454377,32.3122898942,108.548756489
73.891944636,67.7101257329,0.334216965662
21.1549126924,32.2898742671,108.548756489
73.9390668771,67.7271656066,0.334216965662
21.1077904513,32.2728343934,108.548756489
73.976498346,67.7406918518,0.334216965662
21.0703589825,32.2593081482,108.548756489
74.0066214879,67.7515716803,0.334216965662
21.0402358405,32.2484283197,108.548756489
74.0310941686,67.7604090767,0.334216965662
21.0157631598,32.2395909233,108.548756489
74.0509217609,67.7675692199,0.334216965662
20.9959355675,32.2324307801,108.548756489
74.0670050919,67.7733771951,0.334216965662
20.9798522365,32.2266228049,108.548756489
74.079835093,67.7780103457,0.334216965662
20.9670222355,32.2219896543,108.548756489
74.0895053414,67.7815024486,0.334216965662
20.957351987,32.2184975514,108.548756489
74.0967032844,67.7841017577,0.334216965662
20.950154044,32.2158982423,108.548756489
74.1021672008,67.786074878,0.334216965662
20.9446901276,32.213925122,108.548756489
74.1066833969,67.7877057592,0.334216965662
20.9401739315,32.2122942408,108.548756489
74.1104245073,67.7890567427,0.334216965662
20.9364328212,32.2109432573,108.548756489
74.113492646,67.7901647038,0.334216965662
20.9333646824,32.2098352962,108.548756489
74.1159653373,67.7910576379,0.334216965662
20.9308919911,32.2089423621,108.548756489
74.1179516755,67.7917749409,0.334216965662
20.928905653,32.2082250591,108.548756489
74.1195216553,67.7923418894,0.334216965662
20.9273356732,32.2076581106,108.548756489
74.1206919817,67.7927645157,0.334216965662
20.9261653467,32.2072354843,108.548756489
74.1215612163,67.7930784122,0.334216965662
20.9252961121,32.2069215878,108.548756489
74.1222061681,67.7933113161,0.334216965662
20.9246511603,32.2066886839,108.548756489
74.122673845,67.7934802028,0.334216965662
20.9241834834,32.2065197972,108.548756489
74.123007821,67.7936008076,0.334216965662
20.9238495075,32.2063991924,108.548756489
74.1232529508,67.7936893284,0.334216965662
20.9236043777,32.2063106716,108.548756489
74.1234712022,67.793768143,0.334216965662
20.9233861263,32.206231857,108.548756489
74.1236659728,67.7938384782,0.334216965662
20.9231913557,32.2061615218,108.548756489
74.123842502,67.7939022262,0.334216965662
20.9230148265,32.2060977738,108.548756489
74.1239636911,67.7939459898,0.334216965662
20.9228936373,32.2060540102,108.548756489
74.1240907617,67.7939918773,0.334216965662
20.9227665667,32.2060081227,108.548756489
74.1241337069,67.7940073856,0.334216965662
20.9227236215,32.2059926144,108.548756489
0.0,0.0,0.0
95.0468573284,100.0,108.882973455
1.03188343892,3.15178308283,0.056792952371
94.0149738895,96.8482169172,108.826180502
2.21427345625,6.35176833972,0.0997798216376
92.8325838722,93.6482316603,108.783193633
3.55321654418,9.58300803428,0.132167298613
91.4936407843,90.4169919657,108.750806156
5.04555349895,12.810824827,0.156435825816
90.0013038295,87.189175173,108.726537629
6.68590859346,16.0022871654,0.17460849119
88.360948735,83.9977128346,108.708364964
8.47547415245,19.1444618274,0.188431031707
86.571383176,80.8555381726,108.694542423
10.4141044118,22.2245154296,0.199115136842
84.6327529166,77.7754845704,108.683858318
12.5006548224,25.230846411,0.207543259676
82.5462025061,74.769153589,108.675430195
14.7283675848,28.1479011484,0.214423302799
80.3184897437,71.8520988516,108.668550152
17.1046764046,30.981036831,0.220357031551
77.9421809238,69.018963169,108.662616423
19.6357588276,33.7342729054,0.225774784354
75.4110985008,66.2657270946,108.65719867
22.3138574973,36.3968230857,0.230889943025
72.7329998311,63.6031769143,108.652083512
25.0922214064,38.9280984559,0.23558824314
69.954635922,61.0719015441,108.647385212
27.9165097225,41.2908617759,0.239652318106
67.130347606,58.7091382241,108.643321137
30.7599036109,43.4821698111,0.24300969055
64.2869537175,56.5178301889,108.639963764
33.6433551751,45.5346940782,0.245952311339
61.4035021533,54.4653059218,108.637021143
36.5956226093,47.4846708869,0.248756820828
58.4512347191,52.5153291131,108.634216634
39.5820645532,49.3257419877,0.251236276445
55.4647927752,50.6742580123,108.631737178
42.5659513113,51.0509453527,0.253335218416
52.4809060171,48.9490546473,108.629638236
45.5089370408,52.6538531188,0.255055424294
49.5379202876,47.3461468812,108.62791803
48.3794160053,54.1361247186,0.256274003246
46.6674413231,45.8638752814,108.626699451
51.140405079,55.4958086345,0.257108281543
43.9064522495,44.5041913655,108.625865173
53.7597988334,56.732543504,0.257784476513
41.2870584951,43.267456496,108.625188978
56.2181729244,57.8512354208,0.258370971468
38.828684404,42.1487645792,108.624602483
58.4817978487,58.8489034147,0.258832322757
36.5650594798,41.1510965853,108.624141132
60.5218562132,59.723357078,0.2591206053
34.5250011152,40.276642922,108.623852849
62.3354931703,60.4821571922,0.259294247787
32.7113641581,39.5178428078,108.623679207
63.9463112221,61.1416821952,0.259407331074
31.1005461063,38.8583178048,108.623566124
65.3877258268,61.7205124287,0.259488916438
29.6591315016,38.2794875713,108.623484538
66.6668163115,62.2254096986,0.259551874759
28.3800410169,37.7745903014,108.62342158
67.7829683095,62.6594247711,0.2595986127
27.2638890189,37.3405752289,108.623374842
68.734932782,63.0248204759,0.259627593012
26.3119245464,36.9751795241,108.623345862
69.5377635544,63.3297142722,0.259637042684
25.509093774,36.6702857278,108.623336412
70.2121779749,63.5835957089,0.259636730302
24.8346793536,36.4164042911,108.623336724
70.7805282878,63.7959451972,0.259636830306
24.2663290406,36.2040548028,108.623336624
71.2546427031,63.9719793656,0.25963680351
23.7922146254,36.0280206344,108.623336651
71.6469674149,64.1169242183,0.25963681069
23.3998899136,35.8830757817,108.623336644
71.9695002625,64.235644771,0.259636808766
23.077357066,35.764355229,108.623336646
72.2322758421,64.3320635137,0.259636809281
22.8145814863,35.6679364863,108.623336645
72.4441726096,64.4095918725,0.259636809143
22.6026847188,35.5904081275,108.623336646
72.6130414116,64.471227318,0.25963680918
22.4338159169,35.528772682,108.623336646
72.7487716247,64.5206508025,0.25963680917
22.2980857038,35.4793491975,108.623336646
72.8566076439,64.5598258458,0.259636809173
22.1902496845,35.4401741542,108.623336646
72.9389447338,64.5896729052,0.259636809172
22.1079125946,35.4103270948,108.623336646
73.0008774791,64.6120885323,0.259636809172
22.0459798494,35.3879114677,108.623336646
73.0479997202,64.629128406,0.259636809172
21.9988576083,35.370871594,108.623336646
73.085431189,64.6426546512,0.259636809172
21.9614261394,35.3573453488,108.623336646
73.115554331,64.6535344797,0.259636809172
21.9313029974,35.3464655203,108.623336646
73.1400270117,64.6623718761,0.259636809172
21.9068303167,35.3376281239,108.623336646
73.159854604,64.6695320193,0.259636809172
21.8870027245,35.3304679807,108.623336646
73.175937935,64.6753399945,0.259636809172
21.8709193934,35.3246600055,108.623336646
73.188767936,64.6799731451,0.259636809172
21.8580893924,35.3200268549,108.623336646
73.1984381845,64.683465248,0.259636809172
21.8484191439,35.316534752,108.623336646
73.2056361275,64.6860645571,0.259636809172
21.841221201,35.3139354429,108.623336646
73.2111000439,64.6880376774,0.259636809172
21.8357572845,35.3119623226,108.623336646
73.21561624,64.6896685586,0.259636809172
21.8312410884,35.3103314414,108.623336646
73.2193573504,64.6910195421,0.259636809172
21.8274999781,35.3089804579,108.623336646
73.2224254891,64.6921275032,0.259636809172
21.8244318393,35.3078724968,108.623336646
73.2248981804,64.6930204373,0.259636809172
21.8219591481,35.3069795627,108.623336646
73.2268845185,64.6937377403,0.259636809172
21.8199728099,35.3062622597,108.623336646
73.2284544983,64.6943046888,0.259636809172
21.8184028301,35.3056953112,108.623336646
73.2296248248,64.6947273151,0.259636809172
21.8172325037,35.3052726849,108.623336646
73.2304940594,64.6950412116,0.259636809172
21.8163632691,35.3049587884,108.623336646
73.2311390112,64.6952741155,0.259636809172
21.8157183172,35.3047258845,108.623336646
73.2316066881,64.6954430022,0.259636809172
21.8152506403,35.3045569978,108.623336646
73.2319406641,64.695563607,0.259636809172
21.8149166644,35.304436393,108.623336646
73.2321857938,64.6956521278,0.259636809172
21.8146715346,35.3043478722,108.623336646
73.2324040452,64.6957309424,0.259636809172
21.8144532832,35.3042690576,108.623336646
73.2325988158,64.6958012776,0.259636809172
21.8142585126,35.3041987224,108.623336646
73.232775345,64.6958650256,0.259636809172
21.8140819834,35.3041349744,108.623336646
73.2328965342,64.6959087892,0.259636809172
21.8139607942,35.3040912108,108.623336646
73.2330236048,64.6959546767,0.259636809172
21.8138337236,35.3040453233,108.623336646
73.23306655,64.695970185,0.259636809172
21.8137907784,35.304029815,108.623336646
0.0,0.0,0.0
95.0468573284,100.0,108.882973455
1.18239001733,3.1999852569,0.0429868692666
93.8644673111,96.8000147431,108.839986585
2.52133310526,6.43122495146,0.0753743462417
92.5255242232,93.5687750485,108.807599109
4.01367006003,9.65904174417,0.0996428734447
91.0331872684,90.3409582558,108.783330581
5.65402515454,12.8505040826,0.117815538819
89.3928321739,87.1494959174,108.765157916
7.44359071353,15.9926787445,0.131638079336
87.6032666149,84.0073212555,108.751335375
9.3822209729,19.0727323468,0.142322184471
85.6646363555,80.9272676532,108.74065127
11.4687713835,22.0790633282,0.150750307305
83.578085945,77.9209366718,108.732223147
13.6964841459,24.9961180656,0.157630350428
81.3503731826,75.0038819344,108.725343104
16.0727929657,27.8292537482,0.16356407918
78.9740643627,72.1707462518,108.719409376
18.6038753887,30.5824898226,0.168981831983
76.4429819397,69.4175101774,108.713991623
21.2819740584,33.2450400029,0.174096990654
73.76488327,66.7549599971,108.708876464
24.0603379675,35.7763153731,0.178795290769
70.9865193609,64.2236846269,108.704178164
26.8846262836,38.1390786931,0.182859365735
68.1622310449,61.8609213069,108.700114089
29.728020172,40.3303867282,0.186216738179
65.3188371564,59.6696132718,108.696756717
32.6114717362,42.3829109954,0.189159358968
62.4353855922,57.6170890046,108.693814096
35.5637391704,44.3328878041,0.191963868457
59.483118158,55.6671121959,108.691009586
38.5501811143,46.1739589049,0.194443324074
56.4966762142,53.8260410951,108.688530131
41.5340678724,47.8991622698,0.196542266045
53.5127894561,52.1008377302,108.686431189
44.4770536019,49.502070036,0.198262471923
50.5698037266,50.497929964,108.684710983
47.3475325664,50.9843416357,0.199481050875
47.699324762,49.0156583643,108.683492404
50.10852164,52.3440255517,0.200315329172
44.9383356884,47.6559744483,108.682658126
52.7279153944,53.5807604212,0.200991524142
42.318941934,46.4192395788,108.681981931
55.1862894855,54.699452338,0.201578019097
39.860567843,45.300547662,108.681395436
57.4499144098,55.6971203319,0.202039370386
37.5969429187,44.3028796681,108.680934084
59.4899727743,56.5715739951,0.202327652929
35.5568845541,43.4284260049,108.680645802
61.3036097314,57.3303741094,0.202501295416
33.743247597,42.6696258906,108.680472159
62.9144277832,57.9898991124,0.202614378703
32.1324295453,42.0101008876,108.680359076
64.3558423879,58.5687293458,0.202695964067
30.6910149405,41.4312706542,108.680277491
65.6349328726,59.0736266158,0.202758922388
29.4119244558,40.9263733842,108.680214532
66.7510848706,59.5076416883,0.202805660329
28.2957724578,40.4923583117,108.680167794
67.7030493431,59.873037393,0.202834640641
27.3438079853,40.126962607,108.680138814
68.5058801155,60.1779311894,0.202844090313
26.540977213,39.8220688106,108.680129364
69.1802945359,60.4318126261,0.202843777931
25.8665627925,39.5681873739,108.680129677
69.7486448489,60.6441621144,0.202843877935
25.2982124795,39.3558378856,108.680129577
70.2227592642,60.8201962828,0.202843851139
24.8240980643,39.1798037172,108.680129604
70.615083976,60.9651411354,0.202843858319
24.4317733525,39.0348588646,108.680129596
70.9376168235,61.0838616882,0.202843856395
24.1092405049,38.9161383118,108.680129598
71.2003924032,61.1802804308,0.20284385691
23.8464649252,38.8197195692,108.680129598
71.4122891707,61.2578087896,0.202843856772
23.6345681577,38.7421912104,108.680129598
71.5811579727,61.3194442352,0.202843856809
23.4656993558,38.6805557648,108.680129598
71.7168881857,61.3688677197,0.202843856799
23.3299691427,38.6311322803,108.680129598
71.824724205,61.408042763,0.202843856802
23.2221331234,38.591957237,108.680129598
71.9070612949,61.4378898224,0.202843856801
23.1397960335,38.5621101776,108.680129598
71.9689940402,61.4603054494,0.202843856801
23.0778632883,38.5396945506,108.680129598
72.0161162813,61.4773453232,0.202843856801
23.0307410472,38.5226546768,108.680129598
72.0535477501,61.4908715683,0.202843856801
22.9933095783,38.5091284317,108.680129598
72.0836708921,61.5017513968,0.202843856801
22.9631864363,38.4982486032,108.680129598
72.1081435728,61.5105887932,0.202843856801
22.9387137556,38.4894112068,108.680129598
72.127971165,61.5177489365,0.202843856801
22.9188861634,38.4822510635,108.680129598
72.1440544961,61.5235569117,0.202843856801
22.9028028323,38.4764430883,108.680129598
72.1568844971,61.5281900623,0.202843856801
22.8899728313,38.4718099377,108.680129598
72.1665547456,61.5316821652,0.202843856801
22.8803025829,38.4683178348,108.680129598
72.1737526886,61.5342814743,0.202843856801
22.8731046399,38.4657185257,108.680129598
72.179216605,61.5362545945,0.202843856801
22.8676407235,38.4637454055,108.680129598
72.1837328011,61.5378854758,0.202843856801
22.8631245274,38.4621145242,108.680129598
72.1874739114,61.5392364593,0.202843856801
22.859383417,38.4607635407,108.680129598
72.1905420502,61.5403444204,0.202843856801
22.8563152783,38.4596555796,108.680129598
72.1930147415,61.5412373545,0.202843856801
22.853842587,38.4587626455,108.680129598
72.1950010796,61.5419546575,0.202843856801
22.8518562488,38.4580453425,108.680129598
72.1965710594,61.5425216059,0.202843856801
22.850286269,38.4574783941,108.680129598
72.1977413859,61.5429442322,0.202843856801
22.8491159426,38.4570557678,108.680129598
72.1986106205,61.5432581288,0.202843856801
22.848246708,38.4567418712,108.680129598
72.1992555723,61.5434910327,0.202843856801
22.8476017561,38.4565089673,108.680129598
72.1997232492,61.5436599193,0.202843856801
22.8471340792,38.4563400807,108.680129598
72.2000572251,61.5437805242,0.202843856801
22.8468001033,38.4562194758,108.680129598
72.2003023549,61.543869045,0.202843856801
22.8465549735,38.456130955,108.680129598
72.2005206063,61.5439478596,0.202843856801
22.8463367221,38.4560521404,108.680129598
72.2007153769,61.5440181948,0.202843856801
22.8461419515,38.4559818052,108.680129598
72.2008919061,61.5440819427,0.202843856801
22.8459654223,38.4559180573,108.680129598
72.2010130953,61.5441257064,0.202843856801
22.8458442332,38.4558742936,108.680129598
72.2011401659,61.5441715939,0.202843856801
22.8457171626,38.4558284061,108.680129598
72.2011831111,61.5441871022,0.202843856801
22.8456742173,38.4558128978,108.680129598
0.0,0.0,0.0
95.0468573284,100.0,108.882973455
1.33894308793,3.23123969456,0.0323874769751
93.7079142405,96.7687603054,108.850585978
2.8312800427,6.45905648727,0.0566560041781
92.2155772857,93.5409435127,108.826317451
4.47163513721,9.65051882571,0.0748286695525
90.5752221912,90.3494811743,108.808144785
6.2612006962,12.7926934876,0.0886512100695
88.7856566322,87.2073065124,108.794322245
8.19983095557,15.8727470899,0.0993353152039
86.8470263729,84.1272529101,108.78363814
10.2863813661,18.8790780713,0.107763438038
84.7604759623,81.1209219287,108.775210017
12.5140941285,21.7961328087,0.114643481161
82.5327631999,78.2038671913,108.768329974
14.8904029484,24.6292684913,0.120577209913
80.1564543801,75.3707315087,108.762396245
17.4214853714,27.3825045657,0.125994962717
77.625371957,72.6174954343,108.756978492
20.0995840411,30.045054746,0.131110121387
74.9472732873,69.954945254,108.751863333
22.8779479502,32.5763301162,0.135808421502
72.1689093782,67.4236698838,108.747165033
25.7022362662,34.9390934362,0.139872496468
69.3446210622,65.0609065638,108.743100958
28.5456301547,37.1304014714,0.143229868912
66.5012271737,62.8695985286,108.739743586
31.4290817189,39.1829257385,0.146172489701
63.6177756095,60.8170742615,108.736800965
34.3813491531,41.1329025472,0.148976999191
60.6655081753,58.8670974528,108.733996456
37.367791097,42.973973648,0.151456454807
57.6790662315,57.026026352,108.731517
40.351677855,44.6991770129,0.153555396778
54.6951794734,55.3008229871,108.729418058
43.2946635846,46.3020847791,0.155275602656
51.7521937439,53.6979152209,108.727697852
46.1651425491,47.7843563788,0.156494181608
48.8817147794,52.2156436212,108.726479273
48.9261316227,49.1440402948,0.157328459905
46.1207257057,50.8559597052,108.725644995
51.5455253771,50.3807751643,0.158004654875
43.5013319513,49.6192248357,108.7249688
54.0038994681,51.4994670811,0.15859114983
41.0429578603,48.5005329189,108.724382305
56.2675243924,52.497135075,0.159052501119
38.779332936,47.502864925,108.723920954
58.307582757,53.3715887382,0.159340783662
36.7392745714,46.6284112618,108.723632671
60.1212197141,54.1303888525,0.159514426149
34.9256376144,45.8696111475,108.723459029
61.7320377659,54.7899138555,0.159627509437
33.3148195626,45.2100861445,108.723345945
63.1734523706,55.3687440889,0.1597090948
31.8734049579,44.6312559111,108.72326436
64.4525428553,55.8736413589,0.159772053122
30.5943144732,44.1263586411,108.723201402
65.5686948533,56.3076564314,0.159818791063
29.4781624752,43.6923435686,108.723154664
66.5206593258,56.6730521361,0.159847771375
28.5261980027,43.3269478639,108.723125683
67.3234900981,56.9779459325,0.159857221047
27.7233672303,43.0220540675,108.723116234
67.9979045186,57.2318273692,0.159856908665
27.0489528098,42.7681726308,108.723116546
68.5662548316,57.4441768575,0.159857008668
26.4806024968,42.5558231425,108.723116446
69.0403692468,57.6202110259,0.159856981872
26.0064880816,42.3797889741,108.723116473
69.4326939586,57.7651558785,0.159856989052
25.6141633698,42.2348441215,108.723116466
69.7552268062,57.8838764313,0.159856987128
25.2916305222,42.1161235687,108.723116468
70.0180023859,57.9802951739,0.159856987644
25.0288549426,42.0197048261,108.723116467
70.2298991534,58.0578235327,0.159856987506
24.8169581751,41.9421764673,108.723116467
70.3987679553,58.1194589783,0.159856987543
24.6480893731,41.8805410217,108.723116467
70.5344981684,58.1688824628,0.159856987533
24.51235916,41.8311175372,108.723116467
70.6423341877,58.2080575061,0.159856987535
24.4045231407,41.7919424939,108.723116467
70.7246712776,58.2379045655,0.159856987535
24.3221860508,41.7620954345,108.723116467
70.7866040228,58.2603201925,0.159856987535
24.2602533056,41.7396798075,108.723116467
70.8337262639,58.2773600663,0.159856987535
24.2131310645,41.7226399337,108.723116467
70.8711577328,58.2908863114,0.159856987535
24.1756995957,41.7091136886,108.723116467
70.9012808748,58.3017661399,0.159856987535
24.1455764537,41.6982338601,108.723116467
70.9257535555,58.3106035363,0.159856987535
24.121103773,41.6893964637,108.723116467
70.9455811477,58.3177636796,0.159856987535
24.1012761807,41.6822363204,108.723116467
70.9616644788,58.3235716548,0.159856987535
24.0851928497,41.6764283452,108.723116467
70.9744944798,58.3282048054,0.159856987535
24.0723628487,41.6717951946,108.723116467
70.9841647283,58.3316969083,0.159856987535
24.0626926002,41.6683030917,108.723116467
70.9913626712,58.3342962174,0.159856987535
24.0554946572,41.6657037826,108.723116467
70.9968265877,58.3362693376,0.159856987535
24.0500307408,41.6637306624,108.723116467
71.0013427838,58.3379002189,0.159856987535
24.0455145447,41.6620997811,108.723116467
71.0050838941,58.3392512024,0.159856987535
24.0417734343,41.6607487976,108.723116467
71.0081520328,58.3403591635,0.159856987535
24.0387052956,41.6596408365,108.723116467
71.0106247241,58.3412520976,0.159856987535
24.0362326043,41.6587479024,108.723116467
71.0126110623,58.3419694006,0.159856987535
24.0342462661,41.6580305994,108.723116467
71.0141810421,58.342536349,0.159856987535
24.0326762864,41.657463651,108.723116467
71.0153513685,58.3429589753,0.159856987535
24.0315059599,41.6570410247,108.723116467
71.0162206031,58.3432728719,0.159856987535
24.0306367253,41.6567271281,108.723116467
71.016865555,58.3435057758,0.159856987535
24.0299917735,41.6564942242,108.723116467
71.0173332319,58.3436746624,0.159856987535
24.0295240966,41.6563253376,108.723116467
71.0176672078,58.3437952673,0.159856987535
24.0291901206,41.6562047327,108.723116467
71.0179123376,58.3438837881,0.159856987535
24.0289449909,41.6561162119,108.723116467
71.018130589,58.3439626027,0.159856987535
24.0287267394,41.6560373973,108.723116467
71.0183253596,58.3440329379,0.159856987535
24.0285319689,41.6559670621,108.723116467
71.0185018888,58.3440966858,0.159856987535
24.0283554396,41.6559033142,108.723116467
71.0186230779,58.3441404495,0.159856987535
24.0282342505,41.6558595505,108.723116467
71.0187501486,58.344186337,0.159856987535
24.0281071799,41.655813663,108.723116467
71.0187930938,58.3442018453,0.159856987535
24.0280642347,41.6557981547,108.723116467
0.0,0.0,0.0
95.0468573284,100.0,108.882973455
1.49233695477,3.22781679271,0.024268527203
93.5545203737,96.7721832073,108.858704928
3.13269204928,6.41927913116,0.0424411925774
91.9141652792,93.5807208688,108.840532262
4.92225760827,9.56145379308,0.0562637330944
90.1245997202,90.4385462069,108.826709722
6.86088786764,12.6415073953,0.0669478382288
88.1859694608,87.3584926047,108.816025617
8.94743827821,15.6478383767,0.0753759610631
86.0994190502,84.3521616233,108.807597494
11.1751510406,18.5648931141,0.0822560041859
83.8717062878,81.4351068859,108.800717451
13.5514598604,21.3980287968,0.0881897329382
81.495397468,78.6019712032,108.794783722
16.0825422835,24.1512648711,0.0936074857417
78.964315045,75.8487351289,108.789365969
18.7606409532,26.8138150514,0.0987226444121
76.2862163753,73.1861849486,108.78425081
21.5390048623,29.3450904217,0.103420944527
73.5078524662,70.6549095783,108.77955251
24.3632931783,31.7078537417,0.107485019493
70.6835641501,68.2921462583,108.775488435
27.2066870668,33.8991617768,0.110842391937
67.8401702617,66.1008382232,108.772131063
30.090138631,35.9516860439,0.113785012726
64.9567186975,64.0483139561,108.769188442
33.0424060652,37.9016628526,0.116589522216
62.0044512633,62.0983371474,108.766383933
36.028848009,39.7427339534,0.119068977832
59.0180093194,60.2572660466,108.763904477
39.0127347671,41.4679373184,0.121167919803
56.0341225613,58.5320626816,108.761805535
41.9557204966,43.0708450845,0.122888125681
53.0911368318,56.9291549155,108.760085329
44.8261994611,44.5531166843,0.124106704633
50.2206578673,55.4468833157,108.75886675
47.5871885348,45.9128006003,0.12494098293
47.4596687937,54.0871993997,108.758032472
50.2065822892,47.1495354698,0.1256171779
44.8402750393,52.8504645302,108.757356277
52.6649563802,48.2682273865,0.126203672855
42.3819009482,51.7317726135,108.756769782
54.9285813045,49.2658953804,0.126665024144
40.1182760239,50.7341046196,108.756308431
56.9686396691,50.1403490437,0.126953306687
38.0782176594,49.8596509563,108.756020148
58.7822766261,50.899149158,0.127126949174
36.2645807023,49.100850842,108.755846506
60.3930946779,51.5586741609,0.127240032462
34.6537626505,48.4413258391,108.755733422
61.8345092826,52.1375043944,0.127321617825
33.2123480458,47.8624956056,108.755651837
63.1135997673,52.6424016643,0.127384576147
31.9332575611,47.3575983357,108.755588879
64.2297517653,53.0764167369,0.127431314087
30.8171055631,46.9235832631,108.755542141
65.1817162379,53.4418124416,0.1274602944
29.8651410906,46.5581875584,108.75551316
65.9845470102,53.7467062379,0.127469744071
29.0623103182,46.2532937621,108.755503711
66.6589614307,54.0005876746,0.12746943169
28.3878958978,45.9994123254,108.755504023
67.2273117437,54.2129371629,0.127469531693
27.8195455848,45.7870628371,108.755503923
67.7014261589,54.3889713313,0.127469504897
27.3454311695,45.6110286687,108.75550395
68.0937508707,54.533916184,0.127469512077
26.9531064577,45.466083816,108.755503943
68.4162837183,54.6526367367,0.127469510153
26.6305736102,45.3473632633,108.755503945
68.6790592979,54.7490554794,0.127469510669
26.3677980305,45.2509445206,108.755503944
68.8909560655,54.8265838382,0.127469510531
26.155901263,45.1734161618,108.755503944
69.0598248674,54.8882192838,0.127469510568
25.9870324611,45.1117807162,108.755503944
69.1955550805,54.9376427682,0.127469510558
25.851302248,45.0623572318,108.755503944
69.3033910998,54.9768178115,0.12746951056
25.7434662287,45.0231821885,108.755503944
69.3857281897,55.0066648709,0.12746951056
25.6611291388,44.9933351291,108.755503944
69.4476609349,55.029080498,0.12746951056
25.5991963935,44.970919502,108.755503944
69.494783176,55.0461203717,0.12746951056
25.5520741524,44.9538796283,108.755503944
69.5322146448,55.0596466169,0.12746951056
25.5146426836,44.9403533831,108.755503944
69.5623377868,55.0705264454,0.12746951056
25.4845195416,44.9294735546,108.755503944
69.5868104675,55.0793638418,0.12746951056
25.4600468609,44.9206361582,108.755503944
69.6066380598,55.086523985,0.12746951056
25.4402192687,44.913476015,108.755503944
69.6227213908,55.0923319602,0.12746951056
25.4241359376,44.9076680398,108.755503944
69.6355513919,55.0969651109,0.12746951056
25.4113059366,44.9030348891,108.755503944
69.6452216403,55.1004572137,0.12746951056
25.4016356881,44.8995427863,108.755503944
69.6524195833,55.1030565228,0.12746951056
25.3944377451,44.8969434772,108.755503944
69.6578834997,55.1050296431,0.12746951056
25.3889738287,44.8949703569,108.755503944
69.6623996958,55.1066605243,0.12746951056
25.3844576326,44.8933394757,108.755503944
69.6661408062,55.1080115078,0.12746951056
25.3807165223,44.8919884922,108.755503944
69.6692089449,55.1091194689,0.12746951056
25.3776483835,44.8908805311,108.755503944
69.6716816362,55.110012403,0.12746951056
25.3751756922,44.889987597,108.755503944
69.6736679744,55.1107297061,0.12746951056
25.3731893541,44.8892702939,108.755503944
69.6752379541,55.1112966545,0.12746951056
25.3716193743,44.8887033455,108.755503944
69.6764082806,55.1117192808,0.12746951056
25.3704490479,44.8882807192,108.755503944
69.6772775152,55.1120331773,0.12746951056
25.3695798132,44.8879668227,108.755503944
69.677922467,55.1122660812,0.12746951056
25.3689348614,44.8877339188,108.755503944
69.6783901439,55.1124349679,0.12746951056
25.3684671845,44.8875650321,108.755503944
69.6787241199,55.1125555727,0.12746951056
25.3681332086,44.8874444273,108.755503944
69.6789692496,55.1126440935,0.12746951056
25.3678880788,44.8873559065,108.755503944
69.6791875011,55.1127229081,0.12746951056
25.3676698274,44.8872770919,108.755503944
69.6793822716,55.1127932434,0.12746951056
25.3674750568,44.8872067566,108.755503944
69.6795588009,55.1128569913,0.12746951056
25.3672985276,44.8871430087,108.755503944
69.67967999,55.1129007549,0.12746951056
25.3671773384,44.8870992451,108.755503944
69.6798070606,55.1129466424,0.12746951056
25.3670502678,44.8870533576,108.755503944
69.6798500058,55.1129621507,0.12746951056
25.3670073226,44.8870378493,108.755503944
0.0,0.0,0.0
95.0468573284,100.0,108.882973455
1.6403550945,3.19146233845,0.0181726653744
93.4065022339,96.8085376616,108.864800789
3.4299206535,6.33363700037,0.0319952058914
91.6169366749,93.6663629996,108.850978249
5.36855091287,9.41369060263,0.0426793110259
89.6783064156,90.5863093974,108.840294144
7.45510132343,12.420021584,0.0511074338601
87.591756005,87.579978416,108.831866021
9.68281408583,15.3370763214,0.057987476983
85.3640432426,84.6629236786,108.824985978
12.0591229057,18.170212004,0.0639212057352
82.9877344228,81.829787996,108.819052249
14.5902053287,20.9234480784,0.0693389585387
80.4566519998,79.0765519216,108.813634496
17.2683039984,23.5859982587,0.0744541172091
77.77855333,76.4140017413,108.808519338
20.0466679075,26.1172736289,0.0791524173239
75.000189421,73.8827263711,108.803821037
22.8709562235,28.480036949,0.08321649229
72.1759011049,71.519963051,108.799756962
25.714350112,30.6713449841,0.0865738647339
69.3325072164,69.3286550159,108.79639959
28.5978016762,32.7238692512,0.0895164855229
66.4490556523,67.2761307488,108.793456969
31.5500691104,34.6738460599,0.0923209950128
63.4967882181,65.3261539401,108.79065246
34.5365110542,36.5149171607,0.0948004506292
60.5103462742,63.4850828393,108.788173004
37.5203978123,38.2401205257,0.0968993926001
57.5264595161,61.7598794743,108.786074062
40.4633835418,39.8430282918,0.0986195984783
54.5834737866,60.1569717082,108.784353856
43.3338625064,41.3252998916,0.0998381774301
51.7129948221,58.6747001084,108.783135277
46.09485158,42.6849838076,0.100672455727
48.9520057484,57.3150161924,108.782300999
48.7142453344,43.9217186771,0.101348650697
46.332611994,56.0782813229,108.781624804
51.1726194254,45.0404105938,0.101935145652
43.874237903,54.9595894062,108.781038309
53.4362443497,46.0380785877,0.102396496941
41.6106129787,53.9619214123,108.780576958
55.4763027143,46.912532251,0.102684779484
39.5705546142,53.087467749,108.780288675
57.2899396714,47.6713323653,0.102858421971
37.7569176571,52.3286676347,108.780115033
58.9007577232,48.3308573682,0.102971505259
36.1460996053,51.6691426318,108.780001949
60.3421723279,48.9096876017,0.103053090622
34.7046850006,51.0903123983,108.779920364
61.6212628126,49.4145848716,0.103116048944
33.4255945159,50.5854151284,108.779857406
62.7374148106,49.8485999441,0.103162786885
32.3094425179,50.1514000559,108.779810668
63.6893792831,50.2139956489,0.103191767197
31.3574780454,49.7860043511,108.779781688
64.4922100554,50.5188894452,0.103201216868
30.554647273,49.4811105548,108.779772238
65.1666244759,50.7727708819,0.103200904487
29.8802328525,49.2272291181,108.77977255
65.7349747889,50.9851203702,0.10320100449
29.3118825395,49.0148796298,108.77977245
66.2090892041,51.1611545386,0.103200977694
28.8377681243,48.8388454614,108.779772477
66.6014139159,51.3060993913,0.103200984874
28.4454434125,48.6939006087,108.77977247
66.9239467635,51.424819944,0.10320098295
28.1229105649,48.575180056,108.779772472
67.1867223432,51.5212386867,0.103200983466
27.8601349853,48.4787613133,108.779772471
67.3986191107,51.5987670455,0.103200983328
27.6482382178,48.4012329545,108.779772471
67.5674879126,51.660402491,0.103200983365
27.4793694158,48.339597509,108.779772471
67.7032181257,51.7098259755,0.103200983355
27.3436392027,48.2901740245,108.779772471
67.811054145,51.7490010188,0.103200983357
27.2358031835,48.2509989812,108.779772471
67.8933912349,51.7788480782,0.103200983357
27.1534660935,48.2211519218,108.779772471
67.9553239801,51.8012637053,0.103200983357
27.0915333483,48.1987362947,108.779772471
68.0024462212,51.818303579,0.103200983357
27.0444111072,48.181696421,108.779772471
68.0398776901,51.8318298242,0.103200983357
27.0069796384,48.1681701758,108.779772471
68.0700008321,51.8427096527,0.103200983357
26.9768564964,48.1572903473,108.779772471
68.0944735128,51.8515470491,0.103200983357
26.9523838157,48.1484529509,108.779772471
68.114301105,51.8587071923,0.103200983357
26.9325562234,48.1412928077,108.779772471
68.1303844361,51.8645151675,0.103200983357
26.9164728924,48.1354848325,108.779772471
68.1432144371,51.8691483182,0.103200983357
26.9036428914,48.1308516818,108.779772471
68.1528846856,51.872640421,0.103200983357
26.8939726429,48.127359579,108.779772471
68.1600826285,51.8752397301,0.103200983357
26.8867746999,48.1247602699,108.779772471
68.165546545,51.8772128504,0.103200983357
26.8813107835,48.1227871496,108.779772471
68.1700627411,51.8788437316,0.103200983357
26.8767945874,48.1211562684,108.779772471
68.1738038514,51.8801947151,0.103200983357
26.873053477,48.1198052849,108.779772471
68.1768719901,51.8813026762,0.103200983357
26.8699853383,48.1186973238,108.779772471
68.1793446814,51.8821956103,0.103200983357
26.867512647,48.1178043897,108.779772471
68.1813310196,51.8829129133,0.103200983357
26.8655263088,48.1170870867,108.779772471
68.1829009994,51.8834798618,0.103200983357
26.8639563291,48.1165201382,108.779772471
68.1840713258,51.8839024881,0.103200983357
26.8627860026,48.1160975119,108.779772471
68.1849405604,51.8842163846,0.103200983357
26.861916768,48.1157836154,108.779772471
68.1855855123,51.8844492885,0.103200983357
26.8612718162,48.1155507115,108.779772471
68.1860531892,51.8846181752,0.103200983357
26.8608041393,48.1153818248,108.779772471
68.1863871651,51.88473878,0.103200983357
26.8604701633,48.11526122,108.779772471
68.1866322949,51.8848273008,0.103200983357
26.8602250336,48.1151726992,108.779772471
68.1868505463,51.8849061154,0.103200983357
26.8600067821,48.1150938846,108.779772471
68.1870453169,51.8849764506,0.103200983357
26.8598120116,48.1150235494,108.779772471
68.1872218461,51.8850401986,0.103200983357
26.8596354824,48.1149598014,108.779772471
68.1873430352,51.8850839622,0.103200983357
26.8595142932,48.1149160378,108.779772471
68.1874701058,51.8851298497,0.103200983357
26.8593872226,48.1148701503,108.779772471
68.1875130511,51.885145358,0.103200983357
26.8593442774,48.114854642,108.779772471
0.0,0.0,0.0
95.0468573284,100.0,108.882973455
1.78956555899,3.14217466192,0.013822540517
93.2572917694,96.8578253381,108.869150914
3.72819581836,6.22222826418,0.0245066456515
91.3186615101,93.7777717358,108.858466809
5.81474622893,9.22855924557,0.0329347684857
89.2321110995,90.7714407544,108.850038686
8.04245899133,12.145613983,0.0398148116086
87.0043983371,87.854386017,108.843158643
10.4187678112,14.9787496656,0.0457485403608
84.6280895173,85.0212503344,108.837224914
12.9498502342,17.73198574,0.0511662931643
82.0970070943,82.26801426,108.831807162
15.6279489039,20.3945359203,0.0562814518347
79.4189084246,79.6054640797,108.826692003
18.406312813,22.9258112905,0.0609797519495
76.6405445155,77.0741887095,108.821993703
21.230601129,25.2885746105,0.0650438269155
73.8162561994,74.7114253895,108.817929628
24.0739950175,27.4798826456,0.0684011993595
70.972862311,72.5201173544,108.814572255
26.9574465817,29.5324069127,0.0713438201485
68.0894107468,70.4675930873,108.811629635
29.9097140159,31.4823837214,0.0741483296384
65.1371433126,68.5176162786,108.808825125
32.8961559597,33.3234548223,0.0766277852548
62.1507013687,66.6765451777,108.806345669
35.8800427178,35.0486581872,0.0787267272257
59.1668146106,64.9513418128,108.804246728
38.8230284473,36.6515659534,0.0804469331039
56.2238288811,63.3484340466,108.802526522
41.6935074119,38.1338375531,0.0816655120557
53.3533499166,61.8661624469,108.801307943
44.4544964855,39.4935214691,0.0824997903529
50.5923608429,60.5064785309,108.800473664
47.0738902399,40.7302563386,0.0831759853225
47.9729670885,59.2697436614,108.799797469
49.5322643309,41.8489482553,0.0837624802776
45.5145929975,58.1510517447,108.799210974
51.7958892552,42.8466162493,0.0842238315664
43.2509680732,57.1533837507,108.798749623
53.8359476198,43.7210699125,0.0845121141097
41.2109097087,56.2789300875,108.798461341
55.6495845769,44.4798700268,0.0846857565967
39.3972727516,55.5201299732,108.798287698
57.2604026286,45.1393950298,0.0847988398843
37.7864546998,54.8606049702,108.798174615
58.7018172334,45.7182252632,0.0848804252476
36.3450400951,54.2817747368,108.798093029
59.9809077181,46.2231225332,0.0849433835693
35.0659496104,53.7768774668,108.798030071
61.0970597161,46.6571376057,0.0849901215101
33.9497976124,53.3428623943,108.797983333
62.0490241886,47.0225333104,0.0850191018223
32.9978331399,52.9774666896,108.797954353
62.8518549609,47.3274271067,0.0850285514941
32.1950023675,52.6725728933,108.797944903
63.5262693814,47.5813085435,0.0850282391122
31.520587947,52.4186914565,108.797945216
64.0946196944,47.7936580318,0.0850283391156
30.9522376341,52.2063419682,108.797945116
64.5687341096,47.9696922002,0.0850283123197
30.4781232188,52.0303077998,108.797945142
64.9610588214,48.1146370528,0.0850283194997
30.085798507,51.8853629472,108.797945135
65.283591669,48.2333576056,0.0850283175758
29.7632656594,51.7666423944,108.797945137
65.5463672487,48.3297763482,0.0850283180913
29.5004900798,51.6702236518,108.797945137
65.7582640162,48.407304707,0.0850283179532
29.2885933123,51.592695293,108.797945137
65.9271328181,48.4689401526,0.0850283179902
29.1197245103,51.5310598474,108.797945137
66.0628630312,48.5183636371,0.0850283179803
28.9839942972,51.4816363629,108.797945137
66.1706990505,48.5575386804,0.0850283179829
28.876158278,51.4424613196,108.797945137
66.2530361404,48.5873857398,0.0850283179822
28.7938211881,51.4126142602,108.797945137
66.3149688856,48.6098013668,0.0850283179824
28.7318884428,51.3901986332,108.797945137
66.3620911267,48.6268412406,0.0850283179824
28.6847662017,51.3731587594,108.797945137
66.3995225956,48.6403674857,0.0850283179824
28.6473347329,51.3596325143,108.797945137
66.4296457376,48.6512473142,0.0850283179824
28.6172115909,51.3487526858,108.797945137
66.4541184183,48.6600847106,0.0850283179824
28.5927389102,51.3399152894,108.797945137
66.4739460105,48.6672448539,0.0850283179824
28.5729113179,51.3327551461,108.797945137
66.4900293416,48.6730528291,0.0850283179824
28.5568279869,51.3269471709,108.797945137
66.5028593426,48.6776859797,0.0850283179824
28.5439979859,51.3223140203,108.797945137
66.512529591,48.6811780826,0.0850283179824
28.5343277374,51.3188219174,108.797945137
66.519727534,48.6837773916,0.0850283179824
28.5271297944,51.3162226084,108.797945137
66.5251914504,48.6857505119,0.0850283179824
28.521665878,51.3142494881,108.797945137
66.5297076465,48.6873813932,0.0850283179824
28.5171496819,51.3126186068,108.797945137
66.5334487569,48.6887323767,0.0850283179824
28.5134085715,51.3112676233,108.797945137
66.5365168956,48.6898403378,0.0850283179824
28.5103404328,51.3101596622,108.797945137
66.5389895869,48.6907332719,0.0850283179824
28.5078677415,51.3092667281,108.797945137
66.5409759251,48.6914505749,0.0850283179824
28.5058814034,51.3085494251,108.797945137
66.5425459049,48.6920175233,0.0850283179824
28.5043114236,51.3079824767,108.797945137
66.5437162313,48.6924401496,0.0850283179824
28.5031410971,51.3075598504,108.797945137
66.5445854659,48.6927540462,0.0850283179824
28.5022718625,51.3072459538,108.797945137
66.5452304178,48.69298695,0.0850283179824
28.5016269107,51.30701305,108.797945137
66.5456980947,48.6931558367,0.0850283179824
28.5011592338,51.3068441633,108.797945137
66.5460320706,48.6932764415,0.0850283179824
28.5008252578,51.3067235585,108.797945137
66.5462772004,48.6933649624,0.0850283179824
28.5005801281,51.3066350376,108.797945137
66.5464954518,48.693443777,0.0850283179824
28.5003618767,51.306556223,108.797945137
66.5466902224,48.6935141122,0.0850283179824
28.5001671061,51.3064858878,108.797945137
66.5468667516,48.6935778601,0.0850283179824
28.4999905769,51.3064221399,108.797945137
66.5469879407,48.6936216237,0.0850283179824
28.4998693877,51.3063783763,108.797945137
66.5471150113,48.6936675113,0.0850283179824
28.4997423171,51.3063324887,108.797945137
66.5471579566,48.6936830196,0.0850283179824
28.4996993719,51.3063169804,108.797945137
0.0,0.0,0.0
95.0468573284,100.0,108.882973455
1.93863025937,3.08005360226,0.0106841051344
93.1082270691,96.9199463977,108.87228935
4.02518066994,6.08638458365,0.0191122279687
91.0216766585,93.9136154163,108.863861227
6.25289343233,9.00343932103,0.0259922710916
88.7939638961,90.996560679,108.856981184
8.62920225216,11.8365750037,0.0319259998438
86.4176550763,88.1634249963,108.851047455
11.1602846752,14.5898110781,0.0373437526473
83.8865726533,85.4101889219,108.845629702
13.8383833449,17.2523612584,0.0424589113177
81.2084739835,82.7476387416,108.840514543
16.616747254,19.7836366286,0.0471572114324
78.4301100744,80.2163633714,108.835816243
19.44103557,22.1463999486,0.0512212863985
75.6058217584,77.8536000514,108.831752168
22.2844294585,24.3377079837,0.0545786588425
72.7624278699,75.6622920163,108.828394796
25.1678810227,26.3902322508,0.0575212796315
69.8789763057,73.6097677492,108.825452175
28.1201484569,28.3402090595,0.0603257891213
66.9267088716,71.6597909405,108.822647666
31.1065904007,30.1812801603,0.0628052447378
63.9402669277,69.8187198397,108.82016821
34.0904771588,31.9064835253,0.0649041867087
60.9563801696,68.0935164747,108.818069268
37.0334628884,33.5093912914,0.0666243925868
58.0133944401,66.4906087086,108.816349062
39.9039418529,34.9916628912,0.0678429715386
55.1429154756,65.0083371088,108.815130483
42.6649309265,36.3513468072,0.0686772498359
52.3819264019,63.6486531928,108.814296205
45.2843246809,37.5880816767,0.0693534448054
49.7625326475,62.4119183233,108.81362001
47.7426987719,38.7067735934,0.0699399397605
47.3041585565,61.2932264066,108.813033515
50.0063236962,39.7044415873,0.0704012910494
45.0405336322,60.2955584127,108.812572164
52.0463820608,40.5788952506,0.0706895735927
43.0004752677,59.4211047494,108.812283881
53.8600190179,41.3376953649,0.0708632160796
41.1868383106,58.6623046351,108.812110239
55.4708370697,41.9972203679,0.0709762993673
39.5760202588,58.0027796321,108.811997155
56.9122516744,42.5760506013,0.0710578847305
38.1346056541,57.4239493987,108.81191557
58.1913421591,43.0809478713,0.0711208430523
36.8555151694,56.9190521287,108.811852612
59.3074941571,43.5149629438,0.0711675809931
35.7393631714,56.4850370562,108.811805874
60.2594586296,43.8803586485,0.0711965613052
34.7873986989,56.1196413515,108.811776893
61.0622894019,44.1852524448,0.071206010977
33.9845679265,55.8147475552,108.811767444
61.7367038224,44.4391338815,0.0712056985951
33.310153506,55.5608661185,108.811767756
62.3050541354,44.6514833698,0.0712057985985
32.741803193,55.3485166302,108.811767656
62.7791685506,44.8275175382,0.0712057718027
32.2676887778,55.1724824618,108.811767683
63.1714932624,44.9724623909,0.0712057789826
31.875364066,55.0275376091,108.811767676
63.49402611,45.0911829437,0.0712057770588
31.5528312184,54.9088170563,108.811767678
63.7568016897,45.1876016863,0.0712057775743
31.2900556388,54.8123983137,108.811767677
63.9686984572,45.2651300451,0.0712057774361
31.0781588713,54.7348699549,108.811767677
64.1375672591,45.3267654907,0.0712057774731
30.9092900693,54.6732345093,108.811767677
64.2732974722,45.3761889751,0.0712057774632
30.7735598562,54.6238110249,108.811767677
64.3811334915,45.4153640184,0.0712057774659
30.6657238369,54.5846359816,108.811767677
64.4634705814,45.4452110779,0.0712057774652
30.583386747,54.5547889221,108.811767677
64.5254033266,45.4676267049,0.0712057774654
30.5214540018,54.5323732951,108.811767677
64.5725255677,45.4846665786,0.0712057774653
30.4743317607,54.5153334214,108.811767677
64.6099570366,45.4981928238,0.0712057774653
30.4369002919,54.5018071762,108.811767677
64.6400801786,45.5090726523,0.0712057774653
30.4067771499,54.4909273477,108.811767677
64.6645528593,45.5179100487,0.0712057774653
30.3823044692,54.4820899513,108.811767677
64.6843804515,45.525070192,0.0712057774653
30.3624768769,54.474929808,108.811767677
64.7004637826,45.5308781671,0.0712057774653
30.3463935459,54.4691218329,108.811767677
64.7132937836,45.5355113178,0.0712057774653
30.3335635449,54.4644886822,108.811767677
64.7229640321,45.5390034207,0.0712057774653
30.3238932964,54.4609965793,108.811767677
64.730161975,45.5416027297,0.0712057774653
30.3166953534,54.4583972703,108.811767677
64.7356258915,45.54357585,0.0712057774653
30.311231437,54.45642415,108.811767677
64.7401420876,45.5452067313,0.0712057774653
30.3067152409,54.4547932687,108.811767677
64.7438831979,45.5465577147,0.0712057774653
30.3029741305,54.4534422853,108.811767677
64.7469513366,45.5476656759,0.0712057774653
30.2999059918,54.4523343241,108.811767677
64.7494240279,45.5485586099,0.0712057774653
30.2974333005,54.4514413901,108.811767677
64.7514103661,45.549275913,0.0712057774653
30.2954469623,54.450724087,108.811767677
64.7529803459,45.5498428614,0.0712057774653
30.2938769826,54.4501571386,108.811767677
64.7541506723,45.5502654877,0.0712057774653
30.2927066561,54.4497345123,108.811767677
64.7550199069,45.5505793842,0.0712057774653
30.2918374215,54.4494206158,108.811767677
64.7556648588,45.5508122881,0.0712057774653
30.2911924697,54.4491877119,108.811767677
64.7561325357,45.5509811748,0.0712057774653
30.2907247928,54.4490188252,108.811767677
64.7564665116,45.5511017796,0.0712057774653
30.2903908168,54.4488982204,108.811767677
64.7567116414,45.5511903005,0.0712057774653
30.2901456871,54.4488096995,108.811767677
64.7569298928,45.5512691151,0.0712057774653
30.2899274356,54.4487308849,108.811767677
64.7571246634,45.5513394503,0.0712057774653
30.2897326651,54.4486605497,108.811767677
64.7573011926,45.5514031982,0.0712057774653
30.2895561359,54.4485968018,108.811767677
64.7574223817,45.5514469618,0.0712057774653
30.2894349467,54.4485530382,108.811767677
64.7575494524,45.5514928493,0.0712057774653
30.2893078761,54.4485071507,108.811767677
64.7575923976,45.5515083576,0.0712057774653
30.2892649309,54.4484916424,108.811767677
0.0,0.0,0.0
95.0468573284,100.0,108.882973455
2.08655041057,3.00633098139,0.00842812283426
92.9603069179,96.9936690186,108.874545332
4.31426317296,5.92338571877,0.0153081659571
90.7325941555,94.0766142812,108.867665289
6.69057199279,8.75652140142,0.0212418947093
88.3562853357,91.2434785986,108.86173156
9.22165441582,11.5097574758,0.0266596475129
85.8252029126,88.4902425242,108.856313807
11.8997530855,14.1723076561,0.0317748061832
83.1471042429,85.8276923439,108.851198649
14.6781169946,16.7035830263,0.036473106298
80.3687403338,83.2964169737,108.846500348
17.5024053107,19.0663463463,0.0405371812641
77.5444520178,80.9336536537,108.842436273
20.3457991991,21.2576543815,0.043894553708
74.7010581293,78.7423456185,108.839078901
23.2292507633,23.3101786486,0.0468371744971
71.8176065651,76.6898213514,108.83613628
26.1815181975,25.2601554573,0.0496416839869
68.8653391309,74.7398445427,108.833331771
29.1679601414,27.1012265581,0.0521211396034
65.8788971871,72.8987734419,108.830852315
32.1518468995,28.826429923,0.0542200815742
62.895010429,71.173570077,108.828753373
35.094832629,30.4293376892,0.0559402874524
59.9520246995,69.5706623108,108.827033167
37.9653115935,31.9116092889,0.0571588664042
57.0815457349,68.0883907111,108.825814588
40.7263006671,33.2712932049,0.0579931447014
54.3205566613,66.7287067951,108.82498031
43.3456944215,34.5080280744,0.058669339671
51.7011629069,65.4919719256,108.824304115
45.8040685126,35.6267199912,0.0592558346261
49.2427888159,64.3732800088,108.82371762
48.0676934369,36.6243879851,0.059717185915
46.9791638916,63.3756120149,108.823256269
50.1077518014,37.4988416483,0.0600054684583
44.939105527,62.5011583517,108.822967986
51.9213887585,38.2576417626,0.0601791109452
43.1254685699,61.7423582374,108.822794344
53.5322068103,38.9171667656,0.0602921942328
41.5146505182,61.0828332344,108.822681261
54.973621415,39.495996999,0.0603737795961
40.0732359134,60.504003001,108.822599675
56.2527118997,40.000894269,0.0604367379179
38.7941454287,59.999105731,108.822536717
57.3688638977,40.4349093415,0.0604834758587
37.6779934307,59.5650906585,108.822489979
58.3208283702,40.8003050462,0.0605124561708
36.7260289582,59.1996949538,108.822460999
59.1236591426,41.1051988426,0.0605219058426
35.9231981859,58.8948011574,108.822451549
59.798073563,41.3590802793,0.0605215934607
35.2487837654,58.6409197207,108.822451861
60.366423876,41.5714297676,0.0605216934641
34.6804334524,58.4285702324,108.822451761
60.8405382913,41.747463936,0.0605216666683
34.2063190372,58.252536064,108.822451788
61.2328630031,41.8924087887,0.0605216738482
33.8139943254,58.1075912113,108.822451781
61.5553958506,42.0111293414,0.0605216719243
33.4914614778,57.9888706586,108.822451783
61.8181714303,42.107548084,0.0605216724398
33.2286858981,57.892451916,108.822451782
62.0300681978,42.1850764428,0.0605216723017
33.0167891306,57.8149235572,108.822451782
62.1989369997,42.2467118884,0.0605216723387
32.8479203287,57.7532881116,108.822451782
62.3346672128,42.2961353729,0.0605216723288
32.7121901156,57.7038646271,108.822451782
62.4425032321,42.3353104162,0.0605216723315
32.6043540963,57.6646895838,108.822451782
62.524840322,42.3651574756,0.0605216723307
32.5220170064,57.6348425244,108.822451782
62.5867730673,42.3875731026,0.0605216723309
32.4600842612,57.6124268974,108.822451782
62.6338953084,42.4046129764,0.0605216723309
32.4129620201,57.5953870236,108.822451782
62.6713267772,42.4181392215,0.0605216723309
32.3755305512,57.5818607785,108.822451782
62.7014499192,42.42901905,0.0605216723309
32.3454074092,57.57098095,108.822451782
62.7259225999,42.4378564464,0.0605216723309
32.3209347285,57.5621435536,108.822451782
62.7457501921,42.4450165897,0.0605216723309
32.3011071363,57.5549834103,108.822451782
62.7618335232,42.4508245649,0.0605216723309
32.2850238052,57.5491754351,108.822451782
62.7746635242,42.4554577155,0.0605216723309
32.2721938042,57.5445422845,108.822451782
62.7843337727,42.4589498184,0.0605216723309
32.2625235558,57.5410501816,108.822451782
62.7915317157,42.4615491275,0.0605216723309
32.2553256128,57.5384508725,108.822451782
62.7969956321,42.4635222477,0.0605216723309
32.2498616964,57.5364777523,108.822451782
62.8015118282,42.465153129,0.0605216723309
32.2453455003,57.534846871,108.822451782
62.8052529385,42.4665041125,0.0605216723309
32.2416043899,57.5334958875,108.822451782
62.8083210773,42.4676120736,0.0605216723309
32.2385362512,57.5323879264,108.822451782
62.8107937686,42.4685050077,0.0605216723309
32.2360635599,57.5314949923,108.822451782
62.8127801067,42.4692223107,0.0605216723309
32.2340772217,57.5307776893,108.822451782
62.8143500865,42.4697892591,0.0605216723309
32.2325072419,57.5302107409,108.822451782
62.8155204129,42.4702118854,0.0605216723309
32.2313369155,57.5297881146,108.822451782
62.8163896476,42.470525782,0.0605216723309
32.2304676809,57.529474218,108.822451782
62.8170345994,42.4707586859,0.0605216723309
32.229822729,57.5292413141,108.822451782
62.8175022763,42.4709275725,0.0605216723309
32.2293550522,57.5290724275,108.822451782
62.8178362522,42.4710481774,0.0605216723309
32.2290210762,57.5289518226,108.822451782
62.818081382,42.4711366982,0.0605216723309
32.2287759464,57.5288633018,108.822451782
62.8182996334,42.4712155128,0.0605216723309
32.228557695,57.5287844872,108.822451782
62.818494404,42.471285848,0.0605216723309
32.2283629244,57.528714152,108.822451782
62.8186709332,42.4713495959,0.0605216723309
32.2281863952,57.5286504041,108.822451782
62.8187921224,42.4713933596,0.0605216723309
32.2280652061,57.5286066404,108.822451782
62.818919193,42.4714392471,0.0605216723309
32.2279381355,57.5285607529,108.822451782
62.8189621382,42.4714547554,0.0605216723309
32.2278951903,57.5285452446,108.822451782
0.0,0.0,0.0
95.0468573284,100.0,108.882973455
2.2277127624,2.91705473738,0.00688004312286
92.819144566,97.0829452626,108.876093412
4.60402158222,5.75019042003,0.0128137718751
90.4428357462,94.24980958,108.870159683
7.13510400525,8.50342649441,0.0182315246786
87.9117533232,91.4965735056,108.86474193
9.81320267496,11.1659766747,0.023346683349
85.2336546535,88.8340233253,108.859626771
12.5915665841,13.6972520449,0.0280449834637
82.4552907444,86.3027479551,108.854928471
15.4158549001,16.0600153649,0.0321090584298
79.6310024283,83.9399846351,108.850864396
18.2592487886,18.2513234001,0.0354664308738
76.7876085399,81.7486765999,108.847507024
21.1427003528,20.3038476672,0.0384090516628
73.9041569757,79.6961523328,108.844564403
24.094967787,22.2538244759,0.0412135611526
70.9518895415,77.7461755241,108.841759894
27.0814097308,24.0948955767,0.0436930167691
67.9654475976,75.9051044233,108.839280438
30.0652964889,25.8200989416,0.04579195874
64.9815608395,74.1799010584,108.837181496
33.0082822184,27.4230067078,0.0475121646181
62.03857511,72.5769932922,108.83546129
35.8787611829,28.9052783076,0.0487307435699
59.1680961455,71.0947216924,108.834242711
38.6397502566,30.2649622235,0.0495650218672
56.4071070719,69.7350377765,108.833408433
41.259144011,31.501697093,0.0502412168367
53.7877133175,68.498302907,108.832732238
43.717518102,32.6203890098,0.0508277117918
51.3293392264,67.3796109902,108.832145743
45.9811430263,33.6180570037,0.0512890630807
49.0657143021,66.3819429963,108.831684392
48.0212013909,34.4925106669,0.051577345624
47.0256559376,65.5074893331,108.831396109
49.8348383479,35.2513107812,0.0517509881109
45.2120189805,64.7486892188,108.831222467
51.4456563997,35.9108357842,0.0518640713986
43.6012009287,64.0891642158,108.831109383
52.8870710044,36.4896660176,0.0519456567618
42.159786324,63.5103339824,108.831027798
54.1661614891,36.9945632876,0.0520086150836
40.8806958393,63.0054367124,108.83096484
55.2823134871,37.4285783601,0.0520553530244
39.7645438413,62.5714216399,108.830918102
56.2342779596,37.7939740649,0.0520843333365
38.8125793688,62.2060259351,108.830889121
57.037108732,38.0988678612,0.0520937830083
38.0097485964,61.9011321388,108.830879672
57.7115231525,38.3527492979,0.0520934706265
37.335334176,61.6472507021,108.830879984
58.2798734655,38.5650987862,0.0520935706298
36.766983863,61.4349012138,108.830879884
58.7539878807,38.7411329546,0.052093543834
36.2928694477,61.2588670454,108.830879911
59.1463125925,38.8860778073,0.0520935510139
35.900544736,61.1139221927,108.830879904
59.4688454401,39.00479836,0.0520935490901
35.5780118884,60.99520164,108.830879906
59.7316210197,39.1012171027,0.0520935496056
35.3152363087,60.8987828973,108.830879905
59.9435177872,39.1787454614,0.0520935494674
35.1033395412,60.8212545386,108.830879905
60.1123865892,39.240380907,0.0520935495045
34.9344707393,60.759619093,108.830879905
60.2481168023,39.2898043915,0.0520935494945
34.7987405262,60.7101956085,108.830879905
60.3559528216,39.3289794348,0.0520935494972
34.6909045069,60.6710205652,108.830879905
60.4382899115,39.3588264942,0.0520935494965
34.608567417,60.6411735058,108.830879905
60.5002226567,39.3812421212,0.0520935494967
34.5466346717,60.6187578788,108.830879905
60.5473448978,39.398281995,0.0520935494966
34.4995124306,60.601718005,108.830879905
60.5847763666,39.4118082402,0.0520935494966
34.4620809618,60.5881917598,108.830879905
60.6148995086,39.4226880687,0.0520935494966
34.4319578198,60.5773119313,108.830879905
60.6393721893,39.4315254651,0.0520935494966
34.4074851391,60.5684745349,108.830879905
60.6591997816,39.4386856083,0.0520935494966
34.3876575469,60.5613143917,108.830879905
60.6752831126,39.4444935835,0.0520935494966
34.3715742158,60.5555064165,108.830879905
60.6881131136,39.4491267341,0.0520935494966
34.3587442148,60.5508732659,108.830879905
60.6977833621,39.452618837,0.0520935494966
34.3490739663,60.547381163,108.830879905
60.7049813051,39.4552181461,0.0520935494966
34.3418760233,60.5447818539,108.830879905
60.7104452215,39.4571912664,0.0520935494966
34.3364121069,60.5428087336,108.830879905
60.7149614176,39.4588221476,0.0520935494966
34.3318959108,60.5411778524,108.830879905
60.718702528,39.4601731311,0.0520935494966
34.3281548005,60.5398268689,108.830879905
60.7217706667,39.4612810922,0.0520935494966
34.3250866617,60.5387189078,108.830879905
60.724243358,39.4621740263,0.0520935494966
34.3226139705,60.5378259737,108.830879905
60.7262296962,39.4628913293,0.0520935494966
34.3206276323,60.5371086707,108.830879905
60.7277996759,39.4634582778,0.0520935494966
34.3190576525,60.5365417222,108.830879905
60.7289700024,39.4638809041,0.0520935494966
34.3178873261,60.5361190959,108.830879905
60.729839237,39.4641948006,0.0520935494966
34.3170180914,60.5358051994,108.830879905
60.7304841888,39.4644277045,0.0520935494966
34.3163731396,60.5355722955,108.830879905
60.7309518657,39.4645965911,0.0520935494966
34.3159054627,60.5354034089,108.830879905
60.7312858417,39.464717196,0.0520935494966
34.3155714868,60.535282804,108.830879905
60.7315309714,39.4648057168,0.0520935494966
34.315326357,60.5351942832,108.830879905
60.7317492229,39.4648845314,0.0520935494966
34.3151081056,60.5351154686,108.830879905
60.7319439934,39.4649548666,0.0520935494966
34.314913335,60.5350451334,108.830879905
60.7321205227,39.4650186146,0.0520935494966
34.3147368058,60.5349813854,108.830879905
60.7322417118,39.4650623782,0.0520935494966
34.3146156166,60.5349376218,108.830879905
60.7323687824,39.4651082657,0.0520935494966
34.314488546,60.5348917343,108.830879905
60.7324117276,39.465123774,0.0520935494966
34.3144456008,60.534876226,108.830879905
0.0,0.0,0.0
95.0468573284,100.0,108.882973455
2.37630881983,2.83313568265,0.00593372875223
92.6705485086,97.1668643174,108.877039726
4.90739124285,5.58637175703,0.0113514815558
90.1394660856,94.413628243,108.871621973
7.58548991256,8.24892193734,0.0164666402261
87.4613674159,91.7510780627,108.866506815
10.3638538217,10.7801973075,0.0211649403409
84.6830035068,89.2198026925,108.861808514
13.1881421377,13.1429606276,0.025229015307
81.8587151907,86.8570393724,108.857744439
16.0315360262,15.3342686627,0.0285863877509
79.0153213023,84.6657313373,108.854387067
18.9149875904,17.3867929298,0.0315290085399
76.1318697381,82.6132070702,108.851444446
21.8672550246,19.3367697385,0.0343335180298
73.1796023039,80.6632302615,108.848639937
24.8536969684,21.1778408393,0.0368129736462
70.19316036,78.8221591607,108.846160481
27.8375837265,22.9030442043,0.0389119156171
67.2092736019,77.0969557957,108.844061539
30.780569456,24.5059519704,0.0406321214953
64.2662878724,75.4940480296,108.842341333
33.6510484205,25.9882235702,0.0418507004471
61.3958089079,74.0117764298,108.841122754
36.4120374942,27.3479074862,0.0426849787443
58.6348198343,72.6520925138,108.840288476
39.0314312486,28.5846423557,0.0433611737139
56.0154260799,71.4153576443,108.839612281
41.4898053396,29.7033342724,0.043947668669
53.5570519888,70.2966657276,108.839025786
43.7534302639,30.7010022663,0.0444090199579
51.2934270645,69.2989977337,108.838564435
45.7934886285,31.5754559296,0.0446973025012
49.2533687,68.4245440704,108.838276152
47.6071255855,32.3342560439,0.0448709449881
47.4397317429,67.6657439561,108.83810251
49.2179436373,32.9937810468,0.0449840282757
45.8289136911,67.0062189532,108.837989426
50.659358242,33.5726112803,0.045065613639
44.3874990864,66.4273887197,108.837907841
51.9384487267,34.0775085502,0.0451285719607
43.1084086017,65.9224914498,108.837844883
53.0546007247,34.5115236228,0.0451753099015
41.9922566037,65.4884763772,108.837798145
54.0065651973,34.8769193275,0.0452042902137
41.0402921312,65.1230806725,108.837769165
54.8093959696,35.1818131238,0.0452137398855
40.2374613588,64.8181868762,108.837759715
55.4838103901,35.4356945605,0.0452134275036
39.5630469384,64.5643054395,108.837760027
56.0521607031,35.6480440488,0.045213527507
38.9946966254,64.3519559512,108.837759927
56.5262751183,35.8240782172,0.0452135007112
38.5205822101,64.1759217828,108.837759954
56.9185998301,35.9690230699,0.0452135078911
38.1282574983,64.0309769301,108.837759947
57.2411326777,36.0877436226,0.0452135059672
37.8057246508,63.9122563774,108.837759949
57.5039082573,36.1841623653,0.0452135064827
37.5429490711,63.8158376347,108.837759948
57.7158050249,36.2616907241,0.0452135063446
37.3310523036,63.7383092759,108.837759948
57.8846738268,36.3233261696,0.0452135063816
37.1621835017,63.6766738304,108.837759948
58.0204040399,36.3727496541,0.0452135063717
37.0264532886,63.6272503459,108.837759948
58.1282400592,36.4119246974,0.0452135063743
36.9186172693,63.5880753026,108.837759948
58.2105771491,36.4417717568,0.0452135063736
36.8362801794,63.5582282432,108.837759948
58.2725098943,36.4641873839,0.0452135063738
36.7743474341,63.5358126161,108.837759948
58.3196321354,36.4812272576,0.0452135063738
36.727225193,63.5187727424,108.837759948
58.3570636042,36.4947535028,0.0452135063738
36.6897937242,63.5052464972,108.837759948
58.3871867462,36.5056333313,0.0452135063738
36.6596705822,63.4943666687,108.837759948
58.4116594269,36.5144707277,0.0452135063738
36.6351979015,63.4855292723,108.837759948
58.4314870192,36.5216308709,0.0452135063738
36.6153703093,63.4783691291,108.837759948
58.4475703502,36.5274388461,0.0452135063738
36.5992869782,63.4725611539,108.837759948
58.4604003513,36.5320719968,0.0452135063738
36.5864569772,63.4679280032,108.837759948
58.4700705997,36.5355640996,0.0452135063738
36.5767867287,63.4644359004,108.837759948
58.4772685427,36.5381634087,0.0452135063738
36.5695887857,63.4618365913,108.837759948
58.4827324591,36.540136529,0.0452135063738
36.5641248693,63.459863471,108.837759948
58.4872486552,36.5417674102,0.0452135063738
36.5596086732,63.4582325898,108.837759948
58.4909897656,36.5431183937,0.0452135063738
36.5558675629,63.4568816063,108.837759948
58.4940579043,36.5442263548,0.0452135063738
36.5527994241,63.4557736452,108.837759948
58.4965305956,36.5451192889,0.0452135063738
36.5503267328,63.4548807111,108.837759948
58.4985169338,36.5458365919,0.0452135063738
36.5483403947,63.4541634081,108.837759948
58.5000869135,36.5464035404,0.0452135063738
36.5467704149,63.4535964596,108.837759948
58.50125724,36.5468261667,0.0452135063738
36.5456000885,63.4531738333,108.837759948
58.5021264746,36.5471400632,0.0452135063738
36.5447308538,63.4528599368,108.837759948
58.5027714264,36.5473729671,0.0452135063738
36.544085902,63.4526270329,108.837759948
58.5032391033,36.5475418538,0.0452135063738
36.5436182251,63.4524581462,108.837759948
58.5035730793,36.5476624586,0.0452135063738
36.5432842492,63.4523375414,108.837759948
58.503818209,36.5477509794,0.0452135063738
36.5430391194,63.4522490206,108.837759948
58.5040364605,36.547829794,0.0452135063738
36.542820868,63.452170206,108.837759948
58.504231231,36.5479001292,0.0452135063738
36.5426260974,63.4520998708,108.837759948
58.5044077603,36.5479638772,0.0452135063738
36.5424495682,63.4520361228,108.837759948
58.5045289494,36.5480076408,0.0452135063738
36.542328379,63.4519923592,108.837759948
58.50465602,36.5480535283,0.0452135063738
36.5422013084,63.4519464717,108.837759948
58.5046989652,36.5480690366,0.0452135063738
36.5421583632,63.4519309634,108.837759948
0.0,0.0,0.0
95.0468573284,100.0,108.882973455
2.53108242303,2.75323607438,0.00541775280353
92.5157749054,97.2467639256,108.877555702
5.20918109274,5.41578625469,0.0105329114739
89.8376762357,94.5842137453,108.872440543
7.98754500183,7.9470616249,0.0152312115887
87.0593123266,92.0529383751,108.867742243
10.8118333179,10.3098249449,0.0192952865547
84.2350240106,89.6901750551,108.863678168
13.6552272063,12.50113298,0.0226526589987
81.3916301221,87.49886702,108.860320796
16.5386787705,14.5536572471,0.0255952797877
78.5081785579,85.4463427529,108.857378175
19.4909462047,16.5036340558,0.0283997892776
75.5559111237,83.4963659442,108.854573665
22.4773881486,18.3447051567,0.030879244894
72.5694691798,81.6552948433,108.85209421
25.4612749067,20.0699085216,0.0329781868649
69.5855824218,79.9300914784,108.849995268
28.4042606362,21.6728162878,0.0346983927431
66.6425966922,78.3271837122,108.848275062
31.2747396007,23.1550878875,0.0359169716949
63.7721177277,76.8449121125,108.847056483
34.0357286744,24.5147718035,0.0367512499921
61.0111286541,75.4852281965,108.846222205
36.6551224287,25.751506673,0.0374274449617
58.3917348997,74.248493327,108.84554601
39.1134965198,26.8701985897,0.0380139399168
55.9333608087,73.1298014103,108.844959515
41.3771214441,27.8678665837,0.0384752912056
53.6697358844,72.1321334163,108.844498164
43.4171798086,28.7423202469,0.0387635737489
51.6296775198,71.2576797531,108.844209881
45.2308167657,29.5011203612,0.0389372162359
49.8160405627,70.4988796388,108.844036239
46.8416348175,30.1606453642,0.0390502995235
48.2052225109,69.8393546358,108.843923155
48.2830494222,30.7394755976,0.0391318848867
46.7638079062,69.2605244024,108.84384157
49.5621399069,31.2443728676,0.0391948432085
45.4847174215,68.7556271324,108.843778612
50.6782919049,31.6783879401,0.0392415811493
44.3685654235,68.3216120599,108.843731874
51.6302563774,32.0437836448,0.0392705614615
43.416600951,67.9562163552,108.843702893
52.4330871498,32.3486774411,0.0392800111332
42.6137701787,67.6513225589,108.843693444
53.1075015702,32.6025588779,0.0392796987514
41.9393557582,67.3974411221,108.843693756
53.6758518832,32.8149083662,0.0392797987547
41.3710054452,67.1850916338,108.843693656
54.1499662985,32.9909425346,0.0392797719589
40.89689103,67.0090574654,108.843693683
54.5422910103,33.1358873872,0.0392797791388
40.5045663182,66.8641126128,108.843693676
54.8648238579,33.25460794,0.039279777215
40.1820334706,66.74539206,108.843693678
55.1275994375,33.3510266826,0.0392797777305
39.9192578909,66.6489733174,108.843693677
55.339496205,33.4285550414,0.0392797775924
39.7073611234,66.5714449586,108.843693677
55.508365007,33.490190487,0.0392797776294
39.5384923215,66.509809513,108.843693677
55.64409522,33.5396139715,0.0392797776195
39.4027621084,66.4603860285,108.843693677
55.7519312393,33.5787890148,0.0392797776221
39.2949260891,66.4212109852,108.843693677
55.8342683292,33.6086360742,0.0392797776214
39.2125889992,66.3913639258,108.843693677
55.8962010745,33.6310517012,0.0392797776216
39.150656254,66.3689482988,108.843693677
55.9433233156,33.648091575,0.0392797776215
39.1035340129,66.351908425,108.843693677
55.9807547844,33.6616178201,0.0392797776216
39.066102544,66.3383821799,108.843693677
56.0108779264,33.6724976486,0.0392797776215
39.035979402,66.3275023514,108.843693677
56.0353506071,33.681335045,0.0392797776215
39.0115067213,66.318664955,108.843693677
56.0551781994,33.6884951883,0.0392797776215
38.9916791291,66.3115048117,108.843693677
56.0712615304,33.6943031635,0.0392797776215
38.975595798,66.3056968365,108.843693677
56.0840915314,33.6989363141,0.0392797776215
38.962765797,66.3010636859,108.843693677
56.0937617799,33.702428417,0.0392797776215
38.9530955485,66.297571583,108.843693677
56.1009597229,33.705027726,0.0392797776215
38.9458976056,66.294972274,108.843693677
56.1064236393,33.7070008463,0.0392797776215
38.9404336891,66.2929991537,108.843693677
56.1109398354,33.7086317276,0.0392797776215
38.935917493,66.2913682724,108.843693677
56.1146809457,33.7099827111,0.0392797776215
38.9321763827,66.2900172889,108.843693677
56.1177490845,33.7110906722,0.0392797776215
38.929108244,66.2889093278,108.843693677
56.1202217758,33.7119836062,0.0392797776215
38.9266355527,66.2880163938,108.843693677
56.1222081139,33.7127009093,0.0392797776215
38.9246492145,66.2872990907,108.843693677
56.1237780937,33.7132678577,0.0392797776215
38.9230792347,66.2867321423,108.843693677
56.1249484202,33.713690484,0.0392797776215
38.9219089083,66.286309516,108.843693677
56.1258176548,33.7140043806,0.0392797776215
38.9210396737,66.2859956194,108.843693677
56.1264626066,33.7142372844,0.0392797776215
38.9203947218,66.2857627156,108.843693677
56.1269302835,33.7144061711,0.0392797776215
38.9199270449,66.2855938289,108.843693677
56.1272642594,33.7145267759,0.0392797776215
38.919593069,66.2854732241,108.843693677
56.1275093892,33.7146152968,0.0392797776215
38.9193479392,66.2853847032,108.843693677
56.1277276406,33.7146941114,0.0392797776215
38.9191296878,66.2853058886,108.843693677
56.1279224112,33.7147644466,0.0392797776215
38.9189349172,66.2852355534,108.843693677
56.1280989404,33.7148281945,0.0392797776215
38.918758388,66.2851718055,108.843693677
56.1282201296,33.7148719581,0.0392797776215
38.9186371989,66.2851280419,108.843693677
56.1283472002,33.7149178457,0.0392797776215
38.9185101282,66.2850821543,108.843693677
56.1283901454,33.714933354,0.0392797776215
38.918467183,66.285066646,108.843693677
0.0,0.0,0.0
95.0468573284,100.0,108.882973455
2.67809866971,2.66255018031,0.00511515867035
92.3687586587,97.3374498197,108.877858296
5.4564625788,5.19382555051,0.00981345878513
89.5903947496,94.8061744495,108.873159996
8.28075089484,7.55658887053,0.0138775337512
86.7661064336,92.4434111295,108.869095921
11.1241447833,9.74789690565,0.0172349061952
83.9227125451,90.2521030943,108.865738549
14.0075963475,11.8004211728,0.0201775269842
81.0392609809,88.1995788272,108.862795928
16.9598637817,13.7503979815,0.022982036474
78.0869935467,86.2496020185,108.859991418
19.9463057256,15.5914690823,0.0254614920905
75.1005516029,84.4085309177,108.857511963
22.9301924837,17.3166724472,0.0275604340614
72.1166648448,82.6833275528,108.855413021
25.8731782132,18.9195802134,0.0292806399395
69.1736791153,81.0804197866,108.853692815
28.7436571777,20.4018518131,0.0304992188913
66.3032001508,79.5981481869,108.852474236
31.5046462513,21.7615357291,0.0313334971886
63.5422110771,78.2384642709,108.851639958
34.1240400057,22.9982705986,0.0320096921581
60.9228173227,77.0017294014,108.850963763
36.5824140968,24.1169625154,0.0325961871132
58.4644432317,75.8830374846,108.850377268
38.846039021,25.1146305093,0.0330575384021
56.2008183074,74.8853694907,108.849915916
40.8860973856,25.9890841725,0.0333458209454
54.1607599428,74.0109158275,108.849627634
42.6997343427,26.7478842868,0.0335194634323
52.3471229858,73.2521157132,108.849453991
44.3105523945,27.4074092898,0.03363254672
50.736304934,72.5925907102,108.849340908
45.7519669992,27.9862395232,0.0337141320832
49.2948903292,72.0137604768,108.849259323
47.0310574839,28.4911367932,0.033777090405
48.0157998446,71.5088632068,108.849196364
48.1472094819,28.9251518657,0.0338238283458
46.8996478466,71.0748481343,108.849149626
49.0991739544,29.2905475704,0.0338528086579
45.947683374,70.7094524296,108.849120646
49.9020047268,29.5954413668,0.0338622583297
45.1448526017,70.4045586332,108.849111196
50.5764191472,29.8493228035,0.0338619459478
44.4704381812,70.1506771965,108.849111509
51.1447694602,30.0616722918,0.0338620459512
43.9020878682,69.9383277082,108.849111409
51.6188838754,30.2377064602,0.0338620191554
43.427973453,69.7622935398,108.849111436
52.0112085872,30.3826513129,0.0338620263353
43.0356487412,69.6173486871,108.849111428
52.3337414348,30.5013718656,0.0338620244115
42.7131158936,69.4986281344,108.84911143
52.5965170145,30.5977906082,0.033862024927
42.450340314,69.4022093918,108.84911143
52.808413782,30.675318967,0.0338620247888
42.2384435464,69.324681033,108.84911143
52.9772825839,30.7369544126,0.0338620248258
42.0695747445,69.2630455874,108.84911143
53.113012797,30.7863778971,0.0338620248159
41.9338445314,69.2136221029,108.84911143
53.2208488163,30.8255529404,0.0338620248186
41.8260085121,69.1744470596,108.84911143
53.3031859062,30.8553999998,0.0338620248179
41.7436714222,69.1446000002,108.84911143
53.3651186514,30.8778156268,0.0338620248181
41.681738677,69.1221843732,108.84911143
53.4122408925,30.8948555006,0.033862024818
41.6346164359,69.1051444994,108.84911143
53.4496723614,30.9083817457,0.033862024818
41.597184967,69.0916182543,108.84911143
53.4797955034,30.9192615742,0.033862024818
41.5670618251,69.0807384258,108.84911143
53.5042681841,30.9280989706,0.033862024818
41.5425891444,69.0719010294,108.84911143
53.5240957763,30.9352591139,0.033862024818
41.5227615521,69.0647408861,108.84911143
53.5401791074,30.9410670891,0.033862024818
41.5066782211,69.0589329109,108.84911143
53.5530091084,30.9457002397,0.033862024818
41.49384822,69.0542997603,108.84911143
53.5626793569,30.9491923426,0.033862024818
41.4841779716,69.0508076574,108.84911143
53.5698772998,30.9517916517,0.033862024818
41.4769800286,69.0482083483,108.84911143
53.5753412163,30.9537647719,0.033862024818
41.4715161122,69.0462352281,108.84911143
53.5798574124,30.9553956532,0.033862024818
41.4669999161,69.0446043468,108.84911143
53.5835985227,30.9567466367,0.033862024818
41.4632588057,69.0432533633,108.84911143
53.5866666615,30.9578545978,0.033862024818
41.460190667,69.0421454022,108.84911143
53.5891393527,30.9587475319,0.033862024818
41.4577179757,69.0412524681,108.84911143
53.5911256909,30.9594648349,0.033862024818
41.4557316375,69.0405351651,108.84911143
53.5926956707,30.9600317833,0.033862024818
41.4541616577,69.0399682167,108.84911143
53.5938659971,30.9604544096,0.033862024818
41.4529913313,69.0395455904,108.84911143
53.5947352317,30.9607683062,0.033862024818
41.4521220967,69.0392316938,108.84911143
53.5953801836,30.9610012101,0.033862024818
41.4514771449,69.0389987899,108.84911143
53.5958478605,30.9611700967,0.033862024818
41.451009468,69.0388299033,108.84911143
53.5961818364,30.9612907016,0.033862024818
41.450675492,69.0387092984,108.84911143
53.5964269662,30.9613792224,0.033862024818
41.4504303623,69.0386207776,108.84911143
53.5966452176,30.961458037,0.033862024818
41.4502121108,69.038541963,108.84911143
53.5968399882,30.9615283722,0.033862024818
41.4500173402,69.0384716278,108.84911143
53.5970165174,30.9615921201,0.033862024818
41.449840811,69.0384078799,108.84911143
53.5971377066,30.9616358838,0.033862024818
41.4497196219,69.0383641162,108.84911143
53.5972647772,30.9616817713,0.033862024818
41.4495925513,69.0383182287,108.84911143
53.5973077224,30.9616972796,0.033862024818
41.4495496061,69.0383027204,108.84911143
0.0,0.0,0.0
95.0468573284,100.0,108.882973455
2.7783639091,2.53127537021,0.00469830011478
92.2684934193,97.4687246298,108.878275155
5.60265222514,4.89403869022,0.00876237508086
89.4442051033,95.1059613098,108.87421108
8.4460461136,7.08534672535,0.0121197475248
86.6008112148,92.9146532747,108.870853707
11.3294976778,9.13787099245,0.0150623683138
83.7173596506,90.8621290075,108.867911086
14.281765112,11.0878478012,0.0178668778037
80.7650922164,88.9121521988,108.865106577
17.2682070559,12.928918902,0.0203463334201
77.7786502726,87.071081098,108.862627121
20.2520938139,14.6541222669,0.022445275391
74.7947635145,85.3458777331,108.860528179
23.1950795435,16.2570300331,0.0241654812692
71.851777785,83.7429699669,108.858807973
26.065558508,17.7393016328,0.025384060221
68.9812988205,82.2606983672,108.857589395
28.8265475816,19.0989855488,0.0262183385182
66.2203097468,80.9010144512,108.856755116
31.445941336,20.3357204183,0.0268945334878
63.6009159924,79.6642795817,108.856078921
33.904315427,21.4544123351,0.0274810284429
61.1425419014,78.5455876649,108.855492426
36.1679403513,22.452080329,0.0279423797318
58.8789169771,77.547919671,108.855031075
38.2079987159,23.3265339922,0.028230662275
56.8388586125,76.6734660078,108.854742792
40.021635673,24.0853341065,0.028404304762
55.0252216555,75.9146658935,108.85456915
41.6324537248,24.7448591095,0.0285173880496
53.4144036037,75.2551408905,108.854456067
43.0738683295,25.3236893429,0.0285989734129
51.972988999,74.6763106571,108.854374481
44.3529588142,25.8285866129,0.0286619317346
50.6938985143,74.1714133871,108.854311523
45.4691108122,26.2626016854,0.0287086696754
49.5777465163,73.7373983146,108.854264785
46.4210752847,26.6279973901,0.0287376499876
48.6257820437,73.3720026099,108.854235805
47.223906057,26.9328911865,0.0287470996594
47.8229512714,73.0671088135,108.854226355
47.8983204775,27.1867726232,0.0287467872775
47.1485368509,72.8132273768,108.854226667
48.4666707905,27.3991221115,0.0287468872809
46.5801865379,72.6008778885,108.854226567
48.9407852057,27.5751562799,0.028746860485
46.1060721227,72.4248437201,108.854226594
49.3331099175,27.7201011325,0.028746867665
45.7137474109,72.2798988675,108.854226587
49.6556427651,27.8388216853,0.0287468657411
45.3912145633,72.1611783147,108.854226589
49.9184183448,27.9352404279,0.0287468662566
45.1284389837,72.0647595721,108.854226588
50.1303151123,28.0127687867,0.0287468661185
44.9165422161,71.9872312133,108.854226589
50.2991839142,28.0744042323,0.0287468661555
44.7476734142,71.9255957677,108.854226589
50.4349141273,28.1238277168,0.0287468661456
44.6119432011,71.8761722832,108.854226589
50.5427501466,28.1630027601,0.0287468661482
44.5041071818,71.8369972399,108.854226589
50.6250872365,28.1928498195,0.0287468661475
44.4217700919,71.8071501805,108.854226589
50.6870199817,28.2152654465,0.0287468661477
44.3598373467,71.7847345535,108.854226589
50.7341422228,28.2323053203,0.0287468661477
44.3127151056,71.7676946797,108.854226589
50.7715736917,28.2458315654,0.0287468661477
44.2752836368,71.7541684346,108.854226589
50.8016968337,28.2567113939,0.0287468661477
44.2451604948,71.7432886061,108.854226589
50.8261695144,28.2655487903,0.0287468661477
44.2206878141,71.7344512097,108.854226589
50.8459971066,28.2727089336,0.0287468661477
44.2008602218,71.7272910664,108.854226589
50.8620804377,28.2785169088,0.0287468661477
44.1847768908,71.7214830912,108.854226589
50.8749104387,28.2831500594,0.0287468661477
44.1719468897,71.7168499406,108.854226589
50.8845806872,28.2866421623,0.0287468661477
44.1622766413,71.7133578377,108.854226589
50.8917786301,28.2892414714,0.0287468661477
44.1550786983,71.7107585286,108.854226589
50.8972425466,28.2912145916,0.0287468661477
44.1496147819,71.7087854084,108.854226589
50.9017587427,28.2928454729,0.0287468661477
44.1450985858,71.7071545271,108.854226589
50.905499853,28.2941964564,0.0287468661477
44.1413574754,71.7058035436,108.854226589
50.9085679917,28.2953044175,0.0287468661477
44.1382893367,71.7046955825,108.854226589
50.911040683,28.2961973516,0.0287468661477
44.1358166454,71.7038026484,108.854226589
50.9130270212,28.2969146546,0.0287468661477
44.1338303072,71.7030853454,108.854226589
50.914597001,28.297481603,0.0287468661477
44.1322603275,71.702518397,108.854226589
50.9157673274,28.2979042293,0.0287468661477
44.131090001,71.7020957707,108.854226589
50.916636562,28.2982181259,0.0287468661477
44.1302207664,71.7017818741,108.854226589
50.9172815139,28.2984510298,0.0287468661477
44.1295758146,71.7015489702,108.854226589
50.9177491908,28.2986199164,0.0287468661477
44.1291081377,71.7013800836,108.854226589
50.9180831667,28.2987405213,0.0287468661477
44.1287741617,71.7012594787,108.854226589
50.9183282965,28.2988290421,0.0287468661477
44.128529032,71.7011709579,108.854226589
50.9185465479,28.2989078567,0.0287468661477
44.1283107805,71.7010921433,108.854226589
50.9187413185,28.2989781919,0.0287468661477
44.12811601,71.7010218081,108.854226589
50.9189178477,28.2990419398,0.0287468661477
44.1279394807,71.7009580602,108.854226589
50.9190390368,28.2990857035,0.0287468661477
44.1278182916,71.7009142965,108.854226589
50.9191661075,28.299131591,0.0287468661477
44.127691221,71.700868409,108.854226589
50.9192090527,28.2991470993,0.0287468661477
44.1276482758,71.7008529007,108.854226589
0.0,0.0,0.0
95.0468573284,100.0,108.882973455
2.82428831604,2.36276332001,0.00406407496608
92.2225690124,97.63723668,108.87890938
5.6676822045,4.55407135514,0.00742144741003
89.3791751239,95.4459286449,108.875552007
8.5511337687,6.60659562224,0.0103640681991
86.4957235597,93.3934043778,108.872609387
11.5034012029,8.55657243095,0.0131685776889
83.5434561255,91.443427569,108.869804877
14.4898431468,10.3976435318,0.0156480333054
80.5570141817,89.6023564682,108.867325421
17.4737299049,12.1228468967,0.0177469752762
77.5731274236,87.8771531033,108.865226479
20.4167156344,13.7257546629,0.0194671811544
74.6301416941,86.2742453371,108.863506274
23.2871945989,15.2080262626,0.0206857601062
71.7596627296,84.7919737374,108.862287695
26.0481836725,16.5677101786,0.0215200384034
68.9986736559,83.4322898214,108.861453416
28.6675774269,17.8044450481,0.022196233373
66.3792799015,82.1955549519,108.860777221
31.1259515179,18.9231369648,0.0227827283281
63.9209058105,81.0768630352,108.860190726
33.3895764422,19.9208049588,0.023244079617
61.6572808862,80.0791950412,108.859729375
35.4296348068,20.795258622,0.0235323621603
59.6172225216,79.204741378,108.859441093
37.2432717639,21.5540587363,0.0237060046472
57.8035855646,78.4459412637,108.85926745
38.8540898157,22.2135837393,0.0238190879348
56.1927675128,77.7864162607,108.859154367
40.2955044204,22.7924139727,0.0239006732981
54.7513529081,77.2075860273,108.859072781
41.5745949051,23.2973112427,0.0239636316198
53.4722624234,76.7026887573,108.859009823
42.6907469031,23.7313263152,0.0240103695607
52.3561104254,76.2686736848,108.858963085
43.6427113756,24.0967220199,0.0240393498728
51.4041459528,75.9032779801,108.858934105
44.445542148,24.4016158162,0.0240487995446
50.6013151805,75.5983841838,108.858924655
45.1199565684,24.655497253,0.0240484871627
49.92690076,75.344502747,108.858924968
45.6883068814,24.8678467413,0.0240485871661
49.358550447,75.1321532587,108.858924868
46.1624212966,25.0438809097,0.0240485603703
48.8844360318,74.9561190903,108.858924894
46.5547460084,25.1888257623,0.0240485675502
48.49211132,74.8111742377,108.858924887
46.877278856,25.3075463151,0.0240485656263
48.1695784724,74.6924536849,108.858924889
47.1400544357,25.4039650577,0.0240485661418
47.9068028928,74.5960349423,108.858924889
47.3519512032,25.4814934165,0.0240485660037
47.6949061252,74.5185065835,108.858924889
47.5208200051,25.5431288621,0.0240485660407
47.5260373233,74.4568711379,108.858924889
47.6565502182,25.5925523466,0.0240485660308
47.3903071102,74.4074476534,108.858924889
47.7643862375,25.6317273899,0.0240485660335
47.2824710909,74.3682726101,108.858924889
47.8467233274,25.6615744493,0.0240485660327
47.200134001,74.3384255507,108.858924889
47.9086560726,25.6839900763,0.0240485660329
47.1382012558,74.3160099237,108.858924889
47.9557783137,25.7010299501,0.0240485660329
47.0910790147,74.2989700499,108.858924889
47.9932097826,25.7145561952,0.0240485660329
47.0536475459,74.2854438048,108.858924889
48.0233329246,25.7254360237,0.0240485660329
47.0235244039,74.2745639763,108.858924889
48.0478056053,25.7342734201,0.0240485660329
46.9990517232,74.2657265799,108.858924889
48.0676331975,25.7414335634,0.0240485660329
46.9792241309,74.2585664366,108.858924889
48.0837165286,25.7472415386,0.0240485660329
46.9631407999,74.2527584614,108.858924889
48.0965465296,25.7518746892,0.0240485660329
46.9503107988,74.2481253108,108.858924889
48.1062167781,25.7553667921,0.0240485660329
46.9406405504,74.2446332079,108.858924889
48.113414721,25.7579661011,0.0240485660329
46.9334426074,74.2420338989,108.858924889
48.1188786375,25.7599392214,0.0240485660329
46.927978691,74.2400607786,108.858924889
48.1233948336,25.7615701027,0.0240485660329
46.9234624949,74.2384298973,108.858924889
48.1271359439,25.7629210862,0.0240485660329
46.9197213845,74.2370789138,108.858924889
48.1302040826,25.7640290473,0.0240485660329
46.9166532458,74.2359709527,108.858924889
48.1326767739,25.7649219814,0.0240485660329
46.9141805545,74.2350780186,108.858924889
48.1346631121,25.7656392844,0.0240485660329
46.9121942163,74.2343607156,108.858924889
48.1362330919,25.7662062328,0.0240485660329
46.9106242366,74.2337937672,108.858924889
48.1374034183,25.7666288591,0.0240485660329
46.9094539101,74.2333711409,108.858924889
48.1382726529,25.7669427557,0.0240485660329
46.9085846755,74.2330572443,108.858924889
48.1389176048,25.7671756595,0.0240485660329
46.9079397237,74.2328243405,108.858924889
48.1393852817,25.7673445462,0.0240485660329
46.9074720468,74.2326554538,108.858924889
48.1397192576,25.767465151,0.0240485660329
46.9071380708,74.232534849,108.858924889
48.1399643874,25.7675536719,0.0240485660329
46.9068929411,74.2324463281,108.858924889
48.1401826388,25.7676324865,0.0240485660329
46.9066746896,74.2323675135,108.858924889
48.1403774094,25.7677028217,0.0240485660329
46.9064799191,74.2322971783,108.858924889
48.1405539386,25.7677665696,0.0240485660329
46.9063033898,74.2322334304,108.858924889
48.1406751278,25.7678103332,0.0240485660329
46.9061822007,74.2321896668,108.858924889
48.1408021984,25.7678562208,0.0240485660329
46.9060551301,74.2321437792,108.858924889
48.1408451436,25.7678717291,0.0240485660329
46.9060121849,74.2321282709,108.858924889
0.0,0.0,0.0
95.0468573284,100.0,108.882973455
2.84339388846,2.19130803513,0.00335737244395
92.20346344,97.8086919649,108.879616082
5.72684545266,4.24383230223,0.00629999323298
89.3200118758,95.7561676978,108.876673462
8.67911288686,6.19380911094,0.00910450272282
86.3677444416,93.8061908891,108.873868952
11.6655548307,8.03488021174,0.0115839583393
83.3813024977,91.9651197883,108.871389496
14.6494415888,9.76008357671,0.0136829003102
80.3974157396,90.2399164233,108.869290554
17.5924273183,11.3629913429,0.0154031061883
77.4544300101,88.6370086571,108.867570349
20.4629062828,12.8452629426,0.0166216851401
74.5839510456,87.1547370574,108.86635177
23.2238953565,14.2049468586,0.0174559634374
71.822961972,85.7950531414,108.865517491
25.8432891109,15.4416817281,0.0181321584069
69.2035682176,84.5583182719,108.864841296
28.3016632019,16.5603736448,0.018718653362
66.7451941265,83.4396263552,108.864254801
30.5652881262,17.5580416387,0.0191800046509
64.4815692022,82.4419583613,108.86379345
32.6053464908,18.432495302,0.0194682871942
62.4415108377,81.567504698,108.863505168
34.4189834478,19.1912954163,0.0196419296811
60.6278738806,80.8087045837,108.863331525
36.0298014996,19.8508204193,0.0197550129687
59.0170558288,80.1491795807,108.863218442
37.4712161043,20.4296506527,0.019836598332
57.5756412241,79.5703493473,108.863136856
38.750306589,20.9345479227,0.0198995566538
56.2965507394,79.0654520773,108.863073898
39.866458587,21.3685629952,0.0199462945946
55.1803987414,78.6314370048,108.86302716
40.8184230596,21.7339586999,0.0199752749067
54.2284342689,78.2660413001,108.86299818
41.6212538319,22.0388524962,0.0199847245785
53.4256034965,77.9611475038,108.86298873
42.2956682524,22.292733933,0.0199844121966
52.7511890761,77.707266067,108.862989043
42.8640185654,22.5050834213,0.0199845122
52.1828387631,77.4949165787,108.862988943
43.3381329806,22.6811175896,0.0199844854042
51.7087243478,77.3188824104,108.862988969
43.7304576924,22.8260624423,0.0199844925841
51.316399636,77.1739375577,108.862988962
44.05299054,22.9447829951,0.0199844906603
50.9938667885,77.0552170049,108.862988964
44.3157661196,23.0412017377,0.0199844911757
50.7310912088,76.9587982623,108.862988964
44.5276628872,23.1187300965,0.0199844910376
50.5191944413,76.8812699035,108.862988964
44.6965316891,23.1803655421,0.0199844910746
50.3503256394,76.8196344579,108.862988964
44.8322619022,23.2297890266,0.0199844910647
50.2145954263,76.7702109734,108.862988964
44.9400979215,23.2689640699,0.0199844910674
50.106759407,76.7310359301,108.862988964
45.0224350114,23.2988111293,0.0199844910667
50.0244223171,76.7011888707,108.862988964
45.0843677566,23.3212267563,0.0199844910669
49.9624895718,76.6787732437,108.862988964
45.1314899977,23.33826663,0.0199844910668
49.9153673307,76.66173337,108.862988964
45.1689214665,23.3517928752,0.0199844910668
49.8779358619,76.6482071248,108.862988964
45.1990446085,23.3626727037,0.0199844910668
49.8478127199,76.6373272963,108.862988964
45.2235172892,23.3715101001,0.0199844910668
49.8233400392,76.6284898999,108.862988964
45.2433448815,23.3786702434,0.0199844910668
49.803512447,76.6213297566,108.862988964
45.2594282125,23.3844782186,0.0199844910668
49.7874291159,76.6155217814,108.862988964
45.2722582136,23.3891113692,0.0199844910668
49.7745991149,76.6108886308,108.862988964
45.281928462,23.3926034721,0.0199844910668
49.7649288664,76.6073965279,108.862988964
45.289126405,23.3952027811,0.0199844910668
49.7577309234,76.6047972189,108.862988964
45.2945903214,23.3971759014,0.0199844910668
49.752267007,76.6028240986,108.862988964
45.2991065175,23.3988067827,0.0199844910668
49.7477508109,76.6011932173,108.862988964
45.3028476279,23.4001577662,0.0199844910668
49.7440097006,76.5998422338,108.862988964
45.3059157666,23.4012657273,0.0199844910668
49.7409415618,76.5987342727,108.862988964
45.3083884579,23.4021586613,0.0199844910668
49.7384688705,76.5978413387,108.862988964
45.3103747961,23.4028759644,0.0199844910668
49.7364825324,76.5971240356,108.862988964
45.3119447758,23.4034429128,0.0199844910668
49.7349125526,76.5965570872,108.862988964
45.3131151023,23.4038655391,0.0199844910668
49.7337422262,76.5961344609,108.862988964
45.3139843369,23.4041794356,0.0199844910668
49.7328729915,76.5958205644,108.862988964
45.3146292887,23.4044123395,0.0199844910668
49.7322280397,76.5955876605,108.862988964
45.3150969656,23.4045812262,0.0199844910668
49.7317603628,76.5954187738,108.862988964
45.3154309416,23.404701831,0.0199844910668
49.7314263869,76.595298169,108.862988964
45.3156760713,23.4047903519,0.0199844910668
49.7311812571,76.5952096481,108.862988964
45.3158943228,23.4048691665,0.0199844910668
49.7309630057,76.5951308335,108.862988964
45.3160890933,23.4049395017,0.0199844910668
49.7307682351,76.5950604983,108.862988964
45.3162656226,23.4050032496,0.0199844910668
49.7305917059,76.5949967504,108.862988964
45.3163868117,23.4050470132,0.0199844910668
49.7304705167,76.5949529868,108.862988964
45.3165138823,23.4050929008,0.0199844910668
49.7303434461,76.5949070992,108.862988964
45.3165568275,23.4051084091,0.0199844910668
49.7303005009,76.5948915909,108.862988964
0.0,0.0,0.0
95.0468573284,100.0,108.882973455
2.8834515642,2.0525242671,0.00294262078903
92.1634057642,97.9474757329,108.880030834
5.83571899839,4.00250107581,0.00574713027886
89.21113833,95.9974989242,108.877226324
8.82216094225,5.84357217662,0.00822658589532
86.2246963862,94.1564278234,108.874746869
11.8060477003,7.56877554158,0.0103255278662
83.2408096281,92.4312244584,108.872647927
14.7490334299,9.17168330773,0.0120457337444
80.2978238986,90.8283166923,108.870927721
17.6195123944,10.6539549075,0.0132643126962
77.4273449341,89.3460450925,108.869709142
20.380501468,12.0136388235,0.0140985909934
74.6663558604,87.9863611765,108.868874864
22.9998952224,13.250373693,0.014774785963
72.046962106,86.749626307,108.868198669
25.4582693134,14.3690656097,0.0153612809181
69.588588015,85.6309343903,108.867612174
27.7218942377,15.3667336036,0.0158226322069
67.3249630907,84.6332663964,108.867150823
29.7619526023,16.2411872669,0.0161109147502
65.2849047261,83.7588127331,108.86686254
31.5755895594,16.9999873812,0.0162845572372
63.4712677691,83.0000126188,108.866688898
33.1864076112,17.6595123842,0.0163976405248
61.8604497173,82.3404876158,108.866575814
34.6278222159,18.2383426176,0.0164792258881
60.4190351126,81.7616573824,108.866494229
35.9069127006,18.7432398875,0.0165421842098
59.1399446279,81.2567601125,108.866431271
37.0230646986,19.1772549601,0.0165889221506
58.0237926299,80.8227450399,108.866384533
37.9750291711,19.5426506648,0.0166179024628
57.0718281573,80.4573493352,108.866355552
38.7778599434,19.8475444611,0.0166273521345
56.268997385,80.1524555389,108.866346103
39.4522743639,20.1014258978,0.0166270397527
55.5945829645,79.8985741022,108.866346415
40.0206246769,20.3137753861,0.0166271397561
55.0262326515,79.6862246139,108.866346315
40.4947390921,20.4898095545,0.0166271129602
54.5521182363,79.5101904455,108.866346342
40.8870638039,20.6347544072,0.0166271201402
54.1597935245,79.3652455928,108.866346335
41.2095966515,20.7534749599,0.0166271182163
53.8372606769,79.2465250401,108.866346337
41.4723722312,20.8498937026,0.0166271187318
53.5744850973,79.1501062974,108.866346336
41.6842689987,20.9274220614,0.0166271185937
53.3625883297,79.0725779386,108.866346336
41.8531378006,20.989057507,0.0166271186307
53.1937195278,79.010942493,108.866346336
41.9888680137,21.0384809914,0.0166271186208
53.0579893147,78.9615190086,108.866346336
42.096704033,21.0776560347,0.0166271186234
52.9501532954,78.9223439653,108.866346336
42.1790411229,21.1075030942,0.0166271186227
52.8678162055,78.8924969058,108.866346336
42.2409738681,21.1299187212,0.0166271186229
52.8058834603,78.8700812788,108.866346336
42.2880961092,21.1469585949,0.0166271186228
52.7587612192,78.8530414051,108.866346336
42.3255275781,21.1604848401,0.0166271186229
52.7213297504,78.8395151599,108.866346336
42.3556507201,21.1713646686,0.0166271186229
52.6912066084,78.8286353314,108.866346336
42.3801234008,21.180202065,0.0166271186229
52.6667339277,78.819797935,108.866346336
42.399950993,21.1873622082,0.0166271186229
52.6469063354,78.8126377918,108.866346336
42.4160343241,21.1931701834,0.0166271186229
52.6308230044,78.8068298166,108.866346336
42.4288643251,21.1978033341,0.0166271186229
52.6179930033,78.8021966659,108.866346336
42.4385345736,21.2012954369,0.0166271186229
52.6083227549,78.7987045631,108.866346336
42.4457325165,21.203894746,0.0166271186229
52.6011248119,78.796105254,108.866346336
42.451196433,21.2058678663,0.0166271186229
52.5956608955,78.7941321337,108.866346336
42.4557126291,21.2074987475,0.0166271186229
52.5911446994,78.7925012525,108.866346336
42.4594537394,21.208849731,0.0166271186229
52.587403589,78.791150269,108.866346336
42.4625218781,21.2099576922,0.0166271186229
52.5843354503,78.7900423078,108.866346336
42.4649945694,21.2108506262,0.0166271186229
52.581862759,78.7891493738,108.866346336
42.4669809076,21.2115679293,0.0166271186229
52.5798764208,78.7884320707,108.866346336
42.4685508874,21.2121348777,0.0166271186229
52.5783064411,78.7878651223,108.866346336
42.4697212138,21.212557504,0.0166271186229
52.5771361146,78.787442496,108.866346336
42.4705904484,21.2128714005,0.0166271186229
52.57626688,78.7871285995,108.866346336
42.4712354003,21.2131043044,0.0166271186229
52.5756219282,78.7868956956,108.866346336
42.4717030772,21.2132731911,0.0166271186229
52.5751542513,78.7867268089,108.866346336
42.4720370531,21.2133937959,0.0166271186229
52.5748202753,78.7866062041,108.866346336
42.4722821829,21.2134823168,0.0166271186229
52.5745751456,78.7865176832,108.866346336
42.4725004343,21.2135611313,0.0166271186229
52.5743568941,78.7864388687,108.866346336
42.4726952049,21.2136314666,0.0166271186229
52.5741621236,78.7863685334,108.866346336
42.4728717341,21.2136952145,0.0166271186229
52.5739855943,78.7863047855,108.866346336
42.4729929232,21.2137389781,0.0166271186229
52.5738644052,78.7862610219,108.866346336
42.4731199939,21.2137848656,0.0166271186229
52.5737373346,78.7862151344,108.866346336
42.4731629391,21.2138003739,0.0166271186229
52.5736943894,78.7861996261,108.866346336
0.0,0.0,0.0
95.0468573284,100.0,108.882973455
2.9522674342,1.94997680871,0.00280450948984
92.0945898942,98.0500231913,108.880168945
5.93870937806,3.79104790951,0.00528396510629
89.1081479504,96.2089520905,108.87768949
8.92259613615,5.51625127448,0.00738290707717
86.1242611923,94.4837487255,108.875590548
11.8655818657,7.11915904063,0.00910311295533
83.1812754628,92.8808409594,108.873870342
14.7360608302,8.60143064039,0.0103216919071
80.3107964983,91.3985693596,108.872651763
17.4970499038,9.96111455636,0.0111559702044
77.5498074246,90.0388854436,108.871817485
20.1164436582,11.1978494259,0.0118321651739
74.9304136702,88.8021505741,108.87114129
22.5748177493,12.3165413426,0.012418660129
72.4720395792,87.6834586574,108.870554795
24.8384426735,13.3142093365,0.0128800114179
70.2084146549,86.6857906635,108.870093443
26.8785010381,14.1886629998,0.0131682939612
68.1683562903,85.8113370002,108.869805161
28.6921379952,14.9474631141,0.0133419364481
66.3547193333,85.0525368859,108.869631518
30.302956047,15.606988117,0.0134550197358
64.7439012815,84.393011883,108.869518435
31.7443706517,16.1858183505,0.013536605099
63.3024866768,83.8141816495,108.86943685
33.0234611364,16.6907156204,0.0135995634208
62.0233961921,83.3092843796,108.869373891
34.1396131344,17.124730693,0.0136463013616
60.9072441941,82.875269307,108.869327153
35.0915776069,17.4901263977,0.0136752816737
59.9552797215,82.5098736023,108.869298173
35.8944083793,17.795020194,0.0136847313455
59.1524489492,82.204979806,108.869288723
36.5688227997,18.0489016307,0.0136844189637
58.4780345287,81.9510983693,108.869289036
37.1371731127,18.261251119,0.013684518967
57.9096842157,81.738748881,108.869288936
37.6112875279,18.4372852874,0.0136844921712
57.4355698005,81.5627147126,108.869288963
38.0036122397,18.5822301401,0.0136844993511
57.0432450887,81.4177698599,108.869288955
38.3261450873,18.7009506928,0.0136844974273
56.7207122411,81.2990493072,108.869288957
38.588920667,18.7973694355,0.0136844979428
56.4579366615,81.2026305645,108.869288957
38.8008174345,18.8748977943,0.0136844978046
56.2460398939,81.1251022057,108.869288957
38.9696862364,18.9365332399,0.0136844978417
56.077171092,81.0634667601,108.869288957
39.1054164495,18.9859567243,0.0136844978317
55.9414408789,81.0140432757,108.869288957
39.2132524688,19.0251317676,0.0136844978344
55.8336048596,80.9748682324,108.869288957
39.2955895587,19.054978827,0.0136844978337
55.7512677697,80.945021173,108.869288957
39.3575223039,19.0773944541,0.0136844978339
55.6893350245,80.9226055459,108.869288957
39.404644545,19.0944343278,0.0136844978338
55.6422127834,80.9055656722,108.869288957
39.4420760139,19.107960573,0.0136844978338
55.6047813145,80.892039427,108.869288957
39.4721991559,19.1188404015,0.0136844978338
55.5746581726,80.8811595985,108.869288957
39.4966718366,19.1276777979,0.0136844978338
55.5501854919,80.8723222021,108.869288957
39.5164994288,19.1348379411,0.0136844978338
55.5303578996,80.8651620589,108.869288957
39.5325827599,19.1406459163,0.0136844978338
55.5142745686,80.8593540837,108.869288957
39.5454127609,19.145279067,0.0136844978338
55.5014445675,80.854720933,108.869288957
39.5550830094,19.1487711698,0.0136844978338
55.4917743191,80.8512288302,108.869288957
39.5622809523,19.1513704789,0.0136844978338
55.4845763761,80.8486295211,108.869288957
39.5677448688,19.1533435992,0.0136844978338
55.4791124597,80.8466564008,108.869288957
39.5722610649,19.1549744804,0.0136844978338
55.4745962636,80.8450255196,108.869288957
39.5760021752,19.1563254639,0.0136844978338
55.4708551532,80.8436745361,108.869288957
39.579070314,19.157433425,0.0136844978338
55.4677870145,80.842566575,108.869288957
39.5815430052,19.1583263591,0.0136844978338
55.4653143232,80.8416736409,108.869288957
39.5835293434,19.1590436622,0.0136844978338
55.463327985,80.8409563378,108.869288957
39.5850993232,19.1596106106,0.0136844978338
55.4617580053,80.8403893894,108.869288957
39.5862696496,19.1600332369,0.0136844978338
55.4605876788,80.8399667631,108.869288957
39.5871388842,19.1603471334,0.0136844978338
55.4597184442,80.8396528666,108.869288957
39.5877838361,19.1605800373,0.0136844978338
55.4590734924,80.8394199627,108.869288957
39.588251513,19.160748924,0.0136844978338
55.4586058155,80.839251076,108.869288957
39.5885854889,19.1608695288,0.0136844978338
55.4582718395,80.8391304712,108.869288957
39.5888306187,19.1609580497,0.0136844978338
55.4580267098,80.8390419503,108.869288957
39.5890488701,19.1610368642,0.0136844978338
55.4578084583,80.8389631358,108.869288957
39.5892436407,19.1611071995,0.0136844978338
55.4576136878,80.8388928005,108.869288957
39.5894201699,19.1611709474,0.0136844978338
55.4574371585,80.8388290526,108.869288957
39.5895413591,19.161214711,0.0136844978338
55.4573159694,80.838785289,108.869288957
39.5896684297,19.1612605985,0.0136844978338
55.4571888988,80.8387394015,108.869288957
39.5897113749,19.1612761068,0.0136844978338
55.4571459536,80.8387238932,108.869288957
0.0,0.0,0.0
95.0468573284,100.0,108.882973455
2.98644194386,1.84107110081,0.00247945561646
92.0604153846,98.1589288992,108.880493999
5.97032870195,3.56627446577,0.00457839758733
89.0765286265,96.4337255342,108.878395057
8.91331443146,5.16918223192,0.0062986034655
86.133542897,94.8308177681,108.876674851
11.783793396,6.65145383168,0.00751718241731
83.2630639325,93.3485461683,108.875456272
14.5447824696,8.01113774766,0.00835146071455
80.5020748588,91.9888622523,108.874621994
17.164176224,9.24787261716,0.0090276556841
77.8826811044,90.7521273828,108.873945799
19.6225503151,10.3665645339,0.0096141506392
75.4243070134,89.6334354661,108.873359304
21.8861752393,11.3642325278,0.0100755019281
73.1606820891,88.6357674722,108.872897953
23.9262336039,12.2386861911,0.0103637844714
71.1206237245,87.7613138089,108.87260967
25.739870561,12.9974863054,0.0105374269583
69.3069867675,87.0025136946,108.872436028
27.3506886128,13.6570113083,0.0106505102459
67.6961687157,86.3429886917,108.872322944
28.7921032175,14.2358415418,0.0107320956092
66.2547541109,85.7641584582,108.872241359
30.0711937022,14.7407388117,0.010795053931
64.9756636263,85.2592611883,108.872178401
31.1873457002,15.1747538843,0.0108417918718
63.8595116283,84.8252461157,108.872131663
32.1393101727,15.540149589,0.0108707721839
62.9075471557,84.459850411,108.872102683
32.9421409451,15.8450433853,0.0108802218557
62.1047163834,84.1549566147,108.872093233
33.6165553655,16.098924822,0.0108799094738
61.4303019629,83.901075178,108.872093545
34.1849056785,16.3112743103,0.0108800094772
60.8619516499,83.6887256897,108.872093445
34.6590200937,16.4873084787,0.0108799826814
60.3878372347,83.5126915213,108.872093472
35.0513448055,16.6322533314,0.0108799898613
59.9955125229,83.3677466686,108.872093465
35.3738776531,16.7509738841,0.0108799879374
59.6729796753,83.2490261159,108.872093467
35.6366532328,16.8473926268,0.0108799884529
59.4102040957,83.1526073732,108.872093466
35.8485500003,16.9249209856,0.0108799883148
59.1983073281,83.0750790144,108.872093466
36.0174188022,16.9865564311,0.0108799883518
59.0294385262,83.0134435689,108.872093466
36.1531490153,17.0359799156,0.0108799883419
58.8937083131,82.9640200844,108.872093466
36.2609850346,17.0751549589,0.0108799883446
58.7858722938,82.9248450411,108.872093466
36.3433221245,17.1050020183,0.0108799883438
58.7035352039,82.8949979817,108.872093466
36.4052548697,17.1274176454,0.010879988344
58.6416024587,82.8725823546,108.872093466
36.4523771108,17.1444575191,0.010879988344
58.5944802176,82.8555424809,108.872093466
36.4898085797,17.1579837643,0.010879988344
58.5570487487,82.8420162357,108.872093466
36.5199317217,17.1688635928,0.010879988344
58.5269256068,82.8311364072,108.872093466
36.5444044024,17.1777009892,0.010879988344
58.5024529261,82.8222990108,108.872093466
36.5642319946,17.1848611324,0.010879988344
58.4826253338,82.8151388676,108.872093466
36.5803153257,17.1906691076,0.010879988344
58.4665420028,82.8093308924,108.872093466
36.5931453267,17.1953022583,0.010879988344
58.4537120017,82.8046977417,108.872093466
36.6028155752,17.1987943611,0.010879988344
58.4440417533,82.8012056389,108.872093466
36.6100135181,17.2013936702,0.010879988344
58.4368438103,82.7986063298,108.872093466
36.6154774346,17.2033667905,0.010879988344
58.4313798939,82.7966332095,108.872093466
36.6199936307,17.2049976717,0.010879988344
58.4268636978,82.7950023283,108.872093466
36.623734741,17.2063486552,0.010879988344
58.4231225874,82.7936513448,108.872093466
36.6268028798,17.2074566163,0.010879988344
58.4200544487,82.7925433837,108.872093466
36.629275571,17.2083495504,0.010879988344
58.4175817574,82.7916504496,108.872093466
36.6312619092,17.2090668534,0.010879988344
58.4155954192,82.7909331466,108.872093466
36.632831889,17.2096338019,0.010879988344
58.4140254394,82.7903661981,108.872093466
36.6340022154,17.2100564282,0.010879988344
58.412855113,82.7899435718,108.872093466
36.63487145,17.2103703247,0.010879988344
58.4119858784,82.7896296753,108.872093466
36.6355164019,17.2106032286,0.010879988344
58.4113409266,82.7893967714,108.872093466
36.6359840788,17.2107721153,0.010879988344
58.4108732497,82.7892278847,108.872093466
36.6363180547,17.2108927201,0.010879988344
58.4105392737,82.7891072799,108.872093466
36.6365631845,17.2109812409,0.010879988344
58.410294144,82.7890187591,108.872093466
36.6367814359,17.2110600555,0.010879988344
58.4100758925,82.7889399445,108.872093466
36.6369762065,17.2111303907,0.010879988344
58.4098811219,82.7888696093,108.872093466
36.6371527357,17.2111941387,0.010879988344
58.4097045927,82.7888058613,108.872093466
36.6372739249,17.2112379023,0.010879988344
58.4095834036,82.7887620977,108.872093466
36.6374009955,17.2112837898,0.010879988344
58.409456333,82.7887162102,108.872093466
36.6374439407,17.2112992981,0.010879988344
58.4094133878,82.7887007019,108.872093466
0.0,0.0,0.0
95.0468573284,100.0,108.882973455
2.98388675809,1.72520336497,0.00209894197088
92.0629705703,98.274796635,108.880874513
5.9268724876,3.32811113112,0.00381914784904
89.1199848408,96.6718888689,108.879154307
8.79735145211,4.81038273088,0.00503772680085
86.2495058763,95.1896172691,108.877935728
11.5583405258,6.17006664685,0.00587200509809
83.4885168027,93.8299333531,108.87710145
14.1777342802,7.40680151635,0.00654820006764
80.8691230483,92.5931984836,108.876425255
16.6361083712,8.52549343309,0.00713469502274
78.4107489572,91.4745065669,108.87583876
18.8997332955,9.52316142701,0.00759604631162
76.147124033,90.476838573,108.875377408
20.93979166,10.3976150903,0.00788432885492
74.1070656684,89.6023849097,108.875089126
22.7534286171,11.1564152046,0.00805797134185
72.2934287113,88.8435847954,108.874915483
24.3642466689,11.8159402075,0.00817105462947
70.6826106595,88.1840597925,108.8748024
25.8056612736,12.394770441,0.00825263999273
69.2411960548,87.605229559,108.874720815
27.0847517583,12.8996677109,0.00831559831449
67.9621055701,87.1003322891,108.874657856
28.2009037563,13.3336827834,0.0083623362553
66.8459535721,86.6663172166,108.874611118
29.1528682288,13.6990784882,0.00839131656744
65.8939890996,86.3009215118,108.874582138
29.9556990012,14.0039722845,0.00840076623923
65.0911583272,85.9960277155,108.874572689
30.6301134217,14.2578537212,0.00840045385736
64.4167439068,85.7421462788,108.874573001
31.1984637346,14.4702032095,0.00840055386074
63.8483935938,85.5297967905,108.874572901
31.6725781499,14.6462373779,0.00840052706491
63.3742791786,85.3537626221,108.874572928
32.0649028617,14.7911822306,0.00840053424483
62.9819544668,85.2088177694,108.87457292
32.3874357093,14.9099027833,0.00840053232098
62.6594216192,85.0900972167,108.874572922
32.6502112889,15.006321526,0.00840053283647
62.3966460395,84.993678474,108.874572922
32.8621080564,15.0838498848,0.00840053269835
62.184749272,84.9161501152,108.874572922
33.0309768584,15.1454853303,0.00840053273536
62.0158804701,84.8545146697,108.874572922
33.1667070715,15.1949088148,0.00840053272544
61.880150257,84.8050911852,108.874572922
33.2745430907,15.2340838581,0.0084005327281
61.7723142377,84.7659161419,108.874572922
33.3568801806,15.2639309175,0.00840053272739
61.6899771478,84.7360690825,108.874572922
33.4188129259,15.2863465446,0.00840053272758
61.6280444026,84.7136534554,108.874572922
33.465935167,15.3033864183,0.00840053272753
61.5809221615,84.6966135817,108.874572922
33.5033666358,15.3169126635,0.00840053272754
61.5434906926,84.6830873365,108.874572922
33.5334897778,15.327792492,0.00840053272754
61.5133675506,84.672207508,108.874572922
33.5579624585,15.3366298884,0.00840053272754
61.4888948699,84.6633701116,108.874572922
33.5777900508,15.3437900316,0.00840053272754
61.4690672777,84.6562099684,108.874572922
33.5938733818,15.3495980068,0.00840053272754
61.4529839466,84.6504019932,108.874572922
33.6067033828,15.3542311574,0.00840053272754
61.4401539456,84.6457688426,108.874572922
33.6163736313,15.3577232603,0.00840053272754
61.4304836971,84.6422767397,108.874572922
33.6235715743,15.3603225694,0.00840053272754
61.4232857542,84.6396774306,108.874572922
33.6290354907,15.3622956897,0.00840053272754
61.4178218377,84.6377043103,108.874572922
33.6335516868,15.3639265709,0.00840053272754
61.4133056416,84.6360734291,108.874572922
33.6372927972,15.3652775544,0.00840053272754
61.4095645313,84.6347224456,108.874572922
33.6403609359,15.3663855155,0.00840053272754
61.4064963925,84.6336144845,108.874572922
33.6428336272,15.3672784496,0.00840053272754
61.4040237013,84.6327215504,108.874572922
33.6448199653,15.3679957526,0.00840053272754
61.4020373631,84.6320042474,108.874572922
33.6463899451,15.3685627011,0.00840053272754
61.4004673833,84.6314372989,108.874572922
33.6475602716,15.3689853274,0.00840053272754
61.3992970569,84.6310146726,108.874572922
33.6484295062,15.3692992239,0.00840053272754
61.3984278223,84.6307007761,108.874572922
33.649074458,15.3695321278,0.00840053272754
61.3977828704,84.6304678722,108.874572922
33.6495421349,15.3697010145,0.00840053272754
61.3973151935,84.6302989855,108.874572922
33.6498761109,15.3698216193,0.00840053272754
61.3969812176,84.6301783807,108.874572922
33.6501212406,15.3699101401,0.00840053272754
61.3967360878,84.6300898599,108.874572922
33.650339492,15.3699889547,0.00840053272754
61.3965178364,84.6300110453,108.874572922
33.6505342626,15.3700592899,0.00840053272754
61.3963230658,84.6299407101,108.874572922
33.6507107918,15.3701230379,0.00840053272754
61.3961465366,84.6298769621,108.874572922
33.650831981,15.3701668015,0.00840053272754
61.3960253474,84.6298331985,108.874572922
33.6509590516,15.370212689,0.00840053272754
61.3958982768,84.629787311,108.874572922
33.6510019968,15.3702281973,0.00840053272754
61.3958553316,84.6297718027,108.874572922
0.0,0.0,0.0
95.0468573284,100.0,108.882973455
2.94298572951,1.60290776615,0.00172020587816
92.1038715989,98.3970922338,108.881253249
5.81346469402,3.08517936591,0.00293878482997
89.2333926344,96.9148206341,108.88003467
8.57445376768,4.44486328189,0.00377306312721
86.4724035608,95.5551367181,108.879200392
11.1938475221,5.68159815139,0.00444925809676
83.8530098064,94.3184018486,108.878524197
13.6522216131,6.80029006813,0.00503575305186
81.3946357153,93.1997099319,108.877937702
15.9158465374,7.79795806204,0.00549710434074
79.131010791,92.202041938,108.87747635
17.9559049019,8.6724117253,0.00578538688404
77.0909524265,91.3275882747,108.877188068
19.769541859,9.43121183959,0.00595902937098
75.2773154694,90.5687881604,108.877014425
21.3803599108,10.0907368426,0.0060721126586
73.6664974176,89.9092631574,108.876901342
22.8217745155,10.669567076,0.00615369802185
72.2250828129,89.330432924,108.876819757
24.1008650002,11.174464346,0.00621665634362
70.9459923282,88.825535654,108.876756798
25.2170169982,11.6084794185,0.00626339428442
69.8298403302,88.3915205815,108.87671006
26.1689814707,11.9738751232,0.00629237459657
68.8778758577,88.0261248768,108.87668108
26.9718122431,12.2787689195,0.00630182426835
68.0750450853,87.7212310805,108.87667163
27.6462266636,12.5326503562,0.00630151188648
67.4006306649,87.4673496438,108.876671943
28.2145769766,12.7449998445,0.00630161188986
66.8322803519,87.2550001555,108.876671843
28.6886913918,12.9210340129,0.00630158509404
66.3581659366,87.0789659871,108.87667187
29.0810161036,13.0659788656,0.00630159227396
65.9658412249,86.9340211344,108.876671862
29.4035489512,13.1846994184,0.0063015903501
65.6433083773,86.8153005816,108.876671864
29.6663245308,13.281118161,0.0063015908656
65.3805327976,86.718881839,108.876671864
29.8782212983,13.3586465198,0.00630159072747
65.1686360301,86.6413534802,108.876671864
30.0470901003,13.4202819654,0.00630159076448
64.9997672282,86.5797180346,108.876671864
30.1828203134,13.4697054498,0.00630159075456
64.8640370151,86.5302945502,108.876671864
30.2906563326,13.5088804932,0.00630159075722
64.7562009958,86.4911195068,108.876671864
30.3729934226,13.5387275526,0.00630159075651
64.6738639059,86.4612724474,108.876671864
30.4349261678,13.5611431796,0.0063015907567
64.6119311607,86.4388568204,108.876671864
30.4820484089,13.5781830533,0.00630159075665
64.5648089196,86.4218169467,108.876671864
30.5194798777,13.5917092985,0.00630159075666
64.5273774507,86.4082907015,108.876671864
30.5496030197,13.602589127,0.00630159075666
64.4972543087,86.397410873,108.876671864
30.5740757004,13.6114265234,0.00630159075666
64.472781628,86.3885734766,108.876671864
30.5939032927,13.6185866667,0.00630159075666
64.4529540358,86.3814133333,108.876671864
30.6099866237,13.6243946418,0.00630159075666
64.4368707047,86.3756053582,108.876671864
30.6228166247,13.6290277925,0.00630159075666
64.4240407037,86.3709722075,108.876671864
30.6324868732,13.6325198954,0.00630159075666
64.4143704552,86.3674801046,108.876671864
30.6396848162,13.6351192044,0.00630159075666
64.4071725123,86.3648807956,108.876671864
30.6451487326,13.6370923247,0.00630159075666
64.4017085958,86.3629076753,108.876671864
30.6496649287,13.638723206,0.00630159075666
64.3971923997,86.361276794,108.876671864
30.6534060391,13.6400741894,0.00630159075666
64.3934512894,86.3599258106,108.876671864
30.6564741778,13.6411821506,0.00630159075666
64.3903831506,86.3588178494,108.876671864
30.6589468691,13.6420750846,0.00630159075666
64.3879104594,86.3579249154,108.876671864
30.6609332073,13.6427923877,0.00630159075666
64.3859241212,86.3572076123,108.876671864
30.662503187,13.6433593361,0.00630159075666
64.3843541414,86.3566406639,108.876671864
30.6636735135,13.6437819624,0.00630159075666
64.383183815,86.3562180376,108.876671864
30.6645427481,13.6440958589,0.00630159075666
64.3823145803,86.3559041411,108.876671864
30.6651876999,13.6443287628,0.00630159075666
64.3816696285,86.3556712372,108.876671864
30.6656553768,13.6444976495,0.00630159075666
64.3812019516,86.3555023505,108.876671864
30.6659893528,13.6446182543,0.00630159075666
64.3808679757,86.3553817457,108.876671864
30.6662344825,13.6447067752,0.00630159075666
64.3806228459,86.3552932248,108.876671864
30.666452734,13.6447855898,0.00630159075666
64.3804045945,86.3552144102,108.876671864
30.6666475045,13.644855925,0.00630159075666
64.3802098239,86.355144075,108.876671864
30.6668240337,13.6449196729,0.00630159075666
64.3800332947,86.3550803271,108.876671864
30.6669452229,13.6449634365,0.00630159075666
64.3799121055,86.3550365635,108.876671864
30.6670722935,13.645009324,0.00630159075666
64.3797850349,86.354990676,108.876671864
30.6671152387,13.6450248323,0.00630159075666
64.3797420897,86.3549751677,108.876671864
0.0,0.0,0.0
95.0468573284,100.0,108.882973455
2.87047896451,1.48227159976,0.00121857895181
92.1763783639,98.5177284002,108.881754876
5.63146803816,2.84195551573,0.00205285724905
89.4153892903,97.1580444843,108.880920597
8.25086179255,4.07869038523,0.0027290522186
86.7959955359,95.9213096148,108.880244403
10.7092358836,5.19738230197,0.0033155471737
84.3376214449,94.802617698,108.879657908
12.9728608079,6.19505029589,0.00377689846258
82.0739965206,93.8049497041,108.879196556
15.0129191724,7.06950395915,0.00406518100587
80.033938156,92.9304960409,108.878908274
16.8265561295,7.82830407344,0.00423882349281
78.2203011989,92.1716959266,108.878734631
18.4373741813,8.48782907642,0.00435190678043
76.6094831471,91.5121709236,108.878621548
19.878788786,9.06665930985,0.00443349214369
75.1680685424,90.9333406902,108.878539963
21.1578792707,9.57155657981,0.00449645046545
73.8889780577,90.4284434202,108.878477004
22.2740312687,10.0055716523,0.00454318840626
72.7728260597,89.9944283477,108.878430266
23.2259957412,10.3709673571,0.0045721687184
71.8208615872,89.6290326429,108.878401286
24.0288265136,10.6758611534,0.00458161839019
71.0180308149,89.3241388466,108.878391836
24.7032409341,10.9297425901,0.00458130600832
70.3436163944,89.0702574099,108.878392149
25.271591247,11.1420920784,0.0045814060117
69.7752660814,88.8579079216,108.878392049
25.7457056623,11.3181262468,0.00458137921587
69.3011516662,88.6818737532,108.878392076
26.1380303741,11.4630710995,0.00458138639579
68.9088269544,88.5369289005,108.878392068
26.4605632217,11.5817916522,0.00458138447194
68.5862941068,88.4182083478,108.87839207
26.7233388013,11.6782103949,0.00458138498743
68.3235185271,88.3217896051,108.87839207
26.9352355688,11.7557387536,0.00458138484931
68.1116217596,88.2442612464,108.87839207
27.1041043708,11.8173741992,0.00458138488632
67.9427529577,88.1826258008,108.87839207
27.2398345838,11.8667976837,0.0045813848764
67.8070227446,88.1332023163,108.87839207
27.3476706031,11.905972727,0.00458138487906
67.6991867253,88.094027273,108.87839207
27.430007693,11.9358197864,0.00458138487835
67.6168496354,88.0641802136,108.87839207
27.4919404383,11.9582354135,0.00458138487854
67.5549168902,88.0417645865,108.87839207
27.5390626794,11.9752752872,0.00458138487849
67.5077946491,88.0247247128,108.87839207
27.5764941482,11.9888015324,0.0045813848785
67.4703631802,88.0111984676,108.87839207
27.6066172902,11.9996813609,0.0045813848785
67.4402400382,88.0003186391,108.87839207
27.6310899709,12.0085187573,0.0045813848785
67.4157673575,87.9914812427,108.87839207
27.6509175632,12.0156789005,0.0045813848785
67.3959397653,87.9843210995,108.87839207
27.6670008942,12.0214868757,0.0045813848785
67.3798564342,87.9785131243,108.87839207
27.6798308952,12.0261200263,0.0045813848785
67.3670264332,87.9738799737,108.87839207
27.6895011437,12.0296121292,0.0045813848785
67.3573561847,87.9703878708,108.87839207
27.6966990867,12.0322114383,0.0045813848785
67.3501582418,87.9677885617,108.87839207
27.7021630031,12.0341845586,0.0045813848785
67.3446943253,87.9658154414,108.87839207
27.7066791992,12.0358154398,0.0045813848785
67.3401781292,87.9641845602,108.87839207
27.7104203095,12.0371664233,0.0045813848785
67.3364370189,87.9628335767,108.87839207
27.7134884483,12.0382743844,0.0045813848785
67.3333688802,87.9617256156,108.87839207
27.7159611396,12.0391673185,0.0045813848785
67.3308961889,87.9608326815,108.87839207
27.7179474777,12.0398846215,0.0045813848785
67.3289098507,87.9601153785,108.87839207
27.7195174575,12.04045157,0.0045813848785
67.3273398709,87.95954843,108.87839207
27.720687784,12.0408741963,0.0045813848785
67.3261695445,87.9591258037,108.87839207
27.7215570186,12.0411880928,0.0045813848785
67.3253003099,87.9588119072,108.87839207
27.7222019704,12.0414209967,0.0045813848785
67.324655358,87.9585790033,108.87839207
27.7226696473,12.0415898833,0.0045813848785
67.3241876811,87.9584101167,108.87839207
27.7230036233,12.0417104882,0.0045813848785
67.3238537052,87.9582895118,108.87839207
27.723248753,12.041799009,0.0045813848785
67.3236085754,87.958200991,108.87839207
27.7234670044,12.0418778236,0.0045813848785
67.323390324,87.9581221764,108.87839207
27.723661775,12.0419481588,0.0045813848785
67.3231955534,87.9580518412,108.87839207
27.7238383042,12.0420119068,0.0045813848785
67.3230190242,87.9579880932,108.87839207
27.7239594934,12.0420556704,0.0045813848785
67.3228978351,87.9579443296,108.87839207
27.724086564,12.0421015579,0.0045813848785
67.3227707644,87.9578984421,108.87839207
27.7241295092,12.0421170662,0.0045813848785
67.3227278192,87.9578829338,108.87839207
0.0,0.0,0.0
95.0468573284,100.0,108.882973455
2.76098907365,1.35968391597,0.000834278297239
92.2858682548,98.640316084,108.882139176
5.38038282804,2.59641878547,0.00151047326679
89.6664745004,97.4035812145,108.881462981
7.83875691908,3.71511070221,0.00209696822189
87.2081004094,96.2848892978,108.880876487
10.1023818434,4.71277869613,0.00255831951077
84.9444754851,95.2872213039,108.880415135
12.1424402079,5.58723235939,0.00284660205406
82.9044171205,94.4127676406,108.880126853
13.956077165,6.34603247367,0.003020244541
81.0907801634,93.6539675263,108.87995321
15.5668952168,7.00555747666,0.00313332782862
79.4799621116,92.9944425233,108.879840127
17.0083098215,7.58438771009,0.00321491319188
78.0385475069,92.4156122899,108.879758542
18.2874003062,8.08928498005,0.00327787151364
76.7594570222,91.9107150199,108.879695583
19.4035523042,8.52330005257,0.00332460945445
75.6433050242,91.4766999474,108.879648845
20.3555167767,8.88869575729,0.00335358976659
74.6913405517,91.1113042427,108.879619865
21.1583475491,9.19358955361,0.00336303943838
73.8885097794,90.8064104464,108.879610415
21.8327619695,9.44747099033,0.00336272705651
73.2140953589,90.5525290097,108.879610728
22.4011122825,9.65982047863,0.00336282705989
72.6457450459,90.3401795214,108.879610628
22.8752266978,9.83585464703,0.00336280026406
72.1716306307,90.164145353,108.879610654
23.2675514096,9.9807994997,0.00336280744398
71.7793059189,90.0192005003,108.879610647
23.5900842572,10.0995200525,0.00336280552013
71.4567730713,89.9004799475,108.879610649
23.8528598368,10.1959387951,0.00336280603562
71.1939974916,89.8040612049,108.879610649
24.0647566043,10.2734671539,0.0033628058975
70.9821007241,89.7265328461,108.879610649
24.2336254063,10.3351025995,0.00336280593451
70.8132319222,89.6648974005,108.879610649
24.3693556193,10.3845260839,0.00336280592459
70.6775017091,89.6154739161,108.879610649
24.4771916386,10.4237011272,0.00336280592725
70.5696656898,89.5762988728,108.879610649
24.5595287285,10.4535481867,0.00336280592654
70.4873285999,89.5464518133,108.879610649
24.6214614738,10.4759638137,0.00336280592673
70.4253958547,89.5240361863,108.879610649
24.6685837149,10.4930036874,0.00336280592668
70.3782736136,89.5069963126,108.879610649
24.7060151837,10.5065299326,0.00336280592669
70.3408421447,89.4934700674,108.879610649
24.7361383257,10.5174097611,0.00336280592669
70.3107190027,89.4825902389,108.879610649
24.7606110064,10.5262471575,0.00336280592669
70.286246322,89.4737528425,108.879610649
24.7804385987,10.5334073008,0.00336280592669
70.2664187298,89.4665926992,108.879610649
24.7965219297,10.5392152759,0.00336280592669
70.2503353987,89.4607847241,108.879610649
24.8093519307,10.5438484266,0.00336280592669
70.2375053977,89.4561515734,108.879610649
24.8190221792,10.5473405294,0.00336280592669
70.2278351492,89.4526594706,108.879610649
24.8262201222,10.5499398385,0.00336280592669
70.2206372063,89.4500601615,108.879610649
24.8316840386,10.5519129588,0.00336280592669
70.2151732898,89.4480870412,108.879610649
24.8362002347,10.55354384,0.00336280592669
70.2106570937,89.44645616,108.879610649
24.839941345,10.5548948235,0.00336280592669
70.2069159834,89.4451051765,108.879610649
24.8430094838,10.5560027847,0.00336280592669
70.2038478447,89.4439972153,108.879610649
24.8454821751,10.5568957187,0.00336280592669
70.2013751534,89.4431042813,108.879610649
24.8474685132,10.5576130218,0.00336280592669
70.1993888152,89.4423869782,108.879610649
24.849038493,10.5581799702,0.00336280592669
70.1978188354,89.4418200298,108.879610649
24.8502088195,10.5586025965,0.00336280592669
70.196648509,89.4413974035,108.879610649
24.8510780541,10.558916493,0.00336280592669
70.1957792744,89.441083507,108.879610649
24.8517230059,10.5591493969,0.00336280592669
70.1951343225,89.4408506031,108.879610649
24.8521906828,10.5593182836,0.00336280592669
70.1946666456,89.4406817164,108.879610649
24.8525246587,10.5594388884,0.00336280592669
70.1943326697,89.4405611116,108.879610649
24.8527697885,10.5595274093,0.00336280592669
70.1940875399,89.4404725907,108.879610649
24.8529880399,10.5596062238,0.00336280592669
70.1938692885,89.4403937762,108.879610649
24.8531828105,10.5596765591,0.00336280592669
70.1936745179,89.4403234409,108.879610649
24.8533593397,10.559740307,0.00336280592669
70.1934979887,89.440259693,108.879610649
24.8534805289,10.5597840706,0.00336280592669
70.1933767996,89.4402159294,108.879610649
24.8536075995,10.5598299581,0.00336280592669
70.193249729,89.4401700419,108.879610649
24.8536505447,10.5598454664,0.00336280592669
70.1932067837,89.4401545336,108.879610649
0.0,0.0,0.0
95.0468573284,100.0,108.882973455
2.61939375439,1.2367348695,0.000676194969552
92.4274635741,98.7632651305,108.88229726
5.07776784542,2.35542678624,0.00126268992465
89.969089483,97.6445732138,108.881710765
7.34139276972,3.35309478015,0.00172404121353
87.7054645587,96.6469052198,108.881249414
9.38145113427,4.22754844341,0.00201232375683
85.6654061942,95.7724515566,108.880961131
11.1950880913,4.9863485577,0.00218596624376
83.8517692371,95.0136514423,108.880787489
12.8059061431,5.64587356069,0.00229904953138
82.2409511853,94.3541264393,108.880674405
14.2473207479,6.22470379411,0.00238063489464
80.7995365806,93.7752962059,108.88059282
15.5264112326,6.72960106408,0.0024435932164
79.5204460959,93.2703989359,108.880529862
16.6425632305,7.1636161366,0.00249033115721
78.4042940979,92.8363838634,108.880483124
17.5945277031,7.52901184132,0.00251931146935
77.4523296254,92.4709881587,108.880454143
18.3973584754,7.83390563764,0.00252876114114
76.649498853,92.1660943624,108.880444694
19.0717728959,8.08778707436,0.00252844875927
75.9750844326,91.9122129256,108.880445006
19.6401232089,8.30013656266,0.00252854876265
75.4067341196,91.6998634373,108.880444906
20.1142376241,8.47617073106,0.00252852196682
74.9326197043,91.5238292689,108.880444933
20.5065623359,8.62111558373,0.00252852914674
74.5402949925,91.3788844163,108.880444926
20.8290951835,8.73983613648,0.00252852722289
74.2177621449,91.2601638635,108.880444928
21.0918707632,8.83625487912,0.00252852773838
73.9549865653,91.1637451209,108.880444927
21.3037675307,8.91378323791,0.00252852760026
73.7430897978,91.0862167621,108.880444927
21.4726363326,8.97541868349,0.00252852763727
73.5742209958,91.0245813165,108.880444927
21.6083665457,9.02484216796,0.00252852762735
73.4384907828,90.975157832,108.880444927
21.716202565,9.06401721126,0.00252852763001
73.3306547635,90.9359827887,108.880444927
21.7985396549,9.09386427068,0.0025285276293
73.2483176736,90.9061357293,108.880444927
21.8604724001,9.11627989772,0.00252852762949
73.1863849283,90.8837201023,108.880444927
21.9075946412,9.13331977145,0.00252852762944
73.1392626872,90.8666802286,108.880444927
21.9450261101,9.14684601663,0.00252852762945
73.1018312184,90.8531539834,108.880444927
21.9751492521,9.15772584512,0.00252852762945
73.0717080764,90.8422741549,108.880444927
21.9996219328,9.16656324152,0.00252852762945
73.0472353957,90.8334367585,108.880444927
22.019449525,9.17372338478,0.00252852762945
73.0274078034,90.8262766152,108.880444927
22.0355328561,9.17953135996,0.00252852762945
73.0113244724,90.82046864,108.880444927
22.0483628571,9.1841645106,0.00252852762945
72.9984944714,90.8158354894,108.880444927
22.0580331055,9.18765661347,0.00252852762945
72.9888242229,90.8123433865,108.880444927
22.0652310485,9.19025592254,0.00252852762945
72.9816262799,90.8097440775,108.880444927
22.0706949649,9.19222904283,0.00252852762945
72.9761623635,90.8077709572,108.880444927
22.075211161,9.19385992407,0.00252852762945
72.9716461674,90.8061400759,108.880444927
22.0789522714,9.19521090756,0.00252852762945
72.9679050571,90.8047890924,108.880444927
22.0820204101,9.19631886869,0.00252852762945
72.9648369183,90.8036811313,108.880444927
22.0844931014,9.19721180274,0.00252852762945
72.962364227,90.8027881973,108.880444927
22.0864794396,9.19792910579,0.00252852762945
72.9603778889,90.8020708942,108.880444927
22.0880494194,9.19849605422,0.00252852762945
72.9588079091,90.8015039458,108.880444927
22.0892197458,9.19891868052,0.00252852762945
72.9576375826,90.8010813195,108.880444927
22.0900889804,9.19923257705,0.00252852762945
72.956768348,90.8007674229,108.880444927
22.0907339322,9.19946548094,0.00252852762945
72.9561233962,90.8005345191,108.880444927
22.0912016091,9.19963436761,0.00252852762945
72.9556557193,90.8003656324,108.880444927
22.0915355851,9.19975497244,0.00252852762945
72.9553217434,90.8002450276,108.880444927
22.0917807149,9.19984349329,0.00252852762945
72.9550766136,90.8001565067,108.880444927
22.0919989663,9.19992230788,0.00252852762945
72.9548583622,90.8000776921,108.880444927
22.0921937369,9.19999264309,0.00252852762945
72.9546635916,90.8000073569,108.880444927
22.0923702661,9.20005639102,0.00252852762945
72.9544870624,90.799943609,108.880444927
22.0924914552,9.20010015464,0.00252852762945
72.9543658732,90.7998998454,108.880444927
22.0926185258,9.20014604216,0.00252852762945
72.9542388026,90.7998539578,108.880444927
22.092661471,9.20016155046,0.00252852762945
72.9541958574,90.7998384495,108.880444927
0.0,0.0,0.0
95.0468573284,100.0,108.882973455
2.45837409104,1.11869191674,0.0005864949551
92.5884832374,98.8813080833,108.88238696
4.72199901533,2.11635991065,0.00104784624398
90.3248583131,97.8836400893,108.881925609
6.76205737989,2.99081357391,0.00133612878727
88.2847999486,97.0091864261,108.881637326
8.57569433696,3.7496136882,0.00150977127421
86.4711629915,96.2503863118,108.881463683
10.1865123888,4.40913869119,0.00162285456183
84.8603449397,95.5908613088,108.8813506
11.6279269935,4.98796892461,0.00170443992509
83.418930335,95.0120310754,108.881269015
12.9070174782,5.49286619458,0.00176739824685
82.1398398503,94.5071338054,108.881206056
14.0231694762,5.9268812671,0.00181413618766
81.0236878523,94.0731187329,108.881159319
14.9751339487,6.29227697182,0.0018431164998
80.0717233798,93.7077230282,108.881130338
15.777964721,6.59717076814,0.00185256617159
79.2688926074,93.4028292319,108.881120889
16.4523791415,6.85105220486,0.00185225378972
78.5944781869,93.1489477951,108.881121201
17.0207294545,7.06340169316,0.0018523537931
78.0261278739,92.9365983068,108.881121101
17.4948438697,7.23943586156,0.00185232699727
77.5520134587,92.7605641384,108.881121128
17.8871685815,7.38438071423,0.00185233417719
77.1596887469,92.6156192858,108.881121121
18.2097014291,7.50310126698,0.00185233225334
76.8371558993,92.496898733,108.881121122
18.4724770088,7.59952000962,0.00185233276883
76.5743803197,92.4004799904,108.881121122
18.6843737763,7.67704836841,0.00185233263071
76.3624835522,92.3229516316,108.881121122
18.8532425782,7.73868381399,0.00185233266772
76.1936147502,92.261316186,108.881121122
18.9889727913,7.78810729846,0.0018523326578
76.0578845371,92.2118927015,108.881121122
19.0968088106,7.82728234176,0.00185233266046
75.9500485179,92.1727176582,108.881121122
19.1791459005,7.85712940118,0.00185233265975
75.8677114279,92.1428705988,108.881121122
19.2410786457,7.87954502822,0.00185233265994
75.8057786827,92.1204549718,108.881121122
19.2882008868,7.89658490195,0.00185233265989
75.7586564416,92.1034150981,108.881121122
19.3256323557,7.91011114713,0.0018523326599
75.7212249728,92.0898888529,108.881121122
19.3557554977,7.92099097562,0.0018523326599
75.6911018308,92.0790090244,108.881121122
19.3802281784,7.92982837202,0.0018523326599
75.6666291501,92.070171628,108.881121122
19.4000557706,7.93698851528,0.0018523326599
75.6468015578,92.0630114847,108.881121122
19.4161391017,7.94279649046,0.0018523326599
75.6307182268,92.0572035095,108.881121122
19.4289691027,7.9474296411,0.0018523326599
75.6178882258,92.0525703589,108.881121122
19.4386393512,7.95092174397,0.0018523326599
75.6082179773,92.049078256,108.881121122
19.4458372941,7.95352105304,0.0018523326599
75.6010200343,92.046478947,108.881121122
19.4513012106,7.95549417333,0.0018523326599
75.5955561179,92.0445058267,108.881121122
19.4558174067,7.95712505457,0.0018523326599
75.5910399218,92.0428749454,108.881121122
19.459558517,7.95847603806,0.0018523326599
75.5872988114,92.0415239619,108.881121122
19.4626266557,7.95958399919,0.0018523326599
75.5842306727,92.0404160008,108.881121122
19.465099347,7.96047693324,0.0018523326599
75.5817579814,92.0395230668,108.881121122
19.4670856852,7.96119423629,0.0018523326599
75.5797716432,92.0388057637,108.881121122
19.468655665,7.96176118472,0.0018523326599
75.5782016635,92.0382388153,108.881121122
19.4698259914,7.96218381102,0.0018523326599
75.577031337,92.037816189,108.881121122
19.470695226,7.96249770755,0.0018523326599
75.5761621024,92.0375022924,108.881121122
19.4713401779,7.96273061144,0.0018523326599
75.5755171506,92.0372693886,108.881121122
19.4718078548,7.96289949811,0.0018523326599
75.5750494737,92.0371005019,108.881121122
19.4721418307,7.96302010294,0.0018523326599
75.5747154977,92.0369798971,108.881121122
19.4723869605,7.96310862379,0.0018523326599
75.574470368,92.0368913762,108.881121122
19.4726052119,7.96318743838,0.0018523326599
75.5742521165,92.0368125616,108.881121122
19.4727999825,7.96325777359,0.0018523326599
75.574057346,92.0367422264,108.881121122
19.4729765117,7.96332152152,0.0018523326599
75.5738808168,92.0366784785,108.881121122
19.4730977008,7.96336528514,0.0018523326599
75.5737596276,92.0366347149,108.881121122
19.4732247714,7.96341117266,0.0018523326599
75.573632557,92.0365888273,108.881121122
19.4732677167,7.96342668096,0.0018523326599
75.5735896118,92.036573319,108.881121122
0.0,0.0,0.0
95.0468573284,100.0,108.882973455
2.2636249243,0.997667993915,0.00046135128888
92.7832324041,99.0023320061,108.882512103
4.30368328885,1.87212165717,0.000749633832174
90.7431740396,98.1278783428,108.882223821
6.11732024592,2.63092177146,0.000923276319111
88.9295370825,97.3690782285,108.882050178
7.72813829772,3.29044677445,0.00103635960673
87.3187190307,96.7095532256,108.881937095
9.16955290244,3.86927700787,0.00111794496999
85.877304426,96.1307229921,108.88185551
10.4486433871,4.37417427784,0.00118090329175
84.5982139413,95.6258257222,108.881792551
11.5647953851,4.80818935036,0.00122764123256
83.4820619433,95.1918106496,108.881745814
12.5167598576,5.17358505508,0.0012566215447
82.5300974708,94.8264149449,108.881716833
13.31959063,5.4784788514,0.00126607121649
81.7272666984,94.5215211486,108.881707384
13.9940050505,5.73236028812,0.00126575883462
81.052852278,94.2676397119,108.881707696
14.5623553635,5.94470977642,0.001265858838
80.484501965,94.0552902236,108.881707596
15.0364697787,6.12074394482,0.00126583204217
80.0103875497,93.8792560552,108.881707623
15.4287944905,6.26568879749,0.00126583922209
79.618062838,93.7343112025,108.881707616
15.7513273381,6.38440935024,0.00126583729824
79.2955299904,93.6155906498,108.881707617
16.0141029177,6.48082809288,0.00126583781373
79.0327544107,93.5191719071,108.881707617
16.2259996852,6.55835645167,0.00126583767561
78.8208576432,93.4416435483,108.881707617
16.3948684872,6.61999189725,0.00126583771262
78.6519888413,93.3800081027,108.881707617
16.5305987003,6.66941538172,0.0012658377027
78.5162586282,93.3305846183,108.881707617
16.6384347195,6.70859042503,0.00126583770536
78.4084226089,93.291409575,108.881707617
16.7207718095,6.73843748444,0.00126583770465
78.326085519,93.2615625156,108.881707617
16.7827045547,6.76085311148,0.00126583770484
78.2641527738,93.2391468885,108.881707617
16.8298267958,6.77789298521,0.00126583770479
78.2170305327,93.2221070148,108.881707617
16.8672582646,6.79141923039,0.0012658377048
78.1795990638,93.2085807696,108.881707617
16.8973814066,6.80229905888,0.0012658377048
78.1494759218,93.1977009411,108.881707617
16.9218540873,6.81113645528,0.0012658377048
78.1250032411,93.1888635447,108.881707617
16.9416816796,6.81829659854,0.0012658377048
78.1051756489,93.1817034015,108.881707617
16.9577650106,6.82410457372,0.0012658377048
78.0890923178,93.1758954263,108.881707617
16.9705950116,6.82873772436,0.0012658377048
78.0762623168,93.1712622756,108.881707617
16.9802652601,6.83222982723,0.0012658377048
78.0665920683,93.1677701728,108.881707617
16.9874632031,6.8348291363,0.0012658377048
78.0593941253,93.1651708637,108.881707617
16.9929271195,6.83680225659,0.0012658377048
78.0539302089,93.1631977434,108.881707617
16.9974433156,6.83843313783,0.0012658377048
78.0494140128,93.1615668622,108.881707617
17.001184426,6.83978412132,0.0012658377048
78.0456729025,93.1602158787,108.881707617
17.0042525647,6.84089208245,0.0012658377048
78.0426047637,93.1591079176,108.881707617
17.006725256,6.84178501651,0.0012658377048
78.0401320725,93.1582149835,108.881707617
17.0087115942,6.84250231955,0.0012658377048
78.0381457343,93.1574976804,108.881707617
17.0102815739,6.84306926798,0.0012658377048
78.0365757545,93.156930732,108.881707617
17.0114519004,6.84349189428,0.0012658377048
78.0354054281,93.1565081057,108.881707617
17.012321135,6.84380579081,0.0012658377048
78.0345361934,93.1561942092,108.881707617
17.0129660868,6.8440386947,0.0012658377048
78.0338912416,93.1559613053,108.881707617
17.0134337637,6.84420758137,0.0012658377048
78.0334235647,93.1557924186,108.881707617
17.0137677397,6.8443281862,0.0012658377048
78.0330895888,93.1556718138,108.881707617
17.0140128694,6.84441670705,0.0012658377048
78.032844459,93.155583293,108.881707617
17.0142311209,6.84449552164,0.0012658377048
78.0326262076,93.1555044784,108.881707617
17.0144258914,6.84456585685,0.0012658377048
78.032431437,93.1554341431,108.881707617
17.0146024206,6.84462960478,0.0012658377048
78.0322549078,93.1553703952,108.881707617
17.0147236098,6.8446733684,0.0012658377048
78.0321337186,93.1553266316,108.881707617
17.0148506804,6.84471925592,0.0012658377048
78.032006648,93.1552807441,108.881707617
17.0148936256,6.84473476422,0.0012658377048
78.0319637028,93.1552652358,108.881707617
0.0,0.0,0.0
95.0468573284,100.0,108.882973455
2.04005836455,0.87445366326,0.000288282543294
93.0067989639,99.1255463367,108.882685172
3.85369532163,1.63325377755,0.000461925030231
91.1931620068,98.3667462225,108.88251153
5.46451337342,2.29277878053,0.000575008317852
89.582343955,97.7072212195,108.882398446
6.90592797814,2.87160901396,0.000656593681111
88.1409293503,97.128390986,108.882316861
8.18501846283,3.37650628393,0.000719552002871
86.8618388656,96.6234937161,108.882253903
9.30117046083,3.81052135644,0.000766289943676
85.7456868676,96.1894786436,108.882207165
10.2531349334,4.17591706116,0.000795270255823
84.7937223951,95.8240829388,108.882178184
11.0559657057,4.48081085749,0.000804719927606
83.9908916227,95.5191891425,108.882168735
11.7303801262,4.7346922942,0.000804407545741
83.3164772023,95.2653077058,108.882169047
12.2987304392,4.9470417825,0.000804507549116
82.7481268893,95.0529582175,108.882168947
12.7728448544,5.1230759509,0.000804480753293
82.274012474,94.8769240491,108.882168974
13.1651695662,5.26802080357,0.000804487933212
81.8816877623,94.7319791964,108.882168967
13.4877024138,5.38674135633,0.000804486009358
81.5591549147,94.6132586437,108.882168969
13.7504779934,5.48316009897,0.000804486524853
81.296379335,94.516839901,108.882168968
13.962374761,5.56068845776,0.000804486386727
81.0844825675,94.4393115422,108.882168968
14.1312435629,5.62232390334,0.000804486423738
80.9156137656,94.3776760967,108.882168968
14.266973776,5.6717473878,0.000804486413821
80.7798835525,94.3282526122,108.882168968
14.3748097953,5.71092243111,0.000804486416478
80.6720475332,94.2890775689,108.882168968
14.4571468852,5.74076949053,0.000804486415766
80.5897104433,94.2592305095,108.882168968
14.5190796304,5.76318511756,0.000804486415957
80.527777698,94.2368148824,108.882168968
14.5662018715,5.78022499129,0.000804486415906
80.4806554569,94.2197750087,108.882168968
14.6036333403,5.79375123647,0.000804486415919
80.4432239881,94.2062487635,108.882168968
14.6337564823,5.80463106496,0.000804486415916
80.4131008461,94.195368935,108.882168968
14.658229163,5.81346846137,0.000804486415917
80.3886281654,94.1865315386,108.882168968
14.6780567553,5.82062860463,0.000804486415916
80.3688005732,94.1793713954,108.882168968
14.6941400863,5.8264365798,0.000804486415916
80.3527172421,94.1735634202,108.882168968
14.7069700873,5.83106973044,0.000804486415916
80.3398872411,94.1689302696,108.882168968
14.7166403358,5.83456183331,0.000804486415916
80.3302169926,94.1654381667,108.882168968
14.7238382788,5.83716114239,0.000804486415916
80.3230190496,94.1628388576,108.882168968
14.7293021952,5.83913426267,0.000804486415916
80.3175551332,94.1608657373,108.882168968
14.7338183913,5.84076514391,0.000804486415916
80.3130389371,94.1592348561,108.882168968
14.7375595017,5.8421161274,0.000804486415916
80.3092978268,94.1578838726,108.882168968
14.7406276404,5.84322408853,0.000804486415916
80.306229688,94.1567759115,108.882168968
14.7431003317,5.84411702259,0.000804486415916
80.3037569968,94.1558829774,108.882168968
14.7450866699,5.84483432564,0.000804486415916
80.3017706586,94.1551656744,108.882168968
14.7466566496,5.84540127407,0.000804486415916
80.3002006788,94.1545987259,108.882168968
14.7478269761,5.84582390037,0.000804486415916
80.2990303524,94.1541760996,108.882168968
14.7486962107,5.8461377969,0.000804486415916
80.2981611177,94.1538622031,108.882168968
14.7493411625,5.84637070079,0.000804486415916
80.2975161659,94.1536292992,108.882168968
14.7498088394,5.84653958746,0.000804486415916
80.297048489,94.1534604125,108.882168968
14.7501428154,5.84666019229,0.000804486415916
80.2967145131,94.1533398077,108.882168968
14.7503879451,5.84674871313,0.000804486415916
80.2964693833,94.1532512869,108.882168968
14.7506061966,5.84682752772,0.000804486415916
80.2962511319,94.1531724723,108.882168968
14.7508009671,5.84689786294,0.000804486415916
80.2960563613,94.1531021371,108.882168968
14.7509774964,5.84696161086,0.000804486415916
80.2958798321,94.1530383891,108.882168968
14.7510986855,5.84700537448,0.000804486415916
80.2957586429,94.1529946255,108.882168968
14.7512257561,5.84705126201,0.000804486415916
80.2956315723,94.152948738,108.882168968
14.7512687013,5.84706677031,0.000804486415916
80.2955886271,94.1529332297,108.882168968
0.0,0.0,0.0
95.0468573284,100.0,108.882973455
1.81363695707,0.758800114287,0.000173642486938
93.2332203714,99.2411998857,108.882799812
3.42445500887,1.41832511727,0.000286725774558
91.6224023196,98.5816748827,108.882686729
4.86586961359,1.9971553507,0.000368311137817
90.1809877149,98.0028446493,108.882605144
6.14496009828,2.50205262067,0.000431269459577
88.9018972302,97.4979473793,108.882542185
7.26111209627,2.93606769318,0.000478007400382
87.7857452322,97.0639323068,108.882495447
8.2130765688,3.3014633979,0.00050698771253
86.8337807596,96.6985366021,108.882466467
9.01590734115,3.60635719423,0.000516437384313
86.0309499873,96.3936428058,108.882457017
9.69032176162,3.86023863095,0.000516125002447
85.3565355668,96.1397613691,108.88245733
10.2586720746,4.07258811924,0.000516225005822
84.7881852538,95.9274118808,108.88245723
10.7327864898,4.24862228764,0.000516198209999
84.3140708386,95.7513777124,108.882457257
11.1251112016,4.39356714032,0.000516205389918
83.9217461268,95.6064328597,108.882457249
11.4476440492,4.51228769307,0.000516203466064
83.5992132792,95.4877123069,108.882457251
11.7104196289,4.60870643571,0.000516203981559
83.3364376996,95.3912935643,108.882457251
11.9223163964,4.6862347945,0.000516203843433
83.124540932,95.3137652055,108.882457251
12.0911851983,4.74787024008,0.000516203880444
82.9556721301,95.2521297599,108.882457251
12.2269154114,4.79729372454,0.000516203870527
82.819941917,95.2027062755,108.882457251
12.3347514307,4.83646876785,0.000516203873184
82.7121058977,95.1635312321,108.882457251
12.4170885206,4.86631582727,0.000516203872472
82.6297688078,95.1336841727,108.882457251
12.4790212658,4.8887314543,0.000516203872663
82.5678360626,95.1112685457,108.882457251
12.5261435069,4.90577132803,0.000516203872612
82.5207138215,95.094228672,108.882457251
12.5635749758,4.91929757321,0.000516203872625
82.4832823526,95.0807024268,108.882457251
12.5936981178,4.9301774017,0.000516203872622
82.4531592107,95.0698225983,108.882457251
12.6181707985,4.93901479811,0.000516203872623
82.42868653,95.0609852019,108.882457251
12.6379983907,4.94617494137,0.000516203872622
82.4088589377,95.0538250586,108.882457251
12.6540817218,4.95198291654,0.000516203872623
82.3927756067,95.0480170835,108.882457251
12.6669117228,4.95661606718,0.000516203872623
82.3799456056,95.0433839328,108.882457251
12.6765819713,4.96010817005,0.000516203872623
82.3702753572,95.0398918299,108.882457251
12.6837799142,4.96270747913,0.000516203872623
82.3630774142,95.0372925209,108.882457251
12.6892438307,4.96468059941,0.000516203872623
82.3576134978,95.0353194006,108.882457251
12.6937600268,4.96631148065,0.000516203872623
82.3530973017,95.0336885193,108.882457251
12.6975011371,4.96766246414,0.000516203872623
82.3493561913,95.0323375359,108.882457251
12.7005692759,4.96877042527,0.000516203872623
82.3462880526,95.0312295747,108.882457251
12.7030419671,4.96966335933,0.000516203872623
82.3438153613,95.0303366407,108.882457251
12.7050283053,4.97038066238,0.000516203872623
82.3418290231,95.0296193376,108.882457251
12.7065982851,4.97094761081,0.000516203872623
82.3402590433,95.0290523892,108.882457251
12.7077686115,4.97137023711,0.000516203872623
82.3390887169,95.0286297629,108.882457251
12.7086378461,4.97168413364,0.000516203872623
82.3382194823,95.0283158664,108.882457251
12.709282798,4.97191703753,0.000516203872623
82.3375745305,95.0280829625,108.882457251
12.7097504749,4.9720859242,0.000516203872623
82.3371068536,95.0279140758,108.882457251
12.7100844508,4.97220652903,0.000516203872623
82.3367728776,95.027793471,108.882457251
12.7103295806,4.97229504987,0.000516203872623
82.3365277479,95.0277049501,108.882457251
12.710547832,4.97237386446,0.000516203872623
82.3363094964,95.0276261355,108.882457251
12.7107426026,4.97244419968,0.000516203872623
82.3361147258,95.0275558003,108.882457251
12.7109191318,4.9725079476,0.000516203872623
82.3359381966,95.0274920524,108.882457251
12.711040321,4.97255171122,0.000516203872623
82.3358170075,95.0274482888,108.882457251
12.7111673916,4.97259759875,0.000516203872623
82.3356899369,95.0274024013,108.882457251
12.7112103368,4.97261310705,0.000516203872623
82.3356469917,95.027386893,108.882457251
0.0,0.0,0.0
95.0468573284,100.0,108.882973455
1.61081805179,0.659525002984,0.00011308328762
93.4360392766,99.340474997,108.882860371
3.05223265651,1.23835523641,0.000194668650879
91.9946246719,98.7616447636,108.882778786
4.33132314121,1.74325250638,0.00025762697264
90.7155341872,98.2567474936,108.882715828
5.4474751392,2.1772675789,0.000304364913445
89.5993821892,97.8227324211,108.88266909
6.39943961172,2.54266328362,0.000333345225592
88.6474177167,97.4573367164,108.88264011
7.20227038408,2.84755707994,0.000342794897375
87.8445869444,97.1524429201,108.88263066
7.87668480454,3.10143851666,0.000342482515509
87.1701725239,96.8985614833,108.882630972
8.44503511753,3.31378800496,0.000342582518885
86.6018222109,96.686211995,108.882630872
8.91914953277,3.48982217335,0.000342555723061
86.1277077957,96.5101778266,108.882630899
9.31147424456,3.63476702603,0.00034256290298
85.7353830839,96.365232974,108.882630892
9.63400709215,3.75348757878,0.000342560979127
85.4128502363,96.2465124212,108.882630894
9.89678267181,3.84990632142,0.000342561494622
85.1500746566,96.1500936786,108.882630893
10.1086794393,3.92743468021,0.000342561356495
84.9381778891,96.0725653198,108.882630893
10.2775482413,3.98907012579,0.000342561393506
84.7693090872,96.0109298742,108.882630893
10.4132784543,4.03849361026,0.000342561383589
84.6335788741,95.9615063897,108.882630893
10.5211144736,4.07766865356,0.000342561386247
84.5257428548,95.9223313464,108.882630893
10.6034515635,4.10751571298,0.000342561385535
84.4434057649,95.892484287,108.882630893
10.6653843088,4.12993134001,0.000342561385725
84.3814730197,95.87006866,108.882630893
10.7125065499,4.14697121374,0.000342561385674
84.3343507786,95.8530287863,108.882630893
10.7499380187,4.16049745892,0.000342561385688
84.2969193097,95.8395025411,108.882630893
10.7800611607,4.17137728742,0.000342561385684
84.2667961677,95.8286227126,108.882630893
10.8045338414,4.18021468382,0.000342561385685
84.242323487,95.8197853162,108.882630893
10.8243614337,4.18737482708,0.000342561385685
84.2224958948,95.8126251729,108.882630893
10.8404447647,4.19318280226,0.000342561385685
84.2064125637,95.8068171977,108.882630893
10.8532747657,4.1978159529,0.000342561385685
84.1935825627,95.8021840471,108.882630893
10.8629450142,4.20130805576,0.000342561385685
84.1839123142,95.7986919442,108.882630893
10.8701429572,4.20390736484,0.000342561385685
84.1767143713,95.7960926352,108.882630893
10.8756068736,4.20588048512,0.000342561385685
84.1712504548,95.7941195149,108.882630893
10.8801230697,4.20751136637,0.000342561385685
84.1667342587,95.7924886336,108.882630893
10.88386418,4.20886234986,0.000342561385685
84.1629931484,95.7911376501,108.882630893
10.8869323188,4.20997031099,0.000342561385685
84.1599250097,95.790029689,108.882630893
10.8894050101,4.21086324504,0.000342561385685
84.1574523184,95.789136755,108.882630893
10.8913913482,4.21158054809,0.000342561385685
84.1554659802,95.7884194519,108.882630893
10.892961328,4.21214749652,0.000342561385685
84.1538960004,95.7878525035,108.882630893
10.8941316545,4.21257012282,0.000342561385685
84.152725674,95.7874298772,108.882630893
10.8950008891,4.21288401935,0.000342561385685
84.1518564394,95.7871159807,108.882630893
10.8956458409,4.21311692324,0.000342561385685
84.1512114875,95.7868830768,108.882630893
10.8961135178,4.21328580991,0.000342561385685
84.1507438106,95.7867141901,108.882630893
10.8964474937,4.21340641474,0.000342561385685
84.1504098347,95.7865935853,108.882630893
10.8966926235,4.21349493559,0.000342561385685
84.1501647049,95.7865050644,108.882630893
10.8969108749,4.21357375018,0.000342561385685
84.1499464535,95.7864262498,108.882630893
10.8971056455,4.21364408539,0.000342561385685
84.1497516829,95.7863559146,108.882630893
10.8972821747,4.21370783331,0.000342561385685
84.1495751537,95.7862921667,108.882630893
10.8974033639,4.21375159694,0.000342561385685
84.1494539646,95.7862484031,108.882630893
10.8975304345,4.21379748446,0.000342561385685
84.149326894,95.7862025155,108.882630893
10.8975733797,4.21381299276,0.000342561385685
84.1492839487,95.7861870072,108.882630893
0.0,0.0,0.0
95.0468573284,100.0,108.882973455
1.44141460472,0.578830233429,8.15853632588e-05
93.6054427237,99.4211697666,108.882891869
2.72050508941,1.08372750339,0.000144543685019
92.326352239,98.9162724966,108.882828911
3.83665708741,1.51774257591,0.000191281625824
91.210200241,98.4822574241,108.882782173
4.78862155993,1.88313828063,0.000220261937972
90.2582357685,98.1168617194,108.882753193
5.59145233229,2.18803207695,0.000229711609755
89.4554049962,97.811967923,108.882743743
6.26586675275,2.44191351367,0.000229399227889
88.7809905757,97.5580864863,108.882744056
6.83421706574,2.65426300197,0.000229499231264
88.2126402627,97.345736998,108.882743956
7.30833148098,2.83029717037,0.000229472435441
87.7385258475,97.1697028296,108.882743982
7.70065619277,2.97524202304,0.00022947961536
87.3462011357,97.024757977,108.882743975
8.02318904036,3.09396257579,0.000229477691506
87.0236682881,96.9060374242,108.882743977
8.28596462002,3.19038131844,0.000229478207001
86.7608927084,96.8096186816,108.882743977
8.49786138753,3.26790967722,0.000229478068875
86.5489959409,96.7320903228,108.882743977
8.66673018946,3.32954512281,0.000229478105886
86.380127139,96.6704548772,108.882743977
8.80246040255,3.37896860727,0.000229478095969
86.2443969259,96.6210313927,108.882743977
8.91029642183,3.41814365058,0.000229478098626
86.1365609066,96.5818563494,108.882743977
8.99263351174,3.44799071,0.000229478097914
86.0542238167,96.55200929,108.882743977
9.05456625697,3.47040633703,0.000229478098105
85.9922910715,96.529593663,108.882743977
9.10168849807,3.48744621076,0.000229478098054
85.9451688304,96.5125537892,108.882743977
9.13911996692,3.50097245594,0.000229478098067
85.9077373615,96.4990275441,108.882743977
9.16924310891,3.51185228443,0.000229478098064
85.8776142195,96.4881477156,108.882743977
9.19371578961,3.52068968084,0.000229478098065
85.8531415388,96.4793103192,108.882743977
9.21354338186,3.5278498241,0.000229478098064
85.8333139466,96.4721501759,108.882743977
9.22962671291,3.53365779927,0.000229478098065
85.8172306155,96.4663422007,108.882743977
9.24245671393,3.53829094991,0.000229478098065
85.8044006145,96.4617090501,108.882743977
9.2521269624,3.54178305278,0.000229478098065
85.794730366,96.4582169472,108.882743977
9.25932490537,3.54438236185,0.000229478098065
85.7875324231,96.4556176381,108.882743977
9.2647888218,3.54635548214,0.000229478098065
85.7820685066,96.4536445179,108.882743977
9.2693050179,3.54798636338,0.000229478098065
85.7775523105,96.4520136366,108.882743977
9.27304612824,3.54933734687,0.000229478098065
85.7738112002,96.4506626531,108.882743977
9.27611426698,3.550445308,0.000229478098065
85.7707430615,96.449554692,108.882743977
9.27858695827,3.55133824206,0.000229478098065
85.7682703702,96.4486617579,108.882743977
9.28057329644,3.55205554511,0.000229478098065
85.766284032,96.4479444549,108.882743977
9.28214327622,3.55262249354,0.000229478098065
85.7647140522,96.4473775065,108.882743977
9.28331360266,3.55304511984,0.000229478098065
85.7635437258,96.4469548802,108.882743977
9.28418283728,3.55335901636,0.000229478098065
85.7626744912,96.4466409836,108.882743977
9.28482778911,3.55359192026,0.000229478098065
85.7620295393,96.4464080797,108.882743977
9.285295466,3.55376080693,0.000229478098065
85.7615618624,96.4462391931,108.882743977
9.28562944195,3.55388141175,0.000229478098065
85.7612278865,96.4461185882,108.882743977
9.28587457172,3.5539699326,0.000229478098065
85.7609827567,96.4460300674,108.882743977
9.28609282314,3.55404874719,0.000229478098065
85.7607645053,96.4459512528,108.882743977
9.28628759372,3.55411908241,0.000229478098065
85.7605697347,96.4458809176,108.882743977
9.28646412293,3.55418283033,0.000229478098065
85.7603932055,96.4458171697,108.882743977
9.28658531209,3.55422659395,0.000229478098065
85.7602720164,96.445773406,108.882743977
9.2867123827,3.55427248147,0.000229478098065
85.7601449457,96.4457275185,108.882743977
9.2867553279,3.55428798977,0.000229478098065
85.7601020005,96.4457120102,108.882743977
0.0,0.0,0.0
95.0468573284,100.0,108.882973455
1.27909048469,0.504897269966,6.29583217606e-05
93.7677668437,99.49510273,108.882910496
2.39524248268,0.938912342483,0.000109696262565
92.6516148458,99.0610876575,108.882863758
3.34720695521,1.3043080472,0.000138676574713
91.6996503732,98.6956919528,108.882834778
4.15003772756,1.60920184353,0.000148126246496
90.8968196009,98.3907981565,108.882825328
4.82445214803,1.86308328025,0.00014781386463
90.2224051804,98.1369167198,108.882825641
5.39280246102,2.07543276854,0.000147913868006
89.6540548674,97.9245672315,108.882825541
5.86691687626,2.25146693694,0.000147887072182
89.1799404522,97.7485330631,108.882825568
6.25924158805,2.39641178961,0.000147894252101
88.7876157404,97.6035882104,108.88282556
6.58177443564,2.51513234237,0.000147892328248
88.4650828928,97.4848676576,108.882825562
6.84455001529,2.61155108501,0.000147892843743
88.2023073131,97.388448915,108.882825562
7.05644678281,2.6890794438,0.000147892705616
87.9904105456,97.3109205562,108.882825562
7.22531558474,2.75071488938,0.000147892742627
87.8215417437,97.2492851106,108.882825562
7.36104579782,2.80013837384,0.00014789273271
87.6858115306,97.1998616262,108.882825562
7.46888181711,2.83931341715,0.000147892735367
87.5779755113,97.1606865828,108.882825562
7.55121890702,2.86916047657,0.000147892734655
87.4956384214,97.1308395234,108.882825562
7.61315165225,2.8915761036,0.000147892734846
87.4337056762,97.1084238964,108.882825562
7.66027389335,2.90861597733,0.000147892734795
87.3865834351,97.0913840227,108.882825562
7.6977053622,2.92214222251,0.000147892734809
87.3491519662,97.0778577775,108.882825562
7.72782850419,2.933022051,0.000147892734805
87.3190288242,97.066977949,108.882825562
7.75230118489,2.94185944741,0.000147892734806
87.2945561435,97.0581405526,108.882825562
7.77212877714,2.94901959067,0.000147892734806
87.2747285513,97.0509804093,108.882825562
7.78821210819,2.95482756584,0.000147892734806
87.2586452203,97.0451724342,108.882825562
7.80104210921,2.95946071648,0.000147892734806
87.2458152192,97.0405392835,108.882825562
7.81071235768,2.96295281935,0.000147892734806
87.2361449708,97.0370471806,108.882825562
7.81791030065,2.96555212843,0.000147892734806
87.2289470278,97.0344478716,108.882825562
7.82337421708,2.96752524871,0.000147892734806
87.2234831114,97.0324747513,108.882825562
7.82789041318,2.96915612995,0.000147892734806
87.2189669153,97.03084387,108.882825562
7.83163152352,2.97050711344,0.000147892734806
87.2152258049,97.0294928866,108.882825562
7.83469966226,2.97161507457,0.000147892734806
87.2121576662,97.0283849254,108.882825562
7.83717235355,2.97250800863,0.000147892734806
87.2096849749,97.0274919914,108.882825562
7.83915869172,2.97322531168,0.000147892734806
87.2076986367,97.0267746883,108.882825562
7.8407286715,2.97379226011,0.000147892734806
87.2061286569,97.0262077399,108.882825562
7.84189899794,2.97421488641,0.000147892734806
87.2049583305,97.0257851136,108.882825562
7.84276823255,2.97452878294,0.000147892734806
87.2040890959,97.0254712171,108.882825562
7.84341318439,2.97476168683,0.000147892734806
87.2034441441,97.0252383132,108.882825562
7.84388086128,2.9749305735,0.000147892734806
87.2029764672,97.0250694265,108.882825562
7.84421483723,2.97505117833,0.000147892734806
87.2026424912,97.0249488217,108.882825562
7.84445996699,2.97513969917,0.000147892734806
87.2023973614,97.0248603008,108.882825562
7.84467821842,2.97521851376,0.000147892734806
87.20217911,97.0247814862,108.882825562
7.844872989,2.97528884898,0.000147892734806
87.2019843394,97.024711151,108.882825562
7.84504951821,2.9753525969,0.000147892734806
87.2018078102,97.0246474031,108.882825562
7.84517070736,2.97539636052,0.000147892734806
87.2016866211,97.0246036395,108.882825562
7.84529777797,2.97544224805,0.000147892734806
87.2015595505,97.024557752,108.882825562
7.84534072318,2.97545775635,0.000147892734806
87.2015166053,97.0245422437,108.882825562
0.0,0.0,0.0
95.0468573284,100.0,108.882973455
1.11615199799,0.434015072518,4.67379408047e-05
93.9307053304,99.5659849275,108.882926717
2.06811647052,0.799410777238,7.57182529521e-05
92.9787408579,99.2005892228,108.882897736
2.87094724287,1.10430457356,8.51679247352e-05
92.1759100856,98.8956954264,108.882888287
3.54536166333,1.35818601028,8.48555428694e-05
91.5014956651,98.6418139897,108.882888599
4.11371197632,1.57053549858,8.49555462449e-05
90.9331453521,98.4294645014,108.882888499
4.58782639157,1.74656966698,8.49287504212e-05
90.4590309369,98.253430333,108.882888526
4.98015110336,1.89151451965,8.49359303406e-05
90.0667062251,98.1084854804,108.882888519
5.30268395094,2.0102350724,8.4934006487e-05
89.7441733775,97.9897649276,108.882888521
5.5654595306,2.10665381504,8.4934521982e-05
89.4813977978,97.893346185,108.88288852
5.77735629812,2.18418217383,8.49343838555e-05
89.2695010303,97.8158178262,108.88288852
5.94622510005,2.24581761941,8.49344208664e-05
89.1006322284,97.7541823806,108.88288852
6.08195531313,2.29524110388,8.49344109494e-05
88.9649020153,97.7047588961,108.88288852
6.18979133242,2.33441614719,8.49344136066e-05
88.857065996,97.6655838528,108.88288852
6.27212842233,2.3642632066,8.49344128946e-05
88.7747289061,97.6357367934,108.88288852
6.33406116756,2.38667883364,8.49344130854e-05
88.7127961609,97.6133211664,108.88288852
6.38118340866,2.40371870737,8.49344130343e-05
88.6656739198,97.5962812926,108.88288852
6.41861487751,2.41724495255,8.4934413048e-05
88.6282424509,97.5827550475,108.88288852
6.4487380195,2.42812478104,8.49344130443e-05
88.5981193089,97.571875219,108.88288852
6.4732107002,2.43696217744,8.49344130453e-05
88.5736466282,97.5630378226,108.88288852
6.49303829245,2.4441223207,8.4934413045e-05
88.553819036,97.5558776793,108.88288852
6.5091216235,2.44993029588,8.49344130451e-05
88.5377357049,97.5500697041,108.88288852
6.52195162452,2.45456344652,8.49344130451e-05
88.5249057039,97.5454365535,108.88288852
6.53162187299,2.45805554939,8.49344130451e-05
88.5152354555,97.5419444506,108.88288852
6.53881981596,2.46065485846,8.49344130451e-05
88.5080375125,97.5393451415,108.88288852
6.54428373239,2.46262797875,8.49344130451e-05
88.5025735961,97.5373720213,108.88288852
6.54879992848,2.46425885999,8.49344130451e-05
88.4980574,97.53574114,108.88288852
6.55254103883,2.46560984348,8.49344130451e-05
88.4943162896,97.5343901565,108.88288852
6.55560917757,2.46671780461,8.49344130451e-05
88.4912481509,97.5332821954,108.88288852
6.55808186886,2.46761073867,8.49344130451e-05
88.4887754596,97.5323892613,108.88288852
6.56006820703,2.46832804171,8.49344130451e-05
88.4867891214,97.5316719583,108.88288852
6.56163818681,2.46889499014,8.49344130451e-05
88.4852191416,97.5311050099,108.88288852
6.56280851325,2.46931761644,8.49344130451e-05
88.4840488152,97.5306823836,108.88288852
6.56367774786,2.46963151297,8.49344130451e-05
88.4831795806,97.530368487,108.88288852
6.5643226997,2.46986441686,8.49344130451e-05
88.4825346287,97.5301355831,108.88288852
6.56479037659,2.47003330353,8.49344130451e-05
88.4820669518,97.5299666965,108.88288852
6.56512435254,2.47015390836,8.49344130451e-05
88.4817329759,97.5298460916,108.88288852
6.5653694823,2.47024242921,8.49344130451e-05
88.4814878461,97.5297575708,108.88288852
6.56558773372,2.4703212438,8.49344130451e-05
88.4812695947,97.5296787562,108.88288852
6.56578250431,2.47039157901,8.49344130451e-05
88.4810748241,97.529608421,108.88288852
6.56595903352,2.47045532694,8.49344130451e-05
88.4808982949,97.5295446731,108.88288852
6.56608022267,2.47049909056,8.49344130451e-05
88.4807771058,97.5295009094,108.88288852
6.56620729328,2.47054497808,8.49344130451e-05
88.4806500352,97.5294550219,108.88288852
6.56625023849,2.47056048638,8.49344130451e-05
88.48060709,97.5294395136,108.88288852
0.0,0.0,0.0
95.0468573284,100.0,108.882973455
0.951964472524,0.36539570472,2.89803121474e-05
94.0948928559,99.6346042953,108.882944474
1.75479524488,0.670289501042,3.84299839305e-05
93.2920620836,99.329710499,108.882935025
2.42920966534,0.924170937762,3.81176020648e-05
92.6176476631,99.0758290622,108.882935337
2.99755997833,1.13652042606,3.82176054403e-05
92.0492973501,98.8634795739,108.882935237
3.47167439358,1.31255459446,3.81908096166e-05
91.5751829349,98.6874454055,108.882935264
3.86399910536,1.45749944713,3.81979895359e-05
91.1828582231,98.5425005529,108.882935257
4.18653195295,1.57621999988,3.81960656823e-05
90.8603253755,98.4237800001,108.882935259
4.44930753261,1.67263874253,3.81965811773e-05
90.5975497958,98.3273612575,108.882935258
4.66120430012,1.75016710131,3.81964430508e-05
90.3856530283,98.2498328987,108.882935258
4.83007310206,1.8118025469,3.81964800617e-05
90.2167842264,98.1881974531,108.882935258
4.96580331514,1.86122603136,3.81964701447e-05
90.0810540133,98.1387739686,108.882935258
5.07363933443,1.90040107467,3.81964728019e-05
89.973217994,98.0995989253,108.882935258
5.15597642433,1.93024813409,3.81964720899e-05
89.8908809041,98.0697518659,108.882935258
5.21790916957,1.95266376112,3.81964722807e-05
89.8289481589,98.0473362389,108.882935258
5.26503141067,1.96970363485,3.81964722296e-05
89.7818259178,98.0302963652,108.882935258
5.30246287952,1.98322988003,3.81964722433e-05
89.7443944489,98.01677012,108.882935258
5.33258602151,1.99410970852,3.81964722396e-05
89.7142713069,98.0058902915,108.882935258
5.35705870221,2.00294710492,3.81964722406e-05
89.6897986262,97.9970528951,108.882935258
5.37688629445,2.01010724818,3.81964722403e-05
89.669971034,97.9898927518,108.882935258
5.3929696255,2.01591522336,3.81964722404e-05
89.6538877029,97.9840847766,108.882935258
5.40579962652,2.020548374,3.81964722404e-05
89.6410577019,97.979451626,108.882935258
5.41546987499,2.02404047687,3.81964722404e-05
89.6313874534,97.9759595231,108.882935258
5.42266781797,2.02663978594,3.81964722404e-05
89.6241895105,97.9733602141,108.882935258
5.42813173439,2.02861290623,3.81964722404e-05
89.618725594,97.9713870938,108.882935258
5.43264793049,2.03024378747,3.81964722404e-05
89.6142093979,97.9697562125,108.882935258
5.43638904084,2.03159477096,3.81964722404e-05
89.6104682876,97.968405229,108.882935258
5.43945717958,2.03270273209,3.81964722404e-05
89.6074001489,97.9672972679,108.882935258
5.44192987086,2.03359566615,3.81964722404e-05
89.6049274576,97.9664043339,108.882935258
5.44391620903,2.03431296919,3.81964722404e-05
89.6029411194,97.9656870308,108.882935258
5.44548618882,2.03487991762,3.81964722404e-05
89.6013711396,97.9651200824,108.882935258
5.44665651526,2.03530254393,3.81964722404e-05
89.6002008132,97.9646974561,108.882935258
5.44752574987,2.03561644045,3.81964722404e-05
89.5993315786,97.9643835595,108.882935258
5.4481707017,2.03584934434,3.81964722404e-05
89.5986866267,97.9641506557,108.882935258
5.4486383786,2.03601823101,3.81964722404e-05
89.5982189498,97.963981769,108.882935258
5.44897235454,2.03613883584,3.81964722404e-05
89.5978849739,97.9638611642,108.882935258
5.44921748431,2.03622735669,3.81964722404e-05
89.5976398441,97.9637726433,108.882935258
5.44943573573,2.03630617128,3.81964722404e-05
89.5974215927,97.9636938287,108.882935258
5.44963050632,2.03637650649,3.81964722404e-05
89.5972268221,97.9636234935,108.882935258
5.44980703553,2.03644025442,3.81964722404e-05
89.5970502929,97.9635597456,108.882935258
5.44992822468,2.03648401804,3.81964722404e-05
89.5969291038,97.963515982,108.882935258
5.45005529529,2.03652990556,3.81964722404e-05
89.5968020332,97.9634700944,108.882935258
5.4500982405,2.03654541386,3.81964722404e-05
89.5967590879,97.9634545861,108.882935258
0.0,0.0,0.0
95.0468573284,100.0,108.882973455
0.802830772355,0.304893796322,9.44967178311e-06
94.2440265561,99.6951062037,108.882964005
1.47724519282,0.558775233042,9.13728991738e-06
93.5696121356,99.441224767,108.882964317
2.04559550581,0.77112472134,9.23729329289e-06
93.0012618226,99.2288752787,108.882964217
2.51970992105,0.947158889737,9.21049746918e-06
92.5271474074,99.0528411103,108.882964244
2.91203463284,1.09210374241,9.2176773885e-06
92.1348226956,98.9078962576,108.882964237
3.23456748043,1.21082429516,9.21575353492e-06
91.812289848,98.7891757048,108.882964239
3.49734306009,1.30724303781,9.21626902993e-06
91.5495142684,98.6927569622,108.882964238
3.7092398276,1.38477139659,9.21613090346e-06
91.3376175008,98.6152286034,108.882964239
3.87810862953,1.44640684218,9.21616791434e-06
91.1687486989,98.5535931578,108.882964239
4.01383884261,1.49583032664,9.2161579973e-06
91.0330184858,98.5041696734,108.882964239
4.1216748619,1.53500536995,9.21616065456e-06
90.9251824665,98.4649946301,108.882964239
4.20401195181,1.56485242937,9.21615994255e-06
90.8428453766,98.4351475706,108.882964239
4.26594469704,1.5872680564,9.21616013333e-06
90.7809126314,98.4127319436,108.882964239
4.31306693814,1.60430793013,9.21616008221e-06
90.7337903903,98.3956920699,108.882964239
4.35049840699,1.61783417531,9.21616009591e-06
90.6963589214,98.3821658247,108.882964239
4.38062154898,1.6287140038,9.21616009224e-06
90.6662357795,98.3712859962,108.882964239
4.40509422968,1.6375514002,9.21616009323e-06
90.6417630988,98.3624485998,108.882964239
4.42492182193,1.64471154346,9.21616009296e-06
90.6219355065,98.3552884565,108.882964239
4.44100515298,1.65051951864,9.21616009303e-06
90.6058521755,98.3494804814,108.882964239
4.453835154,1.65515266928,9.21616009301e-06
90.5930221744,98.3448473307,108.882964239
4.46350540247,1.65864477215,9.21616009302e-06
90.583351926,98.3413552279,108.882964239
4.47070334544,1.66124408122,9.21616009302e-06
90.576153983,98.3387559188,108.882964239
4.47616726187,1.66321720151,9.21616009302e-06
90.5706900666,98.3367827985,108.882964239
4.48068345797,1.66484808275,9.21616009302e-06
90.5661738705,98.3351519172,108.882964239
4.48442456831,1.66619906624,9.21616009302e-06
90.5624327601,98.3338009338,108.882964239
4.48749270705,1.66730702737,9.21616009302e-06
90.5593646214,98.3326929726,108.882964239
4.48996539834,1.66819996143,9.21616009302e-06
90.5568919301,98.3318000386,108.882964239
4.49195173651,1.66891726447,9.21616009302e-06
90.5549055919,98.3310827355,108.882964239
4.49352171629,1.6694842129,9.21616009302e-06
90.5533356121,98.3305157871,108.882964239
4.49469204273,1.66990683921,9.21616009302e-06
90.5521652857,98.3300931608,108.882964239
4.49556127735,1.67022073573,9.21616009302e-06
90.5512960511,98.3297792643,108.882964239
4.49620622918,1.67045363962,9.21616009302e-06
90.5506510993,98.3295463604,108.882964239
4.49667390607,1.67062252629,9.21616009302e-06
90.5501834224,98.3293774737,108.882964239
4.49700788202,1.67074313112,9.21616009302e-06
90.5498494464,98.3292568689,108.882964239
4.49725301179,1.67083165197,9.21616009302e-06
90.5496043167,98.329168348,108.882964239
4.49747126321,1.67091046656,9.21616009302e-06
90.5493860652,98.3290895334,108.882964239
4.49766603379,1.67098080177,9.21616009302e-06
90.5491912946,98.3290191982,108.882964239
4.497842563,1.6710445497,9.21616009302e-06
90.5490147654,98.3289554503,108.882964239
4.49796375216,1.67108831332,9.21616009302e-06
90.5488935763,98.3289116867,108.882964239
4.49809082277,1.67113420084,9.21616009302e-06
90.5487665057,98.3288657992,108.882964239
4.49813376797,1.67114970914,9.21616009302e-06
90.5487235605,98.3288502909,108.882964239
0.0,0.0,0.0
95.0468573284,100.0,108.882973455
0.674414420462,0.25388143672,-3.12381865732e-07
94.372442908,99.7461185633,108.882973767
1.24276473345,0.466230925018,-2.12378490227e-07
93.804092595,99.533769075,108.882973667
1.7168791487,0.642265093416,-2.39174313934e-07
93.3299781797,99.3577349066,108.882973694
2.10920386048,0.78720994609,-2.31994394611e-07
92.937653468,99.2127900539,108.882973687
2.43173670807,0.905930498841,-2.33918248195e-07
92.6151206204,99.0940695012,108.882973689
2.69451228773,1.00234924148,-2.33402753181e-07
92.3523450407,98.9976507585,108.882973688
2.90640905525,1.07987760027,-2.33540879654e-07
92.1404482732,98.9201223997,108.882973688
3.07527785718,1.14151304585,-2.33503868777e-07
91.9715794713,98.8584869541,108.882973688
3.21100807026,1.19093653032,-2.33513785811e-07
91.8358492582,98.8090634697,108.882973688
3.31884408955,1.23011157363,-2.3351112855e-07
91.7280132389,98.7698884264,108.882973688
3.40118117945,1.25995863304,-2.33511840561e-07
91.645676149,98.740041367,108.882973688
3.46311392469,1.28237426008,-2.33511649778e-07
91.5837434038,98.7176257399,108.882973688
3.51023616579,1.29941413381,-2.33511700898e-07
91.5366211627,98.7005858662,108.882973688
3.54766763464,1.31294037899,-2.33511687201e-07
91.4991896938,98.687059621,108.882973688
3.57779077663,1.32382020748,-2.33511690871e-07
91.4690665518,98.6761797925,108.882973688
3.60226345733,1.33265760388,-2.33511689888e-07
91.4445938711,98.6673423961,108.882973688
3.62209104958,1.33981774714,-2.33511690151e-07
91.4247662789,98.6601822529,108.882973688
3.63817438063,1.34562572232,-2.3351169008e-07
91.4086829478,98.6543742777,108.882973688
3.65100438164,1.35025887296,-2.33511690099e-07
91.3958529468,98.649741127,108.882973688
3.66067463012,1.35375097583,-2.33511690094e-07
91.3861826983,98.6462490242,108.882973688
3.66787257309,1.3563502849,-2.33511690096e-07
91.3789847554,98.6436497151,108.882973688
3.67333648951,1.35832340519,-2.33511690095e-07
91.3735208389,98.6416765948,108.882973688
3.67785268561,1.35995428643,-2.33511690095e-07
91.3690046428,98.6400457136,108.882973688
3.68159379596,1.36130526992,-2.33511690095e-07
91.3652635325,98.6386947301,108.882973688
3.6846619347,1.36241323105,-2.33511690095e-07
91.3621953937,98.637586769,108.882973688
3.68713462598,1.36330616511,-2.33511690095e-07
91.3597227025,98.6366938349,108.882973688
3.68912096415,1.36402346815,-2.33511690095e-07
91.3577363643,98.6359765318,108.882973688
3.69069094394,1.36459041658,-2.33511690095e-07
91.3561663845,98.6354095834,108.882973688
3.69186127038,1.36501304288,-2.33511690095e-07
91.3549960581,98.6349869571,108.882973688
3.69273050499,1.36532693941,-2.33511690095e-07
91.3541268234,98.6346730606,108.882973688
3.69337545682,1.3655598433,-2.33511690095e-07
91.3534818716,98.6344401567,108.882973688
3.69384313372,1.36572872997,-2.33511690095e-07
91.3530141947,98.63427127,108.882973688
3.69417710966,1.3658493348,-2.33511690095e-07
91.3526802188,98.6341506652,108.882973688
3.69442223943,1.36593785565,-2.33511690095e-07
91.352435089,98.6340621444,108.882973688
3.69464049085,1.36601667024,-2.33511690095e-07
91.3522168376,98.6339833298,108.882973688
3.69483526144,1.36608700545,-2.33511690095e-07
91.352022067,98.6339129945,108.882973688
3.69501179065,1.36615075338,-2.33511690095e-07
91.3518455378,98.6338492466,108.882973688
3.6951329798,1.366194517,-2.33511690095e-07
91.3517243486,98.633805483,108.882973688
3.69526005041,1.36624040452,-2.33511690095e-07
91.351597278,98.6337595955,108.882973688
3.69530299562,1.36625591282,-2.33511690095e-07
91.3515543328,98.6337440872,108.882973688
0.0,0.0,0.0
95.0468573284,100.0,108.882973455
0.56835031299,0.212349488299,1.00003375505e-07
94.4785070155,99.7876505117,108.882973355
1.04246472823,0.388383656696,7.32075517983e-08
94.0043926002,99.6116163433,108.882973382
1.43478944002,0.53332850937,8.03874711211e-08
93.6120678884,99.4666714906,108.882973374
1.75732228761,0.652049062121,7.84636175368e-08
93.2895350408,99.3479509379,108.882973376
2.02009786727,0.748467804763,7.89791125511e-08
93.0267594612,99.2515321952,108.882973376
2.23199463478,0.825996163551,7.88409860783e-08
92.8148626937,99.1740038364,108.882973376
2.40086343672,0.887631609134,7.88779969552e-08
92.6459938917,99.1123683909,108.882973376
2.5365936498,0.937055093598,7.88680799206e-08
92.5102636786,99.0629449064,108.882973376
2.64442966909,0.976230136906,7.8870737182e-08
92.4024276594,99.0237698631,108.882973376
2.72676675899,1.00607719632,7.8870025171e-08
92.3200905694,98.9939228037,108.882973376
2.78869950423,1.02849282336,7.88702159538e-08
92.2581578242,98.9715071766,108.882973376
2.83582174532,1.04553269709,7.88701648337e-08
92.2110355831,98.9544673029,108.882973376
2.87325321418,1.05905894227,7.88701785312e-08
92.1736041143,98.9409410577,108.882973376
2.90337635617,1.06993877076,7.8870174861e-08
92.1434809723,98.9300612292,108.882973376
2.92784903686,1.07877616716,7.88701758444e-08
92.1190082916,98.9212238328,108.882973376
2.94767662911,1.08593631042,7.88701755809e-08
92.0991806993,98.9140636896,108.882973376
2.96375996016,1.0917442856,7.88701756515e-08
92.0830973683,98.9082557144,108.882973376
2.97658996118,1.09637743624,7.88701756326e-08
92.0702673673,98.9036225638,108.882973376
2.98626020965,1.09986953911,7.88701756377e-08
92.0605971188,98.9001304609,108.882973376
2.99345815263,1.10246884818,7.88701756363e-08
92.0533991758,98.8975311518,108.882973376
2.99892206905,1.10444196847,7.88701756367e-08
92.0479352594,98.8955580315,108.882973376
3.00343826515,1.10607284971,7.88701756366e-08
92.0434190633,98.8939271503,108.882973376
3.0071793755,1.1074238332,7.88701756366e-08
92.0396779529,98.8925761668,108.882973376
3.01024751424,1.10853179433,7.88701756366e-08
92.0366098142,98.8914682057,108.882973376
3.01272020552,1.10942472839,7.88701756366e-08
92.0341371229,98.8905752716,108.882973376
3.01470654369,1.11014203143,7.88701756366e-08
92.0321507847,98.8898579686,108.882973376
3.01627652347,1.11070897986,7.88701756366e-08
92.030580805,98.8892910201,108.882973376
3.01744684992,1.11113160616,7.88701756366e-08
92.0294104785,98.8888683938,108.882973376
3.01831608453,1.11144550269,7.88701756366e-08
92.0285412439,98.8885544973,108.882973376
3.01896103636,1.11167840658,7.88701756366e-08
92.0278962921,98.8883215934,108.882973376
3.01942871326,1.11184729325,7.88701756366e-08
92.0274286152,98.8881527067,108.882973376
3.0197626892,1.11196789808,7.88701756366e-08
92.0270946392,98.8880321019,108.882973376
3.02000781897,1.11205641893,7.88701756366e-08
92.0268495095,98.8879435811,108.882973376
3.02022607039,1.11213523352,7.88701756366e-08
92.026631258,98.8878647665,108.882973376
3.02042084097,1.11220556873,7.88701756366e-08
92.0264364875,98.8877944313,108.882973376
3.02059737018,1.11226931666,7.88701756366e-08
92.0262599583,98.8877306833,108.882973376
3.02071855934,1.11231308028,7.88701756366e-08
92.0261387691,98.8876869197,108.882973376
3.02084562995,1.1123589678,7.88701756366e-08
92.0260116985,98.8876410322,108.882973376
3.02088857515,1.1123744761,7.88701756366e-08
92.0259687533,98.8876255239,108.882973376
0.0,0.0,0.0
95.0468573284,100.0,108.882973455
0.474114415244,0.176034168397,-2.6795823707e-08
94.5727429132,99.8239658316,108.882973482
0.866439127032,0.320979021071,-1.96159043842e-08
94.1804182014,99.6790209789,108.882973474
1.18897197462,0.439699573822,-2.15397579685e-08
93.8578853538,99.5603004262,108.882973476
1.45174755428,0.536118316465,-2.10242629542e-08
93.5951097742,99.4638816835,108.882973476
1.66364432179,0.613646675252,-2.1162389427e-08
93.3832130066,99.3863533247,108.882973476
1.83251312373,0.675282120836,-2.11253785502e-08
93.2143442047,99.3247178792,108.882973476
1.96824333681,0.7247056053,-2.11352955847e-08
93.0786139916,99.2752943947,108.882973476
2.0760793561,0.763880648607,-2.11326383233e-08
92.9707779723,99.2361193514,108.882973476
2.158416446,0.793727708026,-2.11333503344e-08
92.8884408824,99.206272292,108.882973476
2.22034919124,0.816143335058,-2.11331595516e-08
92.8265081372,99.1838566649,108.882973476
2.26747143233,0.833183208788,-2.11332106717e-08
92.7793858961,99.1668167912,108.882973476
2.30490290119,0.846709453968,-2.11331969741e-08
92.7419544273,99.153290546,108.882973476
2.33502604318,0.857589282459,-2.11332006443e-08
92.7118312853,99.1424107175,108.882973476
2.35949872388,0.866426678863,-2.11331996609e-08
92.6873586046,99.1335733211,108.882973476
2.37932631612,0.873586822124,-2.11331999244e-08
92.6675310123,99.1264131779,108.882973476
2.39540964717,0.879394797299,-2.11331998538e-08
92.6514476813,99.1206052027,108.882973476
2.40823964819,0.884027947941,-2.11331998727e-08
92.6386176802,99.1159720521,108.882973476
2.41790989666,0.887520050808,-2.11331998677e-08
92.6289474318,99.1124799492,108.882973476
2.42510783964,0.890119359882,-2.1133199869e-08
92.6217494888,99.1098806401,108.882973476
2.43057175606,0.892092480168,-2.11331998687e-08
92.6162855724,99.1079075198,108.882973476
2.43508795216,0.893723361411,-2.11331998687e-08
92.6117693763,99.1062766386,108.882973476
2.43882906251,0.895074344899,-2.11331998687e-08
92.6080282659,99.1049256551,108.882973476
2.44189720125,0.896182306029,-2.11331998687e-08
92.6049601272,99.103817694,108.882973476
2.44436989253,0.897075240087,-2.11331998687e-08
92.6024874359,99.1029247599,108.882973476
2.4463562307,0.897792543133,-2.11331998687e-08
92.6005010977,99.1022074569,108.882973476
2.44792621049,0.898359491564,-2.11331998687e-08
92.598931118,99.1016405084,108.882973476
2.44909653693,0.898782117865,-2.11331998687e-08
92.5977607915,99.1012178821,108.882973476
2.44996577154,0.899096014393,-2.11331998687e-08
92.5968915569,99.1009039856,108.882973476
2.45061072337,0.899328918284,-2.11331998687e-08
92.5962466051,99.1006710817,108.882973476
2.45107840027,0.899497804954,-2.11331998687e-08
92.5957789282,99.100502195,108.882973476
2.45141237621,0.899618409782,-2.11331998687e-08
92.5954449522,99.1003815902,108.882973476
2.45165750598,0.89970693063,-2.11331998687e-08
92.5951998225,99.1002930694,108.882973476
2.4518757574,0.89978574522,-2.11331998687e-08
92.594981571,99.1002142548,108.882973476
2.45207052799,0.899856080433,-2.11331998687e-08
92.5947868005,99.1001439196,108.882973476
2.45224705719,0.899919828358,-2.11331998687e-08
92.5946102712,99.1000801716,108.882973476
2.45236824635,0.899963591979,-2.11331998687e-08
92.5944890821,99.100036408,108.882973476
2.45249531696,0.900009479502,-2.11331998687e-08
92.5943620115,99.0999905205,108.882973476
2.45253826216,0.900024987803,-2.11331998687e-08
92.5943190663,99.0999750122,108.882973476
0.0,0.0,0.0
95.0468573284,100.0,108.882973455
0.392324711788,0.144944852674,7.17991932283e-09
94.6545326167,99.8550551473,108.882973448
0.714857559376,0.263665405425,5.25606573856e-09
94.3319997691,99.7363345946,108.882973449
0.977633139035,0.360084148068,5.77156075282e-09
94.0692241894,99.6399158519,108.882973449
1.18952990655,0.437612506855,5.63343428004e-09
93.8573274219,99.5623874931,108.882973449
1.35839870848,0.499247952439,5.67044515688e-09
93.68845862,99.5007520476,108.882973449
1.49412892156,0.548671436902,5.66052812232e-09
93.5527284069,99.4513285631,108.882973449
1.60196494085,0.58784648021,5.66318538372e-09
93.4448923876,99.4121535198,108.882973449
1.68430203076,0.617693539629,5.66247337267e-09
93.3625552977,99.3823064604,108.882973449
1.74623477599,0.640109166661,5.66266415546e-09
93.3006225524,99.3598908333,108.882973449
1.79335701709,0.657149040391,5.66261303536e-09
93.2535003113,99.3428509596,108.882973449
1.83078848594,0.67067528557,5.66262673295e-09
93.2160688425,99.3293247144,108.882973449
1.86091162793,0.681555114062,5.66262306269e-09
93.1859457005,99.3184448859,108.882973449
1.88538430863,0.690392510466,5.66262404614e-09
93.1614730198,99.3096074895,108.882973449
1.90521190088,0.697552653727,5.66262378262e-09
93.1416454276,99.3024473463,108.882973449
1.92129523193,0.703360628902,5.66262385323e-09
93.1255620965,99.2966393711,108.882973449
1.93412523295,0.707993779543,5.66262383431e-09
93.1127320955,99.2920062205,108.882973449
1.94379548142,0.711485882411,5.66262383938e-09
93.103061847,99.2885141176,108.882973449
1.95099342439,0.714085191485,5.66262383802e-09
93.095863904,99.2859148085,108.882973449
1.95645734082,0.716058311771,5.66262383839e-09
93.0903999876,99.2839416882,108.882973449
1.96097353692,0.717689193013,5.66262383829e-09
93.0858837915,99.282310807,108.882973449
1.96471464726,0.719040176501,5.66262383832e-09
93.0821426812,99.2809598235,108.882973449
1.967782786,0.720148137631,5.66262383831e-09
93.0790745424,99.2798518624,108.882973449
1.97025547729,0.72104107169,5.66262383831e-09
93.0766018512,99.2789589283,108.882973449
1.97224181546,0.721758374736,5.66262383831e-09
93.074615513,99.2782416253,108.882973449
1.97381179524,0.722325323167,5.66262383831e-09
93.0730455332,99.2776746768,108.882973449
1.97498212168,0.722747949468,5.66262383831e-09
93.0718752068,99.2772520505,108.882973449
1.97585135629,0.723061845995,5.66262383831e-09
93.0710059721,99.276938154,108.882973449
1.97649630813,0.723294749887,5.66262383831e-09
93.0703610203,99.2767052501,108.882973449
1.97696398502,0.723463636557,5.66262383831e-09
93.0698933434,99.2765363634,108.882973449
1.97729796097,0.723584241385,5.66262383831e-09
93.0695593675,99.2764157586,108.882973449
1.97754309073,0.723672762233,5.66262383831e-09
93.0693142377,99.2763272378,108.882973449
1.97776134216,0.723751576823,5.66262383831e-09
93.0690959863,99.2762484232,108.882973449
1.97795611274,0.723821912035,5.66262383831e-09
93.0689012157,99.276178088,108.882973449
1.97813264195,0.723885659961,5.66262383831e-09
93.0687246865,99.27611434,108.882973449
1.9782538311,0.723929423582,5.66262383831e-09
93.0686034973,99.2760705764,108.882973449
1.97838090171,0.723975311105,5.66262383831e-09
93.0684764267,99.2760246889,108.882973449
1.97842384692,0.723990819405,5.66262383831e-09
93.0684334815,99.2760091806,108.882973449
0.0,0.0,0.0
95.0468573284,100.0,108.882973455
0.322532847588,0.118720552751,-1.92385358427e-09
94.7243244809,99.8812794472,108.882973457
0.585308427247,0.215139295394,-1.40835857001e-09
94.4615489012,99.7848607046,108.882973456
0.797205194761,0.292667654181,-1.54648504278e-09
94.2496521337,99.7073323458,108.882973456
0.966073996693,0.354303099765,-1.50947416595e-09
94.0807833317,99.6456969002,108.882973456
1.10180420978,0.403726584228,-1.51939120051e-09
93.9450531187,99.5962734158,108.882973456
1.20964022906,0.442901627536,-1.51673393911e-09
93.8372170994,99.5570983725,108.882973456
1.29197731897,0.472748686955,-1.51744595016e-09
93.7548800095,99.527251313,108.882973456
1.3539100642,0.495164313987,-1.51725516737e-09
93.6929472642,99.504835686,108.882973456
1.4010323053,0.512204187717,-1.51730628746e-09
93.6458250231,99.4877958123,108.882973456
1.43846377415,0.525730432896,-1.51729258988e-09
93.6083935543,99.4742695671,108.882973456
1.46858691614,0.536610261388,-1.51729626013e-09
93.5782704123,99.4633897386,108.882973456
1.49305959684,0.545447657792,-1.51729527669e-09
93.5537977316,99.4545523422,108.882973456
1.51288718909,0.552607801053,-1.5172955402e-09
93.5339701393,99.4473921989,108.882973456
1.52897052014,0.558415776228,-1.5172954696e-09
93.5178868083,99.4415842238,108.882973456
1.54180052116,0.56304892687,-1.51729548851e-09
93.5050568073,99.4369510731,108.882973456
1.55147076963,0.566541029737,-1.51729548345e-09
93.4953865588,99.4334589703,108.882973456
1.55866871261,0.569140338811,-1.5172954848e-09
93.4881886158,99.4308596612,108.882973456
1.56413262903,0.571113459097,-1.51729548444e-09
93.4827246994,99.4288865409,108.882973456
1.56864882513,0.572744340339,-1.51729548454e-09
93.4782085033,99.4272556597,108.882973456
1.57238993547,0.574095323827,-1.51729548451e-09
93.474467393,99.4259046762,108.882973456
1.57545807422,0.575203284957,-1.51729548452e-09
93.4713992542,99.424796715,108.882973456
1.5779307655,0.576096219016,-1.51729548452e-09
93.4689265629,99.423903781,108.882973456
1.57991710367,0.576813522062,-1.51729548452e-09
93.4669402248,99.4231864779,108.882973456
1.58148708345,0.577380470493,-1.51729548452e-09
93.465370245,99.4226195295,108.882973456
1.58265740989,0.577803096794,-1.51729548452e-09
93.4641999185,99.4221969032,108.882973456
1.58352664451,0.578116993321,-1.51729548452e-09
93.4633306839,99.4218830067,108.882973456
1.58417159634,0.578349897213,-1.51729548452e-09
93.4626857321,99.4216501028,108.882973456
1.58463927323,0.578518783883,-1.51729548452e-09
93.4622180552,99.4214812161,108.882973456
1.58497324918,0.578639388711,-1.51729548452e-09
93.4618840793,99.4213606113,108.882973456
1.58521837895,0.578727909559,-1.51729548452e-09
93.4616389495,99.4212720904,108.882973456
1.58543663037,0.578806724149,-1.51729548452e-09
93.4614206981,99.4211932759,108.882973456
1.58563140095,0.578877059362,-1.51729548452e-09
93.4612259275,99.4211229406,108.882973456
1.58580793016,0.578940807287,-1.51729548452e-09
93.4610493983,99.4210591927,108.882973456
1.58592911932,0.578984570908,-1.51729548452e-09
93.4609282091,99.4210154291,108.882973456
1.58605618993,0.579030458431,-1.51729548452e-09
93.4608011385,99.4209695416,108.882973456
1.58609913513,0.579045966731,-1.51729548452e-09
93.4607581933,99.4209540333,108.882973456
0.0,0.0,0.0
95.0468573284,100.0,108.882973455
0.262775579659,0.0964187426427,5.15495014261e-10
94.7840817488,99.9035812574,108.882973454
0.474672347173,0.17394710143,3.77368541488e-10
94.5721849813,99.8260528986,108.882973454
0.643541149106,0.235582547014,4.14379418321e-10
94.4033161793,99.764417453,108.882973454
0.779271362188,0.285006031477,4.04462383762e-10
94.2675859663,99.7149939685,108.882973454
0.887107381477,0.324181074785,4.07119645164e-10
94.159749947,99.6758189252,108.882973454
0.969444471382,0.354028134204,4.06407634117e-10
94.0774128571,99.6459718658,108.882973454
1.03137721662,0.376443761236,4.06598416902e-10
94.0154801118,99.6235562388,108.882973454
1.07849945771,0.393483634966,4.06547296809e-10
93.9683578707,99.606516365,108.882973454
1.11593092657,0.407009880146,4.06560994397e-10
93.9309264019,99.5929901199,108.882973454
1.14605406856,0.417889708637,4.06557324139e-10
93.9008032599,99.5821102914,108.882973454
1.17052674926,0.426727105041,4.06558307582e-10
93.8763305792,99.573272895,108.882973454
1.1903543415,0.433887248302,4.06558044069e-10
93.8565029869,99.5661127517,108.882973454
1.20643767255,0.439695223477,4.06558114677e-10
93.8404196559,99.5603047765,108.882973454
1.21926767357,0.444328374119,4.06558095758e-10
93.8275896549,99.5556716259,108.882973454
1.22893792204,0.447820476986,4.06558100827e-10
93.8179194064,99.552179523,108.882973454
1.23613586502,0.45041978606,4.06558099469e-10
93.8107214634,99.5495802139,108.882973454
1.24159978144,0.452392906346,4.06558099833e-10
93.805257547,99.5476070937,108.882973454
1.24611597754,0.454023787589,4.06558099735e-10
93.8007413509,99.5459762124,108.882973454
1.24985708789,0.455374771077,4.06558099761e-10
93.7970002406,99.5446252289,108.882973454
1.25292522663,0.456482732206,4.06558099754e-10
93.7939321018,99.5435172678,108.882973454
1.25539791791,0.457375666265,4.06558099756e-10
93.7914594105,99.5426243337,108.882973454
1.25738425608,0.458092969311,4.06558099756e-10
93.7894730724,99.5419070307,108.882973454
1.25895423587,0.458659917742,4.06558099756e-10
93.7879030926,99.5413400823,108.882973454
1.26012456231,0.459082544043,4.06558099756e-10
93.7867327661,99.540917456,108.882973454
1.26099379692,0.45939644057,4.06558099756e-10
93.7858635315,99.5406035594,108.882973454
1.26163874875,0.459629344462,4.06558099756e-10
93.7852185797,99.5403706555,108.882973454
1.26210642565,0.459798231132,4.06558099756e-10
93.7847509028,99.5402017689,108.882973454
1.26244040159,0.45991883596,4.06558099756e-10
93.7844169268,99.540081164,108.882973454
1.26268553136,0.460007356808,4.06558099756e-10
93.7841717971,99.5399926432,108.882973454
1.26290378278,0.460086171398,4.06558099756e-10
93.7839535457,99.5399138286,108.882973454
1.26309855337,0.460156506611,4.06558099756e-10
93.7837587751,99.5398434934,108.882973454
1.26327508257,0.460220254536,4.06558099756e-10
93.7835822459,99.5397797455,108.882973454
1.26339627173,0.460264018157,4.06558099756e-10
93.7834610567,99.5397359818,108.882973454
1.26352334234,0.46030990568,4.06558099756e-10
93.7833339861,99.5396900943,108.882973454
1.26356628754,0.46032541398,4.06558099756e-10
93.7832910409,99.539674586,108.882973454
0.0,0.0,0.0
95.0468573284,100.0,108.882973455
0.211896767515,0.0775283587873,-1.38126472774e-10
94.8349605609,99.9224716412,108.882973455
0.380765569447,0.139163804371,-1.01115595941e-10
94.666091759,99.8608361956,108.882973455
0.516495782529,0.188587288835,-1.11032630499e-10
94.5303615459,99.8114127112,108.882973455
0.624331801818,0.227762332142,-1.08375369098e-10
94.4225255266,99.7722376679,108.882973455
0.706668891723,0.257609391561,-1.09087380144e-10
94.3401884367,99.7423906084,108.882973455
0.768601636957,0.280025018593,-1.0889659736e-10
94.2782556915,99.7199749814,108.882973455
0.815723878056,0.297064892323,-1.08947717453e-10
94.2311334504,99.7029351077,108.882973455
0.853155346908,0.310591137503,-1.08934019865e-10
94.1937019815,99.6894088625,108.882973455
0.883278488897,0.321470965994,-1.08937690123e-10
94.1635788395,99.678529034,108.882973455
0.907751169596,0.330308362399,-1.0893670668e-10
94.1391061588,99.6696916376,108.882973455
0.927578761845,0.337468505659,-1.08936970193e-10
94.1192785666,99.6625314943,108.882973455
0.943662092895,0.343276480834,-1.08936899585e-10
94.1031952355,99.6567235192,108.882973455
0.956492093912,0.347909631476,-1.08936918504e-10
94.0903652345,99.6520903685,108.882973455
0.966162342385,0.351401734343,-1.08936913435e-10
94.0806949861,99.6485982657,108.882973455
0.973360285359,0.354001043417,-1.08936914793e-10
94.0734970431,99.6459989566,108.882973455
0.978824201783,0.355974163703,-1.08936914429e-10
94.0680331267,99.6440258363,108.882973455
0.983340397881,0.357605044946,-1.08936914526e-10
94.0635169306,99.6423949551,108.882973455
0.987081508228,0.358956028434,-1.089369145e-10
94.0597758202,99.6410439716,108.882973455
0.990149646969,0.360063989564,-1.08936914507e-10
94.0567076815,99.6399360104,108.882973455
0.992622338253,0.360956923622,-1.08936914505e-10
94.0542349902,99.6390430764,108.882973455
0.994608676423,0.361674226668,-1.08936914506e-10
94.052248652,99.6383257733,108.882973455
0.996178656206,0.362241175099,-1.08936914506e-10
94.0506786722,99.6377588249,108.882973455
0.997348982647,0.362663801401,-1.08936914506e-10
94.0495083458,99.6373361986,108.882973455
0.99821821726,0.362977697928,-1.08936914506e-10
94.0486391112,99.6370223021,108.882973455
0.998863169092,0.363210601819,-1.08936914506e-10
94.0479941593,99.6367893982,108.882973455
0.999330845987,0.363379488489,-1.08936914506e-10
94.0475264825,99.6366205115,108.882973455
0.999664821933,0.363500093317,-1.08936914506e-10
94.0471925065,99.6364999067,108.882973455
0.999909951699,0.363588614165,-1.08936914506e-10
94.0469473767,99.6364113858,108.882973455
1.00012820312,0.363667428755,-1.08936914506e-10
94.0467291253,99.6363325712,108.882973455
1.00032297371,0.363737763968,-1.08936914506e-10
94.0465343547,99.636262236,108.882973455
1.00049950292,0.363801511893,-1.08936914506e-10
94.0463578255,99.6361984881,108.882973455
1.00062069207,0.363845275514,-1.08936914506e-10
94.0462366364,99.6361547245,108.882973455
1.00074776268,0.363891163037,-1.08936914506e-10
94.0461095658,99.636108837,108.882973455
1.00079070789,0.363906671338,-1.08936914506e-10
94.0460666206,99.6360933287,108.882973455
0.0,0.0,0.0
95.0468573284,100.0,108.882973455
0.168868801932,0.0616354455836,3.70108768331e-11
94.8779885265,99.9383645544,108.882973455
0.304599015014,0.111058930047,2.70938422745e-11
94.7422583134,99.88894107,108.882973455
0.412435034303,0.150233973355,2.97511036758e-11
94.6344222941,99.8497660266,108.882973455
0.494772124209,0.180081032774,2.90390926292e-11
94.5520852042,99.8199189672,108.882973455
0.556704869443,0.202496659806,2.92298754141e-11
94.490152459,99.7975033402,108.882973455
0.603827110541,0.219536533536,2.9178755321e-11
94.4430302179,99.7804634665,108.882973455
0.641258579394,0.233062778715,2.91924529087e-11
94.405598749,99.7669372213,108.882973455
0.671381721382,0.243942607207,2.91887826511e-11
94.3754756071,99.7560573928,108.882973455
0.695854402082,0.252780003611,2.91897660936e-11
94.3510029264,99.7472199964,108.882973455
0.71568199433,0.259940146872,2.9189502581e-11
94.3311753341,99.7400598531,108.882973455
0.731765325381,0.265748122047,2.9189573189e-11
94.3150920031,99.734251878,108.882973455
0.744595326398,0.270381272689,2.91895542697e-11
94.302262002,99.7296187273,108.882973455
0.75426557487,0.273873375556,2.91895593391e-11
94.2925917536,99.7261266244,108.882973455
0.761463517844,0.27647268463,2.91895579807e-11
94.2853938106,99.7235273154,108.882973455
0.766927434268,0.278445804916,2.91895583447e-11
94.2799298942,99.7215541951,108.882973455
0.771443630366,0.280076686159,2.91895582472e-11
94.2754136981,99.7199233138,108.882973455
0.775184740714,0.281427669647,2.91895582733e-11
94.2716725877,99.7185723304,108.882973455
0.778252879454,0.282535630776,2.91895582663e-11
94.268604449,99.7174643692,108.882973455
0.780725570739,0.283428564835,2.91895582682e-11
94.2661317577,99.7165714352,108.882973455
0.782711908908,0.284145867881,2.91895582677e-11
94.2641454195,99.7158541321,108.882973455
0.784281888692,0.284712816312,2.91895582678e-11
94.2625754397,99.7152871837,108.882973455
0.785452215133,0.285135442613,2.91895582678e-11
94.2614051133,99.7148645574,108.882973455
0.786321449745,0.28544933914,2.91895582678e-11
94.2605358787,99.7145506609,108.882973455
0.786966401578,0.285682243032,2.91895582678e-11
94.2598909269,99.714317757,108.882973455
0.787434078472,0.285851129702,2.91895582678e-11
94.25942325,99.7141488703,108.882973455
0.787768054418,0.28597173453,2.91895582678e-11
94.259089274,99.7140282655,108.882973455
0.788013184185,0.286060255378,2.91895582678e-11
94.2588441443,99.7139397446,108.882973455
0.788231435607,0.286139069968,2.91895582678e-11
94.2586258928,99.71386093,108.882973455
0.788426206192,0.286209405181,2.91895582678e-11
94.2584311222,99.7137905948,108.882973455
0.788602735401,0.286273153106,2.91895582678e-11
94.258254593,99.7137268469,108.882973455
0.788723924555,0.286316916727,2.91895582678e-11
94.2581334039,99.7136830833,108.882973455
0.788850995165,0.28636280425,2.91895582678e-11
94.2580063333,99.7136371958,108.882973455
0.788893940371,0.28637831255,2.91895582678e-11
94.2579633881,99.7136216874,108.882973455
0.0,0.0,0.0
95.0468573284,100.0,108.882973455
0.135730213082,0.0494234844637,-9.91703455858e-12
94.9111271154,99.9505765155,108.882973455
0.243566232371,0.0885985277712,-7.2597731573e-12
94.8032910961,99.9114014722,108.882973455
0.325903322277,0.11844558719,-7.97178420385e-12
94.7209540062,99.8815544128,108.882973455
0.38783606751,0.140861214222,-7.78100141893e-12
94.6590212609,99.8591387858,108.882973455
0.434958308609,0.157901087952,-7.83212151208e-12
94.6118990198,99.842098912,108.882973455
0.472389777461,0.171427333132,-7.8184239244e-12
94.574467551,99.8285726669,108.882973455
0.50251291945,0.182307161623,-7.82209418196e-12
94.544344409,99.8176928384,108.882973455
0.52698560015,0.191144558028,-7.82111073941e-12
94.5198717283,99.808855442,108.882973455
0.546813192398,0.198304701288,-7.82137425205e-12
94.500044136,99.8016952987,108.882973455
0.562896523448,0.204112676463,-7.82130364405e-12
94.483960805,99.7958873235,108.882973455
0.575726524465,0.208745827105,-7.8213225634e-12
94.471130804,99.7912541729,108.882973455
0.585396772938,0.212237929972,-7.82131749398e-12
94.4614605555,99.78776207,108.882973455
0.592594715912,0.214837239046,-7.82131885233e-12
94.4542626125,99.785162761,108.882973455
0.598058632336,0.216810359332,-7.82131848836e-12
94.4487986961,99.7831896407,108.882973455
0.602574828434,0.218441240575,-7.82131858588e-12
94.4442825,99.7815587594,108.882973455
0.606315938781,0.219792224063,-7.82131855975e-12
94.4405413897,99.7802077759,108.882973455
0.609384077522,0.220900185193,-7.82131856675e-12
94.4374732509,99.7790998148,108.882973455
0.611856768807,0.221793119251,-7.82131856488e-12
94.4350005596,99.7782068807,108.882973455
0.613843106976,0.222510422297,-7.82131856538e-12
94.4330142215,99.7774895777,108.882973455
0.61541308676,0.223077370728,-7.82131856524e-12
94.4314442417,99.7769226293,108.882973455
0.6165834132,0.22349999703,-7.82131856528e-12
94.4302739152,99.776500003,108.882973455
0.617452647813,0.223813893557,-7.82131856527e-12
94.4294046806,99.7761861064,108.882973455
0.618097599646,0.224046797449,-7.82131856527e-12
94.4287597288,99.7759532026,108.882973455
0.61856527654,0.224215684118,-7.82131856527e-12
94.4282920519,99.7757843159,108.882973455
0.618899252486,0.224336288946,-7.82131856527e-12
94.427958076,99.7756637111,108.882973455
0.619144382252,0.224424809794,-7.82131856527e-12
94.4277129462,99.7755751902,108.882973455
0.619362633675,0.224503624384,-7.82131856527e-12
94.4274946948,99.7754963756,108.882973455
0.61955740426,0.224573959597,-7.82131856527e-12
94.4272999242,99.7754260404,108.882973455
0.619733933469,0.224637707522,-7.82131856527e-12
94.427123395,99.7753622925,108.882973455
0.619855122623,0.224681471143,-7.82131856527e-12
94.4270022058,99.7753185289,108.882973455
0.619982193233,0.224727358666,-7.82131856527e-12
94.4268751352,99.7752726413,108.882973455
0.620025138439,0.224742866967,-7.82131856527e-12
94.42683219,99.775257133,108.882973455
0.0,0.0,0.0
95.0468573284,100.0,108.882973455
0.107836019289,0.0391750433074,2.65726140128e-12
94.9390213092,99.9608249567,108.882973455
0.190173109194,0.0690221027266,1.94525035473e-12
94.8566842192,99.9309778973,108.882973455
0.252105854428,0.0914377297583,2.13603313966e-12
94.794751474,99.9085622702,108.882973455
0.299228095527,0.108477603489,2.08491304651e-12
94.7476292329,99.8915223965,108.882973455
0.336659564379,0.122003848668,2.09861063418e-12
94.7101977641,99.8779961513,108.882973455
0.366782706368,0.13288367716,2.09494037663e-12
94.6800746221,99.8671163228,108.882973455
0.391255387067,0.141721073564,2.09592381918e-12
94.6556019414,99.8582789264,108.882973455
0.411082979316,0.148881216824,2.09566030654e-12
94.6357743491,99.8511187832,108.882973455
0.427166310366,0.154689191999,2.09573091454e-12
94.6196910181,99.845310808,108.882973455
0.439996311383,0.159322342641,2.09571199518e-12
94.6068610171,99.8406776574,108.882973455
0.449666559855,0.162814445509,2.09571706461e-12
94.5971907686,99.8371855545,108.882973455
0.45686450283,0.165413754583,2.09571570626e-12
94.5899928256,99.8345862454,108.882973455
0.462328419254,0.167386874869,2.09571607023e-12
94.5845289092,99.8326131251,108.882973455
0.466844615352,0.169017756111,2.0957159727e-12
94.5800127131,99.8309822439,108.882973455
0.470585725699,0.170368739599,2.09571599883e-12
94.5762716027,99.8296312604,108.882973455
0.47365386444,0.171476700729,2.09571599183e-12
94.573203464,99.8285232993,108.882973455
0.476126555724,0.172369634787,2.09571599371e-12
94.5707307727,99.8276303652,108.882973455
0.478112893894,0.173086937833,2.09571599321e-12
94.5687444345,99.8269130622,108.882973455
0.479682873677,0.173653886265,2.09571599334e-12
94.5671744548,99.8263461137,108.882973455
0.480853200118,0.174076512566,2.0957159933e-12
94.5660041283,99.8259234874,108.882973455
0.481722434731,0.174390409093,2.09571599331e-12
94.5651348937,99.8256095909,108.882973455
0.482367386563,0.174623312985,2.09571599331e-12
94.5644899419,99.825376687,108.882973455
0.482835063458,0.174792199655,2.09571599331e-12
94.564022265,99.8252078003,108.882973455
0.483169039404,0.174912804482,2.09571599331e-12
94.563688289,99.8250871955,108.882973455
0.48341416917,0.17500132533,2.09571599331e-12
94.5634431593,99.8249986747,108.882973455
0.483632420593,0.175080139921,2.09571599331e-12
94.5632249078,99.8249198601,108.882973455
0.483827191177,0.175150475133,2.09571599331e-12
94.5630301373,99.8248495249,108.882973455
0.484003720386,0.175214223058,2.09571599331e-12
94.5628536081,99.8247857769,108.882973455
0.48412490954,0.17525798668,2.09571599331e-12
94.5627324189,99.8247420133,108.882973455
0.484251980151,0.175303874203,2.09571599331e-12
94.5626053483,99.8246961258,108.882973455
0.484294925357,0.175319382503,2.09571599331e-12
94.5625624031,99.8246806175,108.882973455
0.0,0.0,0.0
95.0468573284,100.0,108.882973455
0.0823370899056,0.0298470594191,-7.12011046553e-13
94.9645202385,99.9701529406,108.882973455
0.144269835139,0.0522626864509,-5.21228261627e-13
94.9025874933,99.9477373135,108.882973455
0.191392076238,0.0693025601813,-5.72348354777e-13
94.8554652522,99.9306974398,108.882973455
0.22882354509,0.0828288053607,-5.58650767101e-13
94.8180337833,99.9171711946,108.882973455
0.258946687079,0.0937086338521,-5.62321024657e-13
94.7879106414,99.9062913661,108.882973455
0.283419367779,0.102546030256,-5.61337582109e-13
94.7634379607,99.8974539697,108.882973455
0.303246960027,0.109706173517,-5.61601094745e-13
94.7436103684,99.8902938265,108.882973455
0.319330291077,0.115514148692,-5.61530486747e-13
94.7275270374,99.8844858513,108.882973455
0.332160292094,0.120147299334,-5.61549406103e-13
94.7146970363,99.8798527007,108.882973455
0.341830540567,0.123639402201,-5.61544336677e-13
94.7050267879,99.8763605978,108.882973455
0.349028483541,0.126238711275,-5.61545695026e-13
94.6978288449,99.8737612887,108.882973455
0.354492399965,0.128211831561,-5.61545331057e-13
94.6923649285,99.8717881684,108.882973455
0.359008596063,0.129842712804,-5.61545428582e-13
94.6878487324,99.8701572872,108.882973455
0.36274970641,0.131193696292,-5.61545402451e-13
94.684107622,99.8688063037,108.882973455
0.365817845151,0.132301657422,-5.61545409453e-13
94.6810394833,99.8676983426,108.882973455
0.368290536436,0.13319459148,-5.61545407576e-13
94.678566792,99.8668054085,108.882973455
0.370276874605,0.133911894526,-5.61545408079e-13
94.6765804538,99.8660881055,108.882973455
0.371846854389,0.134478842957,-5.61545407944e-13
94.6750104741,99.865521157,108.882973455
0.373017180829,0.134901469258,-5.6154540798e-13
94.6738401476,99.8650985307,108.882973455
0.373886415442,0.135215365785,-5.61545407971e-13
94.672970913,99.8647846342,108.882973455
0.374531367275,0.135448269677,-5.61545407973e-13
94.6723259612,99.8645517303,108.882973455
0.374999044169,0.135617156347,-5.61545407973e-13
94.6718582843,99.8643828437,108.882973455
0.375333020115,0.135737761175,-5.61545407973e-13
94.6715243083,99.8642622388,108.882973455
0.375578149881,0.135826282023,-5.61545407973e-13
94.6712791786,99.864173718,108.882973455
0.375796401304,0.135905096613,-5.61545407973e-13
94.6710609271,99.8640949034,108.882973455
0.375991171889,0.135975431826,-5.61545407973e-13
94.6708661566,99.8640245682,108.882973455
0.376167701098,0.136039179751,-5.61545407973e-13
94.6706896273,99.8639608202,108.882973455
0.376288890252,0.136082943372,-5.61545407973e-13
94.6705684382,99.8639170566,108.882973455
0.376415960862,0.136128830895,-5.61545407973e-13
94.6704413676,99.8638711691,108.882973455
0.376458906068,0.136144339196,-5.61545407973e-13
94.6703984224,99.8638556608,108.882973455
0.0,0.0,0.0
95.0468573284,100.0,108.882973455
0.0619327452337,0.0224156270318,1.90782784926e-13
94.9849245832,99.977584373,108.882973455
0.109054986333,0.0394555007622,1.39662691775e-13
94.9378023421,99.9605444992,108.882973455
0.146486455185,0.0529817459415,1.53360279452e-13
94.9003708733,99.9470182541,108.882973455
0.176609597173,0.063861574433,1.49690021896e-13
94.8702477313,99.9361384256,108.882973455
0.201082277873,0.0726989708373,1.50673464444e-13
94.8457750506,99.9273010292,108.882973455
0.220909870121,0.0798591140978,1.50409951807e-13
94.8259474583,99.9201408859,108.882973455
0.236993201172,0.0856670892728,1.50480559805e-13
94.8098641273,99.9143329107,108.882973455
0.249823202189,0.0903002399147,1.50461640449e-13
94.7970341263,99.9096997601,108.882973455
0.259493450661,0.0937923427821,1.50466709876e-13
94.7873638778,99.9062076572,108.882973455
0.266691393635,0.0963916518561,1.50465351527e-13
94.7801659348,99.9036083481,108.882973455
0.272155310059,0.098364772142,1.50465715495e-13
94.7747020184,99.9016352279,108.882973455
0.276671506158,0.0999956533846,1.5046561797e-13
94.7701858223,99.9000043466,108.882973455
0.280412616505,0.101346636873,1.50465644102e-13
94.7664447119,99.8986533631,108.882973455
0.283480755245,0.102454598002,1.504656371e-13
94.7633765732,99.897545402,108.882973455
0.28595344653,0.103347532061,1.50465638976e-13
94.7609038819,99.8966524679,108.882973455
0.287939784699,0.104064835107,1.50465638473e-13
94.7589175437,99.8959351649,108.882973455
0.289509764483,0.104631783538,1.50465638608e-13
94.757347564,99.8953682165,108.882973455
0.290680090924,0.105054409839,1.50465638572e-13
94.7561772375,99.8949455902,108.882973455
0.291549325536,0.105368306366,1.50465638582e-13
94.7553080029,99.8946316936,108.882973455
0.292194277369,0.105601210258,1.50465638579e-13
94.7546630511,99.8943987897,108.882973455
0.292661954263,0.105770096928,1.5046563858e-13
94.7541953742,99.8942299031,108.882973455
0.29299593021,0.105890701756,1.5046563858e-13
94.7538613982,99.8941092982,108.882973455
0.293241059976,0.105979222604,1.5046563858e-13
94.7536162685,99.8940207774,108.882973455
0.293459311398,0.106058037194,1.5046563858e-13
94.753398017,99.8939419628,108.882973455
0.293654081983,0.106128372407,1.5046563858e-13
94.7532032465,99.8938716276,108.882973455
0.293830611192,0.106192120332,1.5046563858e-13
94.7530267172,99.8938078797,108.882973455
0.293951800346,0.106235883953,1.5046563858e-13
94.7529055281,99.893764116,108.882973455
0.294078870956,0.106281771476,1.5046563858e-13
94.7527784575,99.8937182285,108.882973455
0.294121816162,0.106297279776,1.5046563858e-13
94.7527355123,99.8937027202,108.882973455
0.0,0.0,0.0
95.0468573284,100.0,108.882973455
0.0471222410988,0.0170398737304,-5.11200931506e-14
94.9997350873,99.9829601263,108.882973455
0.0845537099511,0.0305661189098,-3.74225054739e-14
94.9623036185,99.9694338811,108.882973455
0.11467685194,0.0414459474012,-4.10927630301e-14
94.9321804765,99.9585540526,108.882973455
0.139149532639,0.0502833438056,-4.01093204819e-14
94.9077077958,99.9497166562,108.882973455
0.158977124888,0.0574434870661,-4.03728331185e-14
94.8878802036,99.9425565129,108.882973455
0.175060455938,0.063251462241,-4.03022251204e-14
94.8717968725,99.9367485378,108.882973455
0.187890456955,0.0678846128829,-4.03211444764e-14
94.8589668715,99.9321153871,108.882973455
0.197560705427,0.0713767157503,-4.03160750503e-14
94.849296623,99.9286232842,108.882973455
0.204758648401,0.0739760248243,-4.03174333989e-14
94.84209868,99.9260239752,108.882973455
0.210222564826,0.0759491451102,-4.03170694305e-14
94.8366347636,99.9240508549,108.882973455
0.214738760924,0.0775800263529,-4.03171669555e-14
94.8321185675,99.9224199736,108.882973455
0.218479871271,0.0789310098409,-4.03171408238e-14
94.8283774572,99.9210689902,108.882973455
0.221548010011,0.0800389709707,-4.03171478258e-14
94.8253093184,99.919961029,108.882973455
0.224020701296,0.0809319050291,-4.03171459496e-14
94.8228366271,99.919068095,108.882973455
0.226007039466,0.081649208075,-4.03171464523e-14
94.820850289,99.9183507919,108.882973455
0.227577019249,0.0822161565063,-4.03171463176e-14
94.8192803092,99.9177838435,108.882973455
0.22874734569,0.0826387828075,-4.03171463537e-14
94.8181099827,99.9173612172,108.882973455
0.229616580302,0.0829526793346,-4.0317146344e-14
94.8172407481,99.9170473207,108.882973455
0.230261532135,0.0831855832265,-4.03171463466e-14
94.8165957963,99.9168144168,108.882973455
0.23072920903,0.0833544698963,-4.03171463459e-14
94.8161281194,99.9166455301,108.882973455
0.231063184976,0.083475074724,-4.03171463461e-14
94.8157941435,99.9165249253,108.882973455
0.231308314742,0.083563595572,-4.03171463461e-14
94.8155490137,99.9164364044,108.882973455
0.231526566165,0.0836424101623,-4.03171463461e-14
94.8153307623,99.9163575898,108.882973455
0.231721336749,0.0837127453749,-4.03171463461e-14
94.8151359917,99.9162872546,108.882973455
0.231897865958,0.0837764933001,-4.03171463461e-14
94.8149594625,99.9162235067,108.882973455
0.232019055112,0.0838202569212,-4.03171463461e-14
94.8148382733,99.9161797431,108.882973455
0.232146125723,0.0838661444442,-4.03171463461e-14
94.8147112027,99.9161338556,108.882973455
0.232189070928,0.0838816527446,-4.03171463461e-14
94.8146682575,99.9161183473,108.882973455
0.0,0.0,0.0
95.0468573284,100.0,108.882973455
0.0374314688523,0.0135262451794,1.36975876767e-14
95.0094258596,99.9864737548,108.882973455
0.0675546108409,0.0244060736708,1.00273301205e-14
94.9793027176,99.9755939263,108.882973455
0.0920272915404,0.0332434700752,1.10107726687e-14
94.9548300369,99.9667565299,108.882973455
0.111854883789,0.0404036133357,1.07472600321e-14
94.9350024447,99.9595963867,108.882973455
0.127938214839,0.0462115885106,1.08178680303e-14
94.9189191136,99.9537884115,108.882973455
0.140768215856,0.0508447391525,1.07989486742e-14
94.9060891126,99.9491552608,108.882973455
0.150438464329,0.0543368420199,1.08040181004e-14
94.8964188641,99.945663158,108.882973455
0.157636407303,0.0569361510939,1.08026597517e-14
94.8892209211,99.9430638489,108.882973455
0.163100323727,0.0589092713798,1.08030237201e-14
94.8837570047,99.9410907286,108.882973455
0.167616519825,0.0605401526225,1.08029261951e-14
94.8792408086,99.9394598474,108.882973455
0.171357630172,0.0618911361105,1.08029523268e-14
94.8754996983,99.9381088639,108.882973455
0.174425768913,0.0629990972403,1.08029453249e-14
94.8724315595,99.9370009028,108.882973455
0.176898460198,0.0638920312987,1.0802947201e-14
94.8699588682,99.9361079687,108.882973455
0.178884798367,0.0646093343446,1.08029466983e-14
94.8679725301,99.9353906657,108.882973455
0.18045477815,0.0651762827759,1.0802946833e-14
94.8664025503,99.9348237172,108.882973455
0.181625104591,0.0655989090771,1.08029467969e-14
94.8652322238,99.9344010909,108.882973455
0.182494339204,0.0659128056042,1.08029468066e-14
94.8643629892,99.9340871944,108.882973455
0.183139291037,0.0661457094961,1.0802946804e-14
94.8637180374,99.9338542905,108.882973455
0.183606967931,0.0663145961659,1.08029468047e-14
94.8632503605,99.9336854038,108.882973455
0.183940943877,0.0664352009936,1.08029468045e-14
94.8629163846,99.933564799,108.882973455
0.184186073643,0.0665237218416,1.08029468046e-14
94.8626712548,99.9334762782,108.882973455
0.184404325066,0.0666025364319,1.08029468046e-14
94.8624530034,99.9333974636,108.882973455
0.18459909565,0.0666728716445,1.08029468046e-14
94.8622582328,99.9333271284,108.882973455
0.18477562486,0.0667366195697,1.08029468046e-14
94.8620817036,99.9332633804,108.882973455
0.184896814013,0.0667803831908,1.08029468046e-14
94.8619605144,99.9332196168,108.882973455
0.185023884624,0.0668262707138,1.08029468046e-14
94.8618334438,99.9331737293,108.882973455
0.18506682983,0.0668417790142,1.08029468046e-14
94.8617904986,99.933158221,108.882973455
0.0,0.0,0.0
95.0468573284,100.0,108.882973455
0.0301231419886,0.0108798284915,-3.67025755623e-15
95.0167341865,99.9891201715,108.882973455
0.0545958226881,0.0197172248958,-2.68681500802e-15
94.9922615058,99.9802827751,108.882973455
0.0744234149366,0.0268773681563,-2.95032764462e-15
94.9724339135,99.9731226318,108.882973455
0.0905067459869,0.0326853433313,-2.87971964645e-15
94.9563505825,99.9673146567,108.882973455
0.103336747004,0.0373184939732,-2.89863900254e-15
94.9435205814,99.962681506,108.882973455
0.113006995476,0.0408105968405,-2.89356957635e-15
94.933850333,99.9591894032,108.882973455
0.12020493845,0.0434099059145,-2.894927925e-15
94.92665239,99.9565900941,108.882973455
0.125668854875,0.0453830262004,-2.89456395658e-15
94.9211884736,99.9546169738,108.882973455
0.130185050973,0.0470139074431,-2.89466148162e-15
94.9166722775,99.9529860926,108.882973455
0.13392616132,0.0483648909311,-2.89463534987e-15
94.9129311671,99.9516351091,108.882973455
0.13699430006,0.049472852061,-2.89464235185e-15
94.9098630284,99.9505271479,108.882973455
0.139466991345,0.0503657861193,-2.89464047567e-15
94.9073903371,99.9496342139,108.882973455
0.141453329515,0.0510830891652,-2.89464097839e-15
94.9054039989,99.9489169108,108.882973455
0.143023309298,0.0516500375965,-2.89464084369e-15
94.9038340191,99.9483499624,108.882973455
0.144193635739,0.0520726638978,-2.89464087978e-15
94.9026636927,99.9479273361,108.882973455
0.145062870351,0.0523865604248,-2.89464087011e-15
94.9017944581,99.9476134396,108.882973455
0.145707822184,0.0526194643167,-2.89464087271e-15
94.9011495063,99.9473805357,108.882973455
0.146175499079,0.0527883509866,-2.89464087201e-15
94.9006818294,99.947211649,108.882973455
0.146509475025,0.0529089558142,-2.8946408722e-15
94.9003478534,99.9470910442,108.882973455
0.146754604791,0.0529974766622,-2.89464087215e-15
94.9001027236,99.9470025233,108.882973455
0.146972856214,0.0530762912526,-2.89464087216e-15
94.8998844722,99.9469237087,108.882973455
0.147167626798,0.0531466264651,-2.89464087216e-15
94.8996897016,99.9468533735,108.882973455
0.147344156007,0.0532103743904,-2.89464087216e-15
94.8995131724,99.9467896256,108.882973455
0.147465345161,0.0532541380115,-2.89464087216e-15
94.8993919833,99.946745862,108.882973455
0.147592415771,0.0533000255345,-2.89464087216e-15
94.8992649127,99.9466999745,108.882973455
0.147635360977,0.0533155338348,-2.89464087216e-15
94.8992219675,99.9466844662,108.882973455
0.0,0.0,0.0
95.0468573284,100.0,108.882973455
0.0244726806995,0.00883739640434,9.83442548206e-16
95.0223846477,99.9911626036,108.882973455
0.044300272948,0.0159975396648,7.19929911612e-16
95.0025570555,99.9840024603,108.882973455
0.0603836039983,0.0218055148398,7.90537909783e-16
94.9864737244,99.9781944852,108.882973455
0.0732136050153,0.0264386654817,7.71618553694e-16
94.9736437234,99.9735613345,108.882973455
0.0828838534877,0.0299307683491,7.76687979879e-16
94.963973475,99.9700692317,108.882973455
0.0900817964617,0.0325300774231,7.75329631227e-16
94.956775532,99.9674699226,108.882973455
0.0955457128861,0.034503197709,7.75693599651e-16
94.9513116156,99.9654968023,108.882973455
0.100061908984,0.0361340789516,7.75596074606e-16
94.9467954195,99.963865921,108.882973455
0.103803019331,0.0374850624396,7.75622206363e-16
94.9430543091,99.9625149376,108.882973455
0.106871158072,0.0385930235695,7.7561520438e-16
94.9399861704,99.9614069764,108.882973455
0.109343849357,0.0394859576278,7.75617080555e-16
94.9375134791,99.9605140424,108.882973455
0.111330187526,0.0402032606737,7.75616577835e-16
94.9355271409,99.9597967393,108.882973455
0.112900167309,0.0407702091051,7.75616712539e-16
94.9339571611,99.9592297909,108.882973455
0.11407049375,0.0411928354063,7.75616676445e-16
94.9327868347,99.9588071646,108.882973455
0.114939728363,0.0415067319334,7.75616686116e-16
94.9319176001,99.9584932681,108.882973455
0.115584680196,0.0417396358252,7.75616683525e-16
94.9312726482,99.9582603642,108.882973455
0.11605235709,0.0419085224951,7.75616684219e-16
94.9308049713,99.9580914775,108.882973455
0.116386333036,0.0420291273228,7.75616684033e-16
94.9304709954,99.9579708727,108.882973455
0.116631462802,0.0421176481708,7.75616684083e-16
94.9302258656,99.9578823518,108.882973455
0.116849714225,0.0421964627611,7.7561668407e-16
94.9300076142,99.9578035372,108.882973455
0.117044484809,0.0422667979736,7.75616684073e-16
94.9298128436,99.957733202,108.882973455
0.117221014019,0.0423305458989,7.75616684072e-16
94.9296363144,99.9576694541,108.882973455
0.117342203173,0.04237430952,7.75616684073e-16
94.9295151253,99.9576256905,108.882973455
0.117469273783,0.042420197043,7.75616684073e-16
94.9293880547,99.957579803,108.882973455
0.117512218989,0.0424357053434,7.75616684073e-16
94.9293451095,99.9575642947,108.882973455
0.0,0.0,0.0
95.0468573284,100.0,108.882973455
0.0198275922485,0.0071601432605,-2.63512636594e-16
95.0270297362,99.9928398567,108.882973455
0.0359109232988,0.0129681184355,-1.92904638423e-16
95.0109464051,99.9870318816,108.882973455
0.0487409243158,0.0176012690774,-2.11823994512e-16
94.9981164041,99.9823987309,108.882973455
0.0584111727882,0.0210933719447,-2.06754568327e-16
94.9884461557,99.9789066281,108.882973455
0.0656091157622,0.0236926810187,-2.0811291698e-16
94.9812482127,99.976307319,108.882973455
0.0710730321866,0.0256658013046,-2.07748948555e-16
94.9757842963,99.9743341987,108.882973455
0.0755892282846,0.0272966825473,-2.078464736e-16
94.9712681002,99.9727033175,108.882973455
0.0793303386318,0.0286476660353,-2.07820341843e-16
94.9675269898,99.971352334,108.882973455
0.0823984773723,0.0297556271652,-2.07827343827e-16
94.9644588511,99.9702443728,108.882973455
0.0848711686571,0.0306485612235,-2.07825467651e-16
94.9619861598,99.9693514388,108.882973455
0.0868575068264,0.0313658642694,-2.07825970371e-16
94.9599998216,99.9686341357,108.882973455
0.08842748661,0.0319328127007,-2.07825835667e-16
94.9584298418,99.9680671873,108.882973455
0.0895978130508,0.032355439002,-2.07825871761e-16
94.9572595154,99.967644561,108.882973455
0.0904670476633,0.032669335529,-2.0782586209e-16
94.9563902808,99.9673306645,108.882973455
0.0911119994961,0.0329022394209,-2.07825864681e-16
94.9557453289,99.9670977606,108.882973455
0.0915796763904,0.0330711260908,-2.07825863987e-16
94.955277652,99.9669288739,108.882973455
0.0919136523367,0.0331917309184,-2.07825864173e-16
94.9549436761,99.9668082691,108.882973455
0.0921587821028,0.0332802517664,-2.07825864123e-16
94.9546985463,99.9667197482,108.882973455
0.0923770335254,0.0333590663568,-2.07825864136e-16
94.9544802949,99.9666409336,108.882973455
0.0925718041099,0.0334294015693,-2.07825864133e-16
94.9542855243,99.9665705984,108.882973455
0.0927483333191,0.0334931494946,-2.07825864134e-16
94.9541089951,99.9665068505,108.882973455
0.0928695224731,0.0335369131157,-2.07825864133e-16
94.953987806,99.9664630869,108.882973455
0.0929965930833,0.0335828006387,-2.07825864133e-16
94.9538607354,99.9664171994,108.882973455
0.0930395382892,0.033598308939,-2.07825864133e-16
94.9538177902,99.9664016911,108.882973455
0.0,0.0,0.0
95.0468573284,100.0,108.882973455
0.0160833310503,0.00580797517497,7.06079981708e-17
95.0307739974,99.9941920248,108.882973455
0.0289133320673,0.0104411258169,5.16886420818e-17
95.0179439964,99.9895588742,108.882973455
0.0385835805397,0.0139332286842,5.67580682671e-17
95.0082737479,99.9860667713,108.882973455
0.0457815235138,0.0165325377582,5.53997196147e-17
95.0010758049,99.9834674622,108.882973455
0.0512454399381,0.0185056580441,5.57636880392e-17
94.9956118885,99.981494342,108.882973455
0.0557616360362,0.0201365392868,5.56661629937e-17
94.9910956924,99.9798634607,108.882973455
0.0595027463833,0.0214875227748,5.56922947509e-17
94.9873545821,99.9785124772,108.882973455
0.0625708851238,0.0225954839047,5.56852927677e-17
94.9842864433,99.9774045161,108.882973455
0.0650435764087,0.023488417963,5.56871689434e-17
94.981813752,99.976511582,108.882973455
0.067029914578,0.0242057210089,5.56866662237e-17
94.9798274139,99.975794279,108.882973455
0.0685998943615,0.0247726694402,5.5686800927e-17
94.9782574341,99.9752273306,108.882973455
0.0697702208023,0.0251952957415,5.56867648334e-17
94.9770871076,99.9748047043,108.882973455
0.0706394554148,0.0255091922685,5.56867745046e-17
94.976217873,99.9744908077,108.882973455
0.0712844072477,0.0257420961604,5.56867719132e-17
94.9755729212,99.9742579038,108.882973455
0.0717520841419,0.0259109828302,5.56867726076e-17
94.9751052443,99.9740890172,108.882973455
0.0720860600883,0.0260315876579,5.56867724215e-17
94.9747712684,99.9739684123,108.882973455
0.0723311898544,0.0261201085059,5.56867724714e-17
94.9745261386,99.9738798915,108.882973455
0.072549441277,0.0261989230963,5.5686772458e-17
94.9743078872,99.9738010769,108.882973455
0.0727442118615,0.0262692583088,5.56867724616e-17
94.9741131166,99.9737307417,108.882973455
0.0729207410707,0.0263330062341,5.56867724606e-17
94.9739365874,99.9736669938,108.882973455
0.0730419302246,0.0263767698552,5.56867724609e-17
94.9738153982,99.9736232301,108.882973455
0.0731690008349,0.0264226573782,5.56867724608e-17
94.9736883276,99.9735773426,108.882973455
0.0732119460408,0.0264381656785,5.56867724608e-17
94.9736453824,99.9735618343,108.882973455
0.0,0.0,0.0
95.0468573284,100.0,108.882973455
0.012830001017,0.00463315064188,-1.8919356089e-17
95.0340273274,99.9953668494,108.882973455
0.0225002494894,0.00812525350925,-1.38499299037e-17
95.024357079,99.9918747465,108.882973455
0.0296981924634,0.0107245625833,-1.52082785561e-17
95.017159136,99.9892754374,108.882973455
0.0351621088877,0.0126976828692,-1.48443101317e-17
95.0116952196,99.9873023171,108.882973455
0.0396783049858,0.0143285641118,-1.49418351771e-17
95.0071790235,99.9856714359,108.882973455
0.0434194153329,0.0156795475998,-1.49157034199e-17
95.0034379131,99.9843204524,108.882973455
0.0464875540734,0.0167875087297,-1.49227054031e-17
95.0003697744,99.9832124913,108.882973455
0.0489602453583,0.017680442788,-1.49208292274e-17
94.9978970831,99.9823195572,108.882973455
0.0509465835276,0.0183977458339,-1.49213319472e-17
94.9959107449,99.9816022542,108.882973455
0.0525165633112,0.0189646942653,-1.49211972438e-17
94.9943407651,99.9810353057,108.882973455
0.0536868897519,0.0193873205665,-1.49212333375e-17
94.9931704387,99.9806126794,108.882973455
0.0545561243645,0.0197012170936,-1.49212236662e-17
94.9923012041,99.9802987829,108.882973455
0.0552010761973,0.0199341209854,-1.49212262576e-17
94.9916562522,99.980065879,108.882973455
0.0556687530916,0.0201030076553,-1.49212255632e-17
94.9911885753,99.9798969923,108.882973455
0.0560027290379,0.0202236124829,-1.49212257493e-17
94.9908545994,99.9797763875,108.882973455
0.056247858804,0.020312133331,-1.49212256994e-17
94.9906094696,99.9796878667,108.882973455
0.0564661102266,0.0203909479213,-1.49212257128e-17
94.9903912182,99.9796090521,108.882973455
0.0566608808111,0.0204612831338,-1.49212257092e-17
94.9901964476,99.9795387169,108.882973455
0.0568374100203,0.0205250310591,-1.49212257102e-17
94.9900199184,99.9794749689,108.882973455
0.0569585991743,0.0205687946802,-1.49212257099e-17
94.9898987293,99.9794312053,108.882973455
0.0570856697845,0.0206146822032,-1.492122571e-17
94.9897716587,99.9793853178,108.882973455
0.0571286149904,0.0206301905036,-1.492122571e-17
94.9897287134,99.9793698095,108.882973455
0.0,0.0,0.0
95.0468573284,100.0,108.882973455
0.00967024847243,0.00349210286737,5.06942618538e-18
95.03718708,99.9965078971,108.882973455
0.0168681914465,0.00609141194137,3.71107753292e-18
95.029989137,99.9939085881,108.882973455
0.0223321078708,0.00806453222729,4.07504595738e-18
95.0245252206,99.9919354678,108.882973455
0.0268483039689,0.00969541346993,3.97752091198e-18
95.0200090245,99.9903045865,108.882973455
0.030589414316,0.0110463969579,4.00365266914e-18
95.0162679141,99.988953603,108.882973455
0.0336575530565,0.0121543580878,3.99665068591e-18
95.0131997754,99.9878456419,108.882973455
0.0361302443414,0.0130472921462,3.99852686166e-18
95.0107270841,99.9869527079,108.882973455
0.0381165825107,0.013764595192,3.99802414188e-18
95.0087407459,99.9862354048,108.882973455
0.0396865622942,0.0143315436234,3.99815884524e-18
95.0071707661,99.9856684564,108.882973455
0.040856888735,0.0147541699246,3.99812275158e-18
95.0060004397,99.9852458301,108.882973455
0.0417261233475,0.0150680664517,3.99813242285e-18
95.0051312051,99.9849319335,108.882973455
0.0423710751804,0.0153009703435,3.99812983144e-18
95.0044862533,99.9846990297,108.882973455
0.0428387520746,0.0154698570134,3.99813052581e-18
95.0040185764,99.984530143,108.882973455
0.043172728021,0.0155904618411,3.99813033975e-18
95.0036846004,99.9844095382,108.882973455
0.0434178577871,0.0156789826891,3.99813038961e-18
95.0034394707,99.9843210173,108.882973455
0.0436361092097,0.0157577972794,3.99813037625e-18
95.0032212192,99.9842422027,108.882973455
0.0438308797942,0.015828132492,3.99813037983e-18
95.0030264486,99.9841718675,108.882973455
0.0440074090034,0.0158918804172,3.99813037887e-18
95.0028499194,99.9841081196,108.882973455
0.0441285981573,0.0159356440383,3.99813037912e-18
95.0027287303,99.984064356,108.882973455
0.0442556687676,0.0159815315613,3.99813037906e-18
95.0026016597,99.9840184684,108.882973455
0.0442986139735,0.0159970398617,3.99813037907e-18
95.0025587145,99.9840029601,108.882973455
0.0,0.0,0.0
95.0468573284,100.0,108.882973455
0.00719794297405,0.002599309074,-1.35834865246e-18
95.0396593855,99.9974006909,108.882973455
0.0126618593984,0.00457242935992,-9.94380227994e-19
95.034195469,99.9954275706,108.882973455
0.0171780554964,0.00620331060256,-1.0919052734e-18
95.0296792729,99.9937966894,108.882973455
0.0209191658436,0.00755429409057,-1.06577351624e-18
95.0259381626,99.9924457059,108.882973455
0.0239873045841,0.00866225522045,-1.07277549947e-18
95.0228700239,99.9913377448,108.882973455
0.0264599958689,0.00955518927878,-1.07089932372e-18
95.0203973326,99.9904448107,108.882973455
0.0284463340382,0.0102724923247,-1.0714020435e-18
95.0184109944,99.9897275077,108.882973455
0.0300163138218,0.010839440756,-1.07126734014e-18
95.0168410146,99.9891605592,108.882973455
0.0311866402626,0.0112620670573,-1.07130343379e-18
95.0156706882,99.9887379329,108.882973455
0.0320558748751,0.0115759635843,-1.07129376253e-18
95.0148014536,99.9884240364,108.882973455
0.0327008267079,0.0118088674762,-1.07129635394e-18
95.0141565017,99.9881911325,108.882973455
0.0331685036022,0.011977754146,-1.07129565957e-18
95.0136888248,99.9880222459,108.882973455
0.0335024795485,0.0120983589737,-1.07129584562e-18
95.0133548489,99.987901641,108.882973455
0.0337476093146,0.0121868798217,-1.07129579577e-18
95.0131097191,99.9878131202,108.882973455
0.0339658607372,0.012265694412,-1.07129580913e-18
95.0128914677,99.9877343056,108.882973455
0.0341606313217,0.0123360296246,-1.07129580555e-18
95.0126966971,99.9876639704,108.882973455
0.0343371605309,0.0123997775498,-1.07129580651e-18
95.0125201679,99.9876002225,108.882973455
0.0344583496849,0.0124435411709,-1.07129580626e-18
95.0123989788,99.9875564588,108.882973455
0.0345854202951,0.0124894286939,-1.07129580631e-18
95.0122719081,99.9875105713,108.882973455
0.034628365501,0.0125049369943,-1.07129580631e-18
95.0122289629,99.987495063,108.882973455
0.0,0.0,0.0
95.0468573284,100.0,108.882973455
0.00546391642432,0.00197312028592,3.63968424467e-19
95.041393412,99.9980268797,108.882973455
0.00998011252238,0.00360400152856,2.66443379061e-19
95.0368772159,99.9963959985,108.882973455
0.0137212228695,0.00495498501657,2.92575136219e-19
95.0331361056,99.995045015,108.882973455
0.01678936161,0.00606294614644,2.85573152992e-19
95.0300679668,99.9939370539,108.882973455
0.0192620528949,0.00695588020478,2.87449328743e-19
95.0275952755,99.9930441198,108.882973455
0.0212483910642,0.00767318325067,2.86946608965e-19
95.0256089374,99.9923268167,108.882973455
0.0228183708478,0.008240131682,2.87081312324e-19
95.0240389576,99.9917598683,108.882973455
0.0239886972885,0.00866275798325,2.87045218668e-19
95.0228686312,99.991337242,108.882973455
0.024857931901,0.00897665451031,2.87054889934e-19
95.0219993965,99.9910233455,108.882973455
0.0255028837339,0.00920955840217,2.87052298526e-19
95.0213544447,99.9907904416,108.882973455
0.0259705606281,0.00937844507203,2.87052992891e-19
95.0208867678,99.9906215549,108.882973455
0.0263045365745,0.0094990498997,2.87052806837e-19
95.0205527919,99.9905009501,108.882973455
0.0265496663406,0.00958757074772,2.8705285669e-19
95.0203076621,99.9904124293,108.882973455
0.0267679177632,0.00966638533804,2.87052843332e-19
95.0200894107,99.9903336147,108.882973455
0.0269626883477,0.00973672055058,2.8705284691e-19
95.0198946401,99.9902632794,108.882973455
0.0271392175569,0.00980046847584,2.87052845956e-19
95.0197181109,99.9901995315,108.882973455
0.0272604067108,0.00984423209693,2.87052846201e-19
95.0195969217,99.9901557679,108.882973455
0.0273874773211,0.00989011961994,2.87052846148e-19
95.0194698511,99.9901098804,108.882973455
0.027430422527,0.00990562792032,2.87052846155e-19
95.0194269059,99.9900943721,108.882973455
0.0,0.0,0.0
95.0468573284,100.0,108.882973455
0.00451619609806,0.00163088124264,-9.75250454063e-20
95.0423411323,99.9983691188,108.882973455
0.0082573064452,0.00298186473065,-7.13932882479e-20
95.038600022,99.9970181353,108.882973455
0.0113254451857,0.00408982586053,-7.83952714753e-20
95.0355318833,99.9959101741,108.882973455
0.0137981364706,0.00498275991886,-7.65190957241e-20
95.033059192,99.9950172401,108.882973455
0.0157844746399,0.00570006296475,-7.70218155015e-20
95.0310728538,99.994299937,108.882973455
0.0173544544234,0.00626701139608,-7.68871121431e-20
95.029502874,99.9937329886,108.882973455
0.0185247808642,0.00668963769733,-7.69232057992e-20
95.0283325476,99.9933103623,108.882973455
0.0193940154767,0.00700353422439,-7.69135345332e-20
95.027463313,99.9929964658,108.882973455
0.0200389673096,0.00723643811625,-7.69161259411e-20
95.0268183611,99.9927635619,108.882973455
0.0205066442038,0.00740532478611,-7.69154315755e-20
95.0263506842,99.9925946752,108.882973455
0.0208406201502,0.00752592961378,-7.69156176302e-20
95.0260167083,99.9924740704,108.882973455
0.0210857499163,0.0076144504618,-7.6915567777e-20
95.0257715785,99.9923855495,108.882973455
0.0213040013389,0.00769326505212,-7.69155811348e-20
95.0255533271,99.9923067349,108.882973455
0.0214987719234,0.00776360026466,-7.69155775568e-20
95.0253585565,99.9922363997,108.882973455
0.0216753011326,0.00782734818992,-7.6915578511e-20
95.0251820273,99.9921726518,108.882973455
0.0217964902865,0.00787111181102,-7.69155782658e-20
95.0250608382,99.9921288882,108.882973455
0.0219235608968,0.00791699933403,-7.69155783188e-20
95.0249337675,99.9920830007,108.882973455
0.0219665061027,0.0079325076344,-7.69155783122e-20
95.0248908223,99.9920674924,108.882973455
0.0,0.0,0.0
95.0468573284,100.0,108.882973455
0.00374111034714,0.00135098348801,2.61317571584e-20
95.0431162181,99.9986490165,108.882973455
0.00680924908763,0.00245894461789,1.9129773931e-20
95.0400480794,99.9975410554,108.882973455
0.00928194037251,0.00335187867623,2.10059496822e-20
95.0375753881,99.9966481213,108.882973455
0.0112682785418,0.00406918172211,2.05032299048e-20
95.0355890499,99.9959308183,108.882973455
0.0128382583254,0.00463613015344,2.06379332632e-20
95.0340190701,99.9953638698,108.882973455
0.0140085847661,0.0050587564547,2.06018396071e-20
95.0328487437,99.9949412435,108.882973455
0.0148778193787,0.00537265298175,2.06115108731e-20
95.0319795091,99.994627347,108.882973455
0.0155227712115,0.00560555687361,2.06089194652e-20
95.0313345572,99.9943944431,108.882973455
0.0159904481058,0.00577444354347,2.06096138309e-20
95.0308668803,99.9942255565,108.882973455
0.0163244240521,0.00589504837114,2.06094277762e-20
95.0305329044,99.9941049516,108.882973455
0.0165695538182,0.00598356921916,2.06094776293e-20
95.0302877746,99.9940164308,108.882973455
0.0167878052408,0.00606238380948,2.06094642715e-20
95.0300695232,99.9939376162,108.882973455
0.0169825758253,0.00613271902202,2.06094678495e-20
95.0298747526,99.993867281,108.882973455
0.0171591050345,0.00619646694728,2.06094668954e-20
95.0296982234,99.9938035331,108.882973455
0.0172802941885,0.00624023056838,2.06094671405e-20
95.0295770343,99.9937597694,108.882973455
0.0174073647987,0.00628611809139,2.06094670875e-20
95.0294499636,99.9937138819,108.882973455
0.0174503100046,0.00630162639176,2.06094670941e-20
95.0294070184,99.9936983736,108.882973455
0.0,0.0,0.0
95.0468573284,100.0,108.882973455
0.00306813874049,0.00110796112988,-7.00198322741e-21
95.0437891897,99.9988920389,108.882973455
0.00554083002537,0.00200089518822,-5.12580747621e-21
95.0413164984,99.9979991048,108.882973455
0.00752716819466,0.0027181982341,-5.6285272536e-21
95.0393301602,99.9972818018,108.882973455
0.00909714797824,0.00328514666543,-5.49382389523e-21
95.0377601805,99.9967148533,108.882973455
0.010267474419,0.00370777296669,-5.52991755132e-21
95.036589854,99.996292227,108.882973455
0.0111367090315,0.00402166949374,-5.52024628532e-21
95.0357206194,99.9959783305,108.882973455
0.0117816608644,0.00425457338561,-5.52283769323e-21
95.0350756676,99.9957454266,108.882973455
0.0122493377586,0.00442346005546,-5.52214332758e-21
95.0346079907,99.9955765399,108.882973455
0.012583313705,0.00454406488313,-5.52232938227e-21
95.0342740147,99.9954559351,108.882973455
0.0128284434711,0.00463258573115,-5.52227952916e-21
95.034028885,99.9953674143,108.882973455
0.0130466948937,0.00471140032147,-5.52229288693e-21
95.0338106335,99.9952885997,108.882973455
0.0132414654782,0.00478173553401,-5.52228930896e-21
95.033615863,99.9952182645,108.882973455
0.0134179946874,0.00484548345927,-5.52229026308e-21
95.0334393338,99.9951545165,108.882973455
0.0135391838413,0.00488924708037,-5.52229001793e-21
95.0333181446,99.9951107529,108.882973455
0.0136662544516,0.00493513460338,-5.52229007093e-21
95.033191074,99.9950648654,108.882973455
0.0137091996575,0.00495064290376,-5.52229006431e-21
95.0331481288,99.9950493571,108.882973455
0.0,0.0,0.0
95.0468573284,100.0,108.882973455
0.00247269128488,0.000892934058338,1.8761757512e-21
95.0443846372,99.9991070659,108.882973455
0.00445902945417,0.00161023710423,1.37345597381e-21
95.042398299,99.9983897629,108.882973455
0.00602900923774,0.00217718553555,1.50815933218e-21
95.0408283192,99.9978228145,108.882973455
0.0071993356785,0.00259981183681,1.47206567609e-21
95.0396579928,99.9974001882,108.882973455
0.00806857029103,0.00291370836386,1.48173694209e-21
95.0387887581,99.9970862916,108.882973455
0.00871352212388,0.00314661225573,1.47914553417e-21
95.0381438063,99.9968533877,108.882973455
0.00918119901812,0.00331549892558,1.47983989983e-21
95.0376761294,99.9966845011,108.882973455
0.00951517496447,0.00343610375325,1.47965384513e-21
95.0373421535,99.9965638962,108.882973455
0.00976030473058,0.00352462460127,1.47970369825e-21
95.0370970237,99.9964753754,108.882973455
0.00997855615319,0.00360343919159,1.47969034048e-21
95.0368787723,99.9963965608,108.882973455
0.0101733267377,0.00367377440414,1.47969391845e-21
95.0366840017,99.9963262256,108.882973455
0.0103498559469,0.00373752232939,1.47969296432e-21
95.0365074725,99.9962624777,108.882973455
0.0104710451008,0.00378128595049,1.47969320948e-21
95.0363862833,99.996218714,108.882973455
0.0105981157111,0.0038271734735,1.47969315648e-21
95.0362592127,99.9961728265,108.882973455
0.010641060917,0.00384268177388,1.4796931631e-21
95.0362162675,99.9961573182,108.882973455
0.0,0.0,0.0
95.0468573284,100.0,108.882973455
0.00198633816928,0.000717303045888,-5.02719777393e-22
95.0448709903,99.999282697,108.882973455
0.00355631795286,0.00128425147722,-3.68016419021e-22
95.0433010105,99.9987157485,108.882973455
0.00472664439362,0.00170687777847,-4.04110075115e-22
95.042130684,99.9982931222,108.882973455
0.00559587900615,0.00202077430552,-3.94438809113e-22
95.0412614494,99.9979792257,108.882973455
0.006240830839,0.00225367819739,-3.97030217026e-22
95.0406164976,99.9977463218,108.882973455
0.00670850773324,0.00242256486724,-3.96335851375e-22
95.0401488207,99.9975774351,108.882973455
0.00704248367959,0.00254316969491,-3.96521906067e-22
95.0398148448,99.9974568303,108.882973455
0.0072876134457,0.00263169054293,-3.96472052951e-22
95.039569715,99.9973683095,108.882973455
0.00750586486831,0.00271050513326,-3.96485410723e-22
95.0393514636,99.9972894949,108.882973455
0.00770063545281,0.0027808403458,-3.96481832749e-22
95.039156693,99.9972191597,108.882973455
0.00787716466199,0.00284458827105,-3.96482786875e-22
95.0389801638,99.9971554117,108.882973455
0.00799835381596,0.00288835189215,-3.96482541718e-22
95.0388589746,99.9971116481,108.882973455
0.00812542442621,0.00293423941516,-3.96482594725e-22
95.038731904,99.9970657606,108.882973455
0.00816836963209,0.00294974771554,-3.96482588099e-22
95.0386889588,99.9970502523,108.882973455
0.0,0.0,0.0
95.0468573284,100.0,108.882973455
0.00156997978358,0.000566948431329,1.34703358372e-22
95.0452873487,99.9994330516,108.882973455
0.00274030622433,0.000989574732582,9.86097022783e-23
95.0441170222,99.9990104253,108.882973455
0.00360954083686,0.00130347125964,1.0828096828e-22
95.0432477876,99.9986965287,108.882973455
0.00425449266972,0.0015363751515,1.05689560367e-22
95.0426028358,99.9984636248,108.882973455
0.00472216956396,0.00170526182136,1.06383926018e-22
95.0421351589,99.9982947382,108.882973455
0.0050561455103,0.00182586664903,1.06197871326e-22
95.0418011829,99.9981741334,108.882973455
0.00530127527641,0.00191438749705,1.06247724442e-22
95.0415560532,99.9980856125,108.882973455
0.00551952669902,0.00199320208737,1.06234366669e-22
95.0413378017,99.9980067979,108.882973455
0.00571429728352,0.00206353729991,1.06237944644e-22
95.0411430312,99.9979364627,108.882973455
0.00589082649271,0.00212728522517,1.06236990518e-22
95.0409665019,99.9978727148,108.882973455
0.00601201564667,0.00217104884626,1.06237235675e-22
95.0408453128,99.9978289512,108.882973455
0.00613908625693,0.00221693636927,1.06237182668e-22
95.0407182422,99.9977830636,108.882973455
0.00618203146281,0.00223244466965,1.06237189294e-22
95.040675297,99.9977675553,108.882973455
0.0,0.0,0.0
95.0468573284,100.0,108.882973455
0.00117032644076,0.000422626301253,-3.60936560933e-23
95.045687002,99.9995773737,108.882973455
0.00203956105329,0.000736522828306,-2.64223900917e-23
95.0448177674,99.9992634772,108.882973455
0.00268451288614,0.000969426720171,-2.90137980049e-23
95.0441728156,99.9990305733,108.882973455
0.00315218978038,0.00113831339003,-2.83194323536e-23
95.0437051387,99.9988616866,108.882973455
0.00348616572672,0.0012589182177,-2.85054870455e-23
95.0433711627,99.9987410818,108.882973455
0.00373129549283,0.00134743906572,-2.84556339293e-23
95.0431260329,99.9986525609,108.882973455
0.00394954691545,0.00142625365604,-2.84689917021e-23
95.0429077815,99.9985737463,108.882973455
0.00414431749995,0.00149658886858,-2.84654137272e-23
95.0427130109,99.9985034111,108.882973455
0.00432084670913,0.00156033679384,-2.84663678539e-23
95.0425364817,99.9984396632,108.882973455
0.00444203586309,0.00160410041493,-2.84661226963e-23
95.0424152926,99.9983958996,108.882973455
0.00456910647335,0.00164998793795,-2.84661757034e-23
95.042288222,99.9983500121,108.882973455
0.00461205167923,0.00166549623832,-2.84661690775e-23
95.0422452768,99.9983345038,108.882973455
0.0,0.0,0.0
95.0468573284,100.0,108.882973455
0.00086923461253,0.000313896527053,9.67126600163e-24
95.0459880938,99.9996861035,108.882973455
0.00151418644538,0.000546800418918,7.07985808841e-24
95.045343142,99.9994531996,108.882973455
0.00198186333962,0.000715687088775,7.77422373968e-24
95.0448754651,99.9992843129,108.882973455
0.00231583928597,0.000836291916445,7.58816904782e-24
95.0445414892,99.9991637081,108.882973455
0.00256096905208,0.000924812764465,7.63802216397e-24
95.0442963594,99.9990751872,108.882973455
0.00277922047469,0.00100362735479,7.62466439122e-24
95.044078108,99.9989963726,108.882973455
0.00297399105919,0.00107396256733,7.62824236607e-24
95.0438833374,99.9989260374,108.882973455
0.00315052026837,0.00113771049258,7.62728823944e-24
95.0437068082,99.9988622895,108.882973455
0.00327170942234,0.00118147411368,7.62753339698e-24
95.043585619,99.9988185259,108.882973455
0.00339878003259,0.00122736163669,7.62748038994e-24
95.0434585484,99.9987726384,108.882973455
0.00344172523847,0.00124286993707,7.62748701582e-24
95.0434156032,99.9987571301,108.882973455
0.0,0.0,0.0
95.0468573284,100.0,108.882973455
0.000644951832854,0.000232903891865,-2.59140791323e-24
95.0462123766,99.9997670961,108.882973455
0.00111262872709,0.000401790561722,-1.89704226196e-24
95.0457446997,99.9995982094,108.882973455
0.00144660467344,0.000522395389392,-2.08309695381e-24
95.0454107238,99.9994776046,108.882973455
0.00169173443955,0.000610916237412,-2.03324383766e-24
95.045165594,99.9993890838,108.882973455
0.00190998586216,0.000689730827733,-2.04660161041e-24
95.0449473426,99.9993102692,108.882973455
0.00210475644666,0.000760066040274,-2.04302363556e-24
95.044752572,99.999239934,108.882973455
0.00228128565584,0.00082381396553,-2.04397776219e-24
95.0445760428,99.999176186,108.882973455
0.00240247480981,0.000867577586628,-2.04373260465e-24
95.0444548536,99.9991324224,108.882973455
0.00252954542006,0.000913465109639,-2.04378561169e-24
95.044327783,99.9990865349,108.882973455
0.00257249062594,0.000928973410016,-2.04377898581e-24
95.0442848378,99.9990710266,108.882973455
0.0,0.0,0.0
95.0468573284,100.0,108.882973455
0.000467676894239,0.000168886669857,6.9436565127e-25
95.0463896515,99.9998311133,108.882973455
0.000801652840583,0.000289491497527,5.08310959415e-25
95.0460556756,99.9997105085,108.882973455
0.0010467826067,0.000378012345547,5.58164075566e-25
95.0458105458,99.9996219877,108.882973455
0.00126503402931,0.000456826935868,5.44806302817e-25
95.0455922944,99.9995431731,108.882973455
0.00145980461381,0.000527162148409,5.48384277661e-25
95.0453975238,99.9994728379,108.882973455
0.00163633382299,0.000590910073665,5.47430151036e-25
95.0452209946,99.9994090899,108.882973455
0.00175752297695,0.000634673694763,5.47675308571e-25
95.0450998055,99.9993653263,108.882973455
0.00188459358721,0.000680561217774,5.47622301537e-25
95.0449727349,99.9993194388,108.882973455
0.00192753879309,0.000696069518151,5.47628927416e-25
95.0449297896,99.9993039305,108.882973455
0.0,0.0,0.0
95.0468573284,100.0,108.882973455
0.000333975946344,0.00012060482767,-1.86054691855e-25
95.0465233525,99.9998793952,108.882973455
0.000579105712456,0.00020912567569,-1.36201575704e-25
95.0462782227,99.9997908743,108.882973455
0.000797357135066,0.000287940266011,-1.49559348453e-25
95.0460599713,99.9997120597,108.882973455
0.000992127719567,0.000358275478553,-1.4598137361e-25
95.0458652007,99.9996417245,108.882973455
0.00116865692875,0.000422023403808,-1.46935500234e-25
95.0456886715,99.9995779766,108.882973455
0.00128984608272,0.000465787024906,-1.46690342699e-25
95.0455674824,99.999534213,108.882973455
0.00141691669297,0.000511674547917,-1.46743349734e-25
95.0454404117,99.9994883255,108.882973455
0.00145986189885,0.000527182848294,-1.46736723854e-25
95.0453974665,99.9994728172,108.882973455
0.0,0.0,0.0
95.0468573284,100.0,108.882973455
0.000245129766112,8.85208480199e-05,4.9853116151e-26
95.0466121987,99.9999114792,108.882973455
0.000463381188722,0.000167335438341,3.64953434024e-26
95.0463939473,99.9998326646,108.882973455
0.000658151773223,0.000237670650883,4.00733182458e-26
95.0461991767,99.9997623293,108.882973455
0.000834680982405,0.000301418576138,3.91191916209e-26
95.0460226475,99.9996985814,108.882973455
0.000955870136372,0.000345182197236,3.93643491564e-26
95.0459014583,99.9996548178,108.882973455
0.00108294074662,0.000391069720247,3.93113421217e-26
95.0457743877,99.9996089303,108.882973455
0.00112588595251,0.000406578020624,3.9317968001e-26
95.0457314425,99.999593422,108.882973455
0.0,0.0,0.0
95.0468573284,100.0,108.882973455
0.000218251422611,7.88145903212e-05,-1.33577727486e-26
95.046639077,99.9999211854,108.882973455
0.000413022007111,0.000149149802863,-9.77979790521e-27
95.0464443064,99.9998508502,108.882973455
0.000589551216293,0.000212897728119,-1.07339245301e-26
95.0462677772,99.9997871023,108.882973455
0.00071074037026,0.000256661349216,-1.04887669945e-26
95.0461465881,99.9997433387,108.882973455
0.000837810980512,0.000302548872227,-1.05417740293e-26
95.0460195175,99.9996974511,108.882973455
0.000880756186394,0.000318057172604,-1.05351481499e-26
95.0459765723,99.9996819428,108.882973455
0.0,0.0,0.0
95.0468573284,100.0,108.882973455
0.000194770584501,7.03352125415e-05,3.57797484337e-27
95.0466625579,99.9999296648,108.882973455
0.000371299793683,0.000134083137797,2.62384821847e-27
95.0464860286,99.9998659169,108.882973455
0.000492488947649,0.000177846758895,2.86900575404e-27
95.0463648395,99.9998221532,108.882973455
0.000619559557902,0.000223734281906,2.81599871932e-27
95.0462377689,99.9997762657,108.882973455
0.000662504763783,0.000239242582283,2.82262459866e-27
95.0461948237,99.9997607574,108.882973455
0.0,0.0,0.0
95.0468573284,100.0,108.882973455
0.000176529209182,6.37479252559e-05,-9.54126624899e-28
95.0466807992,99.9999362521,108.882973455
0.000297718363149,0.000107511546353,-7.08969089335e-28
95.0465596101,99.9998924885,108.882973455
0.000424788973401,0.000153399069365,-7.61976124051e-28
95.0464325395,99.9998466009,108.882973455
0.000467734179282,0.000168907369742,-7.55350244712e-28
95.0463895943,99.9998310926,108.882973455
0.0,0.0,0.0
95.0468573284,100.0,108.882973455
0.000121189153966,4.37636210976e-05,2.45157535564e-28
95.0467361393,99.9999562364,108.882973455
0.000248259764219,8.96511441088e-05,1.92150500848e-28
95.0466090687,99.9999103489,108.882973455
0.0002912049701,0.000105159444486,1.98776380187e-28
95.0465661235,99.9998948406,108.882973455
0.0,0.0,0.0
95.0468573284,100.0,108.882973455
0.000127070610253,4.58875230112e-05,-5.30070347166e-29
95.0467302578,99.9999541125,108.882973455
0.000170015816134,6.13958233883e-05,-4.6381155377e-29
95.0466873126,99.9999386042,108.882973455
0.0,0.0,0.0
95.0468573284,100.0,108.882973455
4.29452058813e-05,1.55083003771e-05,6.62587933958e-30
95.0468143832,99.9999844917,108.882973455
0.0,0.0,0.0
95.0468573284,100.0,108.882973455
