Kingdom,Phylum,Class,Order,Family,Genus,SpeciesVerbatim,SpeciesAcceptedName,FMR_kJ_d,Mass_g,Temp_C,Endotherm,Reference,Comment,Outlier
Animalia,Chordata,Actinopterygii,Salmoniformes,Salmonidae,Salmo,Salmo trutta trutta,Salmo trutta,7.30E+01,3.93E+02,14.00,0,Altimiras 2002,,0
Animalia,Chordata,Actinopterygii,Salmoniformes,Salmonidae,Salmo,Salmo trutta trutta,Salmo trutta,7.18E+01,3.93E+02,18.00,0,Altimiras 2002,,0
Animalia,Chordata,Aves,Passeriformes,Leiothrichidae,Turdoides,Turdoides squamiceps,Turdoides squamiceps,1.23E+02,7.03E+01,30.00,1,Anava 2002,,0
Animalia,Chordata,Aves,Passeriformes,Leiothrichidae,Turdoides,Turdoides squamiceps,Turdoides squamiceps,1.30E+02,7.56E+01,15.00,1,Anava 2002,,0
Animalia,Chordata,Aves,Charadriiformes,Scolopacidae,Actitis,Actitis hypoleucos,Actitis hypoleucos,1.46E+02,5.16E+01,11.50,1,Anderson 2005,,0
Animalia,Chordata,Mammalia,Carnivora,Canidae,Lycaon,Lycaon pictus,Lycaon pictus,1.53E+04,2.52E+04,19.50,1,Anderson 2005,,1
Animalia,Chordata,Mammalia,Chiroptera,Phyllostomidae,Phyllostomus,Phyllostomus hastatus,Phyllostomus hastatus,1.46E+02,8.08E+01,30.00,1,Anderson 2005,,0
Animalia,Chordata,Mammalia,Diprotodontia,Potoroidae,Aepyprymnus,Aepyprymnus rufescens,Aepyprymnus rufescens,1.43E+03,2.86E+03,18.30,1,Anderson 2005,,0
Animalia,Chordata,Mammalia,Diprotodontia,Potoroidae,Bettongia,Bettongia lesueur,Bettongia lesueur,4.42E+02,7.20E+02,25.50,1,Anderson 2005,,0
Animalia,Chordata,Aves,Caprimulgiformes,Caprimulgidae,Phalaenoptilus,Phalaenoptilus nuttallii,Phalaenoptilus nuttallii,5.53E+01,5.12E+01,13.60,1,Anderson 2005,,0
Animalia,Chordata,Aves,Charadriiformes,Alcidae,Ptychoramphus,Plychoramphus aleuticus,Ptychoramphus aleuticus,4.13E+02,1.74E+02,14.40,1,Anderson 2005,,0
Animalia,Chordata,Aves,Charadriiformes,Laridae,Rissa,Rissa tridaclyla,Rissa tridactyla,8.24E+02,3.65E+02,5.50,1,Anderson 2005,,0
Animalia,Chordata,Aves,Charadriiformes,Alcidae,Aethia,Aethia pusilla,Aethia pusilla,3.50E+02,8.03E+01,7.70,1,Anderson 2005,,0
Animalia,Chordata,Aves,Charadriiformes,Alcidae,Aethia,Aethia pusilla,Aethia pusilla,3.58E+02,8.35E+01,7.40,1,Anderson 2005,,0
Animalia,Chordata,Aves,Charadriiformes,Laridae,Anous,Anous stolidus,Anous stolidus,3.52E+02,1.95E+02,24.80,1,Anderson 2005,,0
Animalia,Chordata,Aves,Charadriiformes,Charadriidae,Charadrius,Charadrius hiaticula,Charadrius hiaticula,3.02E+02,7.48E+01,11.50,1,Anderson 2005,,0
Animalia,Chordata,Aves,Charadriiformes,Scolopacidae,Calidris,Calidris alba,Calidris alba,1.00E+02,4.88E+01,26.60,1,Anderson 2005,,0
Animalia,Chordata,Aves,Charadriiformes,Scolopacidae,Calidris,Calidris alba,Calidris alba,1.35E+02,5.34E+01,10.10,1,Anderson 2005,,0
Animalia,Chordata,Aves,Charadriiformes,Scolopacidae,Calidris,Calidris alba,Calidris alba,1.29E+02,5.37E+01,22.00,1,Anderson 2005,,0
Animalia,Chordata,Aves,Charadriiformes,Scolopacidae,Calidris,Calidris alba,Calidris alba,2.00E+02,6.42E+01,-2.00,1,Anderson 2005,,0
Animalia,Chordata,Aves,Charadriiformes,Scolopacidae,Arenaria,Arenaria interpres,Arenaria interpres,3.64E+02,1.09E+02,2.90,1,Anderson 2005,,0
Animalia,Chordata,Aves,Charadriiformes,Laridae,Sterna,Sterna paradisaea,Sterna paradisaea,3.35E+02,1.01E+02,14.60,1,Anderson 2005,,0
Animalia,Chordata,Aves,Charadriiformes,Laridae,Sterna,Sterna hirundo,Sterna hirundo,3.43E+02,1.27E+02,14.70,1,Anderson 2005,,0
Animalia,Chordata,Aves,Charadriiformes,Laridae,Rissa,Rissa tridactyla,Rissa tridactyla,7.95E+02,3.86E+02,4.60,1,Anderson 2005,,0
Animalia,Chordata,Aves,Charadriiformes,Laridae,Rissa,Rissa tridactyla,Rissa tridactyla,9.04E+02,4.04E+02,6.80,1,Anderson 2005,,0
Animalia,Chordata,Aves,Charadriiformes,Alcidae,Uria,Uria lomvia,Uria lomvia,1.48E+03,8.34E+02,7.40,1,Anderson 2005,,0
Animalia,Chordata,Aves,Charadriiformes,Alcidae,Cepphus,Cepphus grylle,Cepphus grylle,8.60E+02,3.80E+02,7.00,1,Anderson 2005,,0
Animalia,Chordata,Aves,Charadriiformes,Alcidae,Alle,Alle alle,Alle alle,6.96E+02,1.64E+02,3.10,1,Anderson 2005,,0
Animalia,Chordata,Aves,Charadriiformes,Laridae,Onychoprion,Sterna fuscata,Onychoprion fuscatus,2.41E+02,1.87E+02,23.10,1,Anderson 2005,,0
Animalia,Chordata,Aves,Columbiformes,Columbidae,Geophaps,Geophaps plumifera,Geophaps plumifera,7.60E+01,8.70E+01,26.50,1,Anderson 2005,,0
Animalia,Chordata,Aves,Coraciiformes,Meropidae,Merops,Merops viridis,Merops viridis,7.74E+01,3.38E+01,26.70,1,Anderson 2005,,0
Animalia,Chordata,Aves,Coraciiformes,Meropidae,Merops,Merops viridis,Merops viridis,8.53E+01,3.43E+01,26.90,1,Anderson 2005,,0
Animalia,Chordata,Aves,Coraciiformes,Alcedinidae,Ceryle,Ceryle rudis,Ceryle rudis,2.10E+02,7.60E+01,19.30,1,Anderson 2005,,0
Animalia,Chordata,Aves,Falconiformes,Falconidae,Falco,Falco tinnunculus,Falco tinnunculus,3.38E+02,2.17E+02,14.10,1,Anderson 2005,,0
Animalia,Chordata,Aves,Falconiformes,Falconidae,Falco,Falco tinnunculus,Falco tinnunculus,3.43E+02,2.20E+02,9.60,1,Anderson 2005,,0
Animalia,Chordata,Aves,Galliformes,Phasianidae,Alectoris,Alectoris chukar,Alectoris chukar,2.60E+02,3.95E+02,20.20,1,Anderson 2005,,0
Animalia,Chordata,Aves,Galliformes,Phasianidae,Ammoperdix,Ammoperdix heyi,Ammoperdix heyi,1.48E+02,1.90E+02,20.30,1,Anderson 2005,,0
Animalia,Chordata,Aves,Galliformes,Odontophoridae,Callipepla,Callipepla gambelii,Callipepla gambelii,9.08E+01,1.45E+02,32.00,1,Anderson 2005,,0
Animalia,Chordata,Aves,Galliformes,Phasianidae,Centrocercus,Centrocercus urophasianus,Centrocercus urophasianus,1.54E+03,2.50E+03,4.90,1,Anderson 2005,,0
Animalia,Chordata,Aves,Passeriformes,Alaudidae,Calendulauda,Mirafra erythrochlamys,Calendulauda erythrochlamys,9.25E+01,2.74E+01,15.90,1,Anderson 2005,,0
Animalia,Chordata,Aves,Passeriformes,Climacteridae,Cormobates,Cormobates leucophaeus,Cormobates leucophaea,8.14E+01,2.37E+01,21.90,1,Anderson 2005,,0
Animalia,Chordata,Aves,Passeriformes,Hirundinidae,Delichon,Delichon urbica,Delichon urbicum,8.08E+01,1.78E+01,10.20,1,Anderson 2005,,0
Animalia,Chordata,Aves,Passeriformes,Hirundinidae,Delichon,Delichon urbica,Delichon urbicum,8.02E+01,1.90E+01,12.90,1,Anderson 2005,,0
Animalia,Chordata,Aves,Passeriformes,Hirundinidae,Delichon,Delichon urbica,Delichon urbicum,7.93E+01,1.95E+01,11.50,1,Anderson 2005,,0
Animalia,Chordata,Aves,Passeriformes,Hirundinidae,Hirundo,Hirundo ruslica,Hirundo rustica,8.75E+01,1.72E+01,21.30,1,Anderson 2005,,0
Animalia,Chordata,Aves,Passeriformes,Hirundinidae,Hirundo,Hirundo ruslica,Hirundo rustica,1.10E+02,1.87E+01,11.80,1,Anderson 2005,,0
Animalia,Chordata,Aves,Passeriformes,Hirundinidae,Hirundo,Hirundo ruslica,Hirundo rustica,1.04E+02,2.04E+01,12.90,1,Anderson 2005,,0
Animalia,Chordata,Aves,Passeriformes,Muscicapidae,Ficedula,Ficedula albicollis,Ficedula albicollis,7.86E+01,1.59E+01,10.80,1,Anderson 2005,,0
Animalia,Chordata,Aves,Passeriformes,Passerellidae,Junco,Junco phaeonotus,Junco phaeonotus,7.07E+01,1.95E+01,19.40,1,Anderson 2005,,0
Animalia,Chordata,Aves,Passeriformes,Passerellidae,Junco,Junco phaeonotus,Junco phaeonotus,7.05E+01,1.99E+01,5.30,1,Anderson 2005,,0
Animalia,Chordata,Aves,Passeriformes,Ptilogonatidae,Phainopepla,Phainopepla nitens,Phainopepla nitens,7.91E+01,2.27E+01,20.20,1,Anderson 2005,,0
Animalia,Chordata,Aves,Passeriformes,Passeridae,Philetairus,Philetairus socius,Philetairus socius,4.87E+01,2.55E+01,14.00,1,Anderson 2005,,0
Animalia,Chordata,Aves,Passeriformes,Meliphagidae,Phylidonyris,Phylidonyris novaehollandiae,Phylidonyris novaehollandiae,7.76E+01,1.73E+01,20.90,1,Anderson 2005,,0
Animalia,Chordata,Aves,Passeriformes,Turdidae,Sialia,Sialia mexicana,Sialia mexicana,9.50E+01,2.74E+01,12.70,1,Anderson 2005,,0
Animalia,Chordata,Aves,Passeriformes,Leiothrichidae,Turdoides,Turdoides squamiceps,Turdoides squamiceps,1.21E+02,7.25E+01,23.90,1,Anderson 2005,,0
Animalia,Chordata,Aves,Passeriformes,Prunellidae,Prunella,Prunella modularis,Prunella modularis,8.60E+01,2.12E+01,3.00,1,Anderson 2005,,0
Animalia,Chordata,Aves,Passeriformes,Passerellidae,Junco,Junco hyemalis,Junco hyemalis,7.05E+01,1.78E+01,4.40,1,Anderson 2005,,0
Animalia,Chordata,Aves,Passeriformes,Passerellidae,Junco,Junco hyemalis,Junco hyemalis,8.27E+01,2.14E+01,22.40,1,Anderson 2005,,0
Animalia,Chordata,Aves,Passeriformes,Fringillidae,Pyrrhula,Pyrrhula pyrrhula,Pyrrhula pyrrhula,8.80E+01,2.51E+01,4.00,1,Anderson 2005,,0
Animalia,Chordata,Aves,Passeriformes,Cinclidae,Cinclus,Cinclus cinclus,Cinclus cinclus,2.06E+02,6.37E+01,4.60,1,Anderson 2005,,0
Animalia,Chordata,Aves,Passeriformes,Cinclidae,Cinclus,Cinclus cinclus,Cinclus cinclus,8.45E+01,6.43E+01,13.60,1,Anderson 2005,,0
Animalia,Chordata,Aves,Passeriformes,Turdidae,Turdus,Turdus merula,Turdus merula,1.79E+02,9.60E+01,3.00,1,Anderson 2005,,0
Animalia,Chordata,Aves,Passeriformes,Sturnidae,Sturnus,Sturnus vulgaris,Sturnus vulgaris,2.69E+02,7.87E+01,16.40,1,Anderson 2005,,0
Animalia,Chordata,Aves,Passeriformes,Paridae,Parus,Parus major,Parus major,7.20E+01,1.74E+01,17.10,1,Anderson 2005,,0
Animalia,Chordata,Aves,Passeriformes,Paridae,Parus,Parus major,Parus major,1.03E+02,1.77E+01,11.70,1,Anderson 2005,,0
Animalia,Chordata,Aves,Passeriformes,Paridae,Parus,Parus major,Parus major,9.51E+01,1.77E+01,14.60,1,Anderson 2005,,0
Animalia,Chordata,Aves,Passeriformes,Paridae,Parus,Parus major,Parus major,9.79E+01,1.77E+01,16.10,1,Anderson 2005,,0
Animalia,Chordata,Aves,Passeriformes,Paridae,Parus,Parus major,Parus major,1.03E+02,1.78E+01,11.70,1,Anderson 2005,,0
Animalia,Chordata,Aves,Passeriformes,Paridae,Parus,Parus major,Parus major,5.60E+01,1.89E+01,3.00,1,Anderson 2005,,0
Animalia,Chordata,Aves,Passeriformes,Muscicapidae,Erithacus,Erithacus rubecula,Erithacus rubecula,7.13E+01,1.87E+01,10.80,1,Anderson 2005,,0
Animalia,Chordata,Aves,Passeriformes,Muscicapidae,Erithacus,Erithacus rubecula,Erithacus rubecula,6.30E+01,1.95E+01,4.60,1,Anderson 2005,,0
Animalia,Chordata,Aves,Passeriformes,Muscicapidae,Oenanthe,Oenanthe oenanthe,Oenanthe oenanthe,8.74E+01,2.43E+01,12.70,1,Anderson 2005,,0
Animalia,Chordata,Aves,Passeriformes,Muscicapidae,Oenanthe,Oenanthe oenanthe,Oenanthe oenanthe,9.53E+01,2.43E+01,13.00,1,Anderson 2005,,0
Animalia,Chordata,Aves,Passeriformes,Passerellidae,Passerculus,Passerculus sandwichensis,Passerculus sandwichensis,6.77E+01,1.70E+01,14.40,1,Anderson 2005,,0
Animalia,Chordata,Aves,Passeriformes,Passerellidae,Passerculus,Passerculus sandwichensis,Passerculus sandwichensis,7.38E+01,1.87E+01,16.80,1,Anderson 2005,,0
Animalia,Chordata,Aves,Passeriformes,Passerellidae,Passerculus,Passerculus sandwichensis,Passerculus sandwichensis,8.03E+01,1.91E+01,16.00,1,Anderson 2005,,0
Animalia,Chordata,Aves,Passeriformes,Passerellidae,Passerculus,Passerculus sandwichensis,Passerculus sandwichensis,1.56E+02,2.10E+01,15.70,1,Anderson 2005,,0
Animalia,Chordata,Aves,Passeriformes,Hirundinidae,Tachycineta,Tachycineta bicolor,Tachycineta bicolor,1.18E+02,2.24E+01,15.40,1,Anderson 2005,,0
Animalia,Chordata,Aves,Passeriformes,Hirundinidae,Progne,Progne subis,Progne subis,1.63E+02,4.90E+01,18.60,1,Anderson 2005,,0
Animalia,Chordata,Aves,Phaethontiformes,Phaethontidae,Phaethon,Phaethon lepturus,Phaethon lepturus,7.77E+02,3.70E+02,27.10,1,Anderson 2005,,1
Animalia,Chordata,Aves,Piciformes,Picidae,Melanerpes,Melanerpes formicivurvus,Melanerpes formicivorus,1.95E+02,8.20E+01,12.60,1,Anderson 2005,,0
Animalia,Chordata,Aves,Procellariiformes,Hydrobatidae,Oceanites,Oceanites oceanus,Oceanites oceanicus,1.19E+02,4.23E+01,1.00,1,Anderson 2005,,0
Animalia,Chordata,Aves,Procellariiformes,Procellariidae,Pachyptila,Pachyptila desolata,Pachyptila desolata,3.91E+02,1.49E+02,4.70,1,Anderson 2005,,0
Animalia,Chordata,Aves,Procellariiformes,Pelecanoididae,Pelecanoides,Pelecanoides urinatrix,Pelecanoides urinatrix,5.57E+02,1.37E+02,7.40,1,Anderson 2005,,0
Animalia,Chordata,Aves,Procellariiformes,Pelecanoididae,Pelecanoides,Pelecanoides georgicus,Pelecanoides georgicus,4.64E+02,1.09E+02,7.40,1,Anderson 2005,,0
Animalia,Chordata,Aves,Procellariiformes,Procellariidae,Macronectes,Macronectes giganteus,Macronectes giganteus,4.33E+03,3.89E+03,1.10,1,Anderson 2005,,0
Animalia,Chordata,Aves,Procellariiformes,Procellariidae,Puffinus,Puffinus pacificus,Puffinus pacificus,6.14E+02,3.84E+02,24.80,1,Anderson 2005,,0
Animalia,Chordata,Aves,Procellariiformes,Hydrobatidae,Oceanodroma,Oceanodroma leucorhoa,Oceanodroma leucorhoa,8.71E+01,4.48E+01,15.90,1,Anderson 2005,,0
Animalia,Chordata,Aves,Procellariiformes,Diomedeidae,Phoebastria,Diomedea immutabilis,Phoebastria immutabilis,1.33E+03,3.07E+03,5.00,1,Anderson 2005,,0
Animalia,Chordata,Aves,Procellariiformes,Diomedeidae,Thalassarche,Diomedea chrysostoma,Thalassarche chrysostoma,2.39E+03,3.71E+03,4.80,1,Anderson 2005,,0
Animalia,Chordata,Aves,Psittaciformes,Psittacidae,Barnardius,Barnardius zonarius,Barnardius zonarius,1.89E+02,1.45E+02,25.30,1,Anderson 2005,,0
Animalia,Chordata,Aves,Psittaciformes,Psittacidae,Neophema,Neophema petrophila,Neophema petrophila,1.06E+02,6.28E+01,24.50,1,Anderson 2005,,0
Animalia,Chordata,Aves,Psittaciformes,Psittacidae,Melopsittacus,Melopsittacus undulatus,Melopsittacus undulatus,5.91E+01,2.79E+01,28.90,1,Anderson 2005,,0
Animalia,Chordata,Aves,Psittaciformes,Psittacidae,Eolophus,Cacatua roseicapilla,Eolophus roseicapilla,3.49E+02,3.07E+02,25.30,1,Anderson 2005,,0
Animalia,Chordata,Aves,Sphenisciformes,Spheniscidae,Eudyptula,Eudyprula minor,Eudyptula minor,1.86E+03,1.07E+03,14.80,1,Anderson 2005,,0
Animalia,Chordata,Aves,Sphenisciformes,Spheniscidae,Eudyptula,Eudyprula minor,Eudyptula minor,9.16E+02,1.09E+03,12.10,1,Anderson 2005,,0
Animalia,Chordata,Aves,Sphenisciformes,Spheniscidae,Eudyptula,Eudyprula minor,Eudyptula minor,1.06E+03,1.12E+03,13.40,1,Anderson 2005,,0
Animalia,Chordata,Aves,Sphenisciformes,Spheniscidae,Eudyptula,Eudyprula minor,Eudyptula minor,6.57E+02,1.37E+03,15.60,1,Anderson 2005,,0
Animalia,Chordata,Aves,Sphenisciformes,Spheniscidae,Pygoscelis,Pygoscelis antarclica,Pygoscelis antarcticus,4.72E+03,3.81E+03,0.80,1,Anderson 2005,,0
Animalia,Chordata,Aves,Sphenisciformes,Spheniscidae,Eudyptula,Eudyptula minor,Eudyptula minor,1.21E+03,1.04E+03,9.90,1,Anderson 2005,,0
Animalia,Chordata,Aves,Sphenisciformes,Spheniscidae,Eudyptula,Eudyptula minor,Eudyptula minor,1.16E+03,1.05E+03,11.00,1,Anderson 2005,,0
Animalia,Chordata,Aves,Sphenisciformes,Spheniscidae,Pygoscelis,Pygoscelis papua,Pygoscelis papua,3.68E+03,6.09E+03,4.10,1,Anderson 2005,,0
Animalia,Chordata,Aves,Sphenisciformes,Spheniscidae,Pygoscelis,Pygoscelis papua,Pygoscelis papua,4.16E+03,6.20E+03,1.80,1,Anderson 2005,,0
Animalia,Chordata,Aves,Sphenisciformes,Spheniscidae,Pygoscelis,Pygoscelis adeliae,Pygoscelis adeliae,3.90E+03,3.81E+03,1.40,1,Anderson 2005,,0
Animalia,Chordata,Aves,Sphenisciformes,Spheniscidae,Pygoscelis,Pygoscelis adeliae,Pygoscelis adeliae,3.83E+03,3.97E+03,1.00,1,Anderson 2005,,0
Animalia,Chordata,Aves,Sphenisciformes,Spheniscidae,Pygoscelis,Pygoscelis adeliae,Pygoscelis adeliae,4.19E+03,4.04E+03,0.10,1,Anderson 2005,,0
Animalia,Chordata,Aves,Sphenisciformes,Spheniscidae,Spheniscus,Spheniscus demersus,Spheniscus demersus,1.95E+03,3.17E+03,14.60,1,Anderson 2005,,0
Animalia,Chordata,Aves,Sphenisciformes,Spheniscidae,Eudyptes,Eudyptes chrysolophus,Eudyptes chrysolophus,2.95E+03,4.27E+03,4.10,1,Anderson 2005,,0
Animalia,Chordata,Aves,Sphenisciformes,Spheniscidae,Aptenodytes,Aptenodytes patagonicus,Aptenodytes patagonicus,7.41E+03,1.29E+04,7.30,1,Anderson 2005,,0
Animalia,Chordata,Aves,Struthioniformes,Struthionidae,Struthio,Struthio camelus,Struthio camelus,1.80E+04,8.83E+04,22.20,1,Anderson 2005,,0
Animalia,Chordata,Aves,Suliformes,Phalacrocoracidae,Phalacrocorax,Phalacrocorax carbo sinensis,Phalacrocorax carbo,2.09E+03,2.12E+03,-3.60,1,Anderson 2005,,0
Animalia,Chordata,Aves,Suliformes,Sulidae,Morus,Sula bassanus,Morus bassanus,4.87E+03,3.21E+03,12.80,1,Anderson 2005,,0
Animalia,Chordata,Aves,Suliformes,Sulidae,Morus,Morus capensis,Morus capensis,3.38E+03,2.58E+03,23.30,1,Anderson 2005,,1
Animalia,Chordata,Aves,Suliformes,Sulidae,Sula,Sula sula,Sula sula,1.22E+03,1.07E+03,25.50,1,Anderson 2005,,0
Animalia,Chordata,Mammalia,Afrosoricida,Chrysochloridae,Eremitalpa,Eremitalpa namibensis,,1.25E+01,2.07E+01,17.30,1,Anderson 2005,,1
Animalia,Chordata,Mammalia,Afrosoricida,Tenrecidae,Microgale,Microgale dobsoni,Microgale dobsoni,7.71E+01,4.26E+01,17.60,1,Anderson 2005,,0
Animalia,Chordata,Mammalia,Afrosoricida,Tenrecidae,Microgale,Microgale talazaci,Microgale talazaci,6.65E+01,4.28E+01,19.90,1,Anderson 2005,,0
Animalia,Chordata,Mammalia,Artiodactyla,Bovidae,Antidorcas,Antidorcas marsupialis,Antidorcas marsupialis,2.41E+04,4.33E+04,19.80,1,Anderson 2005,,1
Animalia,Chordata,Mammalia,Artiodactyla,Cervidae,Cervus,Cervus elaphus,Cervus elaphus,2.50E+04,1.07E+05,13.30,1,Anderson 2005,,0
Animalia,Chordata,Mammalia,Artiodactyla,Cervidae,Odocoileus,Odocoileus hemionus,Odocoileus hemionus,1.80E+04,3.91E+04,22.30,1,Anderson 2005,,1
Animalia,Chordata,Mammalia,Artiodactyla,Bovidae,Oryx,Oryx leucoryx,Oryx leucoryx,1.11E+04,8.15E+04,32.50,1,Anderson 2005,,0
Animalia,Chordata,Mammalia,Artiodactyla,Bovidae,Oryx,Oryx leucoryx,Oryx leucoryx,2.21E+04,8.90E+04,22.80,1,Anderson 2005,,0
Animalia,Chordata,Mammalia,Carnivora,Phocidae,Mirounga,Miraunga angustirostris,Mirounga angustirostris,3.08E+04,8.68E+04,10.00,1,Anderson 2005,,0
Animalia,Chordata,Mammalia,Carnivora,Hyaenidae,Proteles,Proteles cristatus,Proteles cristata,2.89E+03,7.77E+03,12.20,1,Anderson 2005,,0
Animalia,Chordata,Mammalia,Carnivora,Hyaenidae,Proteles,Proteles cristatus,Proteles cristata,1.84E+03,8.54E+03,27.20,1,Anderson 2005,,0
Animalia,Chordata,Mammalia,Carnivora,Procyonidae,Bassariscus,Bassariscus astutus,Bassariscus astutus,4.72E+02,7.52E+02,26.70,1,Anderson 2005,,0
Animalia,Chordata,Mammalia,Carnivora,Herpestidae,Suricata,Suricata suricatta,Suricata suricatta,5.49E+02,7.62E+02,23.40,1,Anderson 2005,,0
Animalia,Chordata,Mammalia,Carnivora,Canidae,Vulpes,Vulpes cana,Vulpes cana,6.42E+02,9.72E+02,18.60,1,Anderson 2005,,0
Animalia,Chordata,Mammalia,Carnivora,Canidae,Vulpes,Vulpes macrotis,Vulpes macrotis,1.18E+03,1.48E+03,18.70,1,Anderson 2005,,0
Animalia,Chordata,Mammalia,Carnivora,Canidae,Vulpes,Vulpes velox,Vulpes velox,1.49E+03,1.99E+03,-2.60,1,Anderson 2005,,0
Animalia,Chordata,Mammalia,Carnivora,Canidae,Vulpes,Vulpes velox,Vulpes velox,2.08E+03,2.20E+03,14.20,1,Anderson 2005,,0
Animalia,Chordata,Mammalia,Carnivora,Otariidae,Arctocephalus,Arctocephalus galapagoensis,Arctocephalus galapagoensis,4.78E+03,3.74E+04,21.80,1,Anderson 2005,,1
Animalia,Chordata,Mammalia,Carnivora,Otariidae,Phocarctos,Phocarctos hookeri,Phocarctos hookeri,5.26E+04,1.11E+05,12.50,1,Anderson 2005,,1
Animalia,Chordata,Mammalia,Carnivora,Otariidae,Arctocephalus,Arctocephalus gazella,Arctocephalus gazella,1.63E+03,2.66E+03,4.80,1,Anderson 2005,,0
Animalia,Chordata,Mammalia,Carnivora,Otariidae,Arctocephalus,Arctocephalus gazella,Arctocephalus gazella,2.27E+04,3.49E+04,4.80,1,Anderson 2005,,0
Animalia,Chordata,Mammalia,Carnivora,Otariidae,Arctocephalus,Arctocephalus gazella,Arctocephalus gazella,1.93E+04,3.68E+04,4.80,1,Anderson 2005,,0
Animalia,Chordata,Mammalia,Carnivora,Phocidae,Phoca,Phoca vitulina,Phoca vitulina,5.25E+04,9.90E+04,11.80,1,Anderson 2005,,1
Animalia,Chordata,Mammalia,Chiroptera,Phyllostomidae,Anoura,Anoura caudifer,Anoura caudifer,5.19E+01,1.15E+01,23.90,1,Anderson 2005,,0
Animalia,Chordata,Mammalia,Chiroptera,Vespertilionidae,Eptesicus,Eptesicus fuscus,Eptesicus fuscus,4.36E+01,2.08E+01,18.10,1,Anderson 2005,,0
Animalia,Chordata,Mammalia,Chiroptera,Phyllostomidae,Macrotus,Macrotus californicus,Macrotus californicus,2.15E+01,1.30E+01,23.10,1,Anderson 2005,,0
Animalia,Chordata,Mammalia,Chiroptera,Vespertilionidae,Myotis,Myotis lucifugus,Myotis lucifugus,2.99E+01,9.00E+00,17.90,1,Anderson 2005,,0
Animalia,Chordata,Mammalia,Chiroptera,Emballonuridae,Saccopteryx,Saccopteryx bilineata,Saccopteryx bilineata,1.62E+01,7.90E+00,19.30,1,Anderson 2005,,0
Animalia,Chordata,Mammalia,Chiroptera,Pteropodidae,Syconycteris,Syconycteris australis,Syconycteris australis,7.69E+01,1.74E+01,16.00,1,Anderson 2005,,0
Animalia,Chordata,Mammalia,Chiroptera,Vespertilionidae,Plecotus,Plecotus auritus,Plecotus auritus,2.76E+01,8.50E+00,5.50,1,Anderson 2005,,0
Animalia,Chordata,Mammalia,Dasyuromorphia,Dasyuridae,Antechinus,Antechinus stuartii,Antechinus stuartii,4.54E+01,1.62E+01,17.40,1,Anderson 2005,,0
Animalia,Chordata,Mammalia,Dasyuromorphia,Dasyuridae,Antechinus,Antechinus stuartii,Antechinus stuartii,5.41E+01,2.28E+01,5.90,1,Anderson 2005,,0
Animalia,Chordata,Mammalia,Dasyuromorphia,Dasyuridae,Antechinus,Antechinus stuartii,Antechinus stuartii,8.65E+01,2.78E+01,16.40,1,Anderson 2005,,0
Animalia,Chordata,Mammalia,Dasyuromorphia,Dasyuridae,Antechinus,Antechinus stuartii,Antechinus stuartii,8.64E+01,3.30E+01,11.30,1,Anderson 2005,,0
Animalia,Chordata,Mammalia,Dasyuromorphia,Dasyuridae,Antechinus,Antechinus stuartii,Antechinus stuartii,1.01E+02,3.95E+01,5.40,1,Anderson 2005,,0
Animalia,Chordata,Mammalia,Dasyuromorphia,Dasyuridae,Antechinus,Antechinus swainsonii,Antechinus swainsonii,1.50E+02,6.26E+01,8.90,1,Anderson 2005,,0
Animalia,Chordata,Mammalia,Dasyuromorphia,Dasyuridae,Phascogale,Phascogale calura,Phascogale calura,6.19E+01,3.35E+01,16.40,1,Anderson 2005,,0
Animalia,Chordata,Mammalia,Dasyuromorphia,Dasyuridae,Sminthopsis,Sminthopsis crassicaudata,Sminthopsis crassicaudata,6.86E+01,1.66E+01,14.20,1,Anderson 2005,,0
Animalia,Chordata,Mammalia,Dasyuromorphia,Dasyuridae,Dasyurus,Dasyurus viverrinus,Dasyurus viverrinus,7.93E+02,1.03E+03,8.70,1,Anderson 2005,,0
Animalia,Chordata,Mammalia,Diprotodontia,Phascolarctidae,Phascolarctos,Phascolarctus cinereus,Phascolarctos cinereus,1.48E+03,7.40E+03,27.00,1,Anderson 2005,,0
Animalia,Chordata,Mammalia,Diprotodontia,Phascolarctidae,Phascolarctos,Phascolarctus cinereus,Phascolarctos cinereus,1.78E+03,7.80E+03,14.00,1,Anderson 2005,,0
Animalia,Chordata,Mammalia,Diprotodontia,Phascolarctidae,Phascolarctos,Phascolarctus cinereus,Phascolarctos cinereus,2.04E+03,9.30E+03,9.30,1,Anderson 2005,,1
Animalia,Chordata,Mammalia,Diprotodontia,Macropodidae,Setonix,Setanix brachyurus,Setonix brachyurus,6.62E+02,2.47E+03,22.50,1,Anderson 2005,,0
Animalia,Chordata,Mammalia,Diprotodontia,Macropodidae,Thylogale,Thylogale billiardieri,Thylogale billardierii,1.63E+03,5.98E+03,18.40,1,Anderson 2005,,0
Animalia,Chordata,Mammalia,Diprotodontia,Petauridae,Gymnobelideus,Gymnobelideus leadbeateri,Gymnobelideus leadbeateri,2.26E+02,1.25E+02,10.50,1,Anderson 2005,,0
Animalia,Chordata,Mammalia,Diprotodontia,Macropodidae,Lagorchestes,Lagorchestes conspicillatus,Lagorchestes conspicillatus,6.80E+02,2.53E+03,25.50,1,Anderson 2005,,0
Animalia,Chordata,Mammalia,Diprotodontia,Macropodidae,Macropus,Macropus robustus,Macropus robustus,1.57E+03,1.29E+04,25.50,1,Anderson 2005,,1
Animalia,Chordata,Mammalia,Diprotodontia,Pseudocheiridae,Petauroides,Petauroides volans,Petauroides volans,5.20E+02,9.95E+02,18.20,1,Anderson 2005,,0
Animalia,Chordata,Mammalia,Diprotodontia,Petauridae,Petaurus,Petaurus breviceps,Petaurus breviceps,1.73E+02,1.24E+02,9.70,1,Anderson 2005,,0
Animalia,Chordata,Mammalia,Diprotodontia,Macropodidae,Petrogale,Petrogale lateralis,Petrogale lateralis,6.10E+02,2.21E+03,25.50,1,Anderson 2005,,0
Animalia,Chordata,Mammalia,Diprotodontia,Potoroidae,Potorous,Potorous tridactylus,Potorous tridactylus,5.90E+02,8.31E+02,11.10,1,Anderson 2005,,0
Animalia,Chordata,Mammalia,Diprotodontia,Potoroidae,Potorous,Potorous tridactylus,Potorous tridactylus,4.63E+02,8.39E+02,17.20,1,Anderson 2005,,0
Animalia,Chordata,Mammalia,Diprotodontia,Pseudocheiridae,Pseudocheirus,Pseudocheirus peregrinus,Pseudocheirus peregrinus,6.15E+02,1.00E+03,13.30,1,Anderson 2005,,0
Animalia,Chordata,Mammalia,Diprotodontia,Macropodidae,Setonix,Setonix brachyurus,Setonix brachyurus,4.86E+02,1.51E+03,22.50,1,Anderson 2005,,0
Animalia,Chordata,Mammalia,Diprotodontia,Tarsipedidae,Tarsipes,Tarsipes rostratus,Tarsipes rostratus,3.44E+01,9.90E+00,11.00,1,Anderson 2005,,0
Animalia,Chordata,Mammalia,Diprotodontia,Phalangeridae,Trichosurus,Trichosurus arnhemensis,Trichosurus arnhemensis,3.24E+02,1.10E+03,25.50,1,Anderson 2005,,0
Animalia,Chordata,Mammalia,Lagomorpha,Leporidae,Lepus,Lepus californicus,Lepus californicus,1.30E+03,1.80E+03,17.80,1,Anderson 2005,,0
Animalia,Chordata,Mammalia,Monotremata,Tachyglossidae,Tachyglossus,Tachyglassus aculeatus,Tachyglossus aculeatus,8.75E+02,2.86E+03,15.20,1,Anderson 2005,,0
Animalia,Chordata,Mammalia,Peramelemorphia,Peramelidae,Isoodon,Isoodon auratus,Isoodon auratus,2.85E+02,3.33E+02,26.40,1,Anderson 2005,,0
Animalia,Chordata,Mammalia,Peramelemorphia,Peramelidae,Isoodon,Isoodon obesulus,Isoodon obesulus,6.44E+02,1.23E+03,17.90,1,Anderson 2005,,0
Animalia,Chordata,Mammalia,Peramelemorphia,Thylacomyidae,Macrotis,Macrotis lagotis,Macrotis lagotis,5.34E+02,8.48E+02,30.90,1,Anderson 2005,,0
Animalia,Chordata,Mammalia,Peramelemorphia,Thylacomyidae,Macrotis,Macrotis lagotis,Macrotis lagotis,6.55E+02,9.28E+02,16.20,1,Anderson 2005,,0
Animalia,Chordata,Mammalia,Pilosa,Bradypodidae,Bradypus,Bradypus variegatus,Bradypus variegatus,5.45E+02,4.15E+03,25.90,1,Anderson 2005,,1
Animalia,Chordata,Mammalia,Primates,Atelidae,Alouatta,Aloutta palliata,Alouatta palliata,2.58E+03,7.33E+03,25.90,1,Anderson 2005,,0
Animalia,Chordata,Mammalia,Primates,Cheirogaleidae,Microcebus,Microcebus murinus,Microcebus murinus,1.12E+02,6.45E+01,22.40,1,Anderson 2005,,0
Animalia,Chordata,Mammalia,Rodentia,Sciuridae,,Spermophilus saturatus,,2.26E+02,2.14E+02,13.00,1,Anderson 2005,,0
Animalia,Chordata,Mammalia,Rodentia,Cricetidae,Myodes,Cleithrionomys rutilus,Myodes rutilus,5.76E+01,1.60E+01,-3.00,1,Anderson 2005,,0
Animalia,Chordata,Mammalia,Rodentia,Muridae,Gerbillus,Gerbillus allenby,Gerbillus andersoni,3.56E+01,2.28E+01,19.40,1,Anderson 2005,,0
Animalia,Chordata,Mammalia,Rodentia,Muridae,Acomys,Acomys cahirinus,Acomys cahirinus,5.18E+01,3.83E+01,17.60,1,Anderson 2005,,0
Animalia,Chordata,Mammalia,Rodentia,Muridae,Acomys,Acomys russatus,Acomys russatus,4.78E+01,4.50E+01,17.60,1,Anderson 2005,,0
Animalia,Chordata,Mammalia,Rodentia,Sciuridae,Ammospermophilus,Ammospermophilus leucurus,Ammospermophilus leucurus,8.26E+01,9.61E+01,6.90,1,Anderson 2005,,0
Animalia,Chordata,Mammalia,Rodentia,Sciuridae,Ammospermophilus,Ammospermophilus leucurus,Ammospermophilus leucurus,9.42E+01,9.61E+01,21.80,1,Anderson 2005,,0
Animalia,Chordata,Mammalia,Rodentia,Muridae,Apodemus,Apodemus sylvaticus,Apodemus sylvaticus,6.79E+01,2.05E+01,7.40,1,Anderson 2005,,0
Animalia,Chordata,Mammalia,Rodentia,Heteromyidae,Dipodomys,Dipodomys merriami,Dipodomys merriami,5.78E+01,2.82E+01,16.00,1,Anderson 2005,,0
Animalia,Chordata,Mammalia,Rodentia,Heteromyidae,Dipodomys,Dipodomys merriami,Dipodomys merriami,2.32E+01,3.17E+01,30.00,1,Anderson 2005,,1
Animalia,Chordata,Mammalia,Rodentia,Heteromyidae,Dipodomys,Dipodomys merriami,Dipodomys merriami,4.05E+01,3.24E+01,26.00,1,Anderson 2005,,0
Animalia,Chordata,Mammalia,Rodentia,Heteromyidae,Dipodomys,Dipodomys merriami,Dipodomys merriami,4.13E+01,3.43E+01,12.00,1,Anderson 2005,,0
Animalia,Chordata,Mammalia,Rodentia,Heteromyidae,Dipodomys,Dipodomys merriami,Dipodomys merriami,5.61E+01,3.59E+01,12.50,1,Anderson 2005,,0
Animalia,Chordata,Mammalia,Rodentia,Heteromyidae,Dipodomys,Dipodomys merriami,Dipodomys merriami,6.18E+01,3.74E+01,1.00,1,Anderson 2005,,1
Animalia,Chordata,Mammalia,Rodentia,Heteromyidae,Dipodomys,Dipodomys merriami,Dipodomys merriami,6.80E+01,3.79E+01,2.50,1,Anderson 2005,,0
Animalia,Chordata,Mammalia,Rodentia,Heteromyidae,Dipodomys,Dipodomys merriami,Dipodomys merriami,1.02E+02,3.95E+01,4.00,1,Anderson 2005,,0
Animalia,Chordata,Mammalia,Rodentia,Heteromyidae,Dipodomys,Dipodomys merriami,Dipodomys merriami,4.07E+01,3.97E+01,4.00,1,Anderson 2005,,1
Animalia,Chordata,Mammalia,Rodentia,Heteromyidae,Dipodomys,Dipodomys merriami,Dipodomys merriami,6.98E+01,4.16E+01,17.00,1,Anderson 2005,,0
Animalia,Chordata,Mammalia,Rodentia,Heteromyidae,Dipodomys,Dipodomys microps,Dipodomys microps,8.45E+01,5.71E+01,14.20,1,Anderson 2005,,0
Animalia,Chordata,Mammalia,Rodentia,Muridae,Gerbillus,Gerbillus henleyi,Gerbillus henleyi,2.65E+01,9.30E+00,17.70,1,Anderson 2005,,0
Animalia,Chordata,Mammalia,Rodentia,Muridae,Gerbillus,Gerbillus pyramidum,Gerbillus pyramidum,4.52E+01,3.18E+01,19.40,1,Anderson 2005,,0
Animalia,Chordata,Mammalia,Rodentia,Cricetidae,Lemmus,Lemmus trimucronatus,Lemmus trimucronatus,2.01E+02,5.52E+01,4.20,1,Anderson 2005,,0
Animalia,Chordata,Mammalia,Rodentia,Muridae,Meriones,Meriones crassus,Meriones crassus,6.50E+01,6.92E+01,17.70,1,Anderson 2005,,0
Animalia,Chordata,Mammalia,Rodentia,Cricetidae,Microtus,Microtus agrestis,Microtus agrestis,7.27E+01,2.65E+01,15.00,1,Anderson 2005,,0
Animalia,Chordata,Mammalia,Rodentia,Cricetidae,Peromyscus,Peromyscus crinitus,Peromyscus crinitus,3.93E+01,1.34E+01,-0.30,1,Anderson 2005,,0
Animalia,Chordata,Mammalia,Rodentia,Muridae,Psammomys,Psammomys obesus,Psammomys obesus,1.65E+02,1.70E+02,17.50,1,Anderson 2005,,0
Animalia,Chordata,Mammalia,Rodentia,Muridae,Pseudomys,Pseudomys nanus,Pseudomys nanus,4.46E+01,4.44E+01,25.90,1,Anderson 2005,,0
Animalia,Chordata,Mammalia,Rodentia,Sciuridae,Sciurus,Sciurus carolinensis,Sciurus carolinensis,5.74E+02,5.88E+02,5.70,1,Anderson 2005,,0
Animalia,Chordata,Mammalia,Rodentia,Muridae,Sekeetamys,Sekeetamys calurus,Sekeetamys calurus,4.40E+01,4.12E+01,17.60,1,Anderson 2005,,0
Animalia,Chordata,Mammalia,Rodentia,Geomyidae,Thomomys,Thomomys bottae,Thomomys bottae,1.30E+02,1.04E+02,14.90,1,Anderson 2005,,0
Animalia,Chordata,Mammalia,Rodentia,Muridae,Zyzomys,Zyzomys argurus,Zyzomys argurus,1.56E+01,4.68E+01,25.90,1,Anderson 2005,,1
Animalia,Chordata,Mammalia,Rodentia,Sciuridae,Tamiasciurus,Tamiasciurus hudsonicus,Tamiasciurus hudsonicus,3.47E+02,3.22E+02,5.70,1,Anderson 2005,,0
Animalia,Chordata,Mammalia,Rodentia,Cricetidae,Peromyscus,Peromyscus leucopus,Peromyscus leucopus,3.66E+01,1.94E+01,11.80,1,Anderson 2005,,0
Animalia,Chordata,Mammalia,Rodentia,Cricetidae,Peromyscus,Peromyscus leucopus,Peromyscus leucopus,4.50E+01,1.94E+01,18.70,1,Anderson 2005,,0
Animalia,Chordata,Mammalia,Rodentia,Cricetidae,Microtus,Microtus pennsylvanicus,Microtus pennsylvanicus,1.15E+02,3.69E+01,18.70,1,Anderson 2005,,0
Animalia,Chordata,Mammalia,Rodentia,Sciuridae,Tamias,Tamias striatus,Tamias striatus,1.43E+02,9.63E+01,11.80,1,Anderson 2005,,0
Animalia,Chordata,Mammalia,Rodentia,Cricetidae,Peromyscus,Peromyscus maniculatus,Peromyscus maniculatus,6.84E+01,1.76E+01,4.50,1,Anderson 2005,,0
Animalia,Chordata,Mammalia,Rodentia,Cricetidae,Peromyscus,Peromyscus maniculatus,Peromyscus maniculatus,4.63E+01,1.84E+01,15.50,1,Anderson 2005,,0
Animalia,Chordata,Mammalia,Rodentia,Muridae,Mus,Mus musculus,Mus musculus,6.51E+01,1.93E+01,7.00,1,Anderson 2005,,0
Animalia,Chordata,Mammalia,Rodentia,Muridae,Mus,Mus domesticus,Mus musculus,4.71E+01,1.51E+01,17.00,1,Anderson 2005,,0
Animalia,Chordata,Mammalia,Rodentia,Heteromyidae,Chaetodipus,Perognathus formosus,Chaetodipus formosus,4.52E+01,1.79E+01,18.00,1,Anderson 2005,,0
Animalia,Chordata,Mammalia,Rodentia,Muridae,Mastomys,Praomys natalensis,Mastomys natalensis,8.66E+01,5.73E+01,18.60,1,Anderson 2005,,0
Animalia,Chordata,Mammalia,Rodentia,Cricetidae,Arvicola,Arvicola terrestris,Arvicola amphibius,1.19E+02,8.58E+01,9.80,1,Anderson 2005,,0
Animalia,Chordata,Actinopterygii,Salmoniformes,Salmonidae,Salmo,Salmo salar,Salmo salar,1.14E+00,2.70E+01,9.00,0,Bergheim 1991,,0
Animalia,Chordata,Actinopterygii,Salmoniformes,Salmonidae,Salmo,Salmo salar,Salmo salar,1.08E+00,3.40E+01,6.90,0,Bergheim 1991,,0
Animalia,Chordata,Actinopterygii,Salmoniformes,Salmonidae,Salmo,Salmo salar,Salmo salar,9.61E-01,4.00E+01,5.00,0,Bergheim 1991,,0
Animalia,Chordata,Actinopterygii,Salmoniformes,Salmonidae,Salmo,Salmo salar,Salmo salar,1.32E+00,4.40E+01,3.20,0,Bergheim 1991,,0
Animalia,Chordata,Actinopterygii,Salmoniformes,Salmonidae,Salmo,Salmo salar,Salmo salar,1.05E+00,4.80E+01,2.90,0,Bergheim 1991,,0
Animalia,Chordata,Actinopterygii,Salmoniformes,Salmonidae,Salmo,Salmo salar,Salmo salar,1.02E+00,5.20E+01,3.30,0,Bergheim 1991,,0
Animalia,Chordata,Actinopterygii,Salmoniformes,Salmonidae,Salmo,Salmo salar,Salmo salar,1.99E+00,6.00E+01,5.95,0,Bergheim 1991,,0
Animalia,Chordata,Actinopterygii,Salmoniformes,Salmonidae,Salmo,Salmo salar,Salmo salar,5.23E+00,6.70E+01,11.10,0,Bergheim 1991,,0
Animalia,Chordata,Actinopterygii,Salmoniformes,Salmonidae,Salmo,Salmo salar,Salmo salar,2.13E+01,4.10E+02,12.70,0,Bergheim 1991,,0
Animalia,Chordata,Actinopterygii,Salmoniformes,Salmonidae,Salmo,Salmo salar,Salmo salar,4.35E+01,1.02E+03,7.20,0,Bergheim 1991,,0
Animalia,Chordata,Actinopterygii,Salmoniformes,Salmonidae,Salmo,Salmo salar,Salmo salar,6.73E+01,1.34E+03,6.80,0,Bergheim 1991,,1
Animalia,Chordata,Actinopterygii,Salmoniformes,Salmonidae,Salmo,Salmo salar,Salmo salar,1.14E+02,1.53E+03,7.50,0,Bergheim 1991,,1
Animalia,Chordata,Actinopterygii,Salmoniformes,Salmonidae,Salmo,Salmo salar,Salmo salar,8.84E+01,1.83E+03,6.80,0,Bergheim 1991,,1
Animalia,Chordata,Actinopterygii,Salmoniformes,Salmonidae,Salmo,Salmo salar,Salmo salar,1.50E+02,2.10E+03,7.50,0,Bergheim 1991,,1
Animalia,Chordata,Squamata,,Iguanidae,Amblyrhynchus,Amblyrhynchus cristatus,Amblyrhynchus cristatus,3.15E+02,1.39E+03,27.00,0,Butler 2002,,0
Animalia,Chordata,Squamata,,Iguanidae,Amblyrhynchus,Amblyrhynchus cristatus,Amblyrhynchus cristatus,4.56E+02,1.39E+03,36.00,0,Butler 2002,,1
Animalia,Arthropoda,Insecta,Hymenoptera,Formicidae,Solenopsis,Solenopsis invicta,Solenopsis invicta,2.83E-04,1.44E-03,,0,Calabi 1989,,0
Animalia,Arthropoda,Insecta,Hymenoptera,Formicidae,Solenopsis,Solenopsis invicta,Solenopsis invicta,2.83E-04,1.44E-03,,0,Calabi 1989,,0
Animalia,Arthropoda,Insecta,Hymenoptera,Formicidae,Solenopsis,Solenopsis invicta,Solenopsis invicta,3.93E-04,2.72E-03,,0,Calabi 1989,,0
Animalia,Arthropoda,Insecta,Hymenoptera,Formicidae,Solenopsis,Solenopsis invicta,Solenopsis invicta,3.93E-04,2.72E-03,,0,Calabi 1989,,0
Animalia,Arthropoda,Insecta,Hymenoptera,Formicidae,Solenopsis,Solenopsis invicta,Solenopsis invicta,1.12E-03,9.84E-03,,0,Calabi 1989,,0
Animalia,Arthropoda,Insecta,Hymenoptera,Formicidae,Solenopsis,Solenopsis invicta,Solenopsis invicta,1.12E-03,9.84E-03,,0,Calabi 1989,,0
Animalia,Chordata,Elasmobranchii,Carcharhiniformes,Triakidae,Triakis,Triakis semifasciata,Triakis semifasciata,2.37E+02,4.00E+03,16.40,0,Carlson 1999,,0
Animalia,Chordata,Elasmobranchii,Carcharhiniformes,Sphyrnidae,Sphyrna,Sphyrna tiburo,Sphyrna tiburo,8.76E+01,1.00E+03,25.00,0,Carlson 1999,,0
Animalia,Chordata,Elasmobranchii,Carcharhiniformes,Carcharhinidae,Carcharhinus,Carcharhinus acronotus,Carcharhinus acronotus,1.41E+02,1.00E+03,28.00,0,Carlson 1999,,0
Animalia,Chordata,Elasmobranchii,Carcharhiniformes,Carcharhinidae,Negaprion,Negaprion brevirostris,Negaprion brevirostris,4.09E+01,1.05E+03,22.00,0,Carlson 1999,,0
Animalia,Chordata,Elasmobranchii,Carcharhiniformes,Carcharhinidae,Negaprion,Negaprion brevirostris,Negaprion brevirostris,1.86E+02,1.65E+03,23.50,0,Carlson 1999,,0
Animalia,Chordata,Elasmobranchii,Lamniformes,Lamnidae,Isurus,Isurus oxyrinchus,Isurus oxyrinchus,5.10E+02,3.90E+03,18.00,0,Carlson 1999,,0
Animalia,Chordata,Elasmobranchii,Squaliformes,Squalidae,Squalus,Squalus acanthias,Squalus acanthias,3.47E+01,2.00E+03,10.00,0,Carlson 1999,,0
Animalia,Mollusca,Cephalopoda,Octopoda,Octopodidae,Octopus,Octopus vulgaris,Octopus vulgaris,4.10E+01,1.00E+03,17.02,0,CerezoValverde 2004,,0
Animalia,Chordata,Actinopterygii,Perciformes,Sparidae,Dentex,Dentex dentex,Dentex dentex,1.87E+01,3.87E+02,20.80,0,CerezoValverde 2004,,0
Animalia,Arthropoda,Malacostraca,Decapoda,Palinuridae,Panulirus,Panulirus argus,Panulirus argus,4.66E+00,2.50E+02,28.00,0,Perera 2007,,0
Animalia,Arthropoda,Malacostraca,Decapoda,Nephropidae,Homarus,Homarus americanus,Homarus americanus,3.78E+00,2.50E+02,10.00,0,Penkoff 1982,,0
Animalia,Arthropoda,Malacostraca,Decapoda,Majidae,Maja,Maja brachydactyla,Maja brachydactyla,1.17E+01,6.29E+02,20.19,0,CerezoValverde 2009,,0
Animalia,Arthropoda,Malacostraca,Decapoda,Cancridae,Cancer,Cancer pagurus,Cancer pagurus,3.09E+00,5.58E+02,12.00,0,Aldrich 1975,,0
Animalia,Chordata,Squamata,,Varanidae,Varanus,Varanus gouldii,Varanus gouldii,6.90E+01,9.85E+02,35.00,0,Christian 1995,,0
Animalia,Chordata,Squamata,,Varanidae,Varanus,Varanus gouldii,Varanus gouldii,7.70E+01,1.08E+03,35.00,0,Christian 1995,,0
Animalia,Chordata,Squamata,,Varanidae,Varanus,Varanus gouldii,Varanus gouldii,7.68E+02,1.09E+03,36.00,0,Christian 1995,,1
Animalia,Chordata,Squamata,,Varanidae,Varanus,Varanus gouldii,Varanus gouldii,2.96E+02,1.11E+03,35.00,0,Christian 1995,,1
Animalia,Chordata,Squamata,,Varanidae,Varanus,Varanus gouldii,Varanus gouldii,2.16E+02,1.12E+03,35.00,0,Christian 1995,,0
Animalia,Chordata,Squamata,,Varanidae,Varanus,Varanus gouldii,Varanus gouldii,2.33E+02,1.32E+03,35.00,0,Christian 1995,,0
Animalia,Chordata,Squamata,,Varanidae,Varanus,Varanus panoptes,Varanus panoptes,6.21E+02,9.31E+02,36.00,0,Christian 1995,,1
Animalia,Chordata,Squamata,,Varanidae,Varanus,Varanus panoptes,Varanus panoptes,5.40E+01,1.13E+03,32.50,0,Christian 1995,,0
Animalia,Chordata,Squamata,,Varanidae,Varanus,Varanus panoptes,Varanus panoptes,1.80E+02,1.35E+03,32.50,0,Christian 1995,,0
Animalia,Chordata,Squamata,,Varanidae,Varanus,Varanus panoptes,Varanus panoptes,7.90E+01,1.41E+03,32.50,0,Christian 1995,,0
Animalia,Chordata,Squamata,,Varanidae,Varanus,Varanus panoptes,Varanus panoptes,5.80E+01,1.91E+03,32.50,0,Christian 1995,,0
Animalia,Chordata,Squamata,,Varanidae,Varanus,Varanus panoptes,Varanus panoptes,4.35E+02,3.11E+03,32.50,0,Christian 1995,,0
Animalia,Chordata,Squamata,,Varanidae,Varanus,Varanus panoptes,Varanus panoptes,5.09E+02,3.34E+03,32.50,0,Christian 1995,,0
Animalia,Chordata,Squamata,,Varanidae,Varanus,Varanus panoptes,Varanus panoptes,4.23E+02,3.40E+03,32.50,0,Christian 1995,,0
Animalia,Chordata,Squamata,,Diplodactylidae,Oedura,Oedura marmorata,Oedura marmorata,1.00E+00,8.90E+00,30.20,0,Christian 1998,,0
Animalia,Chordata,Squamata,,Diplodactylidae,Oedura,Oedura marmorata,Oedura marmorata,1.50E+00,9.80E+00,29.30,0,Christian 1998,,0
Animalia,Chordata,Squamata,,Diplodactylidae,Oedura,Oedura marmorata,Oedura marmorata,6.00E-01,1.46E+01,30.70,0,Christian 1998,,0
Animalia,Chordata,Squamata,,Diplodactylidae,Oedura,Oedura marmorata,Oedura marmorata,1.00E+00,1.63E+01,34.80,0,Christian 1998,,0
Animalia,Chordata,Squamata,,Diplodactylidae,Oedura,Oedura marmorata,Oedura marmorata,4.00E-01,2.02E+01,17.50,0,Christian 1998,,0
Animalia,Chordata,Actinopterygii,Gadiformes,Gadidae,Gadus,Gadus morhua,Gadus morhua,2.16E+01,1.07E+03,2.00,0,Claireaux 2000,,0
Animalia,Chordata,Actinopterygii,Gadiformes,Gadidae,Gadus,Gadus morhua,Gadus morhua,3.95E+01,1.07E+03,5.00,0,Claireaux 2000,,0
Animalia,Chordata,Actinopterygii,Gadiformes,Gadidae,Gadus,Gadus morhua,Gadus morhua,6.11E+01,1.07E+03,10.00,0,Claireaux 2000,,0
Animalia,Chordata,Actinopterygii,Perciformes,Moronidae,Dicentrarchus,Dicentrarchus labrax,Dicentrarchus labrax,4.90E+00,1.47E+02,7.00,0,Claireaux 2006,,0
Animalia,Chordata,Actinopterygii,Perciformes,Moronidae,Dicentrarchus,Dicentrarchus labrax,Dicentrarchus labrax,5.57E+00,1.47E+02,11.00,0,Claireaux 2006,,0
Animalia,Chordata,Actinopterygii,Perciformes,Moronidae,Dicentrarchus,Dicentrarchus labrax,Dicentrarchus labrax,7.17E+00,1.47E+02,14.00,0,Claireaux 2006,,0
Animalia,Chordata,Actinopterygii,Perciformes,Moronidae,Dicentrarchus,Dicentrarchus labrax,Dicentrarchus labrax,8.39E+00,1.47E+02,18.00,0,Claireaux 2006,,0
Animalia,Chordata,Actinopterygii,Perciformes,Moronidae,Dicentrarchus,Dicentrarchus labrax,Dicentrarchus labrax,1.01E+01,1.47E+02,22.00,0,Claireaux 2006,,0
Animalia,Chordata,Actinopterygii,Perciformes,Moronidae,Dicentrarchus,Dicentrarchus labrax,Dicentrarchus labrax,1.37E+01,1.47E+02,26.00,0,Claireaux 2006,,0
Animalia,Chordata,Actinopterygii,Perciformes,Moronidae,Dicentrarchus,Dicentrarchus labrax,Dicentrarchus labrax,1.51E+01,1.47E+02,30.00,0,Claireaux 2006,,0
Animalia,Arthropoda,Insecta,Coleoptera,Tenebrionidae,Asbolus,Cryptoglosa verrucosa,Asbolus verrucosus,6.76E-02,6.05E-01,26.53,0,Cooper 1993,,0
Animalia,Arthropoda,Insecta,Coleoptera,Tenebrionidae,Asbolus,Cryptoglosa verrucosa,Asbolus verrucosus,1.62E-02,6.73E-01,9.87,0,Cooper 1993,,0
Animalia,Arthropoda,Insecta,Coleoptera,Tenebrionidae,Asbolus,Cryptoglosa verrucosa,Asbolus verrucosus,1.02E-01,6.74E-01,26.45,0,Cooper 1993,,0
Animalia,Arthropoda,Insecta,Coleoptera,Tenebrionidae,Eleodes,Eleodes armata,Eleodes armata,3.43E-02,8.65E-01,9.87,0,Cooper 1993,,0
Animalia,Arthropoda,Insecta,Coleoptera,Tenebrionidae,Eleodes,Eleodes armata,Eleodes armata,1.01E-01,9.65E-01,11.06,0,Cooper 1993,,0
Animalia,Arthropoda,Insecta,Coleoptera,Tenebrionidae,Eleodes,Eleodes armata,Eleodes armata,1.06E-01,1.01E+00,26.52,0,Cooper 1993,,0
Animalia,Arthropoda,Insecta,Coleoptera,Tenebrionidae,Eleodes,Eleodes armata,Eleodes armata,1.71E-01,1.02E+00,26.45,0,Cooper 1993,,0
Animalia,Chordata,Mammalia,Rodentia,Muridae,Apodemus,Apodemus sylvaticus,Apodemus sylvaticus,6.71E+01,1.97E+01,6.30,1,Corp 1999,,0
Animalia,Chordata,Mammalia,Rodentia,Muridae,Apodemus,Apodemus sylvaticus,Apodemus sylvaticus,7.06E+01,2.14E+01,10.70,1,Corp 1999,,0
Animalia,Chordata,Mammalia,Rodentia,Muridae,Apodemus,Apodemus sylvaticus,Apodemus sylvaticus,6.93E+01,2.26E+01,9.40,1,Corp 1999,,0
Animalia,Arthropoda,Insecta,Hymenoptera,,,Orchid Bee,,2.90E+00,5.53E-02,27.50,0,Darveau 2005,,0
Animalia,Arthropoda,Insecta,Hymenoptera,,,Orchid Bee,,7.25E+00,1.60E-01,27.50,0,Darveau 2005,,0
Animalia,Arthropoda,Insecta,Hymenoptera,,,Orchid Bee,,6.83E+00,1.75E-01,27.50,0,Darveau 2005,,0
Animalia,Arthropoda,Insecta,Hymenoptera,,,Orchid Bee,,4.53E+00,1.36E-01,27.50,0,Darveau 2005,,0
Animalia,Arthropoda,Insecta,Hymenoptera,,,Orchid Bee,,1.49E+01,3.51E-01,27.50,0,Darveau 2005,,0
Animalia,Arthropoda,Insecta,Hymenoptera,,,Orchid Bee,,1.24E+01,4.41E-01,27.50,0,Darveau 2005,,0
Animalia,Arthropoda,Insecta,Hymenoptera,,,Orchid Bee,,1.56E+01,5.45E-01,27.50,0,Darveau 2005,,0
Animalia,Arthropoda,Insecta,Hymenoptera,,,Orchid Bee,,1.32E+01,7.00E-01,27.50,0,Darveau 2005,,0
Animalia,Arthropoda,Insecta,Hymenoptera,,,Orchid Bee,,1.84E+01,8.30E-01,27.50,0,Darveau 2005,,0
Animalia,Arthropoda,Insecta,Hymenoptera,,,Orchid Bee,,2.19E+01,9.84E-01,27.50,0,Darveau 2005,,0
Animalia,Arthropoda,Insecta,Hymenoptera,,,Orchid Bee,,3.08E+00,6.35E-02,27.50,0,Darveau 2005,,0
Animalia,Arthropoda,Insecta,Hymenoptera,,,Orchid Bee,,2.75E+00,6.68E-02,27.50,0,Darveau 2005,,0
Animalia,Arthropoda,Insecta,Hymenoptera,,,Orchid Bee,,4.07E+00,8.39E-02,27.50,0,Darveau 2005,,0
Animalia,Arthropoda,Insecta,Hymenoptera,,,Orchid Bee,,4.73E+00,8.21E-02,27.50,0,Darveau 2005,,0
Animalia,Arthropoda,Insecta,Hymenoptera,,,Orchid Bee,,4.87E+00,9.33E-02,27.50,0,Darveau 2005,,0
Animalia,Arthropoda,Insecta,Hymenoptera,,,Orchid Bee,,4.53E+00,1.00E-01,27.50,0,Darveau 2005,,0
Animalia,Arthropoda,Insecta,Hymenoptera,,,Orchid Bee,,4.96E+00,1.13E-01,27.50,0,Darveau 2005,,0
Animalia,Arthropoda,Insecta,Hymenoptera,,,Orchid Bee,,5.78E+00,1.11E-01,27.50,0,Darveau 2005,,0
Animalia,Chordata,Actinopterygii,Pleuronectiformes,Pleuronectidae,Microstomus,Microstomus kitt,Microstomus kitt,3.25E+01,5.94E+02,10.00,0,Davenport 1990,,0
Animalia,Chordata,Actinopterygii,Pleuronectiformes,Pleuronectidae,Microstomus,Microstomus kitt,Microstomus kitt,4.90E+01,6.28E+02,10.00,0,Davenport 1990,,0
Animalia,Chordata,Actinopterygii,Pleuronectiformes,Pleuronectidae,Microstomus,Microstomus kitt,Microstomus kitt,3.32E+01,9.49E+02,10.00,0,Davenport 1990,,0
Animalia,Chordata,Actinopterygii,Pleuronectiformes,Pleuronectidae,Hippoglossus,Hippoglossus hippoglossus,Hippoglossus hippoglossus,8.70E+01,1.02E+03,10.00,0,Davenport 1990,,0
Animalia,Chordata,Actinopterygii,Pleuronectiformes,Pleuronectidae,Hippoglossus,Hippoglossus hippoglossus,Hippoglossus hippoglossus,5.45E+01,1.25E+03,10.00,0,Davenport 1990,,0
Animalia,Chordata,Actinopterygii,Pleuronectiformes,Pleuronectidae,Hippoglossus,Hippoglossus hippoglossus,Hippoglossus hippoglossus,3.11E+01,1.31E+03,10.00,0,Davenport 1990,,0
Animalia,Chordata,Actinopterygii,Pleuronectiformes,Pleuronectidae,Hippoglossus,Hippoglossus hippoglossus,Hippoglossus hippoglossus,7.43E+01,1.45E+03,10.00,0,Davenport 1990,,0
Animalia,Chordata,Actinopterygii,Perciformes,Scombridae,Thunnus,Thunnus albacares,Thunnus albacares,1.19E+02,4.70E+02,,0,Dewar1994,,0
Animalia,Chordata,Actinopterygii,Perciformes,Scombridae,Euthynnus,Euthynnus affinis,Euthynnus affinis,2.23E+02,7.90E+02,,0,Dewar1994,,0
Animalia,Chordata,Actinopterygii,Pleuronectiformes,Pleuronectidae,Platichthys,Platichthys flessus,Platichthys flesus,3.01E+01,3.95E+02,15.00,0,Duthie 1982,,0
Animalia,Chordata,Actinopterygii,Pleuronectiformes,Pleuronectidae,Platichthys,Platichthys flessus,Platichthys flesus,1.64E+01,4.34E+02,5.00,0,Duthie 1982,,0
Animalia,Chordata,Actinopterygii,Pleuronectiformes,Pleuronectidae,Microstomus,Microstomus kitt,Microstomus kitt,1.29E+01,2.21E+02,15.00,0,Duthie 1982,,0
Animalia,Chordata,Actinopterygii,Pleuronectiformes,Pleuronectidae,Microstomus,Microstomus kitt,Microstomus kitt,8.74E+00,2.29E+02,5.00,0,Duthie 1982,,0
Animalia,Chordata,Actinopterygii,Pleuronectiformes,Pleuronectidae,Microstomus,Microstomus kitt,Microstomus kitt,1.40E+01,2.49E+02,10.00,0,Duthie 1982,,0
Animalia,Chordata,Actinopterygii,Pleuronectiformes,Pleuronectidae,Limanda,Limanda limanda,Limanda limanda,1.28E+01,2.36E+02,10.00,0,Duthie 1982,,0
Animalia,Chordata,Actinopterygii,Pleuronectiformes,Pleuronectidae,Limanda,Limanda limanda,Limanda limanda,2.40E+01,3.96E+02,15.00,0,Duthie 1982,,0
Animalia,Chordata,Actinopterygii,Pleuronectiformes,Pleuronectidae,Limanda,Limanda limanda,Limanda limanda,1.52E+01,4.00E+02,5.00,0,Duthie 1982,,0
Animalia,Chordata,Aves,Passeriformes,Troglodytidae,Troglodytes,Troglodytes aedon,Troglodytes aedon,5.90E+01,1.05E+01,16.37,1,Dykstra 1993,,0
Animalia,Chordata,Aves,Sphenisciformes,Spheniscidae,Aptenodytes,Aptenodytes patagonicus,Aptenodytes patagonicus,6.95E+03,1.30E+04,,1,Froget 2002,,0
Animalia,Chordata,Aves,Sphenisciformes,Spheniscidae,Aptenodytes,Aptenodytes patagonicus,Aptenodytes patagonicus,3.98E+03,1.30E+04,-5.00,1,Froget 2002,,1
Animalia,Chordata,Mammalia,Chiroptera,Pteropodidae,Syconycteris,Syconycteris australis,Syconycteris australis,7.69E+01,1.74E+01,20.00,1,Geiser 1999,,0
Animalia,Chordata,Actinopterygii,Acipenseriformes,Acipenseridae,Acipenser,Acipenser medirostris,Acipenser medirostris,7.03E-02,2.59E-01,16.00,0,Gisbert 2001,,0
Animalia,Chordata,Amphibia,Anura,Bufonidae,Rhinella,Bufo marinus,Rhinella marina,1.17E+01,1.36E+02,17.10,0,Halsey 2010,,0
Animalia,Chordata,Testudines,,Cheloniidae,Chelonia,Chelonia mydas,Chelonia mydas,4.43E+02,1.94E+04,25.80,0,Jones 2009,,0
Animalia,Chordata,Testudines,,Cheloniidae,Chelonia,Chelonia mydas,Chelonia mydas,6.41E+02,1.96E+04,25.80,0,Jones 2009,,0
Animalia,Chordata,Testudines,,Cheloniidae,Chelonia,Chelonia mydas,Chelonia mydas,6.68E+02,1.98E+04,25.80,0,Jones 2009,,0
Animalia,Chordata,Testudines,,Cheloniidae,Chelonia,Chelonia mydas,Chelonia mydas,6.00E+02,2.48E+04,25.80,0,Jones 2009,,0
Animalia,Chordata,Testudines,,Cheloniidae,Chelonia,Chelonia mydas,Chelonia mydas,6.04E+02,2.50E+04,25.80,0,Jones 2009,,0
Animalia,Chordata,Testudines,,Cheloniidae,Chelonia,Chelonia mydas,Chelonia mydas,6.21E+02,2.59E+04,25.80,0,Jones 2009,,0
Animalia,Chordata,Actinopterygii,Pleuronectiformes,Soleidae,Solea,Solea solea,Solea solea,2.80E+00,1.50E+02,4.00,0,LeFrancois 03,,0
Animalia,Chordata,Actinopterygii,Pleuronectiformes,Soleidae,Solea,Solea solea,Solea solea,8.05E+00,1.50E+02,19.70,0,LeFrancois 03,,0
Chromista,Ochrophyta,Bacillariophyceae,Chaetocerotales,Chaetocerotaceae,Chaetoceros,Chaetoceros,,5.53E-11,5.80E-13,21.00,0,LopezUrrutia 2006,,1
Chromista,Ochrophyta,Bacillariophyceae,Chaetocerotales,Chaetocerotaceae,Chaetoceros,Chaetoceros,,4.59E-11,1.76E-12,21.00,0,LopezUrrutia 2006,,1
Chromista,Bacillariophyta,Bacillariophyceae,Thalassiosirales,Thalassiosiraceae,Thalassiosira,Thalassiosira allenii,,2.65E-10,1.91E-11,20.00,0,LopezUrrutia 2006,,1
Chromista,Bacillariophyta,Bacillariophyceae,Thalassiosirales,Thalassiosiraceae,Thalassiosira,Thalassiosira allenii,,2.47E-10,2.28E-11,20.00,0,LopezUrrutia 2006,,0
Chromista,Bacillariophyta,Bacillariophyceae,Thalassiosirales,Thalassiosiraceae,Thalassiosira,Thalassiosira allenii,,1.76E-10,2.88E-11,20.00,0,LopezUrrutia 2006,,0
Chromista,Bacillariophyta,Bacillariophyceae,Thalassiosirales,Thalassiosiraceae,Thalassiosira,Thalassiosira allenii,,1.46E-10,3.76E-11,20.00,0,LopezUrrutia 2006,,0
Chromista,Bacillariophyta,Bacillariophyceae,Thalassiosirales,Thalassiosiraceae,Thalassiosira,Thalassiosira allenii,,4.70E-10,4.77E-11,20.00,0,LopezUrrutia 2006,,0
Chromista,Bacillariophyta,Bacillariophyceae,Thalassiosirales,Thalassiosiraceae,Thalassiosira,Thalassiosira allenii,,3.24E-10,6.07E-11,20.00,0,LopezUrrutia 2006,,0
Chromista,Bacillariophyta,Bacillariophyceae,Thalassiosirales,Thalassiosiraceae,Thalassiosira,Thalassiosira allenii,,8.66E-11,6.69E-11,20.00,0,LopezUrrutia 2006,,1
Chromista,Bacillariophyta,Bacillariophyceae,Thalassiosirales,Thalassiosiraceae,Thalassiosira,Thalassiosira allenii,,1.68E-10,6.97E-11,20.00,0,LopezUrrutia 2006,,0
Chromista,Bacillariophyta,Bacillariophyceae,Thalassiosirales,Thalassiosiraceae,Thalassiosira,Thalassiosira allenii,,2.70E-10,6.98E-11,20.00,0,LopezUrrutia 2006,,0
Plantae,Chlorophyta,Chlorophyceae,Volvocales,Chlamydomonadaceae,Brachiomonas,Brachiomonas,,2.21E-09,2.23E-10,20.00,0,LopezUrrutia 2006,,1
Plantae,Chlorophyta,Chlorophyceae,Volvocales,Chlamydomonadaceae,Brachiomonas,Brachiomonas,,5.13E-10,2.42E-10,20.00,0,LopezUrrutia 2006,,0
Plantae,Chlorophyta,Chlorophyceae,Volvocales,Chlamydomonadaceae,Brachiomonas,Brachiomonas,,7.28E-10,2.56E-10,20.00,0,LopezUrrutia 2006,,0
Plantae,Chlorophyta,Chlorophyceae,Volvocales,Chlamydomonadaceae,Brachiomonas,Brachiomonas,,2.10E-09,2.69E-10,20.00,0,LopezUrrutia 2006,,0
Plantae,Chlorophyta,Chlorophyceae,Volvocales,Chlamydomonadaceae,Brachiomonas,Brachiomonas,,1.83E-09,2.80E-10,20.00,0,LopezUrrutia 2006,,0
Bacteria,Cyanobacteria,Cyanobacteriia,Synechococcales,Synechococcaceae,Synechococcus,Synechococcus,Synechococcus,1.08E-12,2.50E-13,22.00,0,LopezUrrutia 2006,,1
Bacteria,Cyanobacteria,Cyanobacteriia,Synechococcales,Synechococcaceae,Synechococcus,Synechococcus,Synechococcus,1.62E-12,2.50E-13,22.00,0,LopezUrrutia 2006,,1
Bacteria,Cyanobacteria,Cyanobacteriia,Synechococcales,Synechococcaceae,Synechococcus,Synechococcus,Synechococcus,2.70E-12,2.50E-13,22.00,0,LopezUrrutia 2006,,0
Bacteria,Cyanobacteria,Cyanobacteriia,Synechococcales,Synechococcaceae,Synechococcus,Synechococcus,Synechococcus,2.70E-12,2.50E-13,22.00,0,LopezUrrutia 2006,,0
Plantae,Chlorophyta,Prasinophyceae,Chlorodendrales,Chlorodendraceae,Tetraselmis,Tetraselmis,,2.70E-10,1.49E-11,21.00,0,LopezUrrutia 2006,,1
Plantae,Chlorophyta,Prasinophyceae,Chlorodendrales,Chlorodendraceae,Tetraselmis,Tetraselmis,,1.64E-10,2.02E-11,21.00,0,LopezUrrutia 2006,,0
Chromista,Haptophyta,Prymnesiophyceae,Phaeocystales,Phaeocystaceae,Phaeocystis,Phaeocystis,,4.09E-11,1.42E-11,15.00,0,LopezUrrutia 2006,,0
Chromista,Haptophyta,Prymnesiophyceae,Phaeocystales,Phaeocystaceae,Phaeocystis,Phaeocystis,,9.94E-11,1.42E-11,15.00,0,LopezUrrutia 2006,,0
Chromista,Haptophyta,Prymnesiophyceae,Phaeocystales,Phaeocystaceae,Phaeocystis,Phaeocystis,,1.24E-10,1.42E-11,15.00,0,LopezUrrutia 2006,,0
Chromista,Haptophyta,Prymnesiophyceae,Phaeocystales,Phaeocystaceae,Phaeocystis,Phaeocystis,,2.03E-10,1.42E-11,15.00,0,LopezUrrutia 2006,,1
Chromista,Haptophyta,Prymnesiophyceae,Phaeocystales,Phaeocystaceae,Phaeocystis,Phaeocystis,,2.29E-10,1.42E-11,15.00,0,LopezUrrutia 2006,,1
,,,,,,Unknown,,2.70E-13,1.00E-14,6.50,0,LopezUrrutia 2006,,1
,,,,,,Unknown,,6.77E-13,1.00E-14,14.32,0,LopezUrrutia 2006,,1
,,,,,,Unknown,,1.17E-12,1.00E-14,14.32,0,LopezUrrutia 2006,,1
,,,,,,Unknown,,2.56E-13,1.00E-14,14.66,0,LopezUrrutia 2006,,1
,,,,,,Unknown,,8.41E-14,1.00E-14,15.34,0,LopezUrrutia 2006,,0
,,,,,,Unknown,,4.20E-13,1.00E-14,15.60,0,LopezUrrutia 2006,,1
,,,,,,Unknown,,1.14E-12,1.00E-14,18.41,0,LopezUrrutia 2006,,1
,,,,,,Unknown,,1.12E-12,1.00E-14,18.60,0,LopezUrrutia 2006,,1
,,,,,,Unknown,,7.71E-13,1.00E-14,19.70,0,LopezUrrutia 2006,,1
,,,,,,Unknown,,1.40E-13,1.00E-14,21.82,0,LopezUrrutia 2006,,0
,,,,,,Unknown,,1.40E-12,1.00E-14,24.90,0,LopezUrrutia 2006,,1
,,,,,,Unknown,,5.91E-12,1.00E-14,25.80,0,LopezUrrutia 2006,,0
,,,,,,Unknown,,2.50E-12,1.00E-14,26.00,0,LopezUrrutia 2006,,1
,,,,,,Unknown,,1.14E-12,1.00E-14,26.60,0,LopezUrrutia 2006,,1
,,,,,,Unknown,,1.06E-12,1.00E-14,27.00,0,LopezUrrutia 2006,,1
,,,,,,Unknown,,1.97E-12,1.00E-14,27.00,0,LopezUrrutia 2006,,1
,,,,,,Unknown,,1.64E-12,1.00E-14,28.00,0,LopezUrrutia 2006,,1
,,,,,,Unknown,,2.02E-12,1.00E-14,28.00,0,LopezUrrutia 2006,,1
,,,,,,Unknown,,2.54E-12,1.00E-14,28.00,0,LopezUrrutia 2006,,1
,,,,,,Unknown,,1.42E-12,1.00E-14,28.40,0,LopezUrrutia 2006,,1
,,,,,,Unknown,,4.11E-12,1.00E-14,28.50,0,LopezUrrutia 2006,,1
,,,,,,Unknown,,5.60E-14,1.46E-14,2.00,0,LopezUrrutia 2006,,0
,,,,,,Unknown,,2.61E-13,1.95E-14,1.00,0,LopezUrrutia 2006,,1
,,,,,,Unknown,,5.94E-13,2.00E-14,23.90,0,LopezUrrutia 2006,,0
,,,,,,Unknown,,9.71E-13,2.00E-14,23.90,0,LopezUrrutia 2006,,1
,,,,,,Unknown,,1.78E-12,2.00E-14,24.70,0,LopezUrrutia 2006,,1
,,,,,,Unknown,,3.62E-15,2.08E-14,0.00,0,LopezUrrutia 2006,,0
,,,,,,Unknown,,2.56E-14,2.10E-14,0.00,0,LopezUrrutia 2006,,1
,,,,,,Unknown,,2.45E-14,2.45E-14,0.00,0,LopezUrrutia 2006,,1
,,,,,,Unknown,,5.01E-13,2.48E-14,0.00,0,LopezUrrutia 2006,,1
,,,,,,Unknown,,2.41E-13,2.66E-14,0.00,0,LopezUrrutia 2006,,1
,,,,,,Unknown,,2.34E-13,3.36E-14,1.00,0,LopezUrrutia 2006,,0
,,,,,,Unknown,,2.32E-13,4.30E-14,-1.00,0,LopezUrrutia 2006,,0
,,,,,,Unknown,,1.61E-13,4.76E-14,1.00,0,LopezUrrutia 2006,,0
,,,,,,Unknown,,1.32E-11,3.40E-12,20.00,0,LopezUrrutia 2006,,0
,,,,,,Unknown,,1.64E-11,3.40E-12,20.00,0,LopezUrrutia 2006,,0
,,,,,,Unknown,,2.90E-11,3.40E-12,20.00,0,LopezUrrutia 2006,,0
,,,,,,Unknown,,1.30E-10,4.11E-12,20.00,0,LopezUrrutia 2006,,1
,,,,,,Unknown,,1.36E-10,4.11E-12,20.00,0,LopezUrrutia 2006,,1
,,,,,,Unknown,,2.06E-11,1.45E-11,20.00,0,LopezUrrutia 2006,,1
,,,,,,Unknown,,3.19E-11,1.45E-11,20.00,0,LopezUrrutia 2006,,1
,,,,,,Unknown,,3.33E-11,1.45E-11,20.00,0,LopezUrrutia 2006,,1
,,,,,,Unknown,,4.59E-10,2.17E-10,20.00,0,LopezUrrutia 2006,,0
,,,,,,Unknown,,4.79E-10,2.17E-10,20.00,0,LopezUrrutia 2006,,0
,,,,,,Unknown,,4.99E-10,2.17E-10,20.00,0,LopezUrrutia 2006,,0
,,,,,,Unknown,,5.69E-10,2.17E-10,20.00,0,LopezUrrutia 2006,,0
,,,,,,Unknown,,6.43E-11,9.25E-10,20.00,0,LopezUrrutia 2006,,0
,,,,,,Unknown,,1.48E-10,9.25E-10,20.00,0,LopezUrrutia 2006,,0
,,,,,,Unknown,,1.54E-10,9.25E-10,20.00,0,LopezUrrutia 2006,,0
,,,,,,Unknown,,8.21E-09,1.85E-09,20.00,0,LopezUrrutia 2006,,0
,,,,,,Unknown,,8.57E-09,1.85E-09,20.00,0,LopezUrrutia 2006,,0
,,,,,,Unknown,,2.45E-08,1.85E-09,20.00,0,LopezUrrutia 2006,,1
,,,,,,Unknown,,1.98E-08,2.16E-08,20.00,0,LopezUrrutia 2006,,0
,,,,,,Unknown,,2.25E-08,2.16E-08,20.00,0,LopezUrrutia 2006,,0
,,,,,,Unknown,,1.41E-08,2.96E-08,20.00,0,LopezUrrutia 2006,,1
,,,,,,Unknown,,9.69E-09,3.15E-08,20.00,0,LopezUrrutia 2006,,1
,,,,,,Unknown,,1.01E-08,3.15E-08,20.00,0,LopezUrrutia 2006,,1
,,,,,,Unknown,,1.38E-08,3.15E-08,20.00,0,LopezUrrutia 2006,,1
Chromista,Bacillariophyta,Bacillariophyceae,Leptocylindrales,Leptocylindraceae,Leptocylindrus,Leptocylindricus danicus,Leptocylindrus danicus,8.00E-11,7.41E-11,5.00,0,LopezUrrutia 2006,,0
Chromista,Bacillariophyta,Bacillariophyceae,Leptocylindrales,Leptocylindraceae,Leptocylindrus,Leptocylindricus danicus,Leptocylindrus danicus,9.69E-11,7.41E-11,5.00,0,LopezUrrutia 2006,,0
Chromista,Bacillariophyta,Bacillariophyceae,Leptocylindrales,Leptocylindraceae,Leptocylindrus,Leptocylindricus danicus,Leptocylindrus danicus,9.76E-11,7.41E-11,5.00,0,LopezUrrutia 2006,,0
Chromista,Bacillariophyta,Bacillariophyceae,Leptocylindrales,Leptocylindraceae,Leptocylindrus,Leptocylindricus danicus,Leptocylindrus danicus,9.92E-11,7.41E-11,5.00,0,LopezUrrutia 2006,,0
Chromista,Bacillariophyta,Bacillariophyceae,Leptocylindrales,Leptocylindraceae,Leptocylindrus,Leptocylindricus danicus,Leptocylindrus danicus,9.96E-11,7.41E-11,5.00,0,LopezUrrutia 2006,,0
Chromista,Bacillariophyta,Bacillariophyceae,Leptocylindrales,Leptocylindraceae,Leptocylindrus,Leptocylindricus danicus,Leptocylindrus danicus,1.01E-10,7.41E-11,5.00,0,LopezUrrutia 2006,,0
Chromista,Bacillariophyta,Bacillariophyceae,Leptocylindrales,Leptocylindraceae,Leptocylindrus,Leptocylindricus danicus,Leptocylindrus danicus,1.05E-10,7.41E-11,5.00,0,LopezUrrutia 2006,,0
Chromista,Bacillariophyta,Bacillariophyceae,Leptocylindrales,Leptocylindraceae,Leptocylindrus,Leptocylindricus danicus,Leptocylindrus danicus,1.07E-10,7.41E-11,5.00,0,LopezUrrutia 2006,,0
Chromista,Bacillariophyta,Bacillariophyceae,Leptocylindrales,Leptocylindraceae,Leptocylindrus,Leptocylindricus danicus,Leptocylindrus danicus,1.14E-10,7.41E-11,5.00,0,LopezUrrutia 2006,,0
Chromista,Bacillariophyta,Bacillariophyceae,Leptocylindrales,Leptocylindraceae,Leptocylindrus,Leptocylindricus danicus,Leptocylindrus danicus,1.24E-10,7.41E-11,5.00,0,LopezUrrutia 2006,,0
Chromista,Bacillariophyta,Bacillariophyceae,Leptocylindrales,Leptocylindraceae,Leptocylindrus,Leptocylindricus danicus,Leptocylindrus danicus,1.26E-10,7.41E-11,5.00,0,LopezUrrutia 2006,,0
Chromista,Bacillariophyta,Bacillariophyceae,Leptocylindrales,Leptocylindraceae,Leptocylindrus,Leptocylindricus danicus,Leptocylindrus danicus,2.29E-10,7.41E-11,5.00,0,LopezUrrutia 2006,,0
Chromista,Bacillariophyta,Bacillariophyceae,Leptocylindrales,Leptocylindraceae,Leptocylindrus,Leptocylindricus danicus,Leptocylindrus danicus,1.21E-10,7.53E-11,10.00,0,LopezUrrutia 2006,,0
Chromista,Bacillariophyta,Bacillariophyceae,Leptocylindrales,Leptocylindraceae,Leptocylindrus,Leptocylindricus danicus,Leptocylindrus danicus,1.29E-10,7.53E-11,10.00,0,LopezUrrutia 2006,,0
Chromista,Bacillariophyta,Bacillariophyceae,Leptocylindrales,Leptocylindraceae,Leptocylindrus,Leptocylindricus danicus,Leptocylindrus danicus,1.35E-10,7.53E-11,10.00,0,LopezUrrutia 2006,,0
Chromista,Bacillariophyta,Bacillariophyceae,Leptocylindrales,Leptocylindraceae,Leptocylindrus,Leptocylindricus danicus,Leptocylindrus danicus,1.48E-10,7.53E-11,10.00,0,LopezUrrutia 2006,,0
Chromista,Bacillariophyta,Bacillariophyceae,Leptocylindrales,Leptocylindraceae,Leptocylindrus,Leptocylindricus danicus,Leptocylindrus danicus,1.59E-10,7.53E-11,10.00,0,LopezUrrutia 2006,,0
Chromista,Bacillariophyta,Bacillariophyceae,Leptocylindrales,Leptocylindraceae,Leptocylindrus,Leptocylindricus danicus,Leptocylindrus danicus,1.79E-10,7.53E-11,10.00,0,LopezUrrutia 2006,,0
Chromista,Bacillariophyta,Bacillariophyceae,Leptocylindrales,Leptocylindraceae,Leptocylindrus,Leptocylindricus danicus,Leptocylindrus danicus,1.99E-10,7.53E-11,10.00,0,LopezUrrutia 2006,,0
Chromista,Bacillariophyta,Bacillariophyceae,Leptocylindrales,Leptocylindraceae,Leptocylindrus,Leptocylindricus danicus,Leptocylindrus danicus,2.04E-10,7.53E-11,10.00,0,LopezUrrutia 2006,,0
Chromista,Bacillariophyta,Bacillariophyceae,Leptocylindrales,Leptocylindraceae,Leptocylindrus,Leptocylindricus danicus,Leptocylindrus danicus,2.21E-10,7.53E-11,10.00,0,LopezUrrutia 2006,,0
Chromista,Bacillariophyta,Bacillariophyceae,Leptocylindrales,Leptocylindraceae,Leptocylindrus,Leptocylindricus danicus,Leptocylindrus danicus,2.21E-10,7.53E-11,10.00,0,LopezUrrutia 2006,,0
Chromista,Bacillariophyta,Bacillariophyceae,Leptocylindrales,Leptocylindraceae,Leptocylindrus,Leptocylindricus danicus,Leptocylindrus danicus,2.32E-10,7.53E-11,10.00,0,LopezUrrutia 2006,,0
Chromista,Bacillariophyta,Bacillariophyceae,Leptocylindrales,Leptocylindraceae,Leptocylindrus,Leptocylindricus danicus,Leptocylindrus danicus,2.41E-10,7.53E-11,10.00,0,LopezUrrutia 2006,,0
Chromista,Bacillariophyta,Bacillariophyceae,Leptocylindrales,Leptocylindraceae,Leptocylindrus,Leptocylindricus danicus,Leptocylindrus danicus,1.60E-10,9.26E-11,15.00,0,LopezUrrutia 2006,,0
Chromista,Bacillariophyta,Bacillariophyceae,Leptocylindrales,Leptocylindraceae,Leptocylindrus,Leptocylindricus danicus,Leptocylindrus danicus,2.88E-10,9.26E-11,15.00,0,LopezUrrutia 2006,,0
Chromista,Bacillariophyta,Bacillariophyceae,Leptocylindrales,Leptocylindraceae,Leptocylindrus,Leptocylindricus danicus,Leptocylindrus danicus,3.24E-10,9.26E-11,15.00,0,LopezUrrutia 2006,,0
Chromista,Bacillariophyta,Bacillariophyceae,Leptocylindrales,Leptocylindraceae,Leptocylindrus,Leptocylindricus danicus,Leptocylindrus danicus,3.69E-10,9.26E-11,15.00,0,LopezUrrutia 2006,,0
Chromista,Bacillariophyta,Bacillariophyceae,Leptocylindrales,Leptocylindraceae,Leptocylindrus,Leptocylindricus danicus,Leptocylindrus danicus,3.96E-10,9.26E-11,15.00,0,LopezUrrutia 2006,,0
Chromista,Bacillariophyta,Bacillariophyceae,Leptocylindrales,Leptocylindraceae,Leptocylindrus,Leptocylindricus danicus,Leptocylindrus danicus,4.14E-10,9.26E-11,15.00,0,LopezUrrutia 2006,,0
Chromista,Bacillariophyta,Bacillariophyceae,Leptocylindrales,Leptocylindraceae,Leptocylindrus,Leptocylindricus danicus,Leptocylindrus danicus,4.16E-10,9.26E-11,15.00,0,LopezUrrutia 2006,,0
Chromista,Bacillariophyta,Bacillariophyceae,Leptocylindrales,Leptocylindraceae,Leptocylindrus,Leptocylindricus danicus,Leptocylindrus danicus,5.06E-10,9.26E-11,15.00,0,LopezUrrutia 2006,,0
Chromista,Bacillariophyta,Bacillariophyceae,Leptocylindrales,Leptocylindraceae,Leptocylindrus,Leptocylindricus danicus,Leptocylindrus danicus,5.17E-10,9.26E-11,15.00,0,LopezUrrutia 2006,,0
Chromista,Bacillariophyta,Bacillariophyceae,Leptocylindrales,Leptocylindraceae,Leptocylindrus,Leptocylindricus danicus,Leptocylindrus danicus,6.61E-10,9.26E-11,15.00,0,LopezUrrutia 2006,,1
Chromista,Bacillariophyta,Bacillariophyceae,Leptocylindrales,Leptocylindraceae,Leptocylindrus,Leptocylindricus danicus,Leptocylindrus danicus,6.95E-10,9.26E-11,15.00,0,LopezUrrutia 2006,,1
Chromista,Bacillariophyta,Bacillariophyceae,Leptocylindrales,Leptocylindraceae,Leptocylindrus,Leptocylindricus danicus,Leptocylindrus danicus,7.26E-10,9.26E-11,15.00,0,LopezUrrutia 2006,,1
Chromista,Bacillariophyta,Bacillariophyceae,Leptocylindrales,Leptocylindraceae,Leptocylindrus,Leptocylindricus danicus,Leptocylindrus danicus,4.59E-10,1.32E-10,20.00,0,LopezUrrutia 2006,,0
Chromista,Bacillariophyta,Bacillariophyceae,Leptocylindrales,Leptocylindraceae,Leptocylindrus,Leptocylindricus danicus,Leptocylindrus danicus,6.12E-10,1.32E-10,20.00,0,LopezUrrutia 2006,,0
Chromista,Bacillariophyta,Bacillariophyceae,Leptocylindrales,Leptocylindraceae,Leptocylindrus,Leptocylindricus danicus,Leptocylindrus danicus,6.74E-10,1.32E-10,20.00,0,LopezUrrutia 2006,,0
Chromista,Bacillariophyta,Bacillariophyceae,Leptocylindrales,Leptocylindraceae,Leptocylindrus,Leptocylindricus danicus,Leptocylindrus danicus,7.80E-10,1.32E-10,20.00,0,LopezUrrutia 2006,,0
Chromista,Bacillariophyta,Bacillariophyceae,Leptocylindrales,Leptocylindraceae,Leptocylindrus,Leptocylindricus danicus,Leptocylindrus danicus,9.42E-10,1.32E-10,20.00,0,LopezUrrutia 2006,,0
Chromista,Bacillariophyta,Bacillariophyceae,Leptocylindrales,Leptocylindraceae,Leptocylindrus,Leptocylindricus danicus,Leptocylindrus danicus,1.12E-09,1.32E-10,20.00,0,LopezUrrutia 2006,,0
Chromista,Bacillariophyta,Bacillariophyceae,Leptocylindrales,Leptocylindraceae,Leptocylindrus,Leptocylindricus danicus,Leptocylindrus danicus,1.15E-09,1.32E-10,20.00,0,LopezUrrutia 2006,,0
Chromista,Bacillariophyta,Bacillariophyceae,Leptocylindrales,Leptocylindraceae,Leptocylindrus,Leptocylindricus danicus,Leptocylindrus danicus,1.19E-09,1.32E-10,20.00,0,LopezUrrutia 2006,,1
Chromista,Bacillariophyta,Bacillariophyceae,Leptocylindrales,Leptocylindraceae,Leptocylindrus,Leptocylindricus danicus,Leptocylindrus danicus,1.23E-09,1.32E-10,20.00,0,LopezUrrutia 2006,,1
Chromista,Bacillariophyta,Bacillariophyceae,Leptocylindrales,Leptocylindraceae,Leptocylindrus,Leptocylindricus danicus,Leptocylindrus danicus,1.27E-09,1.32E-10,20.00,0,LopezUrrutia 2006,,1
Chromista,Bacillariophyta,Bacillariophyceae,Leptocylindrales,Leptocylindraceae,Leptocylindrus,Leptocylindricus danicus,Leptocylindrus danicus,1.50E-09,1.32E-10,20.00,0,LopezUrrutia 2006,,1
Chromista,Bacillariophyta,Bacillariophyceae,Leptocylindrales,Leptocylindraceae,Leptocylindrus,Leptocylindricus danicus,Leptocylindrus danicus,1.56E-09,1.32E-10,20.00,0,LopezUrrutia 2006,,1
Chromista,Ochrophyta,Bacillariophyceae,Lithodesmiales,Lithodesmiaceae,Ditylum,Ditylum brightwellii,Ditylum brightwellii,3.82E-09,8.14E-10,21.00,0,LopezUrrutia 2006,,0
Chromista,Ochrophyta,Bacillariophyceae,Lithodesmiales,Lithodesmiaceae,Ditylum,Ditylum brightwellii,Ditylum brightwellii,3.75E-09,9.10E-10,21.00,0,LopezUrrutia 2006,,0
Chromista,Ochrophyta,Bacillariophyceae,Naviculales,Phaeodactylaceae,Phaeodactylum,Phaeodactylum tricornutum,Phaeodactylum tricornutum,4.27E-11,8.00E-12,23.00,0,LopezUrrutia 2006,,0
Chromista,Ochrophyta,Bacillariophyceae,Naviculales,Phaeodactylaceae,Phaeodactylum,Phaeodactylum tricornutum,Phaeodactylum tricornutum,3.10E-11,8.10E-12,23.00,0,LopezUrrutia 2006,,0
Chromista,Ochrophyta,Bacillariophyceae,Naviculales,Phaeodactylaceae,Phaeodactylum,Phaeodactylum tricornutum,Phaeodactylum tricornutum,4.86E-11,8.30E-12,23.00,0,LopezUrrutia 2006,,0
Chromista,Ochrophyta,Bacillariophyceae,Naviculales,Phaeodactylaceae,Phaeodactylum,Phaeodactylum tricornutum,Phaeodactylum tricornutum,1.82E-11,1.01E-11,15.00,0,LopezUrrutia 2006,,1
Chromista,Ochrophyta,Bacillariophyceae,Naviculales,Phaeodactylaceae,Phaeodactylum,Phaeodactylum tricornutum,Phaeodactylum tricornutum,1.74E-10,1.01E-11,15.00,0,LopezUrrutia 2006,,1
Chromista,Ochrophyta,Bacillariophyceae,Naviculales,Phaeodactylaceae,Phaeodactylum,Phaeodactylum tricornutum,Phaeodactylum tricornutum,3.06E-10,1.01E-11,15.00,0,LopezUrrutia 2006,,1
Chromista,Ochrophyta,Bacillariophyceae,Naviculales,Phaeodactylaceae,Phaeodactylum,Phaeodactylum tricornutum,Phaeodactylum tricornutum,3.39E-10,1.01E-11,15.00,0,LopezUrrutia 2006,,1
Chromista,Ochrophyta,Bacillariophyceae,Naviculales,Phaeodactylaceae,Phaeodactylum,Phaeodactylum tricornutum,Phaeodactylum tricornutum,3.53E-10,1.01E-11,15.00,0,LopezUrrutia 2006,,1
Chromista,Ochrophyta,Bacillariophyceae,Naviculales,Phaeodactylaceae,Phaeodactylum,Phaeodactylum tricornutum,Phaeodactylum tricornutum,3.60E-10,1.01E-11,15.00,0,LopezUrrutia 2006,,1
Chromista,Ochrophyta,Bacillariophyceae,Naviculales,Phaeodactylaceae,Phaeodactylum,Phaeodactylum tricornutum,Phaeodactylum tricornutum,3.60E-10,1.01E-11,15.00,0,LopezUrrutia 2006,,1
Chromista,Ochrophyta,Bacillariophyceae,Naviculales,Phaeodactylaceae,Phaeodactylum,Phaeodactylum tricornutum,Phaeodactylum tricornutum,1.83E-11,1.01E-11,20.00,0,LopezUrrutia 2006,,1
Chromista,Ochrophyta,Bacillariophyceae,Naviculales,Phaeodactylaceae,Phaeodactylum,Phaeodactylum tricornutum,Phaeodactylum tricornutum,2.21E-11,1.01E-11,20.00,0,LopezUrrutia 2006,,1
Chromista,Ochrophyta,Bacillariophyceae,Naviculales,Phaeodactylaceae,Phaeodactylum,Phaeodactylum tricornutum,Phaeodactylum tricornutum,3.55E-11,1.01E-11,20.00,0,LopezUrrutia 2006,,0
Chromista,Ochrophyta,Bacillariophyceae,Naviculales,Phaeodactylaceae,Phaeodactylum,Phaeodactylum tricornutum,Phaeodactylum tricornutum,3.73E-11,1.01E-11,20.00,0,LopezUrrutia 2006,,0
Chromista,Ochrophyta,Bacillariophyceae,Naviculales,Phaeodactylaceae,Phaeodactylum,Phaeodactylum tricornutum,Phaeodactylum tricornutum,4.07E-11,1.03E-11,23.00,0,LopezUrrutia 2006,,0
Chromista,Ochrophyta,Bacillariophyceae,Naviculales,Phaeodactylaceae,Phaeodactylum,Phaeodactylum tricornutum,Phaeodactylum tricornutum,5.44E-11,1.06E-11,23.00,0,LopezUrrutia 2006,,0
Chromista,Ochrophyta,Bacillariophyceae,Naviculales,Phaeodactylaceae,Phaeodactylum,Phaeodactylum tricornutum,Phaeodactylum tricornutum,5.82E-11,1.07E-11,23.00,0,LopezUrrutia 2006,,0
Chromista,Ochrophyta,Bacillariophyceae,Naviculales,Phaeodactylaceae,Phaeodactylum,Phaeodactylum tricornutum,Phaeodactylum tricornutum,9.92E-11,1.23E-11,23.00,0,LopezUrrutia 2006,,0
Chromista,Ochrophyta,Bacillariophyceae,Naviculales,Phaeodactylaceae,Phaeodactylum,Phaeodactylum tricornutum,Phaeodactylum tricornutum,5.24E-11,1.24E-11,23.00,0,LopezUrrutia 2006,,0
Chromista,Ochrophyta,Bacillariophyceae,Naviculales,Phaeodactylaceae,Phaeodactylum,Phaeodactylum tricornutum,Phaeodactylum tricornutum,7.58E-11,1.24E-11,23.00,0,LopezUrrutia 2006,,0
Chromista,Ochrophyta,Bacillariophyceae,Thalassiosirales,Thalassiosiraceae,Conticribra,Thalassiosira weisflogii,Conticribra weissflogii,6.48E-10,2.75E-10,18.00,0,LopezUrrutia 2006,,0
Chromista,Ochrophyta,Bacillariophyceae,Thalassiosirales,Thalassiosiraceae,Conticribra,Thalassiosira weisflogii,Conticribra weissflogii,1.52E-09,2.77E-10,18.00,0,LopezUrrutia 2006,,0
Chromista,Ochrophyta,Bacillariophyceae,Thalassiosirales,Thalassiosiraceae,Conticribra,Thalassiosira weisflogii,Conticribra weissflogii,2.34E-09,2.91E-10,18.00,0,LopezUrrutia 2006,,1
Chromista,Ochrophyta,Bacillariophyceae,Thalassiosirales,Thalassiosiraceae,Conticribra,Thalassiosira weisflogii,Conticribra weissflogii,2.65E-09,3.26E-10,18.00,0,LopezUrrutia 2006,,1
Chromista,Ochrophyta,Bacillariophyceae,Thalassiosirales,Thalassiosiraceae,Conticribra,Thalassiosira weisflogii,Conticribra weissflogii,2.43E-09,3.28E-10,18.00,0,LopezUrrutia 2006,,1
Chromista,Ochrophyta,Bacillariophyceae,Thalassiosirales,Skeletonemaceae,Skeletonema,Skeletonema costatum,Skeletonema costatum,8.32E-11,1.14E-11,15.00,0,LopezUrrutia 2006,,0
Chromista,Ochrophyta,Bacillariophyceae,Thalassiosirales,Skeletonemaceae,Skeletonema,Skeletonema costatum,Skeletonema costatum,1.02E-10,1.14E-11,15.00,0,LopezUrrutia 2006,,0
Chromista,Ochrophyta,Bacillariophyceae,Thalassiosirales,Skeletonemaceae,Skeletonema,Skeletonema costatum,Skeletonema costatum,1.06E-10,1.14E-11,15.00,0,LopezUrrutia 2006,,1
Chromista,Ochrophyta,Bacillariophyceae,Thalassiosirales,Skeletonemaceae,Skeletonema,Skeletonema costatum,Skeletonema costatum,1.06E-10,1.14E-11,15.00,0,LopezUrrutia 2006,,1
Chromista,Ochrophyta,Bacillariophyceae,Thalassiosirales,Skeletonemaceae,Skeletonema,Skeletonema costatum,Skeletonema costatum,1.06E-10,1.14E-11,15.00,0,LopezUrrutia 2006,,1
Chromista,Ochrophyta,Bacillariophyceae,Thalassiosirales,Skeletonemaceae,Skeletonema,Skeletonema costatum,Skeletonema costatum,1.21E-10,1.14E-11,15.00,0,LopezUrrutia 2006,,1
Chromista,Ochrophyta,Bacillariophyceae,Thalassiosirales,Skeletonemaceae,Skeletonema,Skeletonema costatum,Skeletonema costatum,1.55E-10,1.16E-11,15.00,0,LopezUrrutia 2006,,1
Chromista,Ochrophyta,Bacillariophyceae,Thalassiosirales,Skeletonemaceae,Skeletonema,Skeletonema costatum,Skeletonema costatum,1.58E-10,1.16E-11,15.00,0,LopezUrrutia 2006,,1
Chromista,Ochrophyta,Bacillariophyceae,Thalassiosirales,Skeletonemaceae,Skeletonema,Skeletonema costatum,Skeletonema costatum,1.84E-10,1.16E-11,15.00,0,LopezUrrutia 2006,,1
Chromista,Ochrophyta,Bacillariophyceae,Thalassiosirales,Skeletonemaceae,Skeletonema,Skeletonema costatum,Skeletonema costatum,2.11E-10,1.16E-11,15.00,0,LopezUrrutia 2006,,1
Chromista,Ochrophyta,Bacillariophyceae,Thalassiosirales,Skeletonemaceae,Skeletonema,Skeletonema costatum,Skeletonema costatum,2.68E-10,1.16E-11,15.00,0,LopezUrrutia 2006,,1
Chromista,Ochrophyta,Bacillariophyceae,Thalassiosirales,Skeletonemaceae,Skeletonema,Skeletonema costatum,Skeletonema costatum,2.68E-10,1.16E-11,15.00,0,LopezUrrutia 2006,,1
Chromista,Ochrophyta,Bacillariophyceae,Thalassiosirales,Skeletonemaceae,Skeletonema,Skeletonema costatum,Skeletonema costatum,6.05E-11,1.40E-11,15.00,0,LopezUrrutia 2006,,0
Chromista,Ochrophyta,Bacillariophyceae,Thalassiosirales,Skeletonemaceae,Skeletonema,Skeletonema costatum,Skeletonema costatum,4.86E-11,1.50E-11,15.00,0,LopezUrrutia 2006,,0
Chromista,Ochrophyta,Bacillariophyceae,Thalassiosirales,Skeletonemaceae,Skeletonema,Skeletonema costatum,Skeletonema costatum,9.49E-12,1.60E-11,15.00,0,LopezUrrutia 2006,,1
Chromista,Ochrophyta,Bacillariophyceae,Thalassiosirales,Skeletonemaceae,Skeletonema,Skeletonema costatum,Skeletonema costatum,7.26E-11,1.60E-11,15.00,0,LopezUrrutia 2006,,0
Chromista,Ochrophyta,Bacillariophyceae,Thalassiosirales,Skeletonemaceae,Skeletonema,Skeletonema costatum,Skeletonema costatum,7.78E-11,1.60E-11,15.00,0,LopezUrrutia 2006,,0
Chromista,Ochrophyta,Bacillariophyceae,Thalassiosirales,Skeletonemaceae,Skeletonema,Skeletonema costatum,Skeletonema costatum,1.31E-10,1.64E-11,21.00,0,LopezUrrutia 2006,,0
Chromista,Ochrophyta,Bacillariophyceae,Thalassiosirales,Skeletonemaceae,Skeletonema,Skeletonema costatum,Skeletonema costatum,2.05E-10,2.17E-11,21.00,0,LopezUrrutia 2006,,0
Chromista,Ochrophyta,Bacillariophyceae,Thalassiosirales,Skeletonemaceae,Skeletonema,Skeletonema costatum,Skeletonema costatum,1.43E-10,2.20E-11,15.00,0,LopezUrrutia 2006,,0
Chromista,Ochrophyta,Bacillariophyceae,Thalassiosirales,Skeletonemaceae,Skeletonema,Skeletonema costatum,Skeletonema costatum,1.88E-10,2.90E-11,15.00,0,LopezUrrutia 2006,,0
Chromista,Ochrophyta,Bacillariophyceae,Thalassiosirales,Skeletonemaceae,Skeletonema,Skeletonema costatum,Skeletonema costatum,1.70E-10,3.00E-11,15.00,0,LopezUrrutia 2006,,0
Chromista,Ochrophyta,Bacillariophyceae,Thalassiosirales,Skeletonemaceae,Skeletonema,Skeletonema costatum,Skeletonema costatum,1.39E-10,3.10E-11,15.00,0,LopezUrrutia 2006,,0
Chromista,Ochrophyta,Bacillariophyceae,Thalassiosirales,Skeletonemaceae,Skeletonema,Skeletonema costatum,Skeletonema costatum,2.72E-10,3.25E-11,21.00,0,LopezUrrutia 2006,,0
Chromista,Ochrophyta,Bacillariophyceae,Thalassiosirales,Skeletonemaceae,Skeletonema,Skeletonema costatum,Skeletonema costatum,1.73E-10,3.35E-11,21.00,0,LopezUrrutia 2006,,0
Chromista,Ochrophyta,Bacillariophyceae,Thalassiosirales,Thalassiosiraceae,Thalassiosira,Thalassiosira rotula,Thalassiosira rotula,1.67E-09,2.89E-10,21.00,0,LopezUrrutia 2006,,0
Chromista,Ochrophyta,Bacillariophyceae,Thalassiosirales,Thalassiosiraceae,Thalassiosira,Thalassiosira pseudonana,Thalassiosira pseudonana,1.18E-10,5.65E-12,21.00,0,LopezUrrutia 2006,,1
Chromista,Ochrophyta,Bacillariophyceae,Thalassiosirales,Thalassiosiraceae,Thalassiosira,Thalassiosira pseudonana,Thalassiosira pseudonana,1.88E-10,6.69E-12,21.00,0,LopezUrrutia 2006,,1
Chromista,Ochrophyta,Bacillariophyceae,Thalassiosirales,Thalassiosiraceae,Thalassiosira,Thalassiosira pseudonana,Thalassiosira pseudonana,3.26E-10,6.69E-12,21.00,0,LopezUrrutia 2006,,1
Chromista,Ochrophyta,Bacillariophyceae,Thalassiosirales,Thalassiosiraceae,Thalassiosira,Thalassiosira pseudonana,Thalassiosira pseudonana,1.50E-10,4.08E-11,21.00,0,LopezUrrutia 2006,,0
Plantae,Chlorophyta,Chlorophyceae,Volvocales,Dunaliellaceae,Dunaliella,Dunaliella tertiolecta,Dunaliella tertiolecta,2.16E-10,1.97E-11,20.00,0,LopezUrrutia 2006,,0
Plantae,Chlorophyta,Chlorophyceae,Volvocales,Dunaliellaceae,Dunaliella,Dunaliella tertiolecta,Dunaliella tertiolecta,2.01E-10,2.18E-11,20.00,0,LopezUrrutia 2006,,0
Plantae,Chlorophyta,Chlorophyceae,Volvocales,Dunaliellaceae,Dunaliella,Dunaliella tertiolecta,Dunaliella tertiolecta,2.41E-10,2.31E-11,20.00,0,LopezUrrutia 2006,,0
Plantae,Chlorophyta,Chlorophyceae,Volvocales,Dunaliellaceae,Dunaliella,Dunaliella tertiolecta,Dunaliella tertiolecta,1.79E-10,2.43E-11,20.00,0,LopezUrrutia 2006,,0
Plantae,Chlorophyta,Chlorophyceae,Volvocales,Dunaliellaceae,Dunaliella,Dunaliella tertiolecta,Dunaliella tertiolecta,1.03E-10,2.66E-11,20.00,0,LopezUrrutia 2006,,0
Plantae,Chlorophyta,Chlorophyceae,Volvocales,Dunaliellaceae,Dunaliella,Dunaliella tertiolecta,Dunaliella tertiolecta,8.59E-11,3.06E-11,20.00,0,LopezUrrutia 2006,,0
Plantae,Chlorophyta,Chlorophyceae,Volvocales,Dunaliellaceae,Dunaliella,Dunaliella tertiolecta,Dunaliella tertiolecta,2.41E-10,3.41E-11,20.00,0,LopezUrrutia 2006,,0
Plantae,Chlorophyta,Chlorophyceae,Volvocales,Dunaliellaceae,Dunaliella,Dunaliella tertiolecta,Dunaliella tertiolecta,3.44E-10,3.94E-11,21.00,0,LopezUrrutia 2006,,0
Plantae,Chlorophyta,Chlorophyceae,Volvocales,Dunaliellaceae,Dunaliella,Dunaliella tertiolecta,Dunaliella tertiolecta,1.47E-10,4.29E-11,21.00,0,LopezUrrutia 2006,,0
Plantae,Chlorophyta,Chlorophyceae,Volvocales,Dunaliellaceae,Dunaliella,Dunaliella tertiolecta,Dunaliella tertiolecta,2.43E-10,4.29E-11,21.00,0,LopezUrrutia 2006,,0
Plantae,Chlorophyta,Chlorophyceae,Volvocales,Dunaliellaceae,Dunaliella,Dunaliella tertiolecta,Dunaliella tertiolecta,1.78E-10,4.64E-11,21.00,0,LopezUrrutia 2006,,0
Bacteria,Cyanobacteria,Cyanobacteriia,Synechococcales,Synechococcaceae,Synechococcus,Synechococcus A2169strain,Synechococcus,7.01E-13,1.80E-13,23.00,0,LopezUrrutia 2006,,1
Bacteria,Cyanobacteria,Cyanobacteriia,Synechococcales,Synechococcaceae,Synechococcus,Synechococcus A2169strain,Synechococcus,8.09E-13,1.80E-13,23.00,0,LopezUrrutia 2006,,1
Bacteria,Cyanobacteria,Cyanobacteriia,Synechococcales,Synechococcaceae,Synechococcus,Synechococcus A2169strain,Synechococcus,9.17E-13,1.80E-13,23.00,0,LopezUrrutia 2006,,1
Bacteria,Cyanobacteria,Cyanobacteriia,Synechococcales,Synechococcaceae,Synechococcus,Synechococcus A2169strain,Synechococcus,1.40E-12,1.80E-13,23.00,0,LopezUrrutia 2006,,0
Bacteria,Cyanobacteria,Cyanobacteriia,Synechococcales,Synechococcaceae,Synechococcus,Synechococcus WH7803strain,Synechococcus,6.48E-13,1.80E-13,23.00,0,LopezUrrutia 2006,,1
Bacteria,Cyanobacteria,Cyanobacteriia,Synechococcales,Synechococcaceae,Synechococcus,Synechococcus WH7803strain,Synechococcus,8.63E-13,1.80E-13,23.00,0,LopezUrrutia 2006,,1
Bacteria,Cyanobacteria,Cyanobacteriia,Synechococcales,Synechococcaceae,Synechococcus,Synechococcus WH7803strain,Synechococcus,2.10E-12,1.80E-13,23.00,0,LopezUrrutia 2006,,0
Chromista,Myzozoa,Dinophyceae,Gonyaulacales,Gonyaulacaceae,Gonyaulax,Gonyaulax tamarensis,Gonyaulax tamarensis,1.67E-08,1.96E-09,15.00,0,LopezUrrutia 2006,,1
Chromista,Myzozoa,Dinophyceae,Gonyaulacales,Gonyaulacaceae,Gonyaulax,Gonyaulax tamarensis,Gonyaulax tamarensis,1.55E-08,2.54E-09,15.00,0,LopezUrrutia 2006,,1
Chromista,Myzozoa,Dinophyceae,Gonyaulacales,Gonyaulacaceae,Gonyaulax,Gonyaulax tamarensis,Gonyaulax tamarensis,1.83E-08,2.78E-09,15.00,0,LopezUrrutia 2006,,1
Chromista,Myzozoa,Dinophyceae,Gonyaulacales,Gonyaulacaceae,Gonyaulax,Gonyaulax tamarensis,Gonyaulax tamarensis,1.36E-08,3.08E-09,15.00,0,LopezUrrutia 2006,,0
Chromista,Myzozoa,Dinophyceae,Gonyaulacales,Gonyaulacaceae,Gonyaulax,Gonyaulax tamarensis,Gonyaulax tamarensis,3.31E-08,4.04E-09,15.00,0,LopezUrrutia 2006,,1
Chromista,Myzozoa,Dinophyceae,Gonyaulacales,Gonyaulacaceae,Gonyaulax,Gonyaulax tamarensis,Gonyaulax tamarensis,1.45E-08,4.19E-09,15.00,0,LopezUrrutia 2006,,0
Chromista,Myzozoa,Dinophyceae,Gymnodiniales,Gymnodiniaceae,Gymnodinium,Gyrodinium aureolum,Gymnodinium aureolum,4.05E-09,6.05E-10,20.00,0,LopezUrrutia 2006,,0
Chromista,Myzozoa,Dinophyceae,Gymnodiniales,Gymnodiniaceae,Gymnodinium,Gyrodinium aureolum,Gymnodinium aureolum,4.05E-09,6.05E-10,20.00,0,LopezUrrutia 2006,,0
Chromista,Myzozoa,Dinophyceae,Gymnodiniales,Gymnodiniaceae,Gymnodinium,Gyrodinium aureolum,Gymnodinium aureolum,4.59E-09,6.82E-10,20.00,0,LopezUrrutia 2006,,0
Chromista,Myzozoa,Dinophyceae,Gymnodiniales,Gymnodiniaceae,Gymnodinium,Gyrodinium aureolum,Gymnodinium aureolum,4.59E-09,6.82E-10,20.00,0,LopezUrrutia 2006,,0
Chromista,Myzozoa,Dinophyceae,Gymnodiniales,Gymnodiniaceae,Gymnodinium,Gyrodinium aureolum,Gymnodinium aureolum,5.01E-09,6.89E-10,20.00,0,LopezUrrutia 2006,,1
Chromista,Myzozoa,Dinophyceae,Gymnodiniales,Gymnodiniaceae,Gymnodinium,Gyrodinium aureolum,Gymnodinium aureolum,5.01E-09,6.90E-10,20.00,0,LopezUrrutia 2006,,1
Chromista,Myzozoa,Dinophyceae,Gymnodiniales,Gymnodiniaceae,Gymnodinium,Gyrodinium aureolum,Gymnodinium aureolum,5.13E-09,1.34E-09,20.00,0,LopezUrrutia 2006,,0
Chromista,Myzozoa,Dinophyceae,Gymnodiniales,Gymnodiniaceae,Gymnodinium,Gyrodinium aureolum,Gymnodinium aureolum,5.13E-09,1.34E-09,20.00,0,LopezUrrutia 2006,,0
Chromista,Myzozoa,Dinophyceae,Gymnodiniales,Gymnodiniaceae,Gymnodinium,Gyrodinium aureolum,Gymnodinium aureolum,4.97E-09,1.38E-09,20.00,0,LopezUrrutia 2006,,0
Chromista,Myzozoa,Dinophyceae,Gymnodiniales,Gymnodiniaceae,Gymnodinium,Gyrodinium aureolum,Gymnodinium aureolum,4.97E-09,1.38E-09,20.00,0,LopezUrrutia 2006,,0
Chromista,Myzozoa,Dinophyceae,Peridiniales,Peridiniaceae,Scrippsiella,Scrippsiella trochoidea,Scrippsiella trochoidea,5.62E-09,1.28E-09,21.00,0,LopezUrrutia 2006,,0
Chromista,Myzozoa,Dinophyceae,Prorocentrales,Prorocentraceae,Prorocentrum,Prorocentrum micans,Prorocentrum micans,2.27E-09,1.07E-09,18.00,0,LopezUrrutia 2006,,0
Chromista,Myzozoa,Dinophyceae,Prorocentrales,Prorocentraceae,Prorocentrum,Prorocentrum micans,Prorocentrum micans,2.74E-09,1.10E-09,18.00,0,LopezUrrutia 2006,,0
Chromista,Myzozoa,Dinophyceae,Prorocentrales,Prorocentraceae,Prorocentrum,Prorocentrum micans,Prorocentrum micans,4.05E-09,1.12E-09,18.00,0,LopezUrrutia 2006,,0
Chromista,Myzozoa,Dinophyceae,Prorocentrales,Prorocentraceae,Prorocentrum,Prorocentrum micans,Prorocentrum micans,4.86E-09,1.18E-09,18.00,0,LopezUrrutia 2006,,0
Chromista,Haptophyta,Pavlovophyceae,Pavlovales,Pavlovaceae,Diacronema,Monochrysis lutheri,Diacronema lutheri,6.30E-11,8.90E-12,20.00,0,LopezUrrutia 2006,,0
Chromista,Haptophyta,Pavlovophyceae,Pavlovales,Pavlovaceae,Diacronema,Monochrysis lutheri,Diacronema lutheri,4.92E-11,9.30E-12,20.00,0,LopezUrrutia 2006,,0
Chromista,Haptophyta,Pavlovophyceae,Pavlovales,Pavlovaceae,Diacronema,Monochrysis lutheri,Diacronema lutheri,5.28E-11,9.40E-12,20.00,0,LopezUrrutia 2006,,0
Chromista,Haptophyta,Pavlovophyceae,Pavlovales,Pavlovaceae,Diacronema,Monochrysis lutheri,Diacronema lutheri,7.78E-11,1.01E-11,20.00,0,LopezUrrutia 2006,,0
Chromista,Haptophyta,Pavlovophyceae,Pavlovales,Pavlovaceae,Diacronema,Monochrysis lutheri,Diacronema lutheri,5.78E-11,1.12E-11,20.00,0,LopezUrrutia 2006,,0
Chromista,Haptophyta,Pavlovophyceae,Pavlovales,Pavlovaceae,Diacronema,Monochrysis lutheri,Diacronema lutheri,4.63E-11,1.31E-11,20.00,0,LopezUrrutia 2006,,0
Plantae,Rhodophyta,Porphyridiophyceae,Porphyridiales,Porphyridiaceae,Porphyridium,Porphyridium purpureum,Porphyridium purpureum,4.92E-10,2.51E-11,18.00,0,LopezUrrutia 2006,,1
Plantae,Rhodophyta,Porphyridiophyceae,Porphyridiales,Porphyridiaceae,Porphyridium,Porphyridium purpureum,Porphyridium purpureum,5.82E-10,2.61E-11,18.00,0,LopezUrrutia 2006,,1
Plantae,Rhodophyta,Porphyridiophyceae,Porphyridiales,Porphyridiaceae,Porphyridium,Porphyridium purpureum,Porphyridium purpureum,6.54E-10,2.72E-11,18.00,0,LopezUrrutia 2006,,1
Plantae,Rhodophyta,Porphyridiophyceae,Porphyridiales,Porphyridiaceae,Porphyridium,Porphyridium purpureum,Porphyridium purpureum,4.95E-10,2.82E-11,18.00,0,LopezUrrutia 2006,,1
Plantae,Rhodophyta,Porphyridiophyceae,Porphyridiales,Porphyridiaceae,Porphyridium,Porphyridium purpureum,Porphyridium purpureum,2.59E-10,2.92E-11,18.00,0,LopezUrrutia 2006,,0
Plantae,Rhodophyta,Porphyridiophyceae,Porphyridiales,Porphyridiaceae,Porphyridium,Porphyridium purpureum,Porphyridium purpureum,5.04E-10,2.92E-11,18.00,0,LopezUrrutia 2006,,1
Plantae,Rhodophyta,Porphyridiophyceae,Porphyridiales,Porphyridiaceae,Porphyridium,Porphyridium purpureum,Porphyridium purpureum,4.32E-10,3.02E-11,18.00,0,LopezUrrutia 2006,,1
Plantae,Chlorophyta,Prasinophyceae,Pseudoscourfieldiales,Pycnococcaceae,Pycnococcus,Pycnococcus provasolii,Pycnococcus provasolii,9.71E-12,2.90E-12,20.00,0,LopezUrrutia 2006,,1
Plantae,Chlorophyta,Prasinophyceae,Pseudoscourfieldiales,Pycnococcaceae,Pycnococcus,Pycnococcus provasolii,Pycnococcus provasolii,1.73E-11,3.00E-12,20.00,0,LopezUrrutia 2006,,0
Plantae,Chlorophyta,Prasinophyceae,Pseudoscourfieldiales,Pycnococcaceae,Pycnococcus,Pycnococcus provasolii,Pycnococcus provasolii,2.27E-11,3.30E-12,20.00,0,LopezUrrutia 2006,,0
Plantae,Chlorophyta,Prasinophyceae,Pseudoscourfieldiales,Pycnococcaceae,Pycnococcus,Pycnococcus provasolii,Pycnococcus provasolii,7.55E-13,3.31E-12,10.00,0,LopezUrrutia 2006,,1
Plantae,Chlorophyta,Prasinophyceae,Pseudoscourfieldiales,Pycnococcaceae,Pycnococcus,Pycnococcus provasolii,Pycnococcus provasolii,2.74E-12,3.31E-12,10.00,0,LopezUrrutia 2006,,1
Plantae,Chlorophyta,Prasinophyceae,Pseudoscourfieldiales,Pycnococcaceae,Pycnococcus,Pycnococcus provasolii,Pycnococcus provasolii,4.20E-12,3.31E-12,10.00,0,LopezUrrutia 2006,,1
Plantae,Chlorophyta,Prasinophyceae,Pseudoscourfieldiales,Pycnococcaceae,Pycnococcus,Pycnococcus provasolii,Pycnococcus provasolii,4.27E-12,3.31E-12,10.00,0,LopezUrrutia 2006,,1
Plantae,Chlorophyta,Prasinophyceae,Pseudoscourfieldiales,Pycnococcaceae,Pycnococcus,Pycnococcus provasolii,Pycnococcus provasolii,8.68E-12,3.31E-12,10.00,0,LopezUrrutia 2006,,0
Plantae,Chlorophyta,Prasinophyceae,Pseudoscourfieldiales,Pycnococcaceae,Pycnococcus,Pycnococcus provasolii,Pycnococcus provasolii,1.04E-11,3.31E-12,10.00,0,LopezUrrutia 2006,,0
Plantae,Chlorophyta,Prasinophyceae,Pseudoscourfieldiales,Pycnococcaceae,Pycnococcus,Pycnococcus provasolii,Pycnococcus provasolii,8.75E-12,3.31E-12,20.00,0,LopezUrrutia 2006,,1
Plantae,Chlorophyta,Prasinophyceae,Pseudoscourfieldiales,Pycnococcaceae,Pycnococcus,Pycnococcus provasolii,Pycnococcus provasolii,9.60E-12,3.31E-12,20.00,0,LopezUrrutia 2006,,1
Plantae,Chlorophyta,Prasinophyceae,Pseudoscourfieldiales,Pycnococcaceae,Pycnococcus,Pycnococcus provasolii,Pycnococcus provasolii,9.87E-12,3.31E-12,20.00,0,LopezUrrutia 2006,,1
Plantae,Chlorophyta,Prasinophyceae,Pseudoscourfieldiales,Pycnococcaceae,Pycnococcus,Pycnococcus provasolii,Pycnococcus provasolii,1.19E-11,3.31E-12,20.00,0,LopezUrrutia 2006,,1
Plantae,Chlorophyta,Prasinophyceae,Pseudoscourfieldiales,Pycnococcaceae,Pycnococcus,Pycnococcus provasolii,Pycnococcus provasolii,1.73E-11,3.31E-12,20.00,0,LopezUrrutia 2006,,0
Plantae,Chlorophyta,Prasinophyceae,Pseudoscourfieldiales,Pycnococcaceae,Pycnococcus,Pycnococcus provasolii,Pycnococcus provasolii,2.03E-11,3.31E-12,20.00,0,LopezUrrutia 2006,,0
Plantae,Chlorophyta,Prasinophyceae,Pseudoscourfieldiales,Pycnococcaceae,Pycnococcus,Pycnococcus provasolii,Pycnococcus provasolii,2.12E-11,3.31E-12,20.00,0,LopezUrrutia 2006,,0
Plantae,Chlorophyta,Prasinophyceae,Pseudoscourfieldiales,Pycnococcaceae,Pycnococcus,Pycnococcus provasolii,Pycnococcus provasolii,2.21E-11,3.31E-12,20.00,0,LopezUrrutia 2006,,0
Plantae,Chlorophyta,Prasinophyceae,Pseudoscourfieldiales,Pycnococcaceae,Pycnococcus,Pycnococcus provasolii,Pycnococcus provasolii,2.27E-11,3.31E-12,20.00,0,LopezUrrutia 2006,,0
Plantae,Chlorophyta,Prasinophyceae,Pseudoscourfieldiales,Pycnococcaceae,Pycnococcus,Pycnococcus provasolii,Pycnococcus provasolii,2.63E-11,3.31E-12,20.00,0,LopezUrrutia 2006,,0
Plantae,Chlorophyta,Prasinophyceae,Pseudoscourfieldiales,Pycnococcaceae,Pycnococcus,Pycnococcus provasolii,Pycnococcus provasolii,2.65E-11,3.60E-12,20.00,0,LopezUrrutia 2006,,0
Plantae,Chlorophyta,Prasinophyceae,Pseudoscourfieldiales,Pycnococcaceae,Pycnococcus,Pycnococcus provasolii,Pycnococcus provasolii,2.05E-11,3.70E-12,20.00,0,LopezUrrutia 2006,,0
Chromista,Haptophyta,Prymnesiophyceae,Isochrysidales,Isochrysidaceae,Isochrysis,Isochrysis galbana,Isochrysis galbana,6.99E-11,1.33E-12,21.00,0,LopezUrrutia 2006,,1
Chromista,Haptophyta,Prymnesiophyceae,Isochrysidales,Isochrysidaceae,Isochrysis,Isochrysis galbana,Isochrysis galbana,1.61E-10,1.33E-12,21.00,0,LopezUrrutia 2006,,1
Chromista,Haptophyta,Prymnesiophyceae,Isochrysidales,Isochrysidaceae,Isochrysis,Isochrysis galbana,Isochrysis galbana,9.11E-13,1.62E-12,22.50,0,LopezUrrutia 2006,,1
Chromista,Haptophyta,Prymnesiophyceae,Isochrysidales,Isochrysidaceae,Isochrysis,Isochrysis galbana,Isochrysis galbana,4.56E-12,1.62E-12,22.50,0,LopezUrrutia 2006,,1
Chromista,Haptophyta,Prymnesiophyceae,Isochrysidales,Isochrysidaceae,Isochrysis,Isochrysis galbana,Isochrysis galbana,8.21E-12,1.62E-12,22.50,0,LopezUrrutia 2006,,0
Chromista,Haptophyta,Prymnesiophyceae,Isochrysidales,Isochrysidaceae,Isochrysis,Isochrysis galbana,Isochrysis galbana,1.64E-11,1.62E-12,22.50,0,LopezUrrutia 2006,,0
Chromista,Haptophyta,Prymnesiophyceae,Isochrysidales,Isochrysidaceae,Isochrysis,Isochrysis galbana,Isochrysis galbana,4.09E-11,1.91E-12,21.00,0,LopezUrrutia 2006,,1
Chromista,Haptophyta,Prymnesiophyceae,Isochrysidales,Isochrysidaceae,Isochrysis,Isochrysis galbana,Isochrysis galbana,6.03E-11,1.91E-12,21.00,0,LopezUrrutia 2006,,1
Chromista,Haptophyta,Prymnesiophyceae,Isochrysidales,Isochrysidaceae,Isochrysis,Isochrysis galbana,Isochrysis galbana,3.55E-11,1.03E-11,18.00,0,LopezUrrutia 2006,,0
Chromista,Haptophyta,Prymnesiophyceae,Isochrysidales,Isochrysidaceae,Isochrysis,Isochrysis galbana,Isochrysis galbana,3.89E-11,1.04E-11,18.00,0,LopezUrrutia 2006,,0
Chromista,Haptophyta,Prymnesiophyceae,Isochrysidales,Isochrysidaceae,Isochrysis,Isochrysis galbana,Isochrysis galbana,3.62E-11,1.08E-11,18.00,0,LopezUrrutia 2006,,0
Chromista,Haptophyta,Prymnesiophyceae,Isochrysidales,Isochrysidaceae,Isochrysis,Isochrysis galbana,Isochrysis galbana,4.20E-11,1.24E-11,18.00,0,LopezUrrutia 2006,,0
Chromista,Haptophyta,Prymnesiophyceae,Isochrysidales,Isochrysidaceae,Isochrysis,Isochrysis galbana,Isochrysis galbana,3.55E-11,1.27E-11,18.00,0,LopezUrrutia 2006,,0
Chromista,Haptophyta,Prymnesiophyceae,Isochrysidales,Isochrysidaceae,Isochrysis,Isochrysis galbana,Isochrysis galbana,3.08E-11,1.37E-11,18.00,0,LopezUrrutia 2006,,1
Chromista,Haptophyta,Prymnesiophyceae,Isochrysidales,Isochrysidaceae,Isochrysis,Isochrysis galbana,Isochrysis galbana,3.17E-11,1.41E-11,18.00,0,LopezUrrutia 2006,,1
Chromista,Haptophyta,Prymnesiophyceae,Isochrysidales,Isochrysidaceae,Isochrysis,Isochrysis galbana,Isochrysis galbana,3.24E-11,1.44E-11,18.00,0,LopezUrrutia 2006,,1
Chromista,Haptophyta,Prymnesiophyceae,Isochrysidales,Isochrysidaceae,Isochrysis,Isochrysis galbana,Isochrysis galbana,6.48E-11,1.50E-11,18.00,0,LopezUrrutia 2006,,0
Chromista,Haptophyta,Prymnesiophyceae,Isochrysidales,Isochrysidaceae,Isochrysis,Isochrysis galbana,Isochrysis galbana,3.08E-11,1.64E-11,18.00,0,LopezUrrutia 2006,,1
Chromista,Haptophyta,Prymnesiophyceae,Isochrysidales,Isochrysidaceae,Isochrysis,Isochrysis galbana,Isochrysis galbana,7.13E-11,1.65E-11,18.00,0,LopezUrrutia 2006,,0
Chromista,Haptophyta,Prymnesiophyceae,Isochrysidales,Isochrysidaceae,Isochrysis,Isochrysis galbana,Isochrysis galbana,2.97E-11,1.77E-11,18.00,0,LopezUrrutia 2006,,1
Chromista,Haptophyta,Prymnesiophyceae,Isochrysidales,Isochrysidaceae,Isochrysis,Isochrysis galbana,Isochrysis galbana,2.97E-11,1.77E-11,18.00,0,LopezUrrutia 2006,,1
Chromista,Haptophyta,Prymnesiophyceae,Isochrysidales,Isochrysidaceae,Isochrysis,Isochrysis galbana,Isochrysis galbana,7.44E-11,2.00E-11,18.00,0,LopezUrrutia 2006,,0
Chromista,Haptophyta,Prymnesiophyceae,Isochrysidales,Noelaerhabdaceae,Emiliania,Emiliania huxleyi,Emiliania huxleyi,3.28E-11,4.29E-12,21.00,0,LopezUrrutia 2006,,0
Chromista,Haptophyta,Prymnesiophyceae,Syracosphaerales,Syracosphaeraceae,Syracosphaera,Syracosphaera elongata,,2.38E-09,2.69E-10,21.00,0,LopezUrrutia 2006,,1
Chromista,Ochrophyta,Raphidophyceae,Chattonellales,Chattonellaceae,Olisthodiscus,Olisthodiscus luteus,Olisthodiscus luteus,4.27E-10,1.68E-10,15.00,0,LopezUrrutia 2006,,0
Chromista,Ochrophyta,Raphidophyceae,Chattonellales,Chattonellaceae,Olisthodiscus,Olisthodiscus luteus,Olisthodiscus luteus,3.75E-10,1.83E-10,15.00,0,LopezUrrutia 2006,,0
Chromista,Ochrophyta,Raphidophyceae,Chattonellales,Chattonellaceae,Olisthodiscus,Olisthodiscus luteus,Olisthodiscus luteus,2.86E-10,2.04E-10,15.00,0,LopezUrrutia 2006,,0
Chromista,Ochrophyta,Raphidophyceae,Chattonellales,Chattonellaceae,Olisthodiscus,Olisthodiscus luteus,Olisthodiscus luteus,3.80E-10,2.07E-10,15.00,0,LopezUrrutia 2006,,0
Chromista,Ochrophyta,Raphidophyceae,Chattonellales,Chattonellaceae,Olisthodiscus,Olisthodiscus luteus,Olisthodiscus luteus,9.04E-10,2.99E-10,15.00,0,LopezUrrutia 2006,,0
Chromista,Ochrophyta,Raphidophyceae,Chattonellales,Chattonellaceae,Olisthodiscus,Olisthodiscus luteus,Olisthodiscus luteus,1.19E-09,3.14E-10,15.00,0,LopezUrrutia 2006,,0
Animalia,Chordata,Actinopterygii,Beloniformes,Scomberesocidae,,Scomberesocidae ,Scomberesocidae,5.37E-04,3.05E-03,15.90,0,LopezUrrutia 2006,,0
Animalia,Chordata,Actinopterygii,Beloniformes,Scomberesocidae,,Scomberesocidae ,Scomberesocidae,8.95E-04,5.67E-01,15.90,0,LopezUrrutia 2006,,0
Chromista,Ochrophyta,Chrysophyceae,Ochromonadales,Ochromonadaceae,Ochromonas,Ochromonas,,2.65E-11,8.08E-11,26.50,0,LopezUrrutia 2006,,0
Chromista,Ochrophyta,Chrysophyceae,Ochromonadales,Ochromonadaceae,Ochromonas,Ochromonas,,1.45E-09,2.41E-10,26.50,0,LopezUrrutia 2006,,0
Animalia,Arthropoda,Copepoda,Calanoida,Pseudodiaptomidae,Pseudodiaptomus,Pseudodiaptomus hessei,Pseudodiaptomus hessei,4.32E-06,4.70E-05,10.12,0,LopezUrrutia 2006,,0
Animalia,Arthropoda,Copepoda,Calanoida,Pseudodiaptomidae,Pseudodiaptomus,Pseudodiaptomus hessei,Pseudodiaptomus hessei,6.34E-06,4.70E-05,10.12,0,LopezUrrutia 2006,,0
Animalia,Arthropoda,Copepoda,Calanoida,Pseudodiaptomidae,Pseudodiaptomus,Pseudodiaptomus hessei,Pseudodiaptomus hessei,5.98E-06,4.70E-05,15.04,0,LopezUrrutia 2006,,0
Animalia,Arthropoda,Copepoda,Calanoida,Pseudodiaptomidae,Pseudodiaptomus,Pseudodiaptomus hessei,Pseudodiaptomus hessei,8.99E-06,4.70E-05,15.04,0,LopezUrrutia 2006,,0
Animalia,Arthropoda,Copepoda,Calanoida,Pseudodiaptomidae,Pseudodiaptomus,Pseudodiaptomus hessei,Pseudodiaptomus hessei,1.62E-05,4.70E-05,19.96,0,LopezUrrutia 2006,,0
Animalia,Arthropoda,Copepoda,Calanoida,Pseudodiaptomidae,Pseudodiaptomus,Pseudodiaptomus hessei,Pseudodiaptomus hessei,1.37E-05,4.70E-05,20.10,0,LopezUrrutia 2006,,0
Animalia,Arthropoda,Copepoda,Calanoida,Pseudodiaptomidae,Pseudodiaptomus,Pseudodiaptomus hessei,Pseudodiaptomus hessei,2.54E-05,4.70E-05,25.02,0,LopezUrrutia 2006,,0
Animalia,Arthropoda,Copepoda,Calanoida,Pseudodiaptomidae,Pseudodiaptomus,Pseudodiaptomus hessei,Pseudodiaptomus hessei,3.15E-05,4.70E-05,25.17,0,LopezUrrutia 2006,,0
Animalia,Arthropoda,Copepoda,Calanoida,Pseudodiaptomidae,Pseudodiaptomus,Pseudodiaptomus hessei,Pseudodiaptomus hessei,3.62E-05,4.70E-05,30.08,0,LopezUrrutia 2006,,0
Animalia,Arthropoda,Copepoda,Calanoida,Pseudodiaptomidae,Pseudodiaptomus,Pseudodiaptomus hessei,Pseudodiaptomus hessei,4.97E-05,4.70E-05,30.08,0,LopezUrrutia 2006,,0
Animalia,Arthropoda,Copepoda,Calanoida,Calanidae,Undinula,Undinulla,Undinula,3.37E-04,6.66E-04,27.60,0,LopezUrrutia 2006,,0
Animalia,Arthropoda,Copepoda,Calanoida,Tortanidae,Tortanus,Tortanus,,2.90E-05,2.27E-04,7.00,0,LopezUrrutia 2006,,0
Animalia,Arthropoda,Copepoda,Calanoida,Pseudodiaptomidae,Pseudodiaptomus,Pseudodiaptomus,,1.35E-05,5.58E-05,14.30,0,LopezUrrutia 2006,,0
Animalia,Arthropoda,Copepoda,Calanoida,Pontellidae,Calanopia,Calanopia,,6.74E-05,2.23E-04,26.00,0,LopezUrrutia 2006,,0
Animalia,Arthropoda,Copepoda,Calanoida,Paracalanidae,Paracalanus,Paracalanus,,7.46E-06,1.20E-05,13.90,0,LopezUrrutia 2006,,0
Animalia,Arthropoda,Copepoda,Calanoida,Metridinidae,Metridia,Metridia,,7.71E-05,1.06E-03,-1.40,0,LopezUrrutia 2006,,0
Animalia,Arthropoda,Copepoda,Calanoida,Rhincalanidae,Rhincalanus,Rhincalanus,,1.05E-04,4.30E-03,-1.70,0,LopezUrrutia 2006,,1
Animalia,Arthropoda,Copepoda,Calanoida,Eucalanidae,Eucalanus,Eucalanus,,1.58E-04,4.14E-04,24.00,0,LopezUrrutia 2006,,0
Animalia,Arthropoda,Copepoda,Calanoida,Eucalanidae,Eucalanus,Eucalanus,,2.18E-04,5.46E-04,27.40,0,LopezUrrutia 2006,,0
Animalia,Arthropoda,Copepoda,Calanoida,Clausocalanidae,Pseudocalanus,Pseudocalanus,,9.65E-06,4.78E-05,8.60,0,LopezUrrutia 2006,,0
Animalia,Arthropoda,Copepoda,Calanoida,Centropagidae,Centropages,Centropages,,2.07E-05,6.78E-05,15.90,0,LopezUrrutia 2006,,0
Animalia,Arthropoda,Copepoda,Calanoida,Centropagidae,Centropages,Centropages,,2.77E-05,7.98E-05,17.30,0,LopezUrrutia 2006,,0
Animalia,Arthropoda,Copepoda,Calanoida,Calanidae,Undinula,Undinula,,2.32E-04,7.38E-04,23.50,0,LopezUrrutia 2006,,0
Animalia,Arthropoda,Copepoda,Calanoida,Calanidae,Neocalanus,Neocalanus,,6.74E-05,1.05E-03,5.60,0,LopezUrrutia 2006,,0
Animalia,Arthropoda,Copepoda,Calanoida,Calanidae,Neocalanus,Neocalanus,,1.34E-04,1.18E-03,15.10,0,LopezUrrutia 2006,,0
Animalia,Arthropoda,Copepoda,Calanoida,Calanidae,Neocalanus,Neocalanus,,3.96E-04,1.99E-03,19.70,0,LopezUrrutia 2006,,0
Animalia,Arthropoda,Copepoda,Calanoida,Calanidae,Neocalanus,Neocalanus,,1.64E-04,3.13E-03,7.30,0,LopezUrrutia 2006,,0
Animalia,Arthropoda,Copepoda,Calanoida,Calanidae,Neocalanus,Neocalanus,,4.02E-04,6.33E-03,6.30,0,LopezUrrutia 2006,,0
Animalia,Arthropoda,Copepoda,Calanoida,Calanidae,Nannocalanus,Nannocalanus,,5.06E-05,1.59E-04,26.90,0,LopezUrrutia 2006,,0
Animalia,Arthropoda,Copepoda,Calanoida,Calanidae,Mesocalanus,Mesocalanus,,5.31E-05,1.24E-04,15.80,0,LopezUrrutia 2006,,0
Animalia,Arthropoda,Copepoda,Calanoida,Calanidae,Calanus,Calanus,,7.89E-05,1.54E-03,0.10,0,LopezUrrutia 2006,,0
Animalia,Arthropoda,Copepoda,Calanoida,Calanidae,Calanus,Calanus,,2.83E-04,4.16E-03,-1.00,0,LopezUrrutia 2006,,0
Animalia,Arthropoda,Copepoda,Calanoida,Calanidae,Calanus,Calanus,,2.47E-04,7.75E-03,0.90,0,LopezUrrutia 2006,,0
Animalia,Arthropoda,Copepoda,Calanoida,Calanidae,Calanus,Calanus,,2.54E-04,1.06E-02,-0.30,0,LopezUrrutia 2006,,1
Animalia,Arthropoda,Copepoda,Calanoida,Calanidae,Calanus,Calanus,,3.57E-04,1.58E-02,1.30,0,LopezUrrutia 2006,,1
Animalia,Arthropoda,Copepoda,Calanoida,Calanidae,Calanoides,Calanoides,,3.13E-05,8.72E-04,-0.50,0,LopezUrrutia 2006,,1
Animalia,Arthropoda,Copepoda,Calanoida,Calanidae,Calanoides,Calanoides,,5.08E-05,1.57E-03,-0.20,0,LopezUrrutia 2006,,1
Animalia,Arthropoda,Copepoda,Calanoida,Acartiidae,Acartia,Acartia,,6.74E-06,3.19E-05,9.60,0,LopezUrrutia 2006,,0
Animalia,Cnidaria,Hydrozoa,Siphonophorae,Diphydae,Diphyes,Diphyes,Diphyes,5.82E-04,4.06E-03,27.00,0,LopezUrrutia 2006,,0
Animalia,Cnidaria,Hydrozoa,Siphonophorae,Agalmatidae,Agalma,Crystallomia,,2.70E-03,2.67E-02,26.85,0,LopezUrrutia 2006,,0
Chromista,Ciliophora,Hypotrichea,Euplotida,Uronychiidae,Diophrys,Diophrys,,3.91E-08,3.29E-08,23.00,0,LopezUrrutia 2006,,0
Chromista,Ciliophora,Karyorelictea,Protostomatida,Tracheolocercidae,Tracheoloraphis,Tracheloraphis,Tracheloraphis,3.62E-07,5.10E-07,25.00,0,LopezUrrutia 2006,,0
Protozoa,Amoebozoa,Lobosa,Amoebida,Acanthamoebidae,Acanthamoeba,Acanthamoeba,,6.50E-09,3.18E-09,30.00,0,LopezUrrutia 2006,,0
Protozoa,Amoebozoa,Lobosa,Amoebida,Acanthamoebidae,Acanthamoeba,Acanthamoeba,,2.43E-09,4.70E-09,28.00,0,LopezUrrutia 2006,,1
Protozoa,Amoebozoa,Lobosa,Arcellinida,Difflugiidae,Difflugia,Difflugia,,3.96E-07,7.27E-07,25.00,0,LopezUrrutia 2006,,0
Animalia,Arthropoda,Malacostraca,Amphipoda,Pontogeneiidae,Pontogeneia,Pontogeneia,Pontogeneia,6.03E-05,6.00E-04,9.80,0,LopezUrrutia 2006,,0
Animalia,Arthropoda,Malacostraca,Amphipoda,Vibiliidae,Vibilia,Vibilia,,1.63E-03,3.74E-03,27.75,0,LopezUrrutia 2006,,0
Animalia,Arthropoda,Malacostraca,Amphipoda,Vibiliidae,Vibilia,Vibilia,,1.44E-03,8.88E-03,22.35,0,LopezUrrutia 2006,,0
Animalia,Arthropoda,Malacostraca,Cumacea,Bodotriidae,Leptocuma,Leptocuma,,8.43E-05,8.80E-04,13.05,0,LopezUrrutia 2006,,0
Animalia,Arthropoda,Malacostraca,Cumacea,Lampropidae,Lamprops,Lamprops,,3.13E-05,2.82E-04,15.35,0,LopezUrrutia 2006,,0
Animalia,Arthropoda,Malacostraca,Cumacea,Lampropidae,Lamprops,Lamprops,,3.37E-05,3.35E-04,15.35,0,LopezUrrutia 2006,,0
Animalia,Arthropoda,Malacostraca,Cumacea,Diastylidae,Diastylis,Diastylis,,4.83E-04,1.30E-02,6.90,0,LopezUrrutia 2006,,0
Animalia,Arthropoda,Malacostraca,Cumacea,Diastylidae,Diastylis,Diastylis,,7.28E-04,1.64E-02,6.90,0,LopezUrrutia 2006,,0
Animalia,Arthropoda,Malacostraca,Decapoda,,Zoea,Brachyuran Zoea,Zoea,2.22E-05,8.32E-05,15.40,0,LopezUrrutia 2006,,0
Animalia,Arthropoda,Malacostraca,Decapoda,,,Macruran Decapod,Unknown,1.08E-04,1.39E-03,7.00,0,LopezUrrutia 2006,,0
Animalia,Arthropoda,Malacostraca,Decapoda,Portunidae,,Portunidae,,1.21E-03,5.08E-03,27.80,0,LopezUrrutia 2006,,0
Animalia,Arthropoda,Malacostraca,Decapoda,Portunidae,,Portunidae,,8.63E-04,5.34E-03,27.80,0,LopezUrrutia 2006,,0
Animalia,Arthropoda,Malacostraca,Euphausiacea,Euphausiidae,Euphausia,Euphausia krohnii,Euphausia krohnii,3.24E-04,9.52E-04,19.70,0,LopezUrrutia 2006,,0
Animalia,Arthropoda,Malacostraca,Euphausiacea,Euphausiidae,Euphausia,Euphausia krohnii,Euphausia krohnii,3.78E-04,1.04E-03,19.70,0,LopezUrrutia 2006,,0
Animalia,Arthropoda,Malacostraca,Euphausiacea,Euphausiidae,Euphausia,Euphausia krohnii,Euphausia krohnii,1.37E-03,5.02E-03,25.70,0,LopezUrrutia 2006,,0
Animalia,Arthropoda,Malacostraca,Mysida,Mysidae,Mysis,Macruran Mysis,Unknown,5.53E-05,2.20E-04,15.40,0,LopezUrrutia 2006,,0
Animalia,Arthropoda,Malacostraca,Mysida,Mysidae,Siriella,Siriella,,6.79E-04,3.81E-03,9.00,0,LopezUrrutia 2006,,0
Animalia,Arthropoda,Malacostraca,Mysida,Mysidae,Acanthomysis,Acanthomysis,,7.46E-04,6.54E-03,9.95,0,LopezUrrutia 2006,,0
Animalia,Ctenophora,Nuda,Beroida,Beroidae,Beroe,Beroe,,3.71E-03,5.35E-01,-0.80,0,LopezUrrutia 2006,,1
Animalia,Ctenophora,Nuda,Beroida,Beroidae,Beroe,Beroe,,3.75E-03,8.40E-01,-1.50,0,LopezUrrutia 2006,,1
Animalia,Ctenophora,Nuda,Beroida,Beroidae,Beroe,Beroe,,9.85E-03,3.53E+00,-1.70,0,LopezUrrutia 2006,,1
Chromista,Ciliophora,Oligotrichea,Strombidiida,Strombidiidae,Strombidium,Strombidium capitatum,Strombidium capitatum,8.09E-08,3.60E-08,15.00,0,LopezUrrutia 2006,,0
Chromista,Ciliophora,Oligotrichea,Strombidiida,Strombidiidae,Strombidium,Strombidium capitatum,Strombidium capitatum,1.08E-07,1.28E-07,15.00,0,LopezUrrutia 2006,,0
Chromista,Ciliophora,Oligotrichea,Strombidiida,Strombidiidae,Strombidium,Strombidium,,3.08E-08,2.45E-09,22.00,0,LopezUrrutia 2006,,1
Chromista,Ciliophora,Prostomatea,Prorodontida,Placidae,Placus,Placus sp.,Placus,4.25E-07,5.73E-07,28.80,0,LopezUrrutia 2006,,0
Chromista,Ciliophora,Prostomatea,Prorodontida,Placidae,Placus,Placus sp.,Placus,3.46E-07,1.06E-06,28.80,0,LopezUrrutia 2006,,1
Animalia,Cnidaria,Scyphozoa,Semaeostomeae,Ulmaridae,Aurelia,Aurelia aurita,Aurelia aurita,1.25E-02,8.96E-02,20.00,0,LopezUrrutia 2006,,0
Animalia,Cnidaria,Scyphozoa,Semaeostomeae,Ulmaridae,Aurelia,Aurelia aurita,Aurelia aurita,1.23E-02,3.57E-01,20.00,0,LopezUrrutia 2006,,0
Animalia,Cnidaria,Scyphozoa,Semaeostomeae,Ulmaridae,Aurelia,Aurelia aurita,Aurelia aurita,4.99E-02,3.57E-01,20.00,0,LopezUrrutia 2006,,0
Animalia,Cnidaria,Scyphozoa,Semaeostomeae,Ulmaridae,Aurelia,Aurelia aurita,Aurelia aurita,1.21E-02,5.36E-01,20.00,0,LopezUrrutia 2006,,0
Animalia,Cnidaria,Scyphozoa,Semaeostomeae,Ulmaridae,Aurelia,Aurelia aurita,Aurelia aurita,6.23E-02,6.25E-01,20.00,0,LopezUrrutia 2006,,0
Animalia,Cnidaria,Scyphozoa,Semaeostomeae,Ulmaridae,Aurelia,Aurelia aurita,Aurelia aurita,2.56E-01,8.00E-01,28.00,0,LopezUrrutia 2006,,0
Animalia,Cnidaria,Scyphozoa,Semaeostomeae,Ulmaridae,Aurelia,Aurelia aurita,Aurelia aurita,6.21E-02,8.96E-01,20.00,0,LopezUrrutia 2006,,0
Animalia,Cnidaria,Scyphozoa,Semaeostomeae,Ulmaridae,Aurelia,Aurelia aurita,Aurelia aurita,1.25E-01,9.84E-01,20.00,0,LopezUrrutia 2006,,0
Animalia,Cnidaria,Scyphozoa,Semaeostomeae,Ulmaridae,Aurelia,Aurelia aurita,Aurelia aurita,7.42E-02,1.43E+00,20.00,0,LopezUrrutia 2006,,0
Animalia,Cnidaria,Scyphozoa,Semaeostomeae,Ulmaridae,Aurelia,Aurelia aurita,Aurelia aurita,1.12E-01,1.61E+00,20.00,0,LopezUrrutia 2006,,0
Animalia,Cnidaria,Scyphozoa,Semaeostomeae,Ulmaridae,Aurelia,Aurelia aurita,Aurelia aurita,4.83E-01,1.97E+00,28.00,0,LopezUrrutia 2006,,0
Animalia,Cnidaria,Scyphozoa,Semaeostomeae,Ulmaridae,Aurelia,Aurelia aurita,Aurelia aurita,6.25E-01,1.97E+00,28.00,0,LopezUrrutia 2006,,0
Animalia,Cnidaria,Scyphozoa,Semaeostomeae,Ulmaridae,Aurelia,Aurelia aurita,Aurelia aurita,1.99E-01,2.14E+00,20.00,0,LopezUrrutia 2006,,0
Animalia,Cnidaria,Scyphozoa,Semaeostomeae,Ulmaridae,Aurelia,Aurelia aurita,Aurelia aurita,8.54E-01,2.23E+00,28.00,0,LopezUrrutia 2006,,0
Animalia,Cnidaria,Scyphozoa,Semaeostomeae,Ulmaridae,Aurelia,Aurelia aurita,Aurelia aurita,2.74E-01,2.32E+00,20.00,0,LopezUrrutia 2006,,0
Animalia,Cnidaria,Scyphozoa,Semaeostomeae,Ulmaridae,Aurelia,Aurelia aurita,Aurelia aurita,2.61E-01,2.41E+00,20.00,0,LopezUrrutia 2006,,0
Animalia,Cnidaria,Scyphozoa,Semaeostomeae,Ulmaridae,Aurelia,Aurelia aurita,Aurelia aurita,2.61E-01,2.77E+00,20.00,0,LopezUrrutia 2006,,0
Animalia,Cnidaria,Scyphozoa,Semaeostomeae,Ulmaridae,Aurelia,Aurelia aurita,Aurelia aurita,7.10E-01,2.94E+00,28.00,0,LopezUrrutia 2006,,0
Animalia,Cnidaria,Scyphozoa,Semaeostomeae,Ulmaridae,Aurelia,Aurelia aurita,Aurelia aurita,1.14E+00,2.94E+00,28.00,0,LopezUrrutia 2006,,0
Animalia,Cnidaria,Scyphozoa,Semaeostomeae,Ulmaridae,Aurelia,Aurelia aurita,Aurelia aurita,3.10E-01,3.13E+00,20.00,0,LopezUrrutia 2006,,0
Animalia,Cnidaria,Scyphozoa,Semaeostomeae,Ulmaridae,Aurelia,Aurelia aurita,Aurelia aurita,3.37E-01,3.13E+00,20.00,0,LopezUrrutia 2006,,0
Animalia,Cnidaria,Scyphozoa,Semaeostomeae,Ulmaridae,Aurelia,Aurelia aurita,Aurelia aurita,9.67E-01,3.22E+00,28.00,0,LopezUrrutia 2006,,0
Animalia,Cnidaria,Scyphozoa,Semaeostomeae,Ulmaridae,Aurelia,Aurelia aurita,Aurelia aurita,3.24E-01,3.30E+00,20.00,0,LopezUrrutia 2006,,0
Animalia,Cnidaria,Scyphozoa,Semaeostomeae,Ulmaridae,Aurelia,Aurelia aurita,Aurelia aurita,8.23E-01,3.30E+00,28.00,0,LopezUrrutia 2006,,0
Animalia,Cnidaria,Scyphozoa,Semaeostomeae,Ulmaridae,Aurelia,Aurelia aurita,Aurelia aurita,7.94E-01,3.48E+00,28.00,0,LopezUrrutia 2006,,0
Animalia,Cnidaria,Scyphozoa,Semaeostomeae,Ulmaridae,Aurelia,Aurelia aurita,Aurelia aurita,1.05E+00,4.02E+00,28.00,0,LopezUrrutia 2006,,0
Animalia,Cnidaria,Scyphozoa,Semaeostomeae,Ulmaridae,Aurelia,Aurelia aurita,Aurelia aurita,1.28E+00,4.02E+00,28.00,0,LopezUrrutia 2006,,0
Animalia,Cnidaria,Scyphozoa,Semaeostomeae,Ulmaridae,Aurelia,Aurelia aurita,Aurelia aurita,1.14E+00,4.29E+00,28.00,0,LopezUrrutia 2006,,0
Animalia,Cnidaria,Scyphozoa,Semaeostomeae,Ulmaridae,Aurelia,Aurelia aurita,Aurelia aurita,1.02E+00,4.46E+00,28.00,0,LopezUrrutia 2006,,0
Animalia,Cnidaria,Scyphozoa,Semaeostomeae,Ulmaridae,Aurelia,Aurelia aurita,Aurelia aurita,4.97E-01,4.91E+00,20.00,0,LopezUrrutia 2006,,0
Animalia,Cnidaria,Scyphozoa,Semaeostomeae,Ulmaridae,Aurelia,Aurelia aurita,Aurelia aurita,1.34E+00,5.18E+00,28.00,0,LopezUrrutia 2006,,0
Animalia,Cnidaria,Scyphozoa,Semaeostomeae,Ulmaridae,Aurelia,Aurelia aurita,Aurelia aurita,4.72E-01,5.54E+00,20.00,0,LopezUrrutia 2006,,0
Animalia,Cnidaria,Scyphozoa,Semaeostomeae,Ulmaridae,Aurelia,Aurelia aurita,Aurelia aurita,1.68E+00,5.81E+00,28.00,0,LopezUrrutia 2006,,0
Animalia,Cnidaria,Scyphozoa,Semaeostomeae,Ulmaridae,Aurelia,Aurelia aurita,Aurelia aurita,6.23E-01,5.90E+00,20.00,0,LopezUrrutia 2006,,0
Animalia,Cnidaria,Scyphozoa,Semaeostomeae,Ulmaridae,Aurelia,Aurelia aurita,Aurelia aurita,5.98E-01,6.16E+00,20.00,0,LopezUrrutia 2006,,0
Animalia,Cnidaria,Scyphozoa,Semaeostomeae,Ulmaridae,Aurelia,Aurelia aurita,Aurelia aurita,5.35E-01,6.34E+00,20.00,0,LopezUrrutia 2006,,0
Animalia,Cnidaria,Scyphozoa,Semaeostomeae,Ulmaridae,Aurelia,Aurelia aurita,Aurelia aurita,7.22E-01,6.43E+00,20.00,0,LopezUrrutia 2006,,0
Animalia,Cnidaria,Scyphozoa,Semaeostomeae,Ulmaridae,Aurelia,Aurelia aurita,Aurelia aurita,7.60E-01,6.87E+00,20.00,0,LopezUrrutia 2006,,0
Animalia,Cnidaria,Scyphozoa,Semaeostomeae,Ulmaridae,Aurelia,Aurelia aurita,Aurelia aurita,1.42E+00,7.14E+00,28.00,0,LopezUrrutia 2006,,0
Animalia,Cnidaria,Scyphozoa,Semaeostomeae,Ulmaridae,Aurelia,Aurelia aurita,Aurelia aurita,1.53E+00,7.23E+00,28.00,0,LopezUrrutia 2006,,0
Animalia,Cnidaria,Scyphozoa,Semaeostomeae,Ulmaridae,Aurelia,Aurelia aurita,Aurelia aurita,1.30E+00,7.32E+00,28.00,0,LopezUrrutia 2006,,0
Animalia,Cnidaria,Scyphozoa,Semaeostomeae,Ulmaridae,Aurelia,Aurelia aurita,Aurelia aurita,1.59E+00,7.41E+00,28.00,0,LopezUrrutia 2006,,0
Animalia,Cnidaria,Scyphozoa,Semaeostomeae,Ulmaridae,Aurelia,Aurelia aurita,Aurelia aurita,1.39E+00,7.50E+00,28.00,0,LopezUrrutia 2006,,0
Animalia,Cnidaria,Scyphozoa,Semaeostomeae,Ulmaridae,Aurelia,Aurelia aurita,Aurelia aurita,1.41E+00,8.48E+00,28.00,0,LopezUrrutia 2006,,0
Animalia,Cnidaria,Scyphozoa,Semaeostomeae,Ulmaridae,Aurelia,Aurelia aurita,Aurelia aurita,1.47E+00,8.48E+00,28.00,0,LopezUrrutia 2006,,0
Animalia,Cnidaria,Scyphozoa,Semaeostomeae,Ulmaridae,Aurelia,Aurelia aurita,Aurelia aurita,1.47E+00,8.64E+00,28.00,0,LopezUrrutia 2006,,0
Animalia,Cnidaria,Scyphozoa,Semaeostomeae,Ulmaridae,Aurelia,Aurelia aurita,Aurelia aurita,9.33E-01,9.44E+00,20.00,0,LopezUrrutia 2006,,0
Animalia,Cnidaria,Scyphozoa,Semaeostomeae,Ulmaridae,Aurelia,Aurelia aurita,Aurelia aurita,1.70E+00,1.06E+01,28.00,0,LopezUrrutia 2006,,0
Animalia,Cnidaria,Scyphozoa,Semaeostomeae,Ulmaridae,Aurelia,Aurelia aurita,Aurelia aurita,1.84E+00,1.10E+01,28.00,0,LopezUrrutia 2006,,0
Animalia,Cnidaria,Scyphozoa,Semaeostomeae,Ulmaridae,Aurelia,Aurelia aurita,Aurelia aurita,1.92E+00,1.31E+01,28.00,0,LopezUrrutia 2006,,0
Animalia,Cnidaria,Scyphozoa,Semaeostomeae,Ulmaridae,Aurelia,Aurelia aurita,Aurelia aurita,2.03E+00,1.41E+01,28.00,0,LopezUrrutia 2006,,0
Animalia,Cnidaria,Scyphozoa,Semaeostomeae,Ulmaridae,Aurelia,Aurelia aurita,Aurelia aurita,2.34E+00,1.43E+01,28.00,0,LopezUrrutia 2006,,0
Animalia,Chordata,Thaliacea,Salpida,Salpidae,Thalia,Thalia democratica,Thalia democratica,5.10E-04,8.00E-03,17.30,0,LopezUrrutia 2006,,0
Animalia,Chordata,Thaliacea,Salpida,Salpidae,Thalia,Thalia democratica,Thalia democratica,4.95E-04,1.02E-02,17.30,0,LopezUrrutia 2006,,0
Animalia,Chordata,Thaliacea,Salpida,Salpidae,Salpa,Salpa fusiformis,Salpa fusiformis,1.39E-03,5.08E-03,27.40,0,LopezUrrutia 2006,,0
Animalia,Chordata,Thaliacea,Salpida,Salpidae,Salpa,Salpa fusiformis,Salpa fusiformis,3.55E-03,1.45E-02,17.30,0,LopezUrrutia 2006,,0
Animalia,Chordata,Thaliacea,Salpida,Salpidae,Pegea,Pegea confoederata,Pegea confoederata,2.72E-04,5.42E-03,17.30,0,LopezUrrutia 2006,,0
Animalia,Chordata,Thaliacea,Salpida,Salpidae,Salpa,Salpa fusiformis,Salpa fusiformis,3.35E-03,1.51E-02,27.40,0,LopezUrrutia 2006,,0
Animalia,Chordata,Thaliacea,Salpida,Salpidae,Salpa,Salpa fusiformis,Salpa fusiformis,1.71E-03,1.71E-02,27.40,0,LopezUrrutia 2006,,0
Animalia,Chordata,Thaliacea,Salpida,Salpidae,Salpa,Salpa fusiformis,Salpa fusiformis,8.39E-03,3.12E-01,27.40,0,LopezUrrutia 2006,,0
Animalia,Chordata,Thaliacea,Salpida,Salpidae,Pegea,Pegea confoederata,Pegea confoederata,5.85E-03,1.12E-01,25.70,0,LopezUrrutia 2006,,0
Animalia,Chordata,Thaliacea,Salpida,Salpidae,Pegea,Pegea confoederata,Pegea confoederata,7.76E-03,2.30E-01,25.70,0,LopezUrrutia 2006,,0
Animalia,Chordata,Thaliacea,Salpida,Salpidae,Cyclosalpa,cyclosalpa,,9.96E-04,6.06E-02,-1.70,0,LopezUrrutia 2006,,1
Animalia,Chordata,Thaliacea,Salpida,Salpidae,Soestia,Iasis zonaria,Soestia zonaria,1.75E-03,1.31E-02,27.00,0,LopezUrrutia 2006,,0
Unknown,Unknown,Unknown,Unknown,Unknown,Unknown,Megalopa Larva,Unknown,5.08E-04,8.64E-03,27.75,0,LopezUrrutia 2006,,0
Unknown,Unknown,Unknown,Unknown,Unknown,Unknown,Megalopa Larva,Unknown,6.45E-04,8.80E-03,27.75,0,LopezUrrutia 2006,,0
Unknown,Unknown,Unknown,Unknown,Unknown,Unknown,Megalopa Larva,Unknown,2.52E-03,1.82E-02,26.40,0,LopezUrrutia 2006,,0
Unknown,Unknown,Unknown,Unknown,Unknown,Unknown,Metrtensiidae,Unknown,2.92E-03,1.25E-01,-1.60,0,LopezUrrutia 2006,,0
Chromista,Ciliophora,Colpodea,Colpodida,Colpodidae,Bresslaua,Bresslaua insidiatrix,Bresslaua insidiatrix,2.04E-08,2.36E-08,25.00,0,LopezUrrutia 2006,,1
Chromista,Ciliophora,Colpodea,Colpodida,Colpodidae,Bresslaua,Bresslaua insidiatrix,Bresslaua insidiatrix,1.09E-07,5.14E-08,25.00,0,LopezUrrutia 2006,,0
Chromista,Ciliophora,Colpodea,Colpodida,Colpodidae,Colpoda,Colpoda steinii,Colpoda steinii,4.07E-08,1.58E-08,30.00,0,LopezUrrutia 2006,,0
Chromista,Ciliophora,Colpodea,Colpodida,Colpodidae,Colpoda,Colpoda cucullus,Colpoda cucullus,3.13E-09,2.58E-08,24.00,0,LopezUrrutia 2006,,0
Chromista,Ciliophora,Colpodea,Colpodida,Colpodidae,Colpoda,Colpoda cucullus,Colpoda cucullus,2.72E-08,6.96E-08,24.00,0,LopezUrrutia 2006,,1
Animalia,Arthropoda,Copepoda,Calanoida,Centropagidae,Centropages,Centropagea brachiatus,Centropages brachiatus,2.90E-05,8.08E-05,17.30,0,LopezUrrutia 2006,,0
Animalia,Arthropoda,Copepoda,Calanoida,Metridinidae,Pleuromamma,Pleurvmamma robusta,Pleuromamma robusta,2.65E-05,7.66E-05,17.30,0,LopezUrrutia 2006,,0
Animalia,Arthropoda,Copepoda,Calanoida,Calanidae,Cosmocalanus,Undinula darwinii,Cosmocalanus darwinii,4.59E-05,2.06E-04,27.80,0,LopezUrrutia 2006,,0
Animalia,Arthropoda,Copepoda,Calanoida,Tortanidae,Tortanus,Tortanus discaudatus,Tortanus discaudatus,2.65E-05,1.79E-04,7.00,0,LopezUrrutia 2006,,0
Animalia,Arthropoda,Copepoda,Calanoida,Tortanidae,Tortanus,Tortanus discaudatus,Tortanus discaudatus,3.13E-05,2.74E-04,7.00,0,LopezUrrutia 2006,,0
Animalia,Arthropoda,Copepoda,Calanoida,Tortanidae,Tortanus,Tortanus gracilis,Tortanus gracilis,3.44E-05,9.60E-05,26.00,0,LopezUrrutia 2006,,0
Animalia,Arthropoda,Copepoda,Calanoida,Pontellidae,Pontella,Pontella danae,Pontella danae,5.26E-04,9.12E-04,26.40,0,LopezUrrutia 2006,,0
Animalia,Arthropoda,Copepoda,Calanoida,Pontellidae,Pontella,Pontella danae,Pontella danae,7.55E-04,2.32E-03,26.40,0,LopezUrrutia 2006,,0
Animalia,Arthropoda,Copepoda,Calanoida,Pontellidae,Pontella,Pontella danae,Pontella danae,8.25E-04,2.79E-03,26.40,0,LopezUrrutia 2006,,0
Animalia,Arthropoda,Copepoda,Calanoida,Pontellidae,Pontella,Pontella danae,Pontella danae,8.97E-04,3.26E-03,26.40,0,LopezUrrutia 2006,,0
Animalia,Arthropoda,Copepoda,Calanoida,Calanidae,Calanus,Calanus sinicus,Calanus sinicus,5.06E-05,4.90E-04,9.00,0,LopezUrrutia 2006,,0
Animalia,Arthropoda,Copepoda,Calanoida,Calanidae,Calanus,Calanus sinicus,Calanus sinicus,6.27E-05,5.30E-04,12.00,0,LopezUrrutia 2006,,0
Animalia,Arthropoda,Copepoda,Calanoida,Calanidae,Calanus,Calanus sinicus,Calanus sinicus,7.71E-05,5.54E-04,18.00,0,LopezUrrutia 2006,,0
Animalia,Arthropoda,Copepoda,Calanoida,Calanidae,Calanus,Calanus sinicus,Calanus sinicus,1.54E-04,5.75E-04,18.00,0,LopezUrrutia 2006,,0
Animalia,Arthropoda,Copepoda,Calanoida,Calanidae,Calanus,Calanus sinicus,Calanus sinicus,6.99E-05,6.06E-04,12.00,0,LopezUrrutia 2006,,0
Animalia,Arthropoda,Copepoda,Calanoida,Calanidae,Calanus,Calanus sinicus,Calanus sinicus,2.02E-04,6.27E-04,27.00,0,LopezUrrutia 2006,,0
Animalia,Arthropoda,Copepoda,Calanoida,Acartiidae,Acartia,Acartia pacifica,Acartia pacifica,1.11E-05,2.79E-05,26.00,0,LopezUrrutia 2006,,0
Animalia,Arthropoda,Copepoda,Calanoida,Acartiidae,Acartia,Acartia australis,Acartia australis,1.32E-05,3.59E-05,25.00,0,LopezUrrutia 2006,,0
Animalia,Arthropoda,Copepoda,Calanoida,Acartiidae,Acartia,Acartia longiremis,Acartia longiremis,4.09E-06,2.71E-05,9.70,0,LopezUrrutia 2006,,0
Animalia,Arthropoda,Copepoda,Calanoida,Acartiidae,Acartia,Acartia longiremis,Acartia longiremis,4.59E-06,2.71E-05,9.70,0,LopezUrrutia 2006,,0
Animalia,Arthropoda,Copepoda,Calanoida,Acartiidae,Acartia,Acartia longiremis,Acartia longiremis,4.59E-06,2.79E-05,9.70,0,LopezUrrutia 2006,,0
Animalia,Arthropoda,Copepoda,Calanoida,Acartiidae,Acartia,Acartia longiremis,Acartia longiremis,7.96E-06,2.91E-05,13.05,0,LopezUrrutia 2006,,0
Animalia,Arthropoda,Copepoda,Calanoida,Acartiidae,Acartia,Acartia longiremis,Acartia longiremis,6.03E-06,3.03E-05,7.25,0,LopezUrrutia 2006,,0
Animalia,Arthropoda,Copepoda,Calanoida,Acartiidae,Acartia,Acartia longiremis,Acartia longiremis,6.99E-06,3.03E-05,13.05,0,LopezUrrutia 2006,,0
Animalia,Arthropoda,Copepoda,Calanoida,Acartiidae,Acartia,Acartia longiremis,Acartia longiremis,5.78E-06,3.27E-05,7.25,0,LopezUrrutia 2006,,0
Animalia,Arthropoda,Copepoda,Calanoida,Acartiidae,Acartia,Acartia longiremis,Acartia longiremis,7.71E-06,3.43E-05,7.25,0,LopezUrrutia 2006,,0
Animalia,Arthropoda,Copepoda,Calanoida,Acartiidae,Acartia,Acartia longiremis,Acartia longiremis,8.68E-06,3.51E-05,9.95,0,LopezUrrutia 2006,,0
Animalia,Arthropoda,Copepoda,Calanoida,Acartiidae,Acartia,Acartia longiremis,Acartia longiremis,9.65E-06,4.02E-05,9.00,0,LopezUrrutia 2006,,0
Animalia,Arthropoda,Copepoda,Calanoida,Acartiidae,Acartia,Acartia longiremis,Acartia longiremis,8.18E-06,4.14E-05,9.00,0,LopezUrrutia 2006,,0
Animalia,Arthropoda,Copepoda,Calanoida,Acartiidae,Acartia,Acartia tonsa,Acartia tonsa,1.35E-05,2.79E-05,22.00,0,LopezUrrutia 2006,,0
Animalia,Arthropoda,Copepoda,Calanoida,Metridinidae,Metridia,Metridia gerlachei,Metridia gerlachei,5.13E-05,8.56E-04,-1.00,0,LopezUrrutia 2006,,0
Animalia,Arthropoda,Copepoda,Calanoida,Metridinidae,Metridia,Metridia gerlachei,Metridia gerlachei,7.71E-05,1.06E-03,-1.40,0,LopezUrrutia 2006,,0
Animalia,Arthropoda,Copepoda,Calanoida,Calanidae,Calanus,Calanus propinquus,Calanus propinquus,1.63E-04,3.38E-03,-1.00,0,LopezUrrutia 2006,,0
Animalia,Arthropoda,Copepoda,Calanoida,Calanidae,Calanus,Calanus propinquus,Calanus propinquus,2.83E-04,4.14E-03,-1.00,0,LopezUrrutia 2006,,0
Animalia,Arthropoda,Copepoda,Calanoida,Metridinidae,Metridia,Metridia pacifica,Metridia pacifica,1.52E-05,1.22E-04,6.90,0,LopezUrrutia 2006,,0
Animalia,Arthropoda,Copepoda,Calanoida,Metridinidae,Metridia,Metridia pacifica,Metridia pacifica,6.61E-05,3.75E-04,13.00,0,LopezUrrutia 2006,,0
Animalia,Arthropoda,Copepoda,Calanoida,Metridinidae,Metridia,Metridia pacifica,Metridia pacifica,9.20E-05,5.90E-04,8.20,0,LopezUrrutia 2006,,0
Animalia,Arthropoda,Copepoda,Calanoida,Metridinidae,Metridia,Metridia pacifica,Metridia pacifica,1.52E-04,5.94E-04,9.35,0,LopezUrrutia 2006,,0
Animalia,Arthropoda,Copepoda,Calanoida,Metridinidae,Metridia,Metridia pacifica,Metridia pacifica,1.08E-04,6.38E-04,9.35,0,LopezUrrutia 2006,,0
Animalia,Arthropoda,Copepoda,Calanoida,Metridinidae,Metridia,Metridia pacifica,Metridia pacifica,6.74E-05,6.82E-04,5.00,0,LopezUrrutia 2006,,0
Animalia,Arthropoda,Copepoda,Calanoida,Metridinidae,Metridia,Metridia pacifica,Metridia pacifica,1.06E-04,7.46E-04,9.10,0,LopezUrrutia 2006,,0
Animalia,Arthropoda,Copepoda,Calanoida,Metridinidae,Metridia,Metridia pacifica,Metridia pacifica,1.04E-04,7.50E-04,9.10,0,LopezUrrutia 2006,,0
Animalia,Arthropoda,Copepoda,Calanoida,Eucalanidae,Eucalanus,Eucalanus bungii,Eucalanus bungii,1.81E-04,4.02E-03,6.00,0,LopezUrrutia 2006,,0
Animalia,Arthropoda,Copepoda,Calanoida,Eucalanidae,Eucalanus,Eucalanus bungii,Eucalanus bungii,1.92E-04,4.02E-03,6.00,0,LopezUrrutia 2006,,0
Animalia,Arthropoda,Copepoda,Calanoida,Eucalanidae,Eucalanus,Eucalanus bungii,Eucalanus bungii,2.02E-04,4.02E-03,6.00,0,LopezUrrutia 2006,,0
Animalia,Arthropoda,Copepoda,Calanoida,Acartiidae,Acartia,Acartia clausi,Acartia clausi,3.13E-06,2.51E-05,14.15,0,LopezUrrutia 2006,,0
Animalia,Arthropoda,Copepoda,Calanoida,Acartiidae,Acartia,Acartia clausi,Acartia clausi,7.22E-06,2.55E-05,12.65,0,LopezUrrutia 2006,,0
Animalia,Arthropoda,Copepoda,Calanoida,Acartiidae,Acartia,Acartia clausi,Acartia clausi,7.46E-06,3.19E-05,14.80,0,LopezUrrutia 2006,,0
Animalia,Arthropoda,Copepoda,Calanoida,Acartiidae,Acartia,Acartia clausi,Acartia clausi,8.43E-06,4.14E-05,15.35,0,LopezUrrutia 2006,,0
Animalia,Arthropoda,Copepoda,Calanoida,Acartiidae,Acartia,Acartia clausi,Acartia clausi,1.06E-05,4.30E-05,15.35,0,LopezUrrutia 2006,,0
Animalia,Arthropoda,Copepoda,Calanoida,Acartiidae,Acartia,Acartia clausi,Acartia clausi,1.64E-04,1.10E-03,15.90,0,LopezUrrutia 2006,,0
Animalia,Arthropoda,Copepoda,Calanoida,Pontellidae,Labidocera,Labidocera nerii,Labidocera nerii,2.05E-04,8.56E-04,26.40,0,LopezUrrutia 2006,,0
Animalia,Arthropoda,Copepoda,Calanoida,Pontellidae,Labidocera,Labidocera nerii,Labidocera nerii,3.64E-04,8.80E-04,26.40,0,LopezUrrutia 2006,,0
Animalia,Arthropoda,Copepoda,Calanoida,Pontellidae,Labidocera,Labidocera nerii,Labidocera nerii,5.37E-04,9.60E-04,28.50,0,LopezUrrutia 2006,,0
Animalia,Arthropoda,Copepoda,Calanoida,Pontellidae,Labidocera,Labidocera acuta,Labidocera acuta,2.59E-04,4.10E-04,27.00,0,LopezUrrutia 2006,,0
Animalia,Arthropoda,Copepoda,Calanoida,Pontellidae,Labidocera,Labidocera acuta,Labidocera acuta,4.61E-04,8.88E-04,28.50,0,LopezUrrutia 2006,,0
Animalia,Arthropoda,Copepoda,Calanoida,Pontellidae,Labidocera,Labidocera acuta,Labidocera acuta,4.99E-04,9.12E-04,28.50,0,LopezUrrutia 2006,,0
Animalia,Arthropoda,Copepoda,Calanoida,Pontellidae,Labidocera,Labidocera acuta,Labidocera acuta,4.54E-04,9.28E-04,24.00,0,LopezUrrutia 2006,,0
Animalia,Arthropoda,Copepoda,Calanoida,Metridinidae,Metridia,Metridia longa,Metridia longa,9.78E-05,1.41E-03,0.10,0,LopezUrrutia 2006,,0
Animalia,Arthropoda,Copepoda,Calanoida,Metridinidae,Metridia,Metridia longa,Metridia longa,9.78E-05,1.41E-03,0.10,0,LopezUrrutia 2006,,0
Animalia,Arthropoda,Copepoda,Calanoida,Euchaetidae,Euchaeta,Euchaeta marina,Euchaeta marina,3.22E-04,1.16E-03,24.00,0,LopezUrrutia 2006,,0
Animalia,Arthropoda,Copepoda,Calanoida,Clausocalanidae,Pseudocalanus,Pseudocalanus elongatus,Pseudocalanus elongatus,1.13E-05,3.23E-05,12.20,0,LopezUrrutia 2006,,0
Animalia,Arthropoda,Copepoda,Calanoida,Clausocalanidae,Pseudocalanus,Pseudocalanus elongatus,Pseudocalanus elongatus,7.96E-06,5.30E-05,6.75,0,LopezUrrutia 2006,,0
Animalia,Arthropoda,Copepoda,Calanoida,Clausocalanidae,Pseudocalanus,Pseudocalanus elongatus,Pseudocalanus elongatus,9.40E-06,5.38E-05,6.75,0,LopezUrrutia 2006,,0
Animalia,Arthropoda,Copepoda,Calanoida,Calanidae,Undinula,Undinula vulgaris,Undinula vulgaris,3.57E-04,5.66E-04,27.00,0,LopezUrrutia 2006,,0
Animalia,Arthropoda,Copepoda,Calanoida,Calanidae,Undinula,Undinula vulgaris,Undinula vulgaris,1.54E-04,5.70E-04,26.40,0,LopezUrrutia 2006,,0
Animalia,Arthropoda,Copepoda,Calanoida,Calanidae,Undinula,Undinula vulgaris,Undinula vulgaris,1.59E-04,6.06E-04,26.40,0,LopezUrrutia 2006,,0
Animalia,Arthropoda,Copepoda,Calanoida,Calanidae,Undinula,Undinula vulgaris,Undinula vulgaris,2.56E-04,6.54E-04,27.35,0,LopezUrrutia 2006,,0
Animalia,Arthropoda,Copepoda,Calanoida,Calanidae,Undinula,Undinula vulgaris,Undinula vulgaris,2.81E-04,6.62E-04,27.80,0,LopezUrrutia 2006,,0
Animalia,Arthropoda,Copepoda,Calanoida,Calanidae,Undinula,Undinula vulgaris,Undinula vulgaris,4.18E-04,7.30E-04,28.50,0,LopezUrrutia 2006,,0
Animalia,Arthropoda,Copepoda,Calanoida,Calanidae,Undinula,Undinula vulgaris,Undinula vulgaris,2.65E-04,7.50E-04,27.80,0,LopezUrrutia 2006,,0
Animalia,Arthropoda,Copepoda,Calanoida,Calanidae,Undinula,Undinula vulgaris,Undinula vulgaris,5.19E-04,7.50E-04,28.50,0,LopezUrrutia 2006,,0
Animalia,Arthropoda,Copepoda,Calanoida,Calanidae,Undinula,Undinula vulgaris,Undinula vulgaris,6.21E-04,7.66E-04,28.50,0,LopezUrrutia 2006,,0
Animalia,Arthropoda,Copepoda,Calanoida,Calanidae,Neocalanus,Neocalanus robustior,Neocalanus robustior,1.18E-04,8.64E-04,26.65,0,LopezUrrutia 2006,,0
Animalia,Arthropoda,Copepoda,Calanoida,Calanidae,Neocalanus,Neocalanus gracilis,Neocalanus gracilis,3.28E-04,7.78E-04,27.80,0,LopezUrrutia 2006,,0
Animalia,Arthropoda,Copepoda,Calanoida,Calanidae,Neocalanus,Neocalanus gracilis,Neocalanus gracilis,3.82E-04,1.99E-03,19.70,0,LopezUrrutia 2006,,0
Animalia,Arthropoda,Copepoda,Calanoida,Calanidae,Neocalanus,Neocalanus gracilis,Neocalanus gracilis,4.07E-04,1.99E-03,19.70,0,LopezUrrutia 2006,,0
Animalia,Arthropoda,Copepoda,Calanoida,Calanidae,Calanus,Calanus hyperboreus,Calanus hyperboreus,2.47E-04,7.74E-03,0.90,0,LopezUrrutia 2006,,0
Animalia,Arthropoda,Copepoda,Calanoida,Calanidae,Calanus,Calanus hyperboreus,Calanus hyperboreus,2.52E-04,1.07E-02,-0.30,0,LopezUrrutia 2006,,1
Animalia,Arthropoda,Copepoda,Calanoida,Calanidae,Calanus,Calanus hyperboreus,Calanus hyperboreus,3.60E-04,1.58E-02,1.30,0,LopezUrrutia 2006,,1
Animalia,Arthropoda,Copepoda,Calanoida,Calanidae,Calanus,Calanus glacialis,Calanus glacialis,1.52E-04,1.63E-03,3.50,0,LopezUrrutia 2006,,0
Animalia,Arthropoda,Copepoda,Calanoida,Calanidae,Calanus,Calanus glacialis,Calanus glacialis,1.48E-04,1.89E-03,2.30,0,LopezUrrutia 2006,,0
Animalia,Arthropoda,Copepoda,Calanoida,Calanidae,Calanus,Calanus glacialis,Calanus glacialis,1.40E-04,2.64E-03,-0.50,0,LopezUrrutia 2006,,0
Animalia,Arthropoda,Copepoda,Calanoida,Calanidae,Calanus,Calanus finmarchicus,Calanus finmarchicus,7.89E-05,1.54E-03,0.10,0,LopezUrrutia 2006,,0
Animalia,Arthropoda,Copepoda,Calanoida,Euchaetidae,Paraeuchaeta,Euchaeta flava,Paraeuchaeta flava,2.52E-04,6.94E-04,27.35,0,LopezUrrutia 2006,,0
Animalia,Arthropoda,Copepoda,Calanoida,Eucalanidae,Pareucalanus,Eucalanus attenuatus,Pareucalanus attenuatus,2.12E-04,3.53E-04,26.65,0,LopezUrrutia 2006,,0
Animalia,Arthropoda,Copepoda,Calanoida,Eucalanidae,Pareucalanus,Eucalanus attenuatus,Pareucalanus attenuatus,2.02E-04,5.14E-04,27.80,0,LopezUrrutia 2006,,0
Animalia,Arthropoda,Copepoda,Calanoida,Eucalanidae,Pareucalanus,Eucalanus attenuatus,Pareucalanus attenuatus,2.34E-04,5.22E-04,27.80,0,LopezUrrutia 2006,,0
Animalia,Arthropoda,Copepoda,Calanoida,Eucalanidae,Pareucalanus,Eucalanus attenuatus,Pareucalanus attenuatus,2.24E-04,8.00E-04,27.35,0,LopezUrrutia 2006,,0
Animalia,Arthropoda,Copepoda,Calanoida,Calanidae,Neocalanus,Calanus plumchrus,Neocalanus plumchrus,1.40E-04,1.03E-03,15.90,0,LopezUrrutia 2006,,0
Animalia,Arthropoda,Copepoda,Calanoida,Calanidae,Neocalanus,Calanus plumchrus,Neocalanus plumchrus,6.03E-05,1.14E-03,6.90,0,LopezUrrutia 2006,,0
Animalia,Arthropoda,Copepoda,Calanoida,Calanidae,Neocalanus,Calanus plumchrus,Neocalanus plumchrus,7.22E-05,1.15E-03,5.00,0,LopezUrrutia 2006,,0
Animalia,Arthropoda,Copepoda,Calanoida,Calanidae,Neocalanus,Calanus plumchrus,Neocalanus plumchrus,1.11E-04,1.26E-03,14.15,0,LopezUrrutia 2006,,0
Animalia,Arthropoda,Copepoda,Calanoida,Calanidae,Neocalanus,Calanus plumchrus,Neocalanus plumchrus,1.21E-04,1.31E-03,14.15,0,LopezUrrutia 2006,,0
Animalia,Arthropoda,Copepoda,Calanoida,Calanidae,Neocalanus,Calanus plumchrus,Neocalanus plumchrus,1.16E-04,2.09E-03,5.00,0,LopezUrrutia 2006,,0
Animalia,Arthropoda,Copepoda,Calanoida,Calanidae,Neocalanus,Calanus plumchrus,Neocalanus plumchrus,1.52E-04,2.35E-03,5.00,0,LopezUrrutia 2006,,0
Animalia,Arthropoda,Copepoda,Calanoida,Calanidae,Neocalanus,Calanus plumchrus,Neocalanus plumchrus,1.35E-04,3.02E-03,7.00,0,LopezUrrutia 2006,,0
Animalia,Arthropoda,Copepoda,Calanoida,Calanidae,Neocalanus,Calanus plumchrus,Neocalanus plumchrus,2.27E-04,3.56E-03,5.00,0,LopezUrrutia 2006,,0
Animalia,Arthropoda,Copepoda,Calanoida,Calanidae,Neocalanus,Calanus plumchrus,Neocalanus plumchrus,1.95E-04,3.89E-03,10.15,0,LopezUrrutia 2006,,0
Animalia,Arthropoda,Copepoda,Calanoida,Calanidae,Neocalanus,Calanus plumchrus,Neocalanus plumchrus,2.22E-04,4.30E-03,9.35,0,LopezUrrutia 2006,,0
Animalia,Arthropoda,Copepoda,Calanoida,Candaciidae,Candacia,Candacia aethiopica,Candacia ethiopica,1.47E-04,1.97E-04,27.80,0,LopezUrrutia 2006,,0
Animalia,Arthropoda,Copepoda,Calanoida,Calanidae,Neocalanus,Calanus cristatus,Neocalanus cristatus,4.18E-04,6.38E-03,6.00,0,LopezUrrutia 2006,,0
Animalia,Arthropoda,Copepoda,Calanoida,Calanidae,Neocalanus,Calanus cristatus,Neocalanus cristatus,5.62E-04,9.04E-03,6.00,0,LopezUrrutia 2006,,0
Animalia,Arthropoda,Copepoda,Calanoida,Calanidae,Nannocalanus,Calanus minor,Nannocalanus minor,4.81E-05,1.52E-04,26.85,0,LopezUrrutia 2006,,0
Animalia,Arthropoda,Copepoda,Calanoida,Calanidae,Nannocalanus,Calanus minor,Nannocalanus minor,5.06E-05,1.63E-04,26.85,0,LopezUrrutia 2006,,0
Animalia,Arthropoda,Copepoda,Calanoida,Calanidae,Nannocalanus,Calanus minor,Nannocalanus minor,5.31E-05,1.64E-04,26.85,0,LopezUrrutia 2006,,0
Animalia,Arthropoda,Copepoda,Cyclopoida,Oithonidae,Oithona,Oithona similis,Oithona similis,9.34E-07,4.40E-06,13.81,0,LopezUrrutia 2006,,0
Chromista,Cryptophyta,Cryptophyceae,Cryptomonadales,Campylomonadaceae,Chilomonas,Chilomonas paramecium,Chilomonas paramecium,7.24E-10,7.94E-10,24.50,0,LopezUrrutia 2006,,1
Chromista,Cryptophyta,Cryptophyceae,Cryptomonadales,Campylomonadaceae,Chilomonas,Chilomonas paramecium,Chilomonas paramecium,4.95E-09,8.80E-10,24.50,0,LopezUrrutia 2006,,0
Chromista,Cryptophyta,Cryptophyceae,Cryptomonadales,Campylomonadaceae,Chilomonas,Chilomonas paramecium,Chilomonas paramecium,4.09E-09,8.80E-10,25.00,0,LopezUrrutia 2006,,0
Chromista,Cryptophyta,Cryptophyceae,Cryptomonadales,Campylomonadaceae,Chilomonas,Chilomonas paramecium,Chilomonas paramecium,3.37E-09,1.13E-09,25.00,0,LopezUrrutia 2006,,0
Chromista,Cryptophyta,Cryptophyceae,Cryptomonadales,Campylomonadaceae,Chilomonas,Chilomonas paramecium,Chilomonas paramecium,9.04E-09,1.90E-09,25.00,0,LopezUrrutia 2006,,0
Chromista,Cryptophyta,Cryptophyceae,Cryptomonadales,Campylomonadaceae,Chilomonas,Chilomonas paramecium,Chilomonas paramecium,1.21E-08,1.90E-09,25.00,0,LopezUrrutia 2006,,0
Chromista,Cryptophyta,Cryptophyceae,Cryptomonadales,Campylomonadaceae,Chilomonas,Chilomonas paramecium,Chilomonas paramecium,1.26E-08,3.18E-09,24.50,0,LopezUrrutia 2006,,0
Protozoa,Euglenozoa,Euglenoidea,Euglenida,Euglenaceae,Euglena,Euglena gracilis,Euglena gracilis,1.57E-09,1.18E-09,26.00,0,LopezUrrutia 2006,,1
Protozoa,Euglenozoa,Euglenoidea,Euglenida,Euglenaceae,Euglena,Euglena gracilis,Euglena gracilis,1.52E-08,7.12E-09,26.50,0,LopezUrrutia 2006,,0
Protozoa,Euglenozoa,Euglenoidea,Euglenida,Euglenaceae,Euglena,Astasia longa,Astasia longa,1.13E-09,8.64E-10,26.00,0,LopezUrrutia 2006,,1
Protozoa,Euglenozoa,Euglenoidea,Euglenida,Euglenaceae,Euglena,Astasia longa,Astasia longa,2.19E-09,8.64E-10,26.00,0,LopezUrrutia 2006,,0
Protozoa,Euglenozoa,Euglenoidea,Euglenida,Euglenaceae,Euglena,Astasia longa,Astasia longa,7.85E-09,1.72E-09,25.20,0,LopezUrrutia 2006,,0
Protozoa,Euglenozoa,Euglenoidea,Euglenida,Euglenaceae,Euglena,Astasia longa,Astasia longa,6.21E-09,1.73E-09,26.00,0,LopezUrrutia 2006,,0
Protozoa,Euglenozoa,Euglenoidea,Euglenida,Euglenaceae,Euglena,Astasia longa,Astasia longa,1.02E-08,1.73E-09,26.00,0,LopezUrrutia 2006,,0
Protozoa,Euglenozoa,Euglenoidea,Euglenida,Euglenaceae,Euglena,Astasia longa,Astasia longa,1.61E-09,1.74E-09,28.50,0,LopezUrrutia 2006,,1
Protozoa,Euglenozoa,Euglenoidea,Euglenida,Euglenaceae,Euglena,Astasia longa,Astasia longa,1.20E-08,5.70E-09,28.50,0,LopezUrrutia 2006,,0
Animalia,Mollusca,Gastropoda,Pteropoda,Hydromylidae,Hydromyles,Hydromyles globulosa,Hydromyles globulosus,4.54E-04,6.49E-03,27.40,0,LopezUrrutia 2006,,0
Animalia,Mollusca,Gastropoda,Pteropoda,Hydromylidae,Hydromyles,Hydromyles globulosa,Hydromyles globulosus,4.95E-04,8.16E-03,27.40,0,LopezUrrutia 2006,,0
Animalia,Mollusca,Gastropoda,Pteropoda,Cliidae,Clio,Euclio cuspidate,Clio cuspidata,1.06E-02,6.55E-02,22.35,0,LopezUrrutia 2006,,0
Animalia,Mollusca,Gastropoda,Pteropoda,Clionidae,Clione,Clione antarctica,Clione antarctica,1.52E-03,5.54E-02,-1.30,0,LopezUrrutia 2006,,0
Animalia,Mollusca,Gastropoda,Pteropoda,Cavoliniidae,Cavolinia,Cavolinia globulosa,Cavolinia globulosa,2.45E-03,3.13E-02,27.40,0,LopezUrrutia 2006,,0
Animalia,Mollusca,Gastropoda,Pteropoda,Cavoliniidae,Cavolinia,Cavolinia globulosa,Cavolinia globulosa,4.45E-03,4.07E-02,22.40,0,LopezUrrutia 2006,,0
Animalia,Mollusca,Gastropoda,Pteropoda,Limacinidae,Limacina,Limacina helicina,Limacina helicina,9.40E-05,5.46E-04,10.15,0,LopezUrrutia 2006,,0
Animalia,Mollusca,Gastropoda,Pteropoda,Limacinidae,Limacina,Limacina helicina,Limacina helicina,8.43E-05,9.20E-04,5.00,0,LopezUrrutia 2006,,0
Animalia,Mollusca,Gastropoda,Pteropoda,Limacinidae,Limacina,Limacina helicina,Limacina helicina,1.09E-04,1.30E-03,0.00,0,LopezUrrutia 2006,,0
Animalia,Mollusca,Gastropoda,Pteropoda,Clionidae,Clione,Clione limacina,Clione limacina,3.98E-04,3.60E-02,-0.10,0,LopezUrrutia 2006,,1
Animalia,Mollusca,Gastropoda,Pteropoda,Clionidae,Clione,Clione limacina,Clione limacina,4.81E-03,4.92E-02,12.70,0,LopezUrrutia 2006,,0
Animalia,Mollusca,Gastropoda,Pteropoda,Cavoliniidae,Cavolinia,Cavolinia uncinata,Cavolinia uncinata,2.81E-03,4.04E-02,19.70,0,LopezUrrutia 2006,,0
Animalia,Mollusca,Gastropoda,Pteropoda,Limacinidae,Limacina,Limacina antarctica,Limacina rangii,7.76E-04,1.41E-02,-0.90,0,LopezUrrutia 2006,,0
Animalia,Mollusca,Gastropoda,Pteropoda,Cliidae,Clio,Cleodora sulcata,Clio pyramidata,5.35E-03,1.19E-01,-1.10,0,LopezUrrutia 2006,,0
Chromista,Foraminifera,Globothalamea,Rotaliida,Rosalinidae,Rosalina,Rosalina leei,Rosalina leei,1.99E-05,6.94E-05,25.00,0,LopezUrrutia 2006,,0
Chromista,Ciliophora,Gymnostomatea,Haptorida,Didiniidae,Didinium,Didinium nasutum,Didinium nasutum,3.33E-07,4.42E-07,30.00,0,LopezUrrutia 2006,,0
Chromista,Ciliophora,Gymnostomatea,Haptorida,Didiniidae,Didinium,Didinium nasutum,Didinium nasutum,1.32E-06,1.74E-06,30.00,0,LopezUrrutia 2006,,0
Chromista,Ciliophora,Heterotrichea,Heterotrichida,Stentoridae,Stentor,Stentor coeruleus,Stentor coeruleus,2.56E-08,1.47E-06,25.00,0,LopezUrrutia 2006,,0
Chromista,Ciliophora,Heterotrichea,Heterotrichida,Stentoridae,Stentor,Stentor coeruleus,Stentor coeruleus,5.10E-07,1.95E-06,25.00,0,LopezUrrutia 2006,,1
Chromista,Ciliophora,Heterotrichea,Heterotrichida,Stentoridae,Stentor,Stentor coeruleus,Stentor coeruleus,1.19E-07,1.04E-05,25.00,0,LopezUrrutia 2006,,0
Chromista,Ciliophora,Heterotrichea,Heterotrichida,Spirostomidae,Spirostomum,Spirostomum teres,Spirostomum teres,1.40E-08,5.22E-07,25.00,0,LopezUrrutia 2006,,0
Chromista,Ciliophora,Heterotrichea,Heterotrichida,Spirostomidae,Spirostomum,Spirostomum minus,Spirostomum minus,1.06E-07,7.45E-07,25.00,0,LopezUrrutia 2006,,1
Chromista,Ciliophora,Heterotrichea,Heterotrichida,Spirostomidae,Spirostomum,Spirostomum ambiguum,Spirostomum ambiguum,6.03E-07,1.14E-05,25.00,0,LopezUrrutia 2006,,0
Chromista,Ciliophora,Heterotrichea,Heterotrichida,Spirostomidae,Spirostomum,Spirostomum ambiguum,Spirostomum ambiguum,4.32E-06,1.70E-05,25.00,0,LopezUrrutia 2006,,0
Chromista,Ciliophora,Heterotrichea,Heterotrichida,Spirostomidae,Blepharisma,Blepharisma undulans,Blepharisma undulans,2.65E-08,2.13E-07,26.50,0,LopezUrrutia 2006,,0
Chromista,Ciliophora,Heterotrichea,Heterotrichida,Spirostomidae,Spirostomum,Spirostomum intermedium,Spirostomum minus,9.20E-08,7.45E-07,25.00,0,LopezUrrutia 2006,,1
Animalia,Cnidaria,Hydrozoa,Limnomedusae,Geryoniidae,Liriope,Liriope tetraphylla,Liriope tetraphylla,1.95E-04,2.54E-03,27.00,0,LopezUrrutia 2006,,0
Animalia,Cnidaria,Hydrozoa,Limnomedusae,Geryoniidae,Liriope,Liriope tetraphylla,Liriope tetraphylla,4.36E-04,3.50E-03,26.85,0,LopezUrrutia 2006,,0
Animalia,Cnidaria,Hydrozoa,Siphonophorae,Abylidae,Ceratocymba,Abyla leuckarti,Ceratocymba leuckartii,2.05E-04,2.02E-03,27.45,0,LopezUrrutia 2006,,0
Animalia,Cnidaria,Hydrozoa,Siphonophorae,Diphyidae,Diphyes,Diphyes antarctica,Diphyes antarctica,3.55E-04,5.26E-02,-1.80,0,LopezUrrutia 2006,,1
Animalia,Cnidaria,Hydrozoa,Siphonophorae,Diphyidae,Diphyes,Diphyes antarctica,Diphyes antarctica,1.35E-03,1.13E-01,-1.70,0,LopezUrrutia 2006,,1
Animalia,Cnidaria,Hydrozoa,Siphonophorae,Diphyidae,Diphyes,Diphyes dispar,Diphyes dispar,2.95E-04,3.20E-03,26.65,0,LopezUrrutia 2006,,0
Animalia,Cnidaria,Hydrozoa,Trachymedusae,Rhopalonematidae,Aglantha,Aglantha digitale,Aglantha digitale,9.85E-04,3.97E-03,6.75,0,LopezUrrutia 2006,,0
Animalia,Cnidaria,Hydrozoa,Trachymedusae,Rhopalonematidae,Aglantha,Aglantha digitale,Aglantha digitale,1.30E-03,5.06E-03,10.15,0,LopezUrrutia 2006,,0
Animalia,Cnidaria,Hydrozoa,Trachymedusae,Rhopalonematidae,Aglantha,Aglantha digitale,Aglantha digitale,5.46E-04,1.86E-02,1.10,0,LopezUrrutia 2006,,0
Chromista,Ciliophora,Hypotrichea,Euplotida,Euplotidae,Euplotes,Euplotes vannus,Euplotes vannus,2.52E-09,1.19E-08,25.00,0,LopezUrrutia 2006,,1
Chromista,Ciliophora,Hypotrichea,Oxytrichida,Oxytrichidae,Stylonychia,Stylonychia mytilus,Stylonychia mytilus,6.45E-07,1.33E-06,22.00,0,LopezUrrutia 2006,,0
Chromista,Ciliophora,Hypotrichea,Urostylida,Urostylidae,Urostyla,Urostyla grandis,Urostyla grandis,3.62E-08,2.51E-07,20.00,0,LopezUrrutia 2006,,1
Chromista,Ciliophora,Hypotrichea,Urostylida,Urostylidae,Urostyla,Urostyla grandis,Urostyla grandis,4.09E-07,2.51E-07,20.00,0,LopezUrrutia 2006,,0
Chromista,Ciliophora,Kinetofragminophora,Suctorida,Podophryidae,Podophrya,Podophrya fixa,Podophrya fixa,3.42E-09,2.34E-08,28.80,0,LopezUrrutia 2006,,0
Chromista,Ciliophora,Kinetofragminophora,Suctorida,Podophryidae,Podophrya,Podophrya fixa,Podophrya fixa,9.31E-09,7.65E-08,28.80,0,LopezUrrutia 2006,,0
Chromista,Ciliophora,Litostomatea,Dileptida,Dileptidae,Pseudomonilicaryon,Dileptus cygnus,Pseudomonilicaryon anser,7.24E-07,3.49E-06,23.00,0,LopezUrrutia 2006,,0
Protozoa,Amoebozoa,Lobosa,Amoebida,Amoebidae,Amoeba,Amoeba proteus,Amoeba proteus,5.55E-08,3.89E-07,22.80,0,LopezUrrutia 2006,,1
Protozoa,Amoebozoa,Lobosa,Amoebida,Amoebidae,Amoeba,Amoeba proteus,Amoeba proteus,1.32E-07,6.74E-07,22.80,0,LopezUrrutia 2006,,1
Protozoa,Amoebozoa,Lobosa,Amoebida,Amoebidae,Amoeba,Amoeba proteus,Amoeba proteus,3.87E-08,7.00E-07,21.00,0,LopezUrrutia 2006,,0
Protozoa,Amoebozoa,Lobosa,Amoebida,Amoebidae,Amoeba,Amoeba proteus,Amoeba proteus,5.26E-07,7.00E-07,22.80,0,LopezUrrutia 2006,,0
Protozoa,Amoebozoa,Lobosa,Amoebida,Amoebidae,Amoeba,Amoeba proteus,Amoeba proteus,3.15E-07,1.02E-06,22.80,0,LopezUrrutia 2006,,0
Protozoa,Amoebozoa,Lobosa,Amoebida,Amoebidae,Amoeba,Amoeba proteus,Amoeba proteus,7.26E-08,1.64E-06,22.80,0,LopezUrrutia 2006,,0
Protozoa,Amoebozoa,Lobosa,Amoebida,Acanthamoebidae,Acanthamoeba,Acanthamoeba rhysodes,Acanthamoeba rhysodes,3.98E-09,5.14E-09,30.00,0,LopezUrrutia 2006,,1
Protozoa,Amoebozoa,Lobosa,Amoebida,Acanthamoebidae,Acanthamoeba,Acanthamoeba castellanii,Acanthamoeba castellanii,3.24E-09,7.94E-10,30.00,0,LopezUrrutia 2006,,0
Protozoa,Amoebozoa,Lobosa,Amoebida,Acanthamoebidae,Acanthamoeba,Acanthamoeba castellanii,Acanthamoeba castellanii,2.07E-09,1.74E-09,30.00,0,LopezUrrutia 2006,,1
Protozoa,Amoebozoa,Lobosa,Amoebida,Acanthamoebidae,Acanthamoeba,Acanthamoeba castellanii,Acanthamoeba castellanii,1.54E-08,1.74E-09,30.00,0,LopezUrrutia 2006,,0
Protozoa,Amoebozoa,Lobosa,Amoebida,Acanthamoebidae,Acanthamoeba,Acanthamoeba castellanii,Acanthamoeba castellanii,6.12E-09,4.06E-09,30.00,0,LopezUrrutia 2006,,1
Protozoa,Amoebozoa,Lobosa,Amoebida,Acanthamoebidae,Acanthamoeba,Acanthamoeba palestinensis,Acanthamoeba palestinensis,5.28E-10,3.73E-09,27.00,0,LopezUrrutia 2006,,0
Protozoa,Amoebozoa,Lobosa,Amoebida,Acanthamoebidae,Acanthamoeba,Acanthamoeba palestinensis,Acanthamoeba palestinensis,2.81E-09,6.83E-09,27.00,0,LopezUrrutia 2006,,1
Animalia,Arthropoda,Malacostraca,Amphipoda,Vibiliidae,Vibilia,Viblia antarctica,Vibilia antarctica,1.46E-03,3.61E-02,-1.10,0,LopezUrrutia 2006,,0
Animalia,Arthropoda,Malacostraca,Amphipoda,Pleustidae,Pleustes,Pleustes panopla,Pleustes panoplus,4.81E-05,6.24E-04,9.80,0,LopezUrrutia 2006,,0
Animalia,Arthropoda,Malacostraca,Amphipoda,Oxycephalidae,Streetsia,Oxycephalus porcdlus,Streetsia porcella,1.57E-03,6.24E-03,27.35,0,LopezUrrutia 2006,,0
Animalia,Arthropoda,Malacostraca,Amphipoda,Oxycephalidae,Streetsia,Oxycephalus porcdlus,Streetsia porcella,9.87E-03,5.25E-02,27.35,0,LopezUrrutia 2006,,0
Animalia,Arthropoda,Malacostraca,Amphipoda,Hyperiidae,Themisto,Parathemisto gaudichaudii,Themisto gaudichaudii,6.41E-04,1.07E-02,-0.80,0,LopezUrrutia 2006,,0
Animalia,Arthropoda,Malacostraca,Amphipoda,Hyperiidae,Themisto,Parathemisto gaudichaudii,Themisto gaudichaudii,1.34E-03,3.90E-02,-1.00,0,LopezUrrutia 2006,,0
Animalia,Arthropoda,Malacostraca,Amphipoda,Hyperiidae,Hyperia,Hyperia gaudichaudii,Hyperia gaudichaudii,5.37E-03,3.13E-01,-0.80,0,LopezUrrutia 2006,,0
Animalia,Arthropoda,Malacostraca,Amphipoda,Platyscelidae,Hemityphis,Hemityphis tenuimanus,Hemityphis tenuimanus,8.21E-04,4.85E-03,26.40,0,LopezUrrutia 2006,,0
Animalia,Arthropoda,Malacostraca,Amphipoda,Platyscelidae,Hemityphis,Hemityphis tenuimanus,Hemityphis tenuimanus,2.47E-03,2.16E-02,19.70,0,LopezUrrutia 2006,,0
Animalia,Arthropoda,Malacostraca,Amphipoda,Phronimidae,Phronima,Phronima sedentaria,Phronima sedentaria,1.11E-03,3.62E-03,27.75,0,LopezUrrutia 2006,,0
Animalia,Arthropoda,Malacostraca,Amphipoda,Phronimidae,Phronima,Phronima sedentaria,Phronima sedentaria,5.04E-03,2.04E-02,27.35,0,LopezUrrutia 2006,,0
Animalia,Arthropoda,Malacostraca,Amphipoda,Phronimidae,Phronima,Phronima sedentaria,Phronima sedentaria,2.36E-03,2.17E-02,19.70,0,LopezUrrutia 2006,,0
Animalia,Arthropoda,Malacostraca,Amphipoda,Phronimidae,Phronima,Phronima sedentaria,Phronima sedentaria,1.06E-02,3.59E-02,27.35,0,LopezUrrutia 2006,,0
Animalia,Arthropoda,Malacostraca,Amphipoda,Hyperiidae,Themisto,Parathemisto japonica,Themisto japonica,8.12E-04,5.77E-03,6.75,0,LopezUrrutia 2006,,0
Animalia,Arthropoda,Malacostraca,Amphipoda,Hyperiidae,Themisto,Parathemisto japonica,Themisto japonica,7.73E-04,6.66E-03,9.00,0,LopezUrrutia 2006,,0
Animalia,Arthropoda,Malacostraca,Amphipoda,Hyperiidae,Themisto,Parathemisto japonica,Themisto japonica,9.04E-04,8.72E-03,6.75,0,LopezUrrutia 2006,,0
Animalia,Arthropoda,Malacostraca,Amphipoda,Hyperiidae,Themisto,Parathemisto japonica,Themisto japonica,1.67E-03,1.04E-02,9.00,0,LopezUrrutia 2006,,0
Animalia,Arthropoda,Malacostraca,Amphipoda,Hyperiidae,Themisto,Parathemisto japonica,Themisto japonica,1.56E-03,1.36E-02,9.00,0,LopezUrrutia 2006,,0
Animalia,Arthropoda,Malacostraca,Amphipoda,Hyperiidae,Themisto,Parathemisto japonica,Themisto japonica,1.67E-03,1.39E-02,9.00,0,LopezUrrutia 2006,,0
Animalia,Arthropoda,Malacostraca,Amphipoda,Hyperiidae,Themisto,Parathemisto japonica,Themisto japonica,1.82E-03,1.71E-02,9.00,0,LopezUrrutia 2006,,0
Animalia,Arthropoda,Malacostraca,Amphipoda,Thamneidae,Thamneus,Thamneus platyrrhynchus,Thamneus rostratus,7.35E-04,4.75E-03,26.40,0,LopezUrrutia 2006,,0
Animalia,Arthropoda,Malacostraca,Amphipoda,Thamneidae,Thamneus,Thamneus platyrrhynchus,Thamneus rostratus,3.31E-03,8.24E-03,27.35,0,LopezUrrutia 2006,,0
Animalia,Arthropoda,Malacostraca,Amphipoda,Hyperiidae,Themisto,Parathemisto libellula,Themisto libellula,6.09E-04,8.88E-03,-0.10,0,LopezUrrutia 2006,,0
Animalia,Arthropoda,Malacostraca,Amphipoda,Scinidae,Scina,Scina cornigera,Scina crassicornis,1.21E-03,8.88E-03,22.35,0,LopezUrrutia 2006,,0
Animalia,Arthropoda,Malacostraca,Decapoda,Palinuridae,Puerulus,Puerulus larva,,8.48E-03,1.68E-01,27.20,0,LopezUrrutia 2006,,0
Animalia,Arthropoda,Malacostraca,Decapoda,Palinuridae,Panulirus,Phyllosoma larva,,9.42E-03,3.04E-01,27.75,0,LopezUrrutia 2006,,0
Animalia,Arthropoda,Malacostraca,Decapoda,Carcinidae,Carcinus,Megalopa Larva-C,,1.49E-03,2.43E-02,26.40,0,LopezUrrutia 2006,,0
Animalia,Arthropoda,Malacostraca,Decapoda,Carcinidae,Carcinus,Megalopa Larva-C,,1.47E-03,2.71E-02,26.40,0,LopezUrrutia 2006,,0
Animalia,Arthropoda,Malacostraca,Decapoda,Thoridae,Eualus,Eualus gracilirostris,Eualus gracilirostris,1.61E-03,4.96E-02,6.75,0,LopezUrrutia 2006,,0
Animalia,Arthropoda,Malacostraca,Decapoda,Hippolytidae,Chorismus,Chorismus antarcticus,Chorismus antarcticus,1.31E-02,1.97E+00,-1.70,0,LopezUrrutia 2006,,1
Animalia,Arthropoda,Malacostraca,Euphausiacea,Euphausiidae,Euphausia,Euphasua crystallorophias,Euphausia crystallorophias,2.22E-03,5.91E-02,-1.70,0,LopezUrrutia 2006,,0
Animalia,Arthropoda,Malacostraca,Euphausiacea,Euphausiidae,Euphausia,Euphasua crystallorophias,Euphausia crystallorophias,6.00E-03,1.62E-01,-1.70,0,LopezUrrutia 2006,,0
Animalia,Arthropoda,Malacostraca,Euphausiacea,Euphausiidae,Euphausia,Euphasua crystallorophias,Euphausia crystallorophias,9.06E-03,1.74E-01,-1.70,0,LopezUrrutia 2006,,0
Animalia,Arthropoda,Malacostraca,Euphausiacea,Euphausiidae,Cyrtopia,Cyrtopia larva,,1.11E-04,3.53E-04,13.05,0,LopezUrrutia 2006,,0
Animalia,Arthropoda,Malacostraca,Euphausiacea,Euphausiidae,Cyrtopia,Cyrtopia larva,,1.28E-04,4.08E-04,13.05,0,LopezUrrutia 2006,,0
Animalia,Arthropoda,Malacostraca,Euphausiacea,Euphausiidae,Cyrtopia,Cyrtopia larva,,7.22E-05,1.03E-03,6.90,0,LopezUrrutia 2006,,0
Animalia,Arthropoda,Malacostraca,Euphausiacea,Euphausiidae,Cyrtopia,Cyrtopia larva,,6.99E-04,2.03E-03,27.80,0,LopezUrrutia 2006,,0
Animalia,Arthropoda,Malacostraca,Euphausiacea,Euphausiidae,Euphausia,Euphasia triacantha,Euphausia triacantha,2.01E-03,7.94E-02,-0.80,0,LopezUrrutia 2006,,0
Animalia,Arthropoda,Malacostraca,Euphausiacea,Euphausiidae,Thysanoessa,Thysanoessa longipes,Thysanoessa longipes,3.84E-03,3.27E-02,12.20,0,LopezUrrutia 2006,,0
Animalia,Arthropoda,Malacostraca,Euphausiacea,Euphausiidae,Euphausia,Euphausia distinguenda,Euphausia distinguenda,6.18E-04,2.59E-03,26.85,0,LopezUrrutia 2006,,0
Animalia,Arthropoda,Malacostraca,Euphausiacea,Euphausiidae,Euphausia,Euphausia distinguenda,Euphausia distinguenda,1.30E-03,8.00E-03,25.70,0,LopezUrrutia 2006,,0
Animalia,Arthropoda,Malacostraca,Euphausiacea,Euphausiidae,Euphausia,Euphausia pacifica,Euphausia pacifica,1.62E-03,2.69E-02,7.00,0,LopezUrrutia 2006,,0
Animalia,Arthropoda,Malacostraca,Euphausiacea,Euphausiidae,Euphausia,Euphausia pacifica,Euphausia pacifica,3.69E-03,3.10E-02,10.15,0,LopezUrrutia 2006,,0
Animalia,Arthropoda,Malacostraca,Euphausiacea,Euphausiidae,Euphausia,Euphausia pacifica,Euphausia pacifica,3.80E-03,4.60E-02,10.15,0,LopezUrrutia 2006,,0
Animalia,Arthropoda,Malacostraca,Euphausiacea,Euphausiidae,Euphausia,Euphausia pacifica,Euphausia pacifica,4.16E-03,5.74E-02,10.15,0,LopezUrrutia 2006,,0
Animalia,Arthropoda,Malacostraca,Euphausiacea,Euphausiidae,Euphausia,Euphausia superba,Euphausia superba,6.36E-03,1.62E-01,-1.80,0,LopezUrrutia 2006,,0
Animalia,Arthropoda,Malacostraca,Euphausiacea,Euphausiidae,Euphausia,Euphausia superba,Euphausia superba,8.99E-03,2.64E-01,-1.60,0,LopezUrrutia 2006,,0
Animalia,Arthropoda,Malacostraca,Euphausiacea,Euphausiidae,Euphausia,Euphausia superba,Euphausia superba,1.66E-02,4.69E-01,-1.60,0,LopezUrrutia 2006,,0
Animalia,Arthropoda,Malacostraca,Euphausiacea,Euphausiidae,Euphausia,Euphausia superba,Euphausia superba,2.88E-02,8.40E-01,-1.60,0,LopezUrrutia 2006,,0
Animalia,Arthropoda,Malacostraca,Euphausiacea,Euphausiidae,Euphausia,Euphausia superba,Euphausia superba,4.29E-02,1.22E+00,-1.70,0,LopezUrrutia 2006,,0
Animalia,Arthropoda,Malacostraca,Euphausiacea,Euphausiidae,Euphausia,Euphausia diomedeae,Euphausia diomedeae,4.05E-04,1.70E-03,27.80,0,LopezUrrutia 2006,,0
Animalia,Arthropoda,Malacostraca,Euphausiacea,Euphausiidae,Euphausia,Euphausia diomedeae,Euphausia diomedeae,4.54E-03,2.04E-02,27.20,0,LopezUrrutia 2006,,0
Animalia,Arthropoda,Malacostraca,Euphausiacea,Euphausiidae,Euphausia,Euphausia tenera,Euphausia tenera,2.72E-04,7.96E-04,27.45,0,LopezUrrutia 2006,,0
Animalia,Arthropoda,Malacostraca,Euphausiacea,Euphausiidae,Euphausia,Euphausia tenera,Euphausia tenera,1.93E-04,9.60E-04,27.45,0,LopezUrrutia 2006,,0
Animalia,Arthropoda,Malacostraca,Euphausiacea,Euphausiidae,Euphausia,Euphausia tenera,Euphausia tenera,4.02E-04,1.32E-03,27.45,0,LopezUrrutia 2006,,0
Animalia,Arthropoda,Malacostraca,Euphausiacea,Euphausiidae,Euphausia,Euphausia tenera,Euphausia tenera,5.51E-04,2.06E-03,26.85,0,LopezUrrutia 2006,,0
Animalia,Arthropoda,Malacostraca,Euphausiacea,Euphausiidae,Euphausia,Euphausia tenera,Euphausia tenera,5.51E-04,2.10E-03,27.35,0,LopezUrrutia 2006,,0
Animalia,Arthropoda,Malacostraca,Euphausiacea,Euphausiidae,Euphausia,Euphausia tenera,Euphausia tenera,1.39E-03,3.91E-03,27.00,0,LopezUrrutia 2006,,0
Animalia,Arthropoda,Malacostraca,Euphausiacea,Euphausiidae,Euphausia,Euphausia tenera,Euphausia tenera,1.58E-03,5.05E-03,27.35,0,LopezUrrutia 2006,,0
Animalia,Arthropoda,Malacostraca,Euphausiacea,Euphausiidae,Euphausia,Euphausia tenera,Euphausia tenera,1.80E-03,5.19E-03,27.00,0,LopezUrrutia 2006,,0
Animalia,Arthropoda,Malacostraca,Euphausiacea,Euphausiidae,Euphausia,Euphausia tenera,Euphausia tenera,3.01E-03,1.13E-02,27.20,0,LopezUrrutia 2006,,0
Animalia,Arthropoda,Malacostraca,Euphausiacea,Euphausiidae,Thysanoessa,Thysanoessa inermis,Thysanoessa inermis,7.69E-04,1.58E-02,0.10,0,LopezUrrutia 2006,,0
Animalia,Arthropoda,Malacostraca,Euphausiacea,Euphausiidae,Thysanoessa,Thysanoessa inermis,Thysanoessa inermis,3.33E-03,1.20E-01,1.90,0,LopezUrrutia 2006,,0
Animalia,Arthropoda,Malacostraca,Euphausiacea,Euphausiidae,Euphausia,Euphasia superba,Euphausia superba,3.15E-03,9.36E-02,-1.10,0,LopezUrrutia 2006,,0
Animalia,Arthropoda,Malacostraca,Euphausiacea,Euphausiidae,Euphausia,Euphasia superba,Euphausia superba,8.16E-03,2.66E-01,-1.10,0,LopezUrrutia 2006,,0
Animalia,Arthropoda,Malacostraca,Euphausiacea,Euphausiidae,Euphausia,Euphasia superba,Euphausia superba,1.40E-02,4.94E-01,-1.10,0,LopezUrrutia 2006,,0
Animalia,Arthropoda,Malacostraca,Euphausiacea,Euphausiidae,Euphausia,Euphasia superba,Euphausia superba,2.18E-02,8.24E-01,-1.10,0,LopezUrrutia 2006,,0
Animalia,Arthropoda,Malacostraca,Euphausiacea,Euphausiidae,Euphausia,Euphasia superba,Euphausia superba,2.97E-02,1.22E+00,-1.00,0,LopezUrrutia 2006,,0
Animalia,Arthropoda,Malacostraca,Mysida,Mysidae,Siriella,Siriella thompsoni,Siriella thompsonii,1.32E-03,4.54E-03,27.75,0,LopezUrrutia 2006,,0
Animalia,Arthropoda,Malacostraca,Mysida,Mysidae,Siriella,Siriella thompsoni,Siriella thompsonii,2.27E-03,5.61E-03,27.75,0,LopezUrrutia 2006,,0
Animalia,Arthropoda,Malacostraca,Mysida,Mysidae,Xenacanthomysis,Acantiomysis pseudomacropsis,Xenacanthomysis pseudomacropsis,1.07E-03,8.32E-03,13.40,0,LopezUrrutia 2006,,0
Animalia,Arthropoda,Malacostraca,Mysida,Mysidae,Xenacanthomysis,Acantiomysis pseudomacropsis,Xenacanthomysis pseudomacropsis,1.03E-03,1.16E-02,13.40,0,LopezUrrutia 2006,,0
Animalia,Arthropoda,Malacostraca,Mysida,Mysidae,Antarctomysis,Antarctomysis maxima,Antarctomysis maxima,7.08E-03,5.90E-01,-1.60,0,LopezUrrutia 2006,,1
Animalia,Ctenophora,Nuda,Beroida,Beroidae,Beroe,Beroe cucumia,Beroe cucumis,3.33E-03,4.42E-02,15.15,0,LopezUrrutia 2006,,0
Animalia,Ctenophora,Nuda,Beroida,Beroidae,Beroe,Beroe cucumia,Beroe cucumis,3.48E-03,6.94E-02,15.15,0,LopezUrrutia 2006,,0
Animalia,Ctenophora,Nuda,Beroida,Beroidae,Beroe,Beroe cucumia,Beroe cucumis,4.63E-03,9.44E-02,15.15,0,LopezUrrutia 2006,,0
Animalia,Ctenophora,Nuda,Beroida,Beroidae,Beroe,Beroe cucumis,Beroe cucumis,1.11E-03,1.86E-02,12.70,0,LopezUrrutia 2006,,0
Animalia,Ctenophora,Nuda,Beroida,Beroidae,Beroe,Beroe ovata,Beroe ovata,8.52E-04,1.33E-02,21.00,0,LopezUrrutia 2006,,0
Animalia,Ctenophora,Nuda,Beroida,Beroidae,Beroe,Beroe ovata,Beroe ovata,1.22E-03,2.51E-02,21.00,0,LopezUrrutia 2006,,0
Animalia,Ctenophora,Nuda,Beroida,Beroidae,Beroe,Beroe ovata,Beroe ovata,1.37E-03,2.62E-02,21.00,0,LopezUrrutia 2006,,0
Animalia,Ctenophora,Nuda,Beroida,Beroidae,Beroe,Beroe ovata,Beroe ovata,1.80E-03,4.05E-02,21.00,0,LopezUrrutia 2006,,0
Animalia,Ctenophora,Nuda,Beroida,Beroidae,Beroe,Beroe ovata,Beroe ovata,2.20E-03,5.34E-02,21.00,0,LopezUrrutia 2006,,0
Animalia,Ctenophora,Nuda,Beroida,Beroidae,Beroe,Beroe ovata,Beroe ovata,4.83E-03,5.34E-02,21.00,0,LopezUrrutia 2006,,0
Animalia,Ctenophora,Nuda,Beroida,Beroidae,Beroe,Beroe ovata,Beroe ovata,5.89E-03,7.95E-02,21.00,0,LopezUrrutia 2006,,0
Animalia,Ctenophora,Nuda,Beroida,Beroidae,Beroe,Beroe ovata,Beroe ovata,5.67E-03,1.44E-01,21.00,0,LopezUrrutia 2006,,0
Animalia,Ctenophora,Nuda,Beroida,Beroidae,Beroe,Beroe ovata,Beroe ovata,1.30E-02,2.06E-01,21.00,0,LopezUrrutia 2006,,0
Animalia,Ctenophora,Nuda,Beroida,Beroidae,Beroe,Beroe ovata,Beroe ovata,1.41E-02,2.06E-01,21.00,0,LopezUrrutia 2006,,0
Animalia,Ctenophora,Nuda,Beroida,Beroidae,Beroe,Beroe ovata,Beroe ovata,1.46E-02,2.14E-01,21.00,0,LopezUrrutia 2006,,0
Animalia,Ctenophora,Nuda,Beroida,Beroidae,Beroe,Beroe ovata,Beroe ovata,1.20E-02,2.23E-01,21.00,0,LopezUrrutia 2006,,0
Animalia,Ctenophora,Nuda,Beroida,Beroidae,Beroe,Beroe ovata,Beroe ovata,2.63E-02,4.56E-01,21.00,0,LopezUrrutia 2006,,0
Animalia,Ctenophora,Nuda,Beroida,Beroidae,Beroe,Beroe ovata,Beroe ovata,4.07E-02,5.78E-01,21.00,0,LopezUrrutia 2006,,0
Animalia,Ctenophora,Nuda,Beroida,Beroidae,Beroe,Beroe ovata,Beroe ovata,6.81E-02,9.28E-01,21.00,0,LopezUrrutia 2006,,0
Animalia,Ctenophora,Nuda,Beroida,Beroidae,Beroe,Beroe ovata,Beroe ovata,7.08E-02,1.33E+00,21.00,0,LopezUrrutia 2006,,0
Animalia,Ctenophora,Nuda,Beroida,Beroidae,Beroe,Beroe ovata,Beroe ovata,1.44E-01,1.56E+00,21.00,0,LopezUrrutia 2006,,0
Chromista,Ciliophora,Oligohymenophorea,Hymenostomatida,Frontoniidae,Frontonia,Frontonia leucas,Frontonia leucas,1.74E-08,9.12E-07,25.00,0,LopezUrrutia 2006,,0
Chromista,Ciliophora,Oligohymenophorea,Hymenostomatida,Tetrahymenidae,Tetrahymena,Tetrahymena pyriformis,Tetrahymena pyriformis,1.83E-09,2.83E-09,30.00,0,LopezUrrutia 2006,,1
Chromista,Ciliophora,Oligohymenophorea,Hymenostomatida,Tetrahymenidae,Tetrahymena,Tetrahymena pyriformis,Tetrahymena pyriformis,2.41E-09,8.00E-09,25.00,0,LopezUrrutia 2006,,1
Chromista,Ciliophora,Oligohymenophorea,Hymenostomatida,Tetrahymenidae,Tetrahymena,Tetrahymena pyriformis,Tetrahymena pyriformis,3.24E-07,9.60E-09,30.00,0,LopezUrrutia 2006,,1
Chromista,Ciliophora,Oligohymenophorea,Hymenostomatida,Tetrahymenidae,Tetrahymena,Tetrahymena pyriformis,Tetrahymena pyriformis,8.81E-09,1.27E-08,28.00,0,LopezUrrutia 2006,,1
Chromista,Ciliophora,Oligohymenophorea,Hymenostomatida,Tetrahymenidae,Tetrahymena,Tetrahymena pyriformis,Tetrahymena pyriformis,1.26E-08,1.58E-08,22.00,0,LopezUrrutia 2006,,0
Chromista,Ciliophora,Oligohymenophorea,Hymenostomatida,Tetrahymenidae,Tetrahymena,Tetrahymena pyriformis,Tetrahymena pyriformis,6.79E-09,1.58E-08,25.00,0,LopezUrrutia 2006,,1
Chromista,Ciliophora,Oligohymenophorea,Hymenostomatida,Tetrahymenidae,Tetrahymena,Tetrahymena pyriformis,Tetrahymena pyriformis,7.24E-08,1.58E-08,26.00,0,LopezUrrutia 2006,,0
Chromista,Ciliophora,Oligohymenophorea,Hymenostomatida,Tetrahymenidae,Tetrahymena,Tetrahymena pyriformis,Tetrahymena pyriformis,2.99E-08,1.58E-08,27.00,0,LopezUrrutia 2006,,0
Chromista,Ciliophora,Oligohymenophorea,Hymenostomatida,Tetrahymenidae,Tetrahymena,Tetrahymena pyriformis,Tetrahymena pyriformis,1.55E-08,1.58E-08,28.00,0,LopezUrrutia 2006,,1
Chromista,Ciliophora,Oligohymenophorea,Hymenostomatida,Tetrahymenidae,Tetrahymena,Tetrahymena pyriformis,Tetrahymena pyriformis,4.36E-08,1.58E-08,28.00,0,LopezUrrutia 2006,,0
Chromista,Ciliophora,Oligohymenophorea,Hymenostomatida,Tetrahymenidae,Tetrahymena,Tetrahymena pyriformis,Tetrahymena pyriformis,7.96E-08,1.74E-08,28.00,0,LopezUrrutia 2006,,0
Chromista,Ciliophora,Oligohymenophorea,Hymenostomatida,Tetrahymenidae,Tetrahymena,Tetrahymena pyriformis,Tetrahymena pyriformis,3.10E-08,2.06E-08,30.00,0,LopezUrrutia 2006,,0
Chromista,Ciliophora,Oligohymenophorea,Hymenostomatida,Tetrahymenidae,Tetrahymena,Tetrahymena pyriformis,Tetrahymena pyriformis,7.08E-08,2.33E-08,30.00,0,LopezUrrutia 2006,,0
Chromista,Ciliophora,Oligohymenophorea,Hymenostomatida,Tetrahymenidae,Tetrahymena,Tetrahymena pyriformis,Tetrahymena pyriformis,2.15E-08,2.36E-08,25.00,0,LopezUrrutia 2006,,0
Chromista,Ciliophora,Oligohymenophorea,Hymenostomatida,Tetrahymenidae,Tetrahymena,Tetrahymena pyriformis,Tetrahymena pyriformis,2.01E-08,2.36E-08,28.00,0,LopezUrrutia 2006,,1
Chromista,Ciliophora,Oligohymenophorea,Hymenostomatida,Tetrahymenidae,Tetrahymena,Tetrahymena pyriformis,Tetrahymena pyriformis,9.22E-09,3.37E-08,28.00,0,LopezUrrutia 2006,,1
Chromista,Ciliophora,Oligohymenophorea,Hymenostomatida,Tetrahymenidae,Tetrahymena,Tetrahymena pyriformis,Tetrahymena pyriformis,4.99E-08,3.37E-08,28.00,0,LopezUrrutia 2006,,0
Chromista,Ciliophora,Oligohymenophorea,Hymenostomatida,Tetrahymenidae,Tetrahymena,Tetrahymena pyriformis,Tetrahymena pyriformis,2.20E-07,7.73E-08,28.00,0,LopezUrrutia 2006,,0
Chromista,Ciliophora,Oligohymenophorea,Hymenostomatida,Tetrahymenidae,Tetrahymena,Tetrahymena geleii,Tetrahymena pyriformis,1.54E-08,3.51E-08,21.00,0,LopezUrrutia 2006,,1
Chromista,Ciliophora,Oligohymenophorea,Hymenostomatida,Tetrahymenidae,Tetrahymena,Tetrahymena geleii,Tetrahymena pyriformis,1.61E-07,3.69E-08,25.00,0,LopezUrrutia 2006,,0
Chromista,Ciliophora,Oligohymenophorea,Hymenostomatida,Tetrahymenidae,Tetrahymena,Tetrahymena geleii,Tetrahymena pyriformis,3.37E-08,4.98E-08,26.80,0,LopezUrrutia 2006,,1
Chromista,Ciliophora,Oligohymenophorea,Hymenostomatida,Tetrahymenidae,Tetrahymena,Tetrahymena geleii,Tetrahymena pyriformis,1.04E-07,8.32E-08,26.80,0,LopezUrrutia 2006,,0
Chromista,Ciliophora,Oligohymenophorea,Hymenostomatida,Tetrahymenidae,Dexiostoma,Colpidium campylum,Dexiostoma campylum,3.60E-08,6.66E-08,24.00,0,LopezUrrutia 2006,,1
Chromista,Ciliophora,Oligohymenophorea,Hymenostomatida,Tetrahymenidae,Dexiostoma,Colpidium campylum,Dexiostoma campylum,3.66E-08,6.66E-08,24.00,0,LopezUrrutia 2006,,1
Chromista,Ciliophora,Oligohymenophorea,Peniculida,Parameciidae,Paramecium,Paramecium aurelia,Paramecium aurelia,1.21E-07,1.54E-07,25.00,0,LopezUrrutia 2006,,0
Chromista,Ciliophora,Oligohymenophorea,Peniculida,Parameciidae,Paramecium,Paramecium aurelia,Paramecium aurelia,1.21E-08,2.40E-07,26.00,0,LopezUrrutia 2006,,0
Chromista,Ciliophora,Oligohymenophorea,Peniculida,Parameciidae,Paramecium,Paramecium aurelia,Paramecium aurelia,2.86E-07,3.02E-07,26.00,0,LopezUrrutia 2006,,0
Chromista,Ciliophora,Oligohymenophorea,Peniculida,Parameciidae,Paramecium,Paramecium aurelia,Paramecium aurelia,8.68E-08,3.02E-07,27.00,0,LopezUrrutia 2006,,1
Chromista,Ciliophora,Oligohymenophorea,Peniculida,Parameciidae,Paramecium,Paramecium calkinsi,Paramecium calkinsi,3.87E-08,2.06E-07,26.00,0,LopezUrrutia 2006,,1
Chromista,Ciliophora,Oligohymenophorea,Peniculida,Parameciidae,Paramecium,Paramecium caudatum,Paramecium caudatum,6.48E-08,2.58E-07,25.00,0,LopezUrrutia 2006,,1
Chromista,Ciliophora,Oligohymenophorea,Peniculida,Parameciidae,Paramecium,Paramecium caudatum,Paramecium caudatum,3.60E-07,3.02E-07,22.70,0,LopezUrrutia 2006,,0
Chromista,Ciliophora,Oligohymenophorea,Peniculida,Parameciidae,Paramecium,Paramecium caudatum,Paramecium caudatum,1.28E-07,7.45E-07,21.20,0,LopezUrrutia 2006,,1
Chromista,Ciliophora,Oligohymenophorea,Peniculida,Parameciidae,Paramecium,Paramecium caudatum,Paramecium caudatum,2.56E-07,7.89E-07,25.00,0,LopezUrrutia 2006,,1
Chromista,Ciliophora,Oligohymenophorea,Peniculida,Parameciidae,Paramecium,Paramecium caudatum,Paramecium caudatum,5.53E-07,9.52E-07,21.20,0,LopezUrrutia 2006,,0
Chromista,Ciliophora,Oligohymenophorea,Peniculida,Parameciidae,Paramecium,Paramecium caudatum,Paramecium caudatum,6.14E-07,1.40E-06,25.00,0,LopezUrrutia 2006,,0
Chromista,Ciliophora,Oligohymenophorea,Peniculida,Parameciidae,Paramecium,Paramecium caudatum,Paramecium caudatum,1.29E-06,1.76E-06,22.70,0,LopezUrrutia 2006,,0
Chromista,Ciliophora,Oligohymenophorea,Peritrichida,Vorticellidae,Intranstylum,Intranstylum steini,Intranstylum steini,5.73E-08,4.06E-08,25.00,0,LopezUrrutia 2006,,0
Chromista,Ciliophora,Oligohymenophorea,Peritrichida,Vorticellidae,Vorticella,Vorticella ephemerae,Vorticella ephemerae,2.70E-08,2.98E-08,20.00,0,LopezUrrutia 2006,,0
Chromista,Ciliophora,Oligohymenophorea,Peritrichida,Zoothamniidae,Zoothamnium,Zoothamnium carinogammari,Zoothamnium carinogammari,8.66E-08,7.58E-08,20.00,0,LopezUrrutia 2006,,0
Chromista,Ciliophora,Oligohymenophorea,Peritrichida,Vorticellidae,Vorticella,Vorticella similis,Vorticella similis,1.92E-07,1.56E-07,20.00,0,LopezUrrutia 2006,,0
Chromista,Ciliophora,Oligohymenophorea,Peritrichida,Vorticellidae,Vorticella,Vorticella microstoma,Vorticella microstoma,2.36E-09,4.06E-08,20.00,0,LopezUrrutia 2006,,0
Chromista,Ciliophora,Oligohymenophorea,Peritrichida,Vorticellidae,Vorticella,Vorticella convallaria,Vorticella convallaria,2.02E-07,8.16E-07,20.00,0,LopezUrrutia 2006,,0
Chromista,Ciliophora,Oligohymenophorea,Peritrichida,Operculariidae,Opercularia,Opercularia nutans,Opercularia nutans,1.52E-07,1.83E-07,25.00,0,LopezUrrutia 2006,,0
Chromista,Ciliophora,Oligohymenophorea,Peritrichida,Vorticellidae,Carchesium,Carchesium polypinum,Carchesium polypinum,3.19E-07,3.46E-07,25.00,0,LopezUrrutia 2006,,0
Chromista,Ciliophora,Oligohymenophorea,Philasterida,Uronematidae,Uronema,Uronema marinum,Uronema marinum,4.63E-09,8.32E-10,25.00,0,LopezUrrutia 2006,,0
Chromista,Ciliophora,Oligotrichea,Tintinnida,Codonellidae,Tintinnopsis,Tintinnopsis vasculum,Tintinnopsis vasculum,2.08E-07,6.67E-08,15.00,0,LopezUrrutia 2006,,0
Chromista,Ciliophora,Oligotrichea,Tintinnida,Codonellidae,Tintinnopsis,Tintinnopsis vasculum,Tintinnopsis vasculum,1.41E-07,6.94E-08,10.00,0,LopezUrrutia 2006,,0
Chromista,Ciliophora,Oligotrichea,Tintinnida,Codonellidae,Tintinnopsis,Tintinnopsis vasculum,Tintinnopsis vasculum,5.13E-08,7.15E-08,5.00,0,LopezUrrutia 2006,,0
Chromista,Ciliophora,Oligotrichea,Tintinnida,Codonellidae,Tintinnopsis,Tintinnopsis acuminata,Tintinnopsis acuminata,5.13E-08,6.58E-09,25.00,0,LopezUrrutia 2006,,1
Chromista,Ciliophora,Oligotrichea,Tintinnida,Codonellidae,Tintinnopsis,Tintinnopsis acuminata,Tintinnopsis acuminata,3.51E-08,6.78E-09,20.00,0,LopezUrrutia 2006,,0
Chromista,Ciliophora,Oligotrichea,Tintinnida,Codonellidae,Tintinnopsis,Tintinnopsis acuminata,Tintinnopsis acuminata,1.93E-08,6.93E-09,15.00,0,LopezUrrutia 2006,,0
Protozoa,Euglenozoa,Peranemea,Natomonadida,Astasiidae,Astasia,Astasia klebsii,Astasia klebsii,4.56E-10,1.13E-09,25.20,0,LopezUrrutia 2006,,1
Protozoa,Euglenozoa,Peranemea,Natomonadida,Astasiidae,Astasia,Astasia klebsii,Astasia klebsii,1.67E-08,6.10E-09,25.20,0,LopezUrrutia 2006,,0
Chromista,Ciliophora,Prostomatea,Prostomatida,Colepidae,Tiarina,Tiafina fusus,Tiarina fusus,4.68E-08,4.22E-08,24.00,0,LopezUrrutia 2006,,0
Chromista,Ciliophora,Prostomatea,Prostomatida,Colepidae,Coleps,Coleps hirtus,Coleps hirtus,1.19E-07,1.07E-07,25.00,0,LopezUrrutia 2006,,0
Chromista,Ochrophyta,Raphidophyceae,Actinophryida,Actinosphaeriidae,Actinosphaerium,Actinosphaerium eichhorni,Actinosphaerium eichhorni,2.72E-07,8.88E-06,21.80,0,LopezUrrutia 2006,,0
Animalia,Chaetognatha,Sagittoidea,Aphragmophora,Sagittidae,Flaccisagitta,Sagitta enfiata,Flaccisagitta enflata,2.22E-04,1.69E-03,27.35,0,LopezUrrutia 2006,,0
Animalia,Chaetognatha,Sagittoidea,Aphragmophora,Sagittidae,Sagitta,Sagitta bipunctata,Sagitta bipunctata,7.64E-04,1.14E-03,27.45,0,LopezUrrutia 2006,,0
Animalia,Chaetognatha,Sagittoidea,Aphragmophora,Sagittidae,Parasagitta,Parasagitta elegans,Parasagitta elegans,1.05E-05,4.17E-04,-1.25,0,LopezUrrutia 2006,,1
Animalia,Chaetognatha,Sagittoidea,Aphragmophora,Sagittidae,Parasagitta,Parasagitta elegans,Parasagitta elegans,2.14E-05,4.17E-04,-1.25,0,LopezUrrutia 2006,,0
Animalia,Chaetognatha,Sagittoidea,Aphragmophora,Sagittidae,Parasagitta,Parasagitta elegans,Parasagitta elegans,1.23E-05,4.58E-04,-1.25,0,LopezUrrutia 2006,,1
Animalia,Chaetognatha,Sagittoidea,Aphragmophora,Sagittidae,Parasagitta,Parasagitta elegans,Parasagitta elegans,1.44E-05,6.10E-04,-1.25,0,LopezUrrutia 2006,,1
Animalia,Chaetognatha,Sagittoidea,Aphragmophora,Sagittidae,Parasagitta,Parasagitta elegans,Parasagitta elegans,1.56E-05,6.39E-04,-1.25,0,LopezUrrutia 2006,,1
Animalia,Chaetognatha,Sagittoidea,Aphragmophora,Sagittidae,Parasagitta,Parasagitta elegans,Parasagitta elegans,2.52E-05,6.70E-04,-1.25,0,LopezUrrutia 2006,,1
Animalia,Chaetognatha,Sagittoidea,Aphragmophora,Sagittidae,Parasagitta,Parasagitta elegans,Parasagitta elegans,2.52E-05,7.37E-04,-1.25,0,LopezUrrutia 2006,,1
Animalia,Chaetognatha,Sagittoidea,Aphragmophora,Sagittidae,Parasagitta,Parasagitta elegans,Parasagitta elegans,2.72E-05,7.73E-04,-1.25,0,LopezUrrutia 2006,,1
Animalia,Chaetognatha,Sagittoidea,Aphragmophora,Sagittidae,Parasagitta,Parasagitta elegans,Parasagitta elegans,1.83E-05,8.08E-04,-1.25,0,LopezUrrutia 2006,,1
Animalia,Chaetognatha,Sagittoidea,Aphragmophora,Sagittidae,Parasagitta,Parasagitta elegans,Parasagitta elegans,2.32E-05,8.48E-04,-1.25,0,LopezUrrutia 2006,,1
Animalia,Chaetognatha,Sagittoidea,Aphragmophora,Sagittidae,Parasagitta,Parasagitta elegans,Parasagitta elegans,5.55E-05,8.48E-04,-1.25,0,LopezUrrutia 2006,,0
Animalia,Chaetognatha,Sagittoidea,Aphragmophora,Sagittidae,Parasagitta,Parasagitta elegans,Parasagitta elegans,2.52E-05,8.88E-04,-1.25,0,LopezUrrutia 2006,,1
Animalia,Chaetognatha,Sagittoidea,Aphragmophora,Sagittidae,Parasagitta,Parasagitta elegans,Parasagitta elegans,3.73E-05,8.88E-04,-1.25,0,LopezUrrutia 2006,,1
Animalia,Chaetognatha,Sagittoidea,Aphragmophora,Sagittidae,Parasagitta,Parasagitta elegans,Parasagitta elegans,1.56E-05,9.36E-04,-1.25,0,LopezUrrutia 2006,,1
Animalia,Chaetognatha,Sagittoidea,Aphragmophora,Sagittidae,Parasagitta,Parasagitta elegans,Parasagitta elegans,3.44E-05,9.84E-04,-1.25,0,LopezUrrutia 2006,,1
Animalia,Chaetognatha,Sagittoidea,Aphragmophora,Sagittidae,Parasagitta,Parasagitta elegans,Parasagitta elegans,2.95E-05,1.02E-03,-1.25,0,LopezUrrutia 2006,,1
Animalia,Chaetognatha,Sagittoidea,Aphragmophora,Sagittidae,Parasagitta,Parasagitta elegans,Parasagitta elegans,2.14E-05,1.08E-03,-1.25,0,LopezUrrutia 2006,,1
Animalia,Chaetognatha,Sagittoidea,Aphragmophora,Sagittidae,Parasagitta,Parasagitta elegans,Parasagitta elegans,2.32E-05,1.13E-03,-1.25,0,LopezUrrutia 2006,,1
Animalia,Chaetognatha,Sagittoidea,Aphragmophora,Sagittidae,Parasagitta,Parasagitta elegans,Parasagitta elegans,2.95E-05,1.13E-03,-1.25,0,LopezUrrutia 2006,,1
Animalia,Chaetognatha,Sagittoidea,Aphragmophora,Sagittidae,Parasagitta,Parasagitta elegans,Parasagitta elegans,4.74E-05,1.18E-03,-1.25,0,LopezUrrutia 2006,,1
Animalia,Chaetognatha,Sagittoidea,Aphragmophora,Sagittidae,Parasagitta,Parasagitta elegans,Parasagitta elegans,1.98E-05,1.24E-03,-1.25,0,LopezUrrutia 2006,,1
Animalia,Chaetognatha,Sagittoidea,Aphragmophora,Sagittidae,Parasagitta,Parasagitta elegans,Parasagitta elegans,6.00E-05,1.24E-03,-1.25,0,LopezUrrutia 2006,,0
Animalia,Chaetognatha,Sagittoidea,Aphragmophora,Sagittidae,Parasagitta,Parasagitta elegans,Parasagitta elegans,2.72E-05,1.30E-03,-1.25,0,LopezUrrutia 2006,,1
Animalia,Chaetognatha,Sagittoidea,Aphragmophora,Sagittidae,Parasagitta,Parasagitta elegans,Parasagitta elegans,4.05E-05,1.30E-03,-1.25,0,LopezUrrutia 2006,,1
Animalia,Chaetognatha,Sagittoidea,Aphragmophora,Sagittidae,Parasagitta,Parasagitta elegans,Parasagitta elegans,3.73E-05,1.37E-03,-1.25,0,LopezUrrutia 2006,,1
Animalia,Chaetognatha,Sagittoidea,Aphragmophora,Sagittidae,Parasagitta,Parasagitta elegans,Parasagitta elegans,4.05E-05,1.37E-03,-1.25,0,LopezUrrutia 2006,,1
Animalia,Chaetognatha,Sagittoidea,Aphragmophora,Sagittidae,Parasagitta,Parasagitta elegans,Parasagitta elegans,3.44E-05,1.43E-03,-1.25,0,LopezUrrutia 2006,,1
Animalia,Chaetognatha,Sagittoidea,Aphragmophora,Sagittidae,Parasagitta,Parasagitta elegans,Parasagitta elegans,5.55E-05,1.43E-03,-1.25,0,LopezUrrutia 2006,,1
Animalia,Chaetognatha,Sagittoidea,Aphragmophora,Sagittidae,Parasagitta,Parasagitta elegans,Parasagitta elegans,2.52E-05,1.50E-03,-1.25,0,LopezUrrutia 2006,,1
Animalia,Chaetognatha,Sagittoidea,Aphragmophora,Sagittidae,Parasagitta,Parasagitta elegans,Parasagitta elegans,3.73E-05,1.50E-03,-1.25,0,LopezUrrutia 2006,,1
Animalia,Chaetognatha,Sagittoidea,Aphragmophora,Sagittidae,Parasagitta,Parasagitta elegans,Parasagitta elegans,3.44E-05,1.58E-03,-1.25,0,LopezUrrutia 2006,,1
Animalia,Chaetognatha,Sagittoidea,Aphragmophora,Sagittidae,Parasagitta,Parasagitta elegans,Parasagitta elegans,4.05E-05,1.66E-03,-1.25,0,LopezUrrutia 2006,,1
Animalia,Chaetognatha,Sagittoidea,Aphragmophora,Sagittidae,Parasagitta,Parasagitta elegans,Parasagitta elegans,3.44E-05,1.74E-03,-1.25,0,LopezUrrutia 2006,,1
Animalia,Chaetognatha,Sagittoidea,Aphragmophora,Sagittidae,Parasagitta,Parasagitta elegans,Parasagitta elegans,4.05E-05,1.74E-03,-1.25,0,LopezUrrutia 2006,,1
Animalia,Chaetognatha,Sagittoidea,Aphragmophora,Sagittidae,Parasagitta,Parasagitta elegans,Parasagitta elegans,4.74E-05,1.82E-03,-1.25,0,LopezUrrutia 2006,,1
Animalia,Chaetognatha,Sagittoidea,Aphragmophora,Sagittidae,Parasagitta,Parasagitta elegans,Parasagitta elegans,5.55E-05,1.82E-03,-1.25,0,LopezUrrutia 2006,,1
Animalia,Chaetognatha,Sagittoidea,Aphragmophora,Sagittidae,Parasagitta,Parasagitta elegans,Parasagitta elegans,3.19E-05,2.00E-03,-1.25,0,LopezUrrutia 2006,,1
Animalia,Chaetognatha,Sagittoidea,Aphragmophora,Sagittidae,Parasagitta,Parasagitta elegans,Parasagitta elegans,9.67E-05,2.20E-03,-1.25,0,LopezUrrutia 2006,,0
Animalia,Chaetognatha,Sagittoidea,Aphragmophora,Sagittidae,Parasagitta,Parasagitta elegans,Parasagitta elegans,4.74E-05,2.30E-03,-1.25,0,LopezUrrutia 2006,,1
Animalia,Chaetognatha,Sagittoidea,Aphragmophora,Sagittidae,Parasagitta,Parasagitta elegans,Parasagitta elegans,5.13E-05,2.42E-03,-1.25,0,LopezUrrutia 2006,,1
Animalia,Chaetognatha,Sagittoidea,Aphragmophora,Sagittidae,Parasagitta,Parasagitta elegans,Parasagitta elegans,4.05E-05,2.54E-03,-1.25,0,LopezUrrutia 2006,,1
Animalia,Chaetognatha,Sagittoidea,Aphragmophora,Sagittidae,Parasagitta,Parasagitta elegans,Parasagitta elegans,4.74E-05,2.54E-03,-1.25,0,LopezUrrutia 2006,,1
Animalia,Chaetognatha,Sagittoidea,Aphragmophora,Sagittidae,Parasagitta,Parasagitta elegans,Parasagitta elegans,8.93E-05,2.54E-03,-1.25,0,LopezUrrutia 2006,,1
Animalia,Chaetognatha,Sagittoidea,Aphragmophora,Sagittidae,Parasagitta,Parasagitta elegans,Parasagitta elegans,6.00E-05,3.06E-03,-1.25,0,LopezUrrutia 2006,,1
Animalia,Chaetognatha,Sagittoidea,Aphragmophora,Sagittidae,Parasagitta,Parasagitta elegans,Parasagitta elegans,6.50E-05,3.21E-03,-1.25,0,LopezUrrutia 2006,,1
Animalia,Chaetognatha,Sagittoidea,Aphragmophora,Sagittidae,Parasagitta,Parasagitta elegans,Parasagitta elegans,1.05E-04,4.70E-03,-1.25,0,LopezUrrutia 2006,,1
Animalia,Chaetognatha,Sagittoidea,Aphragmophora,Sagittidae,Parasagitta,Parasagitta elegans,Parasagitta elegans,1.13E-04,4.92E-03,-1.25,0,LopezUrrutia 2006,,1
Animalia,Chaetognatha,Sagittoidea,Aphragmophora,Sagittidae,Parasagitta,Parasagitta elegans,Parasagitta elegans,2.52E-04,7.54E-03,-1.25,0,LopezUrrutia 2006,,0
Animalia,Chaetognatha,Sagittoidea,Aphragmophora,Sagittidae,Parasagitta,Parasagitta elegans,Parasagitta elegans,3.73E-04,7.54E-03,-1.25,0,LopezUrrutia 2006,,0
Animalia,Chaetognatha,Sagittoidea,Aphragmophora,Sagittidae,Parasagitta,Parasagitta elegans,Parasagitta elegans,4.05E-04,1.00E-02,-1.25,0,LopezUrrutia 2006,,0
Animalia,Chaetognatha,Sagittoidea,Aphragmophora,Sagittidae,Parasagitta,Parasagitta elegans,Parasagitta elegans,3.44E-04,1.06E-02,-1.25,0,LopezUrrutia 2006,,0
Animalia,Chaetognatha,Sagittoidea,Aphragmophora,Sagittidae,Parasagitta,Parasagitta elegans,Parasagitta elegans,2.32E-04,1.16E-02,-1.25,0,LopezUrrutia 2006,,1
Animalia,Chaetognatha,Sagittoidea,Aphragmophora,Sagittidae,Parasagitta,Parasagitta elegans,Parasagitta elegans,2.72E-04,1.16E-02,-1.25,0,LopezUrrutia 2006,,1
Animalia,Chaetognatha,Sagittoidea,Aphragmophora,Sagittidae,Parasagitta,Parasagitta elegans,Parasagitta elegans,2.72E-04,1.22E-02,-1.25,0,LopezUrrutia 2006,,1
Animalia,Chaetognatha,Sagittoidea,Aphragmophora,Sagittidae,Parasagitta,Parasagitta elegans,Parasagitta elegans,2.32E-04,1.27E-02,-1.25,0,LopezUrrutia 2006,,1
Animalia,Chaetognatha,Sagittoidea,Aphragmophora,Sagittidae,Parasagitta,Parasagitta elegans,Parasagitta elegans,2.52E-04,1.27E-02,-1.25,0,LopezUrrutia 2006,,1
Animalia,Chaetognatha,Sagittoidea,Aphragmophora,Sagittidae,Parasagitta,Parasagitta elegans,Parasagitta elegans,2.95E-04,1.34E-02,-1.25,0,LopezUrrutia 2006,,1
Animalia,Chaetognatha,Sagittoidea,Aphragmophora,Sagittidae,Parasagitta,Parasagitta elegans,Parasagitta elegans,2.72E-04,1.40E-02,-1.25,0,LopezUrrutia 2006,,1
Animalia,Chaetognatha,Sagittoidea,Aphragmophora,Sagittidae,Parasagitta,Parasagitta elegans,Parasagitta elegans,4.74E-04,1.40E-02,-1.25,0,LopezUrrutia 2006,,0
Animalia,Chaetognatha,Sagittoidea,Aphragmophora,Sagittidae,Parasagitta,Parasagitta elegans,Parasagitta elegans,2.32E-04,1.62E-02,-1.25,0,LopezUrrutia 2006,,1
Animalia,Chaetognatha,Sagittoidea,Aphragmophora,Sagittidae,Parasagitta,Parasagitta elegans,Parasagitta elegans,3.73E-04,1.62E-02,-1.25,0,LopezUrrutia 2006,,1
Animalia,Chaetognatha,Sagittoidea,Aphragmophora,Sagittidae,Parasagitta,Parasagitta elegans,Parasagitta elegans,4.05E-04,1.62E-02,-1.25,0,LopezUrrutia 2006,,1
Animalia,Chaetognatha,Sagittoidea,Aphragmophora,Sagittidae,Parasagitta,Parasagitta elegans,Parasagitta elegans,1.56E-04,1.69E-02,-1.25,0,LopezUrrutia 2006,,1
Animalia,Chaetognatha,Sagittoidea,Aphragmophora,Sagittidae,Parasagitta,Parasagitta elegans,Parasagitta elegans,2.52E-04,1.69E-02,-1.25,0,LopezUrrutia 2006,,1
Animalia,Chaetognatha,Sagittoidea,Aphragmophora,Sagittidae,Parasagitta,Parasagitta elegans,Parasagitta elegans,2.32E-04,1.78E-02,-1.25,0,LopezUrrutia 2006,,1
Animalia,Chaetognatha,Sagittoidea,Aphragmophora,Sagittidae,Parasagitta,Parasagitta elegans,Parasagitta elegans,4.36E-04,2.14E-02,-1.25,0,LopezUrrutia 2006,,1
Animalia,Chaetognatha,Sagittoidea,Aphragmophora,Sagittidae,Parasagitta,Parasagitta elegans,Parasagitta elegans,4.74E-04,2.25E-02,-1.25,0,LopezUrrutia 2006,,1
Animalia,Chaetognatha,Sagittoidea,Aphragmophora,Sagittidae,Parasagitta,Parasagitta elegans,Parasagitta elegans,5.13E-04,2.25E-02,-1.25,0,LopezUrrutia 2006,,1
Animalia,Chaetognatha,Sagittoidea,Aphragmophora,Sagittidae,Parasagitta,Parasagitta elegans,Parasagitta elegans,6.50E-04,2.36E-02,-1.25,0,LopezUrrutia 2006,,0
Animalia,Chaetognatha,Sagittoidea,Aphragmophora,Sagittidae,Parasagitta,Parasagitta elegans,Parasagitta elegans,4.74E-04,2.47E-02,-1.25,0,LopezUrrutia 2006,,1
Animalia,Chaetognatha,Sagittoidea,Aphragmophora,Sagittidae,Parasagitta,Parasagitta elegans,Parasagitta elegans,5.55E-04,2.47E-02,-1.25,0,LopezUrrutia 2006,,1
Animalia,Chaetognatha,Sagittoidea,Aphragmophora,Sagittidae,Parasagitta,Parasagitta elegans,Parasagitta elegans,4.05E-04,2.59E-02,-1.25,0,LopezUrrutia 2006,,1
Animalia,Chaetognatha,Sagittoidea,Aphragmophora,Sagittidae,Parasagitta,Parasagitta elegans,Parasagitta elegans,3.73E-04,2.72E-02,-1.25,0,LopezUrrutia 2006,,1
Animalia,Chaetognatha,Sagittoidea,Aphragmophora,Sagittidae,Parasagitta,Parasagitta elegans,Parasagitta elegans,5.13E-04,2.72E-02,-1.25,0,LopezUrrutia 2006,,1
Animalia,Chaetognatha,Sagittoidea,Aphragmophora,Sagittidae,Parasagitta,Parasagitta elegans,Parasagitta elegans,5.13E-04,2.85E-02,-1.25,0,LopezUrrutia 2006,,1
Animalia,Chaetognatha,Sagittoidea,Aphragmophora,Sagittidae,Parasagitta,Parasagitta elegans,Parasagitta elegans,4.74E-04,2.99E-02,-1.25,0,LopezUrrutia 2006,,1
Animalia,Chaetognatha,Sagittoidea,Aphragmophora,Sagittidae,Parasagitta,Parasagitta elegans,Parasagitta elegans,6.50E-04,2.99E-02,-1.25,0,LopezUrrutia 2006,,1
Animalia,Chaetognatha,Sagittoidea,Aphragmophora,Sagittidae,Parasagitta,Parasagitta elegans,Parasagitta elegans,5.13E-04,3.14E-02,-1.25,0,LopezUrrutia 2006,,1
Animalia,Chaetognatha,Sagittoidea,Aphragmophora,Sagittidae,Parasagitta,Parasagitta elegans,Parasagitta elegans,3.73E-04,3.29E-02,-1.25,0,LopezUrrutia 2006,,1
Animalia,Chaetognatha,Sagittoidea,Aphragmophora,Sagittidae,Parasagitta,Parasagitta elegans,Parasagitta elegans,4.74E-04,3.29E-02,-1.25,0,LopezUrrutia 2006,,1
Animalia,Chaetognatha,Sagittoidea,Aphragmophora,Sagittidae,Parasagitta,Parasagitta elegans,Parasagitta elegans,6.00E-04,3.29E-02,-1.25,0,LopezUrrutia 2006,,1
Animalia,Chaetognatha,Sagittoidea,Aphragmophora,Sagittidae,Parasagitta,Parasagitta elegans,Parasagitta elegans,8.93E-04,3.98E-02,-1.25,0,LopezUrrutia 2006,,1
Animalia,Chaetognatha,Sagittoidea,Aphragmophora,Sagittidae,Parasagitta,Parasagitta elegans,Parasagitta elegans,8.25E-04,4.58E-02,-1.25,0,LopezUrrutia 2006,,1
Animalia,Chaetognatha,Sagittoidea,Aphragmophora,Sagittidae,Ferosagitta,Sagitta robusta,Ferosagitta robusta,4.97E-04,1.43E-03,27.45,0,LopezUrrutia 2006,,0
Animalia,Chaetognatha,Sagittoidea,Aphragmophora,Sagittidae,Ferosagitta,Sagitta robusta,Ferosagitta robusta,1.27E-03,3.17E-03,27.35,0,LopezUrrutia 2006,,0
Animalia,Chaetognatha,Sagittoidea,Aphragmophora,Sagittidae,Serratosagitta,Sagitta serratodentata,Serratosagitta serratodentata,9.85E-04,1.11E-03,27.40,0,LopezUrrutia 2006,,0
Animalia,Chaetognatha,Sagittoidea,Aphragmophora,Sagittidae,Serratosagitta,Sagitta serratodentata,Serratosagitta serratodentata,7.44E-04,1.62E-03,27.40,0,LopezUrrutia 2006,,0
Animalia,Chaetognatha,Sagittoidea,Aphragmophora,Sagittidae,Serratosagitta,Sagitta serratodentata,Serratosagitta serratodentata,1.17E-03,2.57E-03,27.40,0,LopezUrrutia 2006,,0
Animalia,Chaetognatha,Sagittoidea,Aphragmophora,Sagittidae,Parasagitta,Sagitta elegans,Parasagitta elegans,6.74E-05,2.39E-04,12.25,0,LopezUrrutia 2006,,0
Animalia,Chaetognatha,Sagittoidea,Aphragmophora,Sagittidae,Parasagitta,Sagitta elegans,Parasagitta elegans,1.25E-04,6.02E-04,12.25,0,LopezUrrutia 2006,,0
Animalia,Chaetognatha,Sagittoidea,Aphragmophora,Sagittidae,Parasagitta,Sagitta elegans,Parasagitta elegans,2.92E-04,3.88E-03,7.00,0,LopezUrrutia 2006,,0
Animalia,Chaetognatha,Sagittoidea,Aphragmophora,Sagittidae,Parasagitta,Sagitta elegans,Parasagitta elegans,3.62E-04,4.76E-03,6.00,0,LopezUrrutia 2006,,0
Animalia,Chaetognatha,Sagittoidea,Aphragmophora,Sagittidae,Parasagitta,Sagitta elegans,Parasagitta elegans,4.07E-04,5.28E-03,6.00,0,LopezUrrutia 2006,,0
Animalia,Chaetognatha,Sagittoidea,Aphragmophora,Sagittidae,Parasagitta,Sagitta elegans,Parasagitta elegans,3.39E-04,1.28E-02,-0.30,0,LopezUrrutia 2006,,1
Animalia,Chaetognatha,Sagittoidea,Aphragmophora,Sagittidae,Mesosagitta,Sagitta minima,Mesosagitta minima,4.59E-05,1.15E-04,15.50,0,LopezUrrutia 2006,,0
Animalia,Chaetognatha,Sagittoidea,Aphragmophora,Sagittidae,Mesosagitta,Sagitta minima,Mesosagitta minima,8.18E-05,2.46E-04,13.40,0,LopezUrrutia 2006,,0
Animalia,Chaetognatha,Sagittoidea,Aphragmophora,Sagittidae,Mesosagitta,Sagitta minima,Mesosagitta minima,6.50E-05,4.45E-04,13.40,0,LopezUrrutia 2006,,0
Animalia,Cnidaria,Scyphozoa,Semaeostomeae,Ulmaridae,Aurelia,Aurelia aurita,Aurelia aurita,1.13E-04,1.00E-04,15.00,0,LopezUrrutia 2006,,0
Animalia,Cnidaria,Scyphozoa,Semaeostomeae,Ulmaridae,Aurelia,Aurelia aurita,Aurelia aurita,1.05E-04,1.34E-04,15.00,0,LopezUrrutia 2006,,0
Animalia,Cnidaria,Scyphozoa,Semaeostomeae,Ulmaridae,Aurelia,Aurelia aurita,Aurelia aurita,1.22E-04,1.34E-04,15.00,0,LopezUrrutia 2006,,0
Animalia,Cnidaria,Scyphozoa,Semaeostomeae,Ulmaridae,Aurelia,Aurelia aurita,Aurelia aurita,1.79E-04,1.60E-04,15.00,0,LopezUrrutia 2006,,0
Animalia,Cnidaria,Scyphozoa,Semaeostomeae,Ulmaridae,Aurelia,Aurelia aurita,Aurelia aurita,6.68E-05,2.54E-04,15.00,0,LopezUrrutia 2006,,0
Animalia,Cnidaria,Scyphozoa,Semaeostomeae,Ulmaridae,Aurelia,Aurelia aurita,Aurelia aurita,1.05E-04,2.54E-04,15.00,0,LopezUrrutia 2006,,0
Animalia,Cnidaria,Scyphozoa,Semaeostomeae,Ulmaridae,Aurelia,Aurelia aurita,Aurelia aurita,6.68E-05,2.86E-04,15.00,0,LopezUrrutia 2006,,0
Animalia,Cnidaria,Scyphozoa,Semaeostomeae,Ulmaridae,Aurelia,Aurelia aurita,Aurelia aurita,1.13E-04,3.21E-04,15.00,0,LopezUrrutia 2006,,0
Animalia,Cnidaria,Scyphozoa,Semaeostomeae,Ulmaridae,Aurelia,Aurelia aurita,Aurelia aurita,1.53E-04,3.40E-04,15.00,0,LopezUrrutia 2006,,0
Animalia,Cnidaria,Scyphozoa,Semaeostomeae,Ulmaridae,Aurelia,Aurelia aurita,Aurelia aurita,1.13E-04,3.61E-04,15.00,0,LopezUrrutia 2006,,0
Animalia,Cnidaria,Scyphozoa,Semaeostomeae,Ulmaridae,Aurelia,Aurelia aurita,Aurelia aurita,1.42E-04,4.55E-04,15.00,0,LopezUrrutia 2006,,0
Animalia,Cnidaria,Scyphozoa,Semaeostomeae,Ulmaridae,Aurelia,Aurelia aurita,Aurelia aurita,1.92E-04,4.55E-04,15.00,0,LopezUrrutia 2006,,0
Animalia,Cnidaria,Scyphozoa,Semaeostomeae,Ulmaridae,Aurelia,Aurelia aurita,Aurelia aurita,2.41E-04,4.55E-04,15.00,0,LopezUrrutia 2006,,0
Animalia,Cnidaria,Scyphozoa,Semaeostomeae,Ulmaridae,Aurelia,Aurelia aurita,Aurelia aurita,1.92E-04,7.25E-04,15.00,0,LopezUrrutia 2006,,0
Animalia,Cnidaria,Scyphozoa,Semaeostomeae,Ulmaridae,Aurelia,Aurelia aurita,Aurelia aurita,2.61E-04,1.09E-03,15.00,0,LopezUrrutia 2006,,0
Animalia,Cnidaria,Scyphozoa,Semaeostomeae,Ulmaridae,Aurelia,Aurelia aurita,Aurelia aurita,2.08E-04,1.15E-03,15.00,0,LopezUrrutia 2006,,0
Animalia,Cnidaria,Scyphozoa,Semaeostomeae,Ulmaridae,Aurelia,Aurelia aurita,Aurelia aurita,2.24E-04,1.15E-03,15.00,0,LopezUrrutia 2006,,0
Animalia,Cnidaria,Scyphozoa,Semaeostomeae,Ulmaridae,Aurelia,Aurelia aurita,Aurelia aurita,2.81E-04,1.54E-03,15.00,0,LopezUrrutia 2006,,0
Animalia,Cnidaria,Scyphozoa,Semaeostomeae,Ulmaridae,Aurelia,Aurelia aurita,Aurelia aurita,4.43E-04,1.54E-03,15.00,0,LopezUrrutia 2006,,0
Animalia,Cnidaria,Scyphozoa,Semaeostomeae,Ulmaridae,Aurelia,Aurelia aurita,Aurelia aurita,3.28E-04,1.84E-03,15.00,0,LopezUrrutia 2006,,0
Animalia,Cnidaria,Scyphozoa,Semaeostomeae,Ulmaridae,Aurelia,Aurelia aurita,Aurelia aurita,3.80E-04,2.06E-03,15.00,0,LopezUrrutia 2006,,0
Animalia,Cnidaria,Scyphozoa,Semaeostomeae,Ulmaridae,Aurelia,Aurelia aurita,Aurelia aurita,3.28E-04,3.10E-03,15.00,0,LopezUrrutia 2006,,0
Animalia,Cnidaria,Scyphozoa,Semaeostomeae,Ulmaridae,Aurelia,Aurelia aurita,Aurelia aurita,6.97E-04,3.91E-03,15.00,0,LopezUrrutia 2006,,0
Animalia,Cnidaria,Scyphozoa,Semaeostomeae,Ulmaridae,Aurelia,Aurelia aurita,Aurelia aurita,3.80E-04,4.14E-03,15.00,0,LopezUrrutia 2006,,0
Animalia,Cnidaria,Scyphozoa,Semaeostomeae,Ulmaridae,Aurelia,Aurelia aurita,Aurelia aurita,6.97E-04,4.14E-03,15.00,0,LopezUrrutia 2006,,0
Animalia,Cnidaria,Scyphozoa,Semaeostomeae,Ulmaridae,Aurelia,Aurelia aurita,Aurelia aurita,8.77E-04,4.39E-03,15.00,0,LopezUrrutia 2006,,0
Animalia,Cnidaria,Scyphozoa,Semaeostomeae,Ulmaridae,Aurelia,Aurelia aurita,Aurelia aurita,3.80E-04,4.66E-03,15.00,0,LopezUrrutia 2006,,0
Animalia,Cnidaria,Scyphozoa,Semaeostomeae,Ulmaridae,Aurelia,Aurelia aurita,Aurelia aurita,7.53E-04,5.23E-03,15.00,0,LopezUrrutia 2006,,0
Animalia,Cnidaria,Scyphozoa,Semaeostomeae,Ulmaridae,Aurelia,Aurelia aurita,Aurelia aurita,1.18E-03,8.32E-03,15.00,0,LopezUrrutia 2006,,0
Animalia,Cnidaria,Scyphozoa,Semaeostomeae,Ulmaridae,Aurelia,Aurelia aurita,Aurelia aurita,3.69E-03,8.80E-03,15.00,0,LopezUrrutia 2006,,0
Animalia,Cnidaria,Scyphozoa,Semaeostomeae,Ulmaridae,Aurelia,Aurelia aurita,Aurelia aurita,2.01E-03,9.36E-03,15.00,0,LopezUrrutia 2006,,0
Animalia,Cnidaria,Scyphozoa,Semaeostomeae,Ulmaridae,Aurelia,Aurelia aurita,Aurelia aurita,2.72E-03,9.36E-03,15.00,0,LopezUrrutia 2006,,0
Animalia,Cnidaria,Scyphozoa,Semaeostomeae,Ulmaridae,Aurelia,Aurelia aurita,Aurelia aurita,3.69E-03,1.05E-02,15.00,0,LopezUrrutia 2006,,0
Animalia,Cnidaria,Scyphozoa,Semaeostomeae,Ulmaridae,Aurelia,Aurelia aurita,Aurelia aurita,4.63E-03,1.58E-02,15.00,0,LopezUrrutia 2006,,0
Animalia,Cnidaria,Scyphozoa,Semaeostomeae,Ulmaridae,Aurelia,Aurelia aurita,Aurelia aurita,3.17E-03,1.67E-02,15.00,0,LopezUrrutia 2006,,0
Animalia,Cnidaria,Scyphozoa,Semaeostomeae,Ulmaridae,Aurelia,Aurelia aurita,Aurelia aurita,3.69E-03,2.11E-02,15.00,0,LopezUrrutia 2006,,0
Animalia,Cnidaria,Scyphozoa,Semaeostomeae,Ulmaridae,Aurelia,Aurelia aurita,Aurelia aurita,3.42E-03,4.25E-02,15.00,0,LopezUrrutia 2006,,0
Animalia,Cnidaria,Scyphozoa,Semaeostomeae,Ulmaridae,Aurelia,Aurelia aurita,Aurelia aurita,4.99E-03,5.06E-02,15.00,0,LopezUrrutia 2006,,0
Animalia,Cnidaria,Scyphozoa,Semaeostomeae,Ulmaridae,Aurelia,Aurelia aurita,Aurelia aurita,3.33E-02,7.16E-02,15.00,0,LopezUrrutia 2006,,0
Animalia,Cnidaria,Scyphozoa,Semaeostomeae,Ulmaridae,Aurelia,Aurelia aurita,Aurelia aurita,3.33E-02,8.08E-02,15.00,0,LopezUrrutia 2006,,0
Animalia,Cnidaria,Scyphozoa,Semaeostomeae,Ulmaridae,Aurelia,Aurelia aurita,Aurelia aurita,3.57E-02,9.04E-02,15.00,0,LopezUrrutia 2006,,0
Animalia,Cnidaria,Scyphozoa,Semaeostomeae,Ulmaridae,Aurelia,Aurelia aurita,Aurelia aurita,4.16E-02,2.29E-01,15.00,0,LopezUrrutia 2006,,0
Animalia,Cnidaria,Scyphozoa,Semaeostomeae,Ulmaridae,Aurelia,Aurelia aurita,Aurelia aurita,1.12E-01,5.18E-01,15.00,0,LopezUrrutia 2006,,0
Animalia,Ctenophora,Tentaculata,Cydippida,Pleurobrachiidae,Pleurobrachia,Pleurobrachia pileus,Pleurobrachia pileus,2.81E-04,5.46E-03,7.25,0,LopezUrrutia 2006,,0
Animalia,Ctenophora,Tentaculata,Cydippida,Pleurobrachiidae,Pleurobrachia,Pleurobrachia pileus,Pleurobrachia pileus,2.61E-04,1.00E-02,7.25,0,LopezUrrutia 2006,,0
Animalia,Ctenophora,Tentaculata,Lobata,Bolinopsidae,Mnemiopsis,Mnemiopsis mccradyi,Mnemiopsis leidyi,1.18E-03,1.55E-03,21.00,0,LopezUrrutia 2006,,0
Animalia,Ctenophora,Tentaculata,Lobata,Bolinopsidae,Mnemiopsis,Mnemiopsis mccradyi,Mnemiopsis leidyi,1.59E-03,1.94E-03,21.00,0,LopezUrrutia 2006,,0
Animalia,Ctenophora,Tentaculata,Lobata,Bolinopsidae,Mnemiopsis,Mnemiopsis mccradyi,Mnemiopsis leidyi,7.67E-04,2.19E-03,21.00,0,LopezUrrutia 2006,,0
Animalia,Ctenophora,Tentaculata,Lobata,Bolinopsidae,Mnemiopsis,Mnemiopsis mccradyi,Mnemiopsis leidyi,7.67E-04,2.19E-03,21.00,0,LopezUrrutia 2006,,0
Animalia,Ctenophora,Tentaculata,Lobata,Bolinopsidae,Mnemiopsis,Mnemiopsis mccradyi,Mnemiopsis leidyi,6.83E-04,2.32E-03,21.00,0,LopezUrrutia 2006,,0
Animalia,Ctenophora,Tentaculata,Lobata,Bolinopsidae,Mnemiopsis,Mnemiopsis mccradyi,Mnemiopsis leidyi,6.81E-04,2.70E-03,21.00,0,LopezUrrutia 2006,,0
Animalia,Ctenophora,Tentaculata,Lobata,Bolinopsidae,Mnemiopsis,Mnemiopsis mccradyi,Mnemiopsis leidyi,2.24E-03,3.49E-03,21.00,0,LopezUrrutia 2006,,0
Animalia,Ctenophora,Tentaculata,Lobata,Bolinopsidae,Mnemiopsis,Mnemiopsis mccradyi,Mnemiopsis leidyi,2.72E-03,4.13E-03,21.00,0,LopezUrrutia 2006,,0
Animalia,Ctenophora,Tentaculata,Lobata,Bolinopsidae,Mnemiopsis,Mnemiopsis mccradyi,Mnemiopsis leidyi,2.41E-03,4.64E-03,21.00,0,LopezUrrutia 2006,,0
Animalia,Ctenophora,Tentaculata,Lobata,Bolinopsidae,Mnemiopsis,Mnemiopsis mccradyi,Mnemiopsis leidyi,8.34E-04,4.88E-03,21.00,0,LopezUrrutia 2006,,0
Animalia,Ctenophora,Tentaculata,Lobata,Bolinopsidae,Mnemiopsis,Mnemiopsis mccradyi,Mnemiopsis leidyi,1.73E-03,5.41E-03,21.00,0,LopezUrrutia 2006,,0
Animalia,Ctenophora,Tentaculata,Lobata,Bolinopsidae,Mnemiopsis,Mnemiopsis mccradyi,Mnemiopsis leidyi,1.32E-03,5.53E-03,21.00,0,LopezUrrutia 2006,,0
Animalia,Ctenophora,Tentaculata,Lobata,Bolinopsidae,Mnemiopsis,Mnemiopsis mccradyi,Mnemiopsis leidyi,2.06E-03,6.30E-03,21.00,0,LopezUrrutia 2006,,0
Animalia,Ctenophora,Tentaculata,Lobata,Bolinopsidae,Mnemiopsis,Mnemiopsis mccradyi,Mnemiopsis leidyi,4.18E-03,6.97E-03,21.00,0,LopezUrrutia 2006,,0
Animalia,Ctenophora,Tentaculata,Lobata,Bolinopsidae,Mnemiopsis,Mnemiopsis mccradyi,Mnemiopsis leidyi,2.88E-03,7.21E-03,21.00,0,LopezUrrutia 2006,,0
Animalia,Ctenophora,Tentaculata,Lobata,Bolinopsidae,Mnemiopsis,Mnemiopsis mccradyi,Mnemiopsis leidyi,1.22E-03,8.48E-03,21.00,0,LopezUrrutia 2006,,0
Animalia,Ctenophora,Tentaculata,Lobata,Bolinopsidae,Mnemiopsis,Mnemiopsis mccradyi,Mnemiopsis leidyi,3.04E-03,8.64E-03,21.00,0,LopezUrrutia 2006,,0
Animalia,Ctenophora,Tentaculata,Lobata,Bolinopsidae,Mnemiopsis,Mnemiopsis mccradyi,Mnemiopsis leidyi,1.47E-03,8.88E-03,21.00,0,LopezUrrutia 2006,,0
Animalia,Ctenophora,Tentaculata,Lobata,Bolinopsidae,Mnemiopsis,Mnemiopsis mccradyi,Mnemiopsis leidyi,6.88E-03,9.52E-03,21.00,0,LopezUrrutia 2006,,0
Animalia,Ctenophora,Tentaculata,Lobata,Bolinopsidae,Mnemiopsis,Mnemiopsis mccradyi,Mnemiopsis leidyi,3.69E-03,1.03E-02,21.00,0,LopezUrrutia 2006,,0
Animalia,Ctenophora,Tentaculata,Lobata,Bolinopsidae,Mnemiopsis,Mnemiopsis mccradyi,Mnemiopsis leidyi,5.15E-03,1.03E-02,21.00,0,LopezUrrutia 2006,,0
Animalia,Ctenophora,Tentaculata,Lobata,Bolinopsidae,Mnemiopsis,Mnemiopsis mccradyi,Mnemiopsis leidyi,2.52E-03,1.29E-02,21.00,0,LopezUrrutia 2006,,0
Animalia,Ctenophora,Tentaculata,Lobata,Bolinopsidae,Mnemiopsis,Mnemiopsis mccradyi,Mnemiopsis leidyi,8.09E-03,1.50E-02,21.00,0,LopezUrrutia 2006,,0
Animalia,Ctenophora,Tentaculata,Lobata,Bolinopsidae,Mnemiopsis,Mnemiopsis mccradyi,Mnemiopsis leidyi,2.17E-03,1.51E-02,21.00,0,LopezUrrutia 2006,,0
Animalia,Ctenophora,Tentaculata,Lobata,Bolinopsidae,Mnemiopsis,Mnemiopsis mccradyi,Mnemiopsis leidyi,2.65E-03,1.58E-02,21.00,0,LopezUrrutia 2006,,0
Animalia,Ctenophora,Tentaculata,Lobata,Bolinopsidae,Mnemiopsis,Mnemiopsis mccradyi,Mnemiopsis leidyi,2.65E-03,1.66E-02,21.00,0,LopezUrrutia 2006,,0
Animalia,Ctenophora,Tentaculata,Lobata,Bolinopsidae,Mnemiopsis,Mnemiopsis mccradyi,Mnemiopsis leidyi,5.53E-03,1.74E-02,21.00,0,LopezUrrutia 2006,,0
Animalia,Ctenophora,Tentaculata,Lobata,Bolinopsidae,Mnemiopsis,Mnemiopsis mccradyi,Mnemiopsis leidyi,7.24E-03,1.86E-02,21.00,0,LopezUrrutia 2006,,0
Animalia,Ctenophora,Tentaculata,Lobata,Bolinopsidae,Mnemiopsis,Mnemiopsis mccradyi,Mnemiopsis leidyi,6.41E-03,2.01E-02,21.00,0,LopezUrrutia 2006,,0
Animalia,Ctenophora,Tentaculata,Lobata,Bolinopsidae,Mnemiopsis,Mnemiopsis mccradyi,Mnemiopsis leidyi,5.91E-03,2.07E-02,21.00,0,LopezUrrutia 2006,,0
Animalia,Ctenophora,Tentaculata,Lobata,Bolinopsidae,Mnemiopsis,Mnemiopsis mccradyi,Mnemiopsis leidyi,1.30E-02,2.13E-02,21.00,0,LopezUrrutia 2006,,0
Animalia,Ctenophora,Tentaculata,Lobata,Bolinopsidae,Mnemiopsis,Mnemiopsis mccradyi,Mnemiopsis leidyi,3.26E-03,2.46E-02,21.00,0,LopezUrrutia 2006,,0
Animalia,Ctenophora,Tentaculata,Lobata,Bolinopsidae,Mnemiopsis,Mnemiopsis mccradyi,Mnemiopsis leidyi,6.97E-03,2.58E-02,21.00,0,LopezUrrutia 2006,,0
Animalia,Ctenophora,Tentaculata,Lobata,Bolinopsidae,Mnemiopsis,Mnemiopsis mccradyi,Mnemiopsis leidyi,8.27E-03,2.69E-02,21.00,0,LopezUrrutia 2006,,0
Animalia,Ctenophora,Tentaculata,Lobata,Bolinopsidae,Mnemiopsis,Mnemiopsis mccradyi,Mnemiopsis leidyi,6.45E-03,2.90E-02,21.00,0,LopezUrrutia 2006,,0
Animalia,Ctenophora,Tentaculata,Lobata,Bolinopsidae,Mnemiopsis,Mnemiopsis mccradyi,Mnemiopsis leidyi,1.46E-02,3.90E-02,21.00,0,LopezUrrutia 2006,,0
Animalia,Ctenophora,Tentaculata,Lobata,Bolinopsidae,Mnemiopsis,Mnemiopsis mccradyi,Mnemiopsis leidyi,4.83E-03,4.07E-02,21.00,0,LopezUrrutia 2006,,0
Animalia,Ctenophora,Tentaculata,Lobata,Bolinopsidae,Mnemiopsis,Mnemiopsis mccradyi,Mnemiopsis leidyi,1.66E-02,4.12E-02,21.00,0,LopezUrrutia 2006,,0
Animalia,Ctenophora,Tentaculata,Lobata,Bolinopsidae,Mnemiopsis,Mnemiopsis mccradyi,Mnemiopsis leidyi,7.71E-03,5.26E-02,21.00,0,LopezUrrutia 2006,,0
Animalia,Chordata,Thaliacea,Pyrosomatida,Pyrosomatidae,Pyrosomella,Pyrosoma verticillatum,Pyrosomella verticillata,1.29E-03,2.73E-02,25.70,0,LopezUrrutia 2006,,0
Animalia,Chordata,Thaliacea,Pyrosomatida,Pyrosomatidae,Pyrosomella,Pyrosoma verticillatum,Pyrosomella verticillata,9.74E-04,3.46E-02,17.30,0,LopezUrrutia 2006,,0
Animalia,Chordata,Thaliacea,Pyrosomatida,Pyrosomatidae,Pyrosomella,Pyrosoma verticillatum,Pyrosomella verticillata,3.15E-03,1.05E-01,25.70,0,LopezUrrutia 2006,,0
Animalia,Chordata,Thaliacea,Salpida,Salpidae,Cyclosalpa,Cyclosalpa bakerei,Cyclosalpa bakeri,3.46E-04,2.99E-03,11.00,0,LopezUrrutia 2006,,0
Animalia,Chordata,Thaliacea,Salpida,Salpidae,Cyclosalpa,Cyclosalpa bakerei,Cyclosalpa bakeri,2.41E-04,4.22E-03,11.00,0,LopezUrrutia 2006,,0
Animalia,Chordata,Thaliacea,Salpida,Salpidae,Cyclosalpa,Cyclosalpa bakerei,Cyclosalpa bakeri,7.51E-04,6.23E-03,11.00,0,LopezUrrutia 2006,,0
Animalia,Chordata,Thaliacea,Salpida,Salpidae,Cyclosalpa,Cyclosalpa bakerei,Cyclosalpa bakeri,1.39E-03,7.27E-03,11.00,0,LopezUrrutia 2006,,0
Animalia,Chordata,Thaliacea,Salpida,Salpidae,Cyclosalpa,Cyclosalpa bakerei,Cyclosalpa bakeri,4.92E-04,7.78E-03,11.00,0,LopezUrrutia 2006,,0
Animalia,Chordata,Thaliacea,Salpida,Salpidae,Cyclosalpa,Cyclosalpa bakerei,Cyclosalpa bakeri,1.52E-03,8.88E-03,11.00,0,LopezUrrutia 2006,,0
Animalia,Chordata,Thaliacea,Salpida,Salpidae,Cyclosalpa,Cyclosalpa bakerei,Cyclosalpa bakeri,9.44E-04,8.96E-03,11.00,0,LopezUrrutia 2006,,0
Animalia,Chordata,Thaliacea,Salpida,Salpidae,Cyclosalpa,Cyclosalpa bakerei,Cyclosalpa bakeri,2.41E-03,9.60E-03,11.00,0,LopezUrrutia 2006,,0
Animalia,Chordata,Thaliacea,Salpida,Salpidae,Cyclosalpa,Cyclosalpa bakerei,Cyclosalpa bakeri,9.11E-04,1.01E-02,11.00,0,LopezUrrutia 2006,,0
Animalia,Chordata,Thaliacea,Salpida,Salpidae,Cyclosalpa,Cyclosalpa bakerei,Cyclosalpa bakeri,2.63E-03,1.20E-02,11.00,0,LopezUrrutia 2006,,0
Animalia,Chordata,Thaliacea,Salpida,Salpidae,Cyclosalpa,Cyclosalpa bakerei,Cyclosalpa bakeri,1.63E-03,1.21E-02,11.00,0,LopezUrrutia 2006,,0
Animalia,Chordata,Thaliacea,Salpida,Salpidae,Cyclosalpa,Cyclosalpa bakerei,Cyclosalpa bakeri,4.41E-03,1.48E-02,11.00,0,LopezUrrutia 2006,,0
Animalia,Chordata,Thaliacea,Salpida,Salpidae,Cyclosalpa,Cyclosalpa bakerei,Cyclosalpa bakeri,4.14E-03,1.54E-02,11.00,0,LopezUrrutia 2006,,0
Animalia,Chordata,Thaliacea,Salpida,Salpidae,Cyclosalpa,Cyclosalpa bakerei,Cyclosalpa bakeri,3.01E-03,1.55E-02,11.00,0,LopezUrrutia 2006,,0
Animalia,Chordata,Thaliacea,Salpida,Salpidae,Cyclosalpa,Cyclosalpa bakerei,Cyclosalpa bakeri,5.15E-03,1.56E-02,11.00,0,LopezUrrutia 2006,,0
Animalia,Chordata,Thaliacea,Salpida,Salpidae,Cyclosalpa,Cyclosalpa bakerei,Cyclosalpa bakeri,3.42E-03,1.64E-02,11.00,0,LopezUrrutia 2006,,0
Animalia,Chordata,Thaliacea,Salpida,Salpidae,Cyclosalpa,Cyclosalpa bakerei,Cyclosalpa bakeri,2.54E-03,2.02E-02,11.00,0,LopezUrrutia 2006,,0
Animalia,Chordata,Thaliacea,Salpida,Salpidae,Cyclosalpa,Cyclosalpa bakerei,Cyclosalpa bakeri,5.01E-03,2.40E-02,11.00,0,LopezUrrutia 2006,,0
Animalia,Chordata,Thaliacea,Salpida,Salpidae,Cyclosalpa,Cyclosalpa bakerei,Cyclosalpa bakeri,4.00E-03,2.85E-02,11.00,0,LopezUrrutia 2006,,0
Animalia,Chordata,Thaliacea,Salpida,Salpidae,Cyclosalpa,Cyclosalpa bakerei,Cyclosalpa bakeri,7.49E-03,2.87E-02,11.00,0,LopezUrrutia 2006,,0
Animalia,Chordata,Thaliacea,Salpida,Salpidae,Cyclosalpa,Cyclosalpa bakerei,Cyclosalpa bakeri,7.42E-03,3.24E-02,11.00,0,LopezUrrutia 2006,,0
Animalia,Chordata,Thaliacea,Salpida,Salpidae,Cyclosalpa,Cyclosalpa bakerei,Cyclosalpa bakeri,8.97E-03,3.29E-02,11.00,0,LopezUrrutia 2006,,0
Animalia,Chordata,Thaliacea,Salpida,Salpidae,Cyclosalpa,Cyclosalpa bakerei,Cyclosalpa bakeri,7.64E-03,3.33E-02,11.00,0,LopezUrrutia 2006,,0
Animalia,Chordata,Thaliacea,Salpida,Salpidae,Cyclosalpa,Cyclosalpa bakerei,Cyclosalpa bakeri,1.91E-02,5.59E-02,11.00,0,LopezUrrutia 2006,,0
Animalia,Chordata,Thaliacea,Salpida,Salpidae,Cyclosalpa,Cyclosalpa bakerei,Cyclosalpa bakeri,1.47E-02,6.29E-02,11.00,0,LopezUrrutia 2006,,0
Animalia,Chordata,Thaliacea,Salpida,Salpidae,Cyclosalpa,Cyclosalpa bakerei,Cyclosalpa bakeri,2.63E-02,8.40E-02,11.00,0,LopezUrrutia 2006,,0
Animalia,Chordata,Thaliacea,Salpida,Salpidae,Cyclosalpa,Cyclosalpa bakerei,Cyclosalpa bakeri,2.72E-02,8.40E-02,11.00,0,LopezUrrutia 2006,,0
Animalia,Chordata,Thaliacea,Salpida,Salpidae,Ihlea,Ihlea recovitzai,Ihlea racovitzai,5.33E-04,2.91E-02,-1.00,0,LopezUrrutia 2006,,1
Animalia,Chordata,Thaliacea,Salpida,Salpidae,Salpa,Salpa thompsoni,Salpa thompsoni,2.90E-03,3.05E-01,-1.10,0,LopezUrrutia 2006,,1
Animalia,Chordata,Thaliacea,Salpida,Salpidae,Salpa,Salpa thompsoni,Salpa thompsoni,1.20E-02,1.30E+00,-1.60,0,LopezUrrutia 2006,,1
Animalia,Chordata,Thaliacea,Salpida,Salpidae,Salpa,Salpa thompsoni,Salpa thompsoni,2.63E-02,3.50E+00,-1.70,0,LopezUrrutia 2006,,1
Chromista,Foraminifera,Tubothalamea,Miliolida,Spiroloculinidae,Spiroloculina,Spiroloculina hyalini,Spiroloculina hyalina,6.57E-06,2.35E-06,25.00,0,LopezUrrutia 2006,,0
Protozoa,Amoebozoa,Tubulinea,Euamoebida,,Chaos,Chaos carolinense,Chaos carolinense,4.83E-07,3.70E-06,25.00,0,LopezUrrutia 2006,,1
Protozoa,Amoebozoa,Tubulinea,Euamoebida,,Chaos,Chaos carolinense,Chaos carolinense,1.01E-06,7.98E-06,20.00,0,LopezUrrutia 2006,,0
Protozoa,Amoebozoa,Tubulinea,Euamoebida,,Chaos,Chaos carolinense,Chaos carolinense,1.33E-06,9.44E-06,25.00,0,LopezUrrutia 2006,,1
Protozoa,Amoebozoa,Tubulinea,Euamoebida,,Chaos,Chaos carolinense,Chaos carolinense,2.25E-06,1.24E-05,26.00,0,LopezUrrutia 2006,,1
Protozoa,Amoebozoa,Tubulinea,Euamoebida,,Chaos,Chaos carolinense,Chaos carolinense,1.25E-06,1.68E-05,25.00,0,LopezUrrutia 2006,,0
Protozoa,Amoebozoa,Tubulinea,Euamoebida,,Chaos,Chaos carolinense,Chaos carolinense,1.89E-06,2.10E-05,25.00,0,LopezUrrutia 2006,,0
Protozoa,Amoebozoa,Tubulinea,Euamoebida,,Chaos,Chaos carolinense,Chaos carolinense,2.07E-06,2.10E-05,20.00,0,LopezUrrutia 2006,,0
Protozoa,Amoebozoa,Tubulinea,Euamoebida,,Chaos,Chaos carolinense,Chaos carolinense,2.52E-06,2.10E-05,25.00,0,LopezUrrutia 2006,,0
Protozoa,Amoebozoa,Tubulinea,Euamoebida,,Chaos,Chaos carolinense,Chaos carolinense,3.60E-06,2.20E-05,25.00,0,LopezUrrutia 2006,,0
Protozoa,Amoebozoa,Tubulinea,Euamoebida,,Chaos,Chaos carolinense,Chaos carolinense,4.07E-07,2.94E-05,20.00,0,LopezUrrutia 2006,,0
Chromista,Foraminifera,Monothalamea,Allogromiida,Allogromiidae,Allogromia,Allogromia laticollaris,Allogromia laticollaris,2.14E-06,3.15E-05,21.00,0,LopezUrrutia 2006,,0
Chromista,Foraminifera,Monothalamea,Allogromiida,Allogromiidae,Allogromia,Allogromia laticollaris,Allogromia laticollaris,1.04E-05,4.08E-05,35.00,0,LopezUrrutia 2006,,1
Animalia,Chordata,Appendicularia ,Copelata,Oikopleuridae,Oikopleura,Oikopleura dioica,Oikopleura dioica,4.86E-06,9.12E-07,15.00,0,LopezUrrutia 2006,,1
Animalia,Chordata,Appendicularia ,Copelata,Oikopleuridae,Oikopleura,Oikopleura dioica,Oikopleura dioica,6.65E-06,9.12E-07,15.00,0,LopezUrrutia 2006,,0
Animalia,Chordata,Appendicularia ,Copelata,Oikopleuridae,Oikopleura,Oikopleura dioica,Oikopleura dioica,4.16E-06,9.12E-07,20.00,0,LopezUrrutia 2006,,1
Animalia,Chordata,Appendicularia ,Copelata,Oikopleuridae,Oikopleura,Oikopleura dioica,Oikopleura dioica,1.23E-05,9.20E-07,20.00,0,LopezUrrutia 2006,,0
Animalia,Chordata,Appendicularia ,Copelata,Oikopleuridae,Oikopleura,Oikopleura dioica,Oikopleura dioica,6.36E-06,1.18E-06,24.00,0,LopezUrrutia 2006,,1
Animalia,Chordata,Appendicularia ,Copelata,Oikopleuridae,Oikopleura,Oikopleura dioica,Oikopleura dioica,6.74E-06,1.32E-06,20.00,0,LopezUrrutia 2006,,1
Animalia,Chordata,Appendicularia ,Copelata,Oikopleuridae,Oikopleura,Oikopleura dioica,Oikopleura dioica,1.21E-05,1.49E-06,24.00,0,LopezUrrutia 2006,,1
Animalia,Chordata,Appendicularia ,Copelata,Oikopleuridae,Oikopleura,Oikopleura dioica,Oikopleura dioica,5.51E-06,2.37E-06,15.00,0,LopezUrrutia 2006,,0
Animalia,Chordata,Appendicularia ,Copelata,Oikopleuridae,Oikopleura,Oikopleura dioica,Oikopleura dioica,6.21E-06,2.37E-06,15.00,0,LopezUrrutia 2006,,0
Animalia,Chordata,Appendicularia ,Copelata,Oikopleuridae,Oikopleura,Oikopleura dioica,Oikopleura dioica,6.61E-06,3.46E-06,20.00,0,LopezUrrutia 2006,,0
Animalia,Chordata,Appendicularia ,Copelata,Oikopleuridae,Oikopleura,Oikopleura dioica,Oikopleura dioica,1.49E-05,3.50E-06,15.00,0,LopezUrrutia 2006,,0
Animalia,Chordata,Appendicularia ,Copelata,Oikopleuridae,Oikopleura,Oikopleura dioica,Oikopleura dioica,2.54E-05,3.54E-06,24.00,0,LopezUrrutia 2006,,1
Animalia,Chordata,Appendicularia ,Copelata,Oikopleuridae,Oikopleura,Oikopleura dioica,Oikopleura dioica,2.10E-05,3.62E-06,20.00,0,LopezUrrutia 2006,,0
Animalia,Chordata,Appendicularia ,Copelata,Oikopleuridae,Oikopleura,Oikopleura dioica,Oikopleura dioica,2.11E-05,3.82E-06,24.00,0,LopezUrrutia 2006,,1
Animalia,Chordata,Appendicularia ,Copelata,Oikopleuridae,Oikopleura,Oikopleura dioica,Oikopleura dioica,7.94E-06,4.82E-06,20.00,0,LopezUrrutia 2006,,0
Animalia,Chordata,Appendicularia ,Copelata,Oikopleuridae,Oikopleura,Oikopleura dioica,Oikopleura dioica,1.61E-05,5.01E-06,20.00,0,LopezUrrutia 2006,,0
Animalia,Chordata,Appendicularia ,Copelata,Oikopleuridae,Oikopleura,Oikopleura dioica,Oikopleura dioica,2.32E-05,5.82E-06,24.00,0,LopezUrrutia 2006,,0
Animalia,Chordata,Appendicularia ,Copelata,Oikopleuridae,Oikopleura,Oikopleura dioica,Oikopleura dioica,8.75E-06,6.09E-06,15.00,0,LopezUrrutia 2006,,0
Animalia,Chordata,Appendicularia ,Copelata,Oikopleuridae,Oikopleura,Oikopleura dioica,Oikopleura dioica,1.26E-05,6.13E-06,15.00,0,LopezUrrutia 2006,,0
Animalia,Chordata,Appendicularia ,Copelata,Oikopleuridae,Oikopleura,Oikopleura dioica,Oikopleura dioica,3.08E-05,6.74E-06,24.00,0,LopezUrrutia 2006,,0
Animalia,Chordata,Appendicularia ,Copelata,Oikopleuridae,Oikopleura,Oikopleura dioica,Oikopleura dioica,1.49E-05,6.94E-06,15.00,0,LopezUrrutia 2006,,0
Animalia,Chordata,Appendicularia ,Copelata,Oikopleuridae,Oikopleura,Oikopleura dioica,Oikopleura dioica,1.17E-05,7.27E-06,20.00,0,LopezUrrutia 2006,,0
Animalia,Chordata,Appendicularia ,Copelata,Oikopleuridae,Oikopleura,Oikopleura dioica,Oikopleura dioica,1.42E-05,7.30E-06,20.00,0,LopezUrrutia 2006,,0
Animalia,Chordata,Appendicularia ,Copelata,Oikopleuridae,Oikopleura,Oikopleura dioica,Oikopleura dioica,1.93E-05,9.52E-06,20.00,0,LopezUrrutia 2006,,0
Animalia,Chordata,Appendicularia ,Copelata,Oikopleuridae,Oikopleura,Oikopleura dioica,Oikopleura dioica,1.58E-05,1.04E-05,15.00,0,LopezUrrutia 2006,,0
Animalia,Chordata,Appendicularia ,Copelata,Oikopleuridae,Oikopleura,Oikopleura dioica,Oikopleura dioica,3.22E-05,1.09E-05,24.00,0,LopezUrrutia 2006,,0
Animalia,Chordata,Appendicularia ,Copelata,Oikopleuridae,Oikopleura,Oikopleura dioica,Oikopleura dioica,3.37E-05,1.10E-05,24.00,0,LopezUrrutia 2006,,0
Animalia,Chordata,Appendicularia ,Copelata,Oikopleuridae,Oikopleura,Oikopleura dioica,Oikopleura dioica,1.84E-05,1.18E-05,20.00,0,LopezUrrutia 2006,,0
Animalia,Chordata,Appendicularia ,Copelata,Oikopleuridae,Oikopleura,Oikopleura dioica,Oikopleura dioica,3.35E-05,1.38E-05,24.00,0,LopezUrrutia 2006,,0
Animalia,Chordata,Appendicularia ,Copelata,Oikopleuridae,Oikopleura,Oikopleura dioica,Oikopleura dioica,2.07E-05,1.49E-05,20.00,0,LopezUrrutia 2006,,0
Animalia,Chordata,Appendicularia ,Copelata,Oikopleuridae,Oikopleura,Oikopleura dioica,Oikopleura dioica,1.94E-05,1.76E-05,15.00,0,LopezUrrutia 2006,,0
Animalia,Chordata,Appendicularia ,Copelata,Oikopleuridae,Oikopleura,Oikopleura dioica,Oikopleura dioica,2.01E-05,1.77E-05,15.00,0,LopezUrrutia 2006,,0
Animalia,Chordata,Appendicularia ,Copelata,Oikopleuridae,Oikopleura,Oikopleura dioica,Oikopleura dioica,3.28E-05,1.81E-05,20.00,0,LopezUrrutia 2006,,0
Animalia,Chordata,Appendicularia ,Copelata,Oikopleuridae,Oikopleura,Oikopleura dioica,Oikopleura dioica,2.77E-05,1.82E-05,20.00,0,LopezUrrutia 2006,,0
Animalia,Chordata,Appendicularia ,Copelata,Oikopleuridae,Oikopleura,Oikopleura dioica,Oikopleura dioica,4.47E-05,1.87E-05,20.00,0,LopezUrrutia 2006,,0
Animalia,Chordata,Appendicularia ,Copelata,Oikopleuridae,Oikopleura,Oikopleura dioica,Oikopleura dioica,2.41E-05,1.94E-05,15.00,0,LopezUrrutia 2006,,0
Animalia,Chordata,Appendicularia ,Copelata,Oikopleuridae,Oikopleura,Oikopleura dioica,Oikopleura dioica,3.28E-05,2.01E-05,20.00,0,LopezUrrutia 2006,,0
Animalia,Chordata,Appendicularia ,Copelata,Oikopleuridae,Oikopleura,Oikopleura dioica,Oikopleura dioica,4.34E-05,2.07E-05,20.00,0,LopezUrrutia 2006,,0
Animalia,Chordata,Appendicularia ,Copelata,Oikopleuridae,Oikopleura,Oikopleura dioica,Oikopleura dioica,4.68E-05,2.25E-05,24.00,0,LopezUrrutia 2006,,0
Animalia,Chordata,Appendicularia ,Copelata,Oikopleuridae,Oikopleura,Oikopleura dioica,Oikopleura dioica,4.09E-05,2.26E-05,24.00,0,LopezUrrutia 2006,,0
Animalia,Chordata,Appendicularia ,Copelata,Oikopleuridae,Oikopleura,Oikopleura dioica,Oikopleura dioica,4.72E-05,2.28E-05,20.00,0,LopezUrrutia 2006,,0
Animalia,Chordata,Appendicularia ,Copelata,Oikopleuridae,Oikopleura,Oikopleura dioica,Oikopleura dioica,6.23E-05,2.34E-05,24.00,0,LopezUrrutia 2006,,0
Animalia,Chordata,Appendicularia ,Copelata,Oikopleuridae,Oikopleura,Oikopleura dioica,Oikopleura dioica,3.57E-05,2.57E-05,15.00,0,LopezUrrutia 2006,,0
Animalia,Chordata,Appendicularia ,Copelata,Oikopleuridae,Oikopleura,Oikopleura dioica,Oikopleura dioica,3.71E-05,2.58E-05,15.00,0,LopezUrrutia 2006,,0
Animalia,Chordata,Appendicularia ,Copelata,Oikopleuridae,Oikopleura,Oikopleura dioica,Oikopleura dioica,5.49E-05,2.70E-05,24.00,0,LopezUrrutia 2006,,0
Animalia,Chordata,Appendicularia ,Copelata,Oikopleuridae,Oikopleura,Oikopleura dioica,Oikopleura dioica,2.88E-05,2.74E-05,15.00,0,LopezUrrutia 2006,,0
Animalia,Chordata,Appendicularia ,Copelata,Oikopleuridae,Oikopleura,Oikopleura dioica,Oikopleura dioica,3.71E-05,2.78E-05,15.00,0,LopezUrrutia 2006,,0
Animalia,Chordata,Appendicularia ,Copelata,Oikopleuridae,Oikopleura,Oikopleura dioica,Oikopleura dioica,3.80E-05,2.79E-05,15.00,0,LopezUrrutia 2006,,0
Animalia,Chordata,Appendicularia ,Copelata,Oikopleuridae,Oikopleura,Oikopleura dioica,Oikopleura dioica,2.36E-05,2.90E-05,15.50,0,LopezUrrutia 2006,,0
Animalia,Chordata,Appendicularia ,Copelata,Oikopleuridae,Oikopleura,Oikopleura dioica,Oikopleura dioica,6.95E-05,2.99E-05,24.00,0,LopezUrrutia 2006,,0
Animalia,Chordata,Appendicularia ,Copelata,Oikopleuridae,Oikopleura,Oikopleura dioica,Oikopleura dioica,3.84E-05,3.10E-05,20.00,0,LopezUrrutia 2006,,0
Animalia,Chordata,Appendicularia ,Copelata,Oikopleuridae,Oikopleura,Oikopleura dioica,Oikopleura dioica,7.24E-05,3.42E-05,24.00,0,LopezUrrutia 2006,,0
Animalia,Chordata,Appendicularia ,Copelata,Oikopleuridae,Oikopleura,Oikopleura dioica,Oikopleura dioica,6.45E-05,3.73E-05,24.00,0,LopezUrrutia 2006,,0
Animalia,Chordata,Appendicularia ,Copelata,Oikopleuridae,Oikopleura,Oikopleura dioica,Oikopleura dioica,7.19E-05,3.78E-05,24.00,0,LopezUrrutia 2006,,0
Animalia,Chordata,Appendicularia ,Copelata,Oikopleuridae,Oikopleura,Oikopleura dioica,Oikopleura dioica,7.22E-05,4.41E-05,24.00,0,LopezUrrutia 2006,,0
Animalia,Chordata,Appendicularia ,Copelata,Oikopleuridae,Oikopleura,Oikopleura dioica,Oikopleura dioica,3.35E-05,4.54E-05,15.00,0,LopezUrrutia 2006,,0
Animalia,Chordata,Appendicularia ,Copelata,Oikopleuridae,Oikopleura,Oikopleura dioica,Oikopleura dioica,4.54E-05,4.69E-05,15.00,0,LopezUrrutia 2006,,0
Animalia,Chordata,Appendicularia ,Copelata,Oikopleuridae,Oikopleura,Oikopleura dioica,Oikopleura dioica,7.42E-05,4.95E-05,24.00,0,LopezUrrutia 2006,,0
Animalia,Chordata,Appendicularia ,Copelata,Oikopleuridae,Oikopleura,Oikopleura dioica,Oikopleura dioica,7.73E-05,4.98E-05,24.00,0,LopezUrrutia 2006,,0
Animalia,Chordata,Appendicularia ,Copelata,Oikopleuridae,Oikopleura,Oikopleura dioica,Oikopleura dioica,5.87E-05,5.19E-05,20.00,0,LopezUrrutia 2006,,0
Animalia,Chordata,Appendicularia ,Copelata,Oikopleuridae,Oikopleura,Oikopleura dioica,Oikopleura dioica,7.64E-05,5.19E-05,24.00,0,LopezUrrutia 2006,,0
Animalia,Chordata,Appendicularia ,Copelata,Oikopleuridae,Oikopleura,Oikopleura dioica,Oikopleura dioica,7.15E-05,5.38E-05,20.00,0,LopezUrrutia 2006,,0
Animalia,Chordata,Appendicularia ,Copelata,Oikopleuridae,Oikopleura,Oikopleura dioica,Oikopleura dioica,3.96E-05,5.56E-05,15.00,0,LopezUrrutia 2006,,0
Animalia,Chordata,Appendicularia ,Copelata,Oikopleuridae,Oikopleura,Oikopleura dioica,Oikopleura dioica,7.10E-05,5.66E-05,20.00,0,LopezUrrutia 2006,,0
Animalia,Chordata,Appendicularia ,Copelata,Oikopleuridae,Oikopleura,Oikopleura dioica,Oikopleura dioica,4.72E-05,5.70E-05,15.00,0,LopezUrrutia 2006,,0
Animalia,Chordata,Appendicularia ,Copelata,Oikopleuridae,Oikopleura,Oikopleura dioica,Oikopleura dioica,8.05E-05,5.76E-05,24.00,0,LopezUrrutia 2006,,0
Animalia,Chordata,Appendicularia ,Copelata,Oikopleuridae,Oikopleura,Oikopleura dioica,Oikopleura dioica,8.41E-05,5.80E-05,24.00,0,LopezUrrutia 2006,,0
Animalia,Chordata,Appendicularia ,Copelata,Oikopleuridae,Oikopleura,Oikopleura dioica,Oikopleura dioica,6.39E-05,6.70E-05,20.00,0,LopezUrrutia 2006,,0
Animalia,Chordata,Appendicularia ,Copelata,Oikopleuridae,Oikopleura,Oikopleura dioica,Oikopleura dioica,7.64E-05,6.98E-05,20.00,0,LopezUrrutia 2006,,0
Animalia,Chordata,Appendicularia ,Copelata,Oikopleuridae,Oikopleura,Oikopleura dioica,Oikopleura dioica,8.63E-05,6.99E-05,24.00,0,LopezUrrutia 2006,,0
Animalia,Chordata,Appendicularia ,Copelata,Oikopleuridae,Oikopleura,Oikopleura dioica,Oikopleura dioica,4.81E-05,1.11E-04,15.80,0,LopezUrrutia 2006,,0
Animalia,Chordata,Appendicularia ,Copelata,Oikopleuridae,Oikopleura,Oikopleura longicauda,Oikopleura longicauda,1.56E-05,7.26E-06,20.00,0,LopezUrrutia 2006,,0
Animalia,Chordata,Appendicularia ,Copelata,Oikopleuridae,Oikopleura,Oikopleura longicauda,Oikopleura longicauda,3.98E-05,1.62E-05,20.00,0,LopezUrrutia 2006,,0
Animalia,Chordata,Appendicularia ,Copelata,Oikopleuridae,Oikopleura,Oikopleura longicauda,Oikopleura longicauda,4.23E-05,2.28E-05,20.00,0,LopezUrrutia 2006,,0
Animalia,Chordata,Appendicularia ,Copelata,Oikopleuridae,Oikopleura,Oikopleura longicauda,Oikopleura longicauda,5.53E-05,3.96E-05,20.00,0,LopezUrrutia 2006,,0
Animalia,Chordata,Appendicularia ,Copelata,Oikopleuridae,Oikopleura,Oikopleura longicauda,Oikopleura longicauda,1.16E-04,5.39E-05,20.00,0,LopezUrrutia 2006,,0
Animalia,Chordata,Appendicularia ,Copelata,Oikopleuridae,Oikopleura,Oikopleura longicauda,Oikopleura longicauda,1.60E-04,1.12E-04,20.00,0,LopezUrrutia 2006,,0
Protozoa,,,,,,Pleuromonas jaculans,,1.99E-11,3.33E-11,26.50,0,LopezUrrutia 2006,,1
Protozoa,,,,,,Pleuromonas jaculans,,6.09E-10,6.04E-11,26.50,0,LopezUrrutia 2006,,0
Animalia,Chordata,Actinopterygii,Pleuronectiformes,Paralichthyidae,Paralichthys,Paralichthys californicus,Paralichthys californicus,5.77E-01,3.20E+00,21.60,0,Merino 2009,,0
Animalia,Chordata,Actinopterygii,Pleuronectiformes,Paralichthyidae,Paralichthys,Paralichthys californicus,Paralichthys californicus,7.31E-01,4.40E+00,21.60,0,Merino 2009,,0
Animalia,Chordata,Actinopterygii,Pleuronectiformes,Paralichthyidae,Paralichthys,Paralichthys californicus,Paralichthys californicus,8.63E-01,6.20E+00,21.60,0,Merino 2009,,0
Animalia,Chordata,Actinopterygii,Pleuronectiformes,Paralichthyidae,Paralichthys,Paralichthys californicus,Paralichthys californicus,1.06E+00,7.50E+00,21.60,0,Merino 2009,,0
Animalia,Chordata,Actinopterygii,Pleuronectiformes,Paralichthyidae,Paralichthys,Paralichthys californicus,Paralichthys californicus,1.12E+00,9.20E+00,21.60,0,Merino 2009,,0
Animalia,Chordata,Actinopterygii,Pleuronectiformes,Paralichthyidae,Paralichthys,Paralichthys californicus,Paralichthys californicus,1.44E+00,1.18E+01,21.60,0,Merino 2009,,0
Animalia,Chordata,Actinopterygii,Pleuronectiformes,Paralichthyidae,Paralichthys,Paralichthys californicus,Paralichthys californicus,2.45E+00,1.25E+01,21.60,0,Merino 2009,,0
Animalia,Chordata,Actinopterygii,Pleuronectiformes,Paralichthyidae,Paralichthys,Paralichthys californicus,Paralichthys californicus,1.74E+00,1.28E+01,21.60,0,Merino 2009,,0
Animalia,Chordata,Actinopterygii,Pleuronectiformes,Paralichthyidae,Paralichthys,Paralichthys californicus,Paralichthys californicus,1.66E+00,1.42E+01,21.60,0,Merino 2009,,0
Animalia,Chordata,Actinopterygii,Pleuronectiformes,Paralichthyidae,Paralichthys,Paralichthys californicus,Paralichthys californicus,7.17E+00,1.11E+02,21.60,0,Merino 2009,,0
Animalia,Chordata,Actinopterygii,Pleuronectiformes,Paralichthyidae,Paralichthys,Paralichthys californicus,Paralichthys californicus,8.07E+00,1.13E+02,21.60,0,Merino 2009,,0
Animalia,Chordata,Actinopterygii,Pleuronectiformes,Paralichthyidae,Paralichthys,Paralichthys californicus,Paralichthys californicus,7.02E+00,1.14E+02,21.60,0,Merino 2009,,0
Animalia,Chordata,Actinopterygii,Pleuronectiformes,Paralichthyidae,Paralichthys,Paralichthys californicus,Paralichthys californicus,7.14E+00,1.16E+02,21.60,0,Merino 2009,,0
Animalia,Chordata,Actinopterygii,Pleuronectiformes,Paralichthyidae,Paralichthys,Paralichthys californicus,Paralichthys californicus,8.02E+00,1.18E+02,21.60,0,Merino 2009,,0
Animalia,Chordata,Actinopterygii,Pleuronectiformes,Paralichthyidae,Paralichthys,Paralichthys californicus,Paralichthys californicus,1.14E+01,1.20E+02,21.60,0,Merino 2009,,0
Animalia,Chordata,Actinopterygii,Pleuronectiformes,Paralichthyidae,Paralichthys,Paralichthys californicus,Paralichthys californicus,8.61E+00,1.27E+02,21.60,0,Merino 2009,,0
Animalia,Chordata,Actinopterygii,Pleuronectiformes,Paralichthyidae,Paralichthys,Paralichthys californicus,Paralichthys californicus,9.37E+00,1.32E+02,21.60,0,Merino 2009,,0
Animalia,Chordata,Actinopterygii,Pleuronectiformes,Paralichthyidae,Paralichthys,Paralichthys californicus,Paralichthys californicus,8.80E+00,1.32E+02,21.60,0,Merino 2009,,0
Animalia,Chordata,Actinopterygii,Pleuronectiformes,Paralichthyidae,Paralichthys,Paralichthys californicus,Paralichthys californicus,8.63E+00,1.33E+02,21.60,0,Merino 2009,,0
Animalia,Chordata,Actinopterygii,Pleuronectiformes,Paralichthyidae,Paralichthys,Paralichthys californicus,Paralichthys californicus,1.25E+01,1.41E+02,21.60,0,Merino 2009,,0
Animalia,Chordata,Actinopterygii,Pleuronectiformes,Paralichthyidae,Paralichthys,Paralichthys californicus,Paralichthys californicus,1.03E+01,1.42E+02,21.60,0,Merino 2009,,0
Animalia,Chordata,Actinopterygii,Pleuronectiformes,Paralichthyidae,Paralichthys,Paralichthys californicus,Paralichthys californicus,1.13E+01,1.66E+02,21.60,0,Merino 2009,,0
Animalia,Chordata,Aves,Apodiformes,Trochilidae,Archilochus,Archilochus alexandri,Archilochus alexandri,2.91E+01,3.70E+00,,1,Nagy 1999,,0
Animalia,Chordata,Aves,Apodiformes,Trochilidae,Calypte,Calypte anna,Calypte anna,3.18E+01,4.50E+00,,1,Nagy 1999,,0
Animalia,Chordata,Aves,Apodiformes,Trochilidae,Chalybura,Chalybura urochrysia,Chalybura urochrysia,5.79E+01,7.20E+00,,1,Nagy 1999,,0
Animalia,Chordata,Aves,Apodiformes,Trochilidae,Lampornis,Lampornis clemenciae,Lampornis clemenciae,8.17E+01,8.80E+00,,1,Nagy 1999,,0
Animalia,Chordata,Aves,Apodiformes,Trochilidae,Thalurania,Thalurania colombica,Thalurania colombica,3.79E+01,4.90E+00,,1,Nagy 1999,,0
Animalia,Chordata,Aves,Charadriiformes,Alcidae,Uria,Uria aalga,Uria aalge,1.87E+03,9.40E+02,,1,Nagy 1999,,0
Animalia,Chordata,Aves,Charadriiformes,Alcidae,Ptychoramphus,Ptychoramphus aleuticus,Ptychoramphus aleuticus,4.13E+02,1.74E+02,,1,Nagy 1999,,0
Animalia,Chordata,Aves,Passeriformes,Meliphagidae,Phylidonyris,Phylidonyris pyrrhoptera,Phylidonyris pyrrhopterus,7.59E+01,1.46E+01,,1,Nagy 1999,,0
Animalia,Chordata,Aves,Passeriformes,Remizidae,Auriparus,Auriparus flaviceps,Auriparus flaviceps,3.00E+01,6.60E+00,,1,Nagy 1999,,0
Animalia,Chordata,Aves,Passeriformes,Hirundinidae,Hirundo,Hirundo tahitica,Hirundo tahitica,6.49E+01,1.44E+01,,1,Nagy 1999,,0
Animalia,Chordata,Aves,Passeriformes,Maluridae,Malurus,Malurus cyaneus,Malurus cyaneus,3.42E+01,8.30E+00,,1,Nagy 1999,,0
Animalia,Chordata,Aves,Passeriformes,Paridae,Parus,Parus montanus,Parus montanus,4.41E+01,1.14E+01,,1,Nagy 1999,,0
Animalia,Chordata,Aves,Passeriformes,Zosteropidae,Zosterops,Zosterops lateralis,Zosterops lateralis,4.17E+01,9.50E+00,,1,Nagy 1999,,0
Animalia,Chordata,Aves,Passeriformes,Muscicapidae,Ficedula,Ficedula hypoleuca,Ficedula hypoleuca,6.58E+01,1.35E+01,,1,Nagy 1999,,0
Animalia,Chordata,Aves,Passeriformes,Troglodytidae,Troglodytes,Troglodytes aedon,Troglodytes aedon,6.08E+01,1.06E+01,,1,Nagy 1999,,0
Animalia,Chordata,Aves,Passeriformes,Mimidae,Mimus,Mimus polyglottos,Mimus polyglottos,1.21E+02,4.76E+01,,1,Nagy 1999,,0
Animalia,Chordata,Aves,Passeriformes,Meliphagidae,Acanthorhynchus,Acanthorhynchus tenuirostris,Acanthorhynchus tenuirostris,5.30E+01,9.70E+00,,1,Nagy 1999,,0
Animalia,Chordata,Aves,Passeriformes,Muscicapidae,Muscicapa,Muscicapa striata,Muscicapa striata,5.20E+01,1.44E+01,,1,Nagy 1999,,0
Animalia,Chordata,Aves,Passeriformes,Hirundinidae,Riparia,Riparia riparia,Riparia riparia,8.17E+01,1.43E+01,,1,Nagy 1999,,0
Animalia,Chordata,Aves,Passeriformes,Locustellidae,Megalurus,Eremiornis carteri,Megalurus carteri,5.15E+01,1.20E+01,,1,Nagy 1999,,0
Animalia,Chordata,Aves,Passeriformes,Nectariniidae,Anthobaphes,Nectarinia violacea,Anthobaphes violacea,6.62E+01,9.50E+00,,1,Nagy 1999,,0
Animalia,Chordata,Aves,Passeriformes,Paridae,Poecile,Parus cinctus,Poecile cinctus,5.14E+01,1.28E+01,,1,Nagy 1999,,0
Animalia,Chordata,Aves,Passeriformes,Paridae,Lophophanes,Parus cristatus,Lophophanes cristatus,4.06E+01,1.11E+01,,1,Nagy 1999,,0
Animalia,Chordata,Aves,Passeriformes,Paridae,Cyanistes,Parus caeruleus,Cyanistes caeruleus,6.40E+01,1.15E+01,,1,Nagy 1999,,0
Animalia,Chordata,Aves,Passeriformes,Paridae,Periparus,Parus ater,Periparus ater,4.74E+01,9.50E+00,,1,Nagy 1999,,0
Animalia,Chordata,Aves,Procellariiformes,Diomedeidae,Diomedea,Diomedea exulans,Diomedea exulans,3.35E+03,8.42E+03,,1,Nagy 1999,,0
Animalia,Chordata,Squamata,,Anguidae,Elgaria,Elgaria multicarinatus,Elgaria multicarinata,2.00E+00,2.53E+01,,0,Nagy 1999,,0
Animalia,Chordata,Squamata,,Lacertidae,Gallotia,Galloti altantica,Gallotia atlantica,1.50E+00,1.19E+01,,0,Nagy 1999,,0
Animalia,Chordata,Squamata,,Lacertidae,Gallotia,Galloti galloti,Gallotia galloti,4.60E+00,2.56E+01,,0,Nagy 1999,,0
Animalia,Chordata,Squamata,,Lacertidae,Gallotia,Galloti stehlini,Gallotia stehlini,7.90E+00,4.73E+01,,0,Nagy 1999,,0
Animalia,Chordata,Squamata,,Colubridae,Masticophis,Masticophus flagellum,Masticophis flagellum,1.17E+01,1.24E+02,,0,Nagy 1999,,0
Animalia,Chordata,Squamata,,Tropiduridae,Microlophus,Microlophus albemariensis,Microlophus albemarlensis,3.30E+00,2.82E+01,,0,Nagy 1999,,0
Animalia,Chordata,Squamata,,Phrynosomatidae,Sceloporus,Sceloporus jarrovi,Sceloporus jarrovii,1.90E+00,1.66E+01,,0,Nagy 1999,,0
Animalia,Chordata,Squamata,,Phrynosomatidae,Urosaurus,Urosaurus nigricaudus,Urosaurus nigricauda,1.38E+00,3.20E+00,,0,Nagy 1999,,0
Animalia,Chordata,Squamata,,Varanidae,Varanus,Varanus komodensis,Varanus komodoensis,2.43E+03,4.52E+04,,0,Nagy 1999,,0
Animalia,Chordata,Squamata,,Lacertidae,Acanthodactylus,Acanthodactylus pardalis,Acanthodactylus pardalis,2.30E-01,4.50E+00,,0,Nagy 1999,,0
Animalia,Chordata,Squamata,,Agamidae,Agama,Agama impalearis,Agama impalearis,1.68E+01,5.44E+01,,0,Nagy 1999,,0
Animalia,Chordata,Squamata,,Phrynosomatidae,Callisaurus,Callisaurus draconoides,Callisaurus draconoides,1.12E+00,7.10E+00,,0,Nagy 1999,,0
Animalia,Chordata,Squamata,,Scincidae,Chalcides,Chalcides sexlineatus,Chalcides sexlineatus,7.20E-01,7.80E+00,,0,Nagy 1999,,0
Animalia,Chordata,Squamata,,Agamidae,Chlamydosaurus,Chlamydosaurus kingii,Chlamydosaurus kingii,5.24E+01,6.35E+02,,0,Nagy 1999,,0
Animalia,Chordata,Squamata,,Viperidae,Crotalus,Crotalus cerastes,Crotalus cerastes,5.00E+00,1.29E+02,,0,Nagy 1999,,0
Animalia,Chordata,Squamata,,Viperidae,Crotalus,Crotalus lepidus,Crotalus lepidus,4.70E+00,1.09E+02,,0,Nagy 1999,,0
Animalia,Chordata,Squamata,,Agamidae,Ctenophorus,Ctenophorus nuchalis,Ctenophorus nuchalis,9.60E+00,3.68E+01,,0,Nagy 1999,,0
Animalia,Chordata,Squamata,,Iguanidae,Dipsosaurus,Dipsosaurus dorsalis,Dipsosaurus dorsalis,6.50E+00,5.25E+01,,0,Nagy 1999,,0
Animalia,Chordata,Squamata,,Lacertidae,Heliobolus,Heliobolus lugubris,Heliobolus lugubris,8.00E-01,3.80E+00,,0,Nagy 1999,,0
Animalia,Chordata,Squamata,,Lacertidae,Lacerta,Lacerta viridis,Lacerta viridis,5.80E+00,2.55E+01,,0,Nagy 1999,,0
Animalia,Chordata,Squamata,,Lacertidae,Meroles,Meroles anchietae,Meroles anchietae,6.00E-01,4.00E+00,,0,Nagy 1999,,0
Animalia,Chordata,Squamata,,Lacertidae,Mesalina,Mesalina olivieri,Mesalina olivieri,2.90E-01,1.10E+00,,0,Nagy 1999,,0
Animalia,Chordata,Squamata,,Lacertidae,Pedioplanis,Pedioplanis lineoocellata,Pedioplanis lineoocellata,5.40E-01,3.30E+00,,0,Nagy 1999,,0
Animalia,Chordata,Squamata,,Phrynosomatidae,Phrynosoma,Phrynosoma platyrhinos,Phrynosoma platyrhinos,2.70E+00,2.30E+01,,0,Nagy 1999,,0
Animalia,Chordata,Squamata,,Lacertidae,Podarcis,Podarcis lilfordi,Podarcis lilfordi,1.49E+00,7.40E+00,,0,Nagy 1999,,0
Animalia,Chordata,Squamata,,Phyllodactylidae,Ptyodactylus,Ptyodactylus hasselquistii,Ptyodactylus hasselquistii,1.20E+00,9.10E+00,,0,Nagy 1999,,0
Animalia,Chordata,Squamata,,Gekkonidae,Rhoptropus,Rhoptropus afer,Rhoptropus afer,2.30E-01,2.60E+00,,0,Nagy 1999,,0
Animalia,Chordata,Squamata,,Phrynosomatidae,Sceloporus,Sceloporus graciosus,Sceloporus graciosus,8.20E-01,5.00E+00,,0,Nagy 1999,,0
Animalia,Chordata,Squamata,,Phrynosomatidae,Sceloporus,Sceloporus occidentalis,Sceloporus occidentalis,1.80E+00,1.21E+01,,0,Nagy 1999,,0
Animalia,Chordata,Squamata,,Phrynosomatidae,Sceloporus,Sceloporus variabilis,Sceloporus variabilis,1.92E+00,7.70E+00,,0,Nagy 1999,,0
Animalia,Chordata,Squamata,,Phrynosomatidae,Sceloporus,Sceloporus virgatus,Sceloporus virgatus,1.06E+00,6.30E+00,,0,Nagy 1999,,0
Animalia,Chordata,Squamata,,Phrynosomatidae,Uta,Uta stansburiana,Uta stansburiana,6.70E-01,3.20E+00,,0,Nagy 1999,,0
Animalia,Chordata,Squamata,,Varanidae,Varanus,Varanus acanthurus,Varanus acanthurus,3.70E+00,6.00E+01,,0,Nagy 1999,,0
Animalia,Chordata,Squamata,,Varanidae,Varanus,Varanus caudolineatus,Varanus caudolineatus,3.00E+00,1.04E+01,,0,Nagy 1999,,0
Animalia,Chordata,Squamata,,Varanidae,Varanus,Varanus giganteus,Varanus giganteus,8.07E+02,7.70E+03,,0,Nagy 1999,,0
Animalia,Chordata,Squamata,,Varanidae,Varanus,Varanus gouldii,Varanus gouldii,2.33E+02,1.32E+03,,0,Nagy 1999,,0
Animalia,Chordata,Squamata,,Varanidae,Varanus,Varanus mertensi,Varanus mertensi,1.43E+02,1.21E+03,,0,Nagy 1999,,0
Animalia,Chordata,Squamata,,Varanidae,Varanus,Varanus panoptes,Varanus panoptes,1.80E+02,1.35E+03,,0,Nagy 1999,,0
Animalia,Chordata,Squamata,,Varanidae,Varanus,Varanus rosenbergi,Varanus rosenbergi,1.00E+02,1.18E+03,,0,Nagy 1999,,0
Animalia,Chordata,Squamata,,Varanidae,Varanus,Varanus scalaris,Varanus scalaris,7.80E+00,6.64E+01,,0,Nagy 1999,,0
Animalia,Chordata,Squamata,,Viperidae,Vipera,Vipera aspis,Vipera aspis,6.30E+00,6.72E+01,,0,Nagy 1999,,0
Animalia,Chordata,Squamata,,Iguanidae,Iguana,Iguana iguana,Iguana iguana,6.01E+01,8.60E+02,,0,Nagy 1999,,0
Animalia,Chordata,Squamata,,Teiidae,Tupinambis,Tupinambis teguixin,Tupinambis teguixin,2.14E+02,1.17E+03,,0,Nagy 1999,,0
Animalia,Chordata,Squamata,,Colubridae,Coluber,Coluber constrictor,Coluber constrictor,1.28E+01,1.32E+02,,0,Nagy 1999,,0
Animalia,Chordata,Squamata,,Varanidae,Varanus,Varanus salvator,Varanus salvator,9.06E+02,7.53E+03,,0,Nagy 1999,,0
Animalia,Chordata,Squamata,,Varanidae,Varanus,Varanus bengalensis,Varanus bengalensis,3.93E+02,2.56E+03,,0,Nagy 1999,,0
Animalia,Chordata,Squamata,,Colubridae,Thamnophis,Thamnophis sirtalis,Thamnophis sirtalis,5.20E+00,2.20E+01,,0,Nagy 1999,,0
Animalia,Chordata,Squamata,,Iguanidae,Amblyrhynchus,Amblyrhynchus cristatus,Amblyrhynchus cristatus,9.12E+01,1.61E+03,,0,Nagy 1999,,0
Animalia,Chordata,Squamata,,Gerrhosauridae,Gerrhosaurus,Angolosaurus skoogi,Gerrhosaurus skoogi,3.00E+00,5.74E+01,,0,Nagy 1999,,0
Animalia,Chordata,Squamata,,Teiidae,Aspidoscelis,Cnemidophorus hyperythrus,Aspidoscelis hyperythrus,1.13E+00,4.30E+00,,0,Nagy 1999,,0
Animalia,Chordata,Squamata,,Teiidae,Aspidoscelis,Cnemidophorus tigris,Aspidoscelis tigris,4.10E+00,1.65E+01,,0,Nagy 1999,,0
Animalia,Chordata,Squamata,,Scincidae,Trachylepis,Mabuya striata,Trachylepis wahlbergii,2.90E+00,1.95E+01,,0,Nagy 1999,,0
Animalia,Chordata,Squamata,,Gekkonidae,Chondrodactylus,Pachydactylus bibronii,Chondrodactylus bibronii,2.20E+00,1.66E+01,,0,Nagy 1999,,0
Animalia,Chordata,Squamata,,Iguanidae,Sauromalus,Sauromalus obesus,Sauromalus ater,1.57E+01,1.67E+02,,0,Nagy 1999,,0
Animalia,Chordata,Testudines,,Testudinidae,Gopherus,Gopherus agassizzi,Gopherus agassizii,4.29E+01,2.12E+03,,0,Nagy 1999,,0
Animalia,Arthropoda,Insecta,Diptera,Tachinidae,Nowickia,Nowickia nitidarostrata,Tachina nitida,1.92E+00,1.30E-01,30.00,0,Niven 2005,,0
Animalia,Arthropoda,Insecta,Diptera,Asilidae,Promachus,Promachus,,4.45E+00,2.00E-01,24.00,0,Niven 2005,,0
Animalia,Arthropoda,Insecta,Hymenoptera,Apidae,Apis,Apis mellifera,Apis mellifera,3.98E+00,9.42E-02,21.73,0,Niven 2005,,0
Animalia,Arthropoda,Insecta,Diptera,Tabanidae,Hybomitra,Tabanus affinis,Tabanus affinis,2.10E+00,1.60E-01,18.90,0,Niven 2005,,0
Animalia,Arthropoda,Insecta,Diptera,Asilidae,Glaphyropyga,Glaphyropygia dryas,Glaphyropyga dryas,3.83E-01,2.00E-02,24.00,0,Niven 2005,,0
Animalia,Arthropoda,Insecta,Diptera,Culicidae,Aedes,Aedes nearticus,Aedes impiger,9.31E-02,5.77E-03,15.00,0,Niven 2005,,0
Animalia,Arthropoda,Insecta,Diptera,Culicidae,Aedes,Aedes flavescens,Aedes flavescens,5.20E-02,3.15E-03,15.56,0,Niven 2005,,0
Animalia,Arthropoda,Insecta,Diptera,Drosophilidae,Drosophila,Drosophila americana,Drosophila americana,1.65E-02,1.25E-03,20.00,0,Niven 2005,,0
Animalia,Arthropoda,Insecta,Diptera,Drosophilidae,Drosophila,Drosophila mimica,Drosophila mimica,5.74E-02,3.07E-03,22.00,0,Niven 2005,,0
Animalia,Arthropoda,Insecta,Diptera,Drosophilidae,Drosophila,Drosophila nikananu,Drosophila nikananu,1.01E-02,6.40E-04,22.00,0,Niven 2005,,0
Animalia,Arthropoda,Insecta,Diptera,Drosophilidae,Drosophila,Drosophila virilis,Drosophila virilis,1.09E-02,1.35E-03,20.00,0,Niven 2005,,0
Animalia,Arthropoda,Insecta,Diptera,Simuliidae,Simulium,Simulium venustum,Simulium venustum,3.58E-02,2.50E-03,20.60,0,Niven 2005,,0
Animalia,Arthropoda,Insecta,Diptera,Drosophilidae,Drosophila,Drosophila repleta,Drosophila repleta,2.70E-02,3.28E-03,25.00,0,Niven 2005,,0
Animalia,Arthropoda,Insecta,Diptera,Calliphoridae,Lucilia,Lucilia sericata,Lucilia sericata,1.10E+00,3.26E-02,27.00,0,Niven 2005,,0
Animalia,Arthropoda,Insecta,Diptera,Drosophilidae,Drosophila,Drosophila melanogaster,Drosophila melanogaster,1.37E-02,9.00E-04,25.00,0,Niven 2005,,0
Animalia,Arthropoda,Insecta,Hemiptera,Cicadidae,Fidicina,Fidicina mannifera,Fidicina mannifera,5.25E+01,2.84E+00,22.00,0,Niven 2005,,0
Animalia,Arthropoda,Insecta,Hymenoptera,Apidae,Eufriesea,Eufriesia pulchra,Eufriesea pulchra,2.00E+01,4.30E-01,22.00,0,Niven 2005,,0
Animalia,Arthropoda,Insecta,Hymenoptera,Apidae,Euglossa,Euglossa saphirina,Euglossa sapphirina,4.10E+00,7.10E-02,22.00,0,Niven 2005,,0
Animalia,Arthropoda,Insecta,Hymenoptera,Apidae,Bombus,Bombus lucorum,Bombus lucorum,7.49E+00,5.11E-01,32.00,0,Niven 2005,,0
Animalia,Arthropoda,Insecta,Hymenoptera,Apidae,Euglossa,Euglossa dissimula,Euglossa dissimula,6.26E+00,1.04E-01,22.00,0,Niven 2005,,0
Animalia,Arthropoda,Insecta,Hymenoptera,Apidae,Euglossa,Euglossa imperialis,Euglossa imperialis,9.98E+00,1.70E-01,22.00,0,Niven 2005,,0
Animalia,Arthropoda,Insecta,Hymenoptera,Apidae,Euglossa,Euglossa mandibularis,Euglossa mandibularis,8.41E+00,9.00E-02,22.00,0,Niven 2005,,0
Animalia,Arthropoda,Insecta,Hymenoptera,Apidae,Eulaema,Eulaema cingulata,Eulaema cingulata,2.41E+01,5.50E-01,22.00,0,Niven 2005,,0
Animalia,Arthropoda,Insecta,Hymenoptera,Apidae,Eulaema,Eulaema meriana,Eulaema meriana,2.94E+01,9.40E-01,22.00,0,Niven 2005,,0
Animalia,Arthropoda,Insecta,Hymenoptera,Apidae,Eulaema,Eulaema nigrita,Eulaema nigrita,2.57E+01,4.00E-01,22.00,0,Niven 2005,,0
Animalia,Arthropoda,Insecta,Hymenoptera,Apidae,Exaerete,Exaerete frontalis,Exaerete frontalis,2.16E+01,6.40E-01,22.00,0,Niven 2005,,0
Animalia,Arthropoda,Insecta,Hymenoptera,Apidae,Xylocopa,Xylocopa californica,Xylocopa californica,1.82E+01,6.00E-01,22.00,0,Niven 2005,,0
Animalia,Arthropoda,Insecta,Hymenoptera,Apidae,Xylocopa,Xylocopa capensis,Xylocopa capensis,3.07E+01,1.20E+00,22.00,0,Niven 2005,,0
Animalia,Arthropoda,Insecta,Hymenoptera,Apidae,Bombus,Bombus edwardsii,Bombus melanopygus,1.50E+01,4.00E-01,22.00,0,Niven 2005,,0
Animalia,Arthropoda,Insecta,Lepidoptera,Noctuidae,Agrotis,Agrotis exclaationis,Agrotis exclamationis,3.98E+00,2.00E-01,23.70,0,Niven 2005,,0
Animalia,Arthropoda,Insecta,Lepidoptera,Saturniidae,Automeris,Automeris jacunda,Automeris jucunda,1.26E+01,6.53E-01,23.00,0,Niven 2005,,0
Animalia,Arthropoda,Insecta,Lepidoptera,Sphingidae,Hyles,Hyles euphorbia,Hyles euphorbiae,1.73E+01,6.50E-01,22.00,0,Niven 2005,,0
Animalia,Arthropoda,Insecta,Lepidoptera,Saturniidae,Adeloneivaia,Adeloneivaia boisduvalii,Adeloneivaia boisduvalii,1.73E+01,9.95E-01,23.00,0,Niven 2005,,0
Animalia,Arthropoda,Insecta,Lepidoptera,Saturniidae,Aglia,Aglia tau,Aglia tau,3.79E+00,1.13E-01,21.90,0,Niven 2005,,0
Animalia,Arthropoda,Insecta,Lepidoptera,Saturniidae,Antheraea,Antheraea pernyi,Antheraea pernyi,8.09E+00,5.95E-01,22.60,0,Niven 2005,,0
Animalia,Arthropoda,Insecta,Lepidoptera,Saturniidae,Automeris,Automeris zugana,Automeris zugana,1.21E+01,4.88E-01,23.00,0,Niven 2005,,0
Animalia,Arthropoda,Insecta,Lepidoptera,Noctuidae,Cucullia,Cucullia lactucae,Cucullia lactucae,3.79E+00,2.85E-01,22.60,0,Niven 2005,,0
Animalia,Arthropoda,Insecta,Lepidoptera,Sphingidae,Deilephila,Deilephila elpenor,Deilephila elpenor,1.86E+01,6.50E-01,22.00,0,Niven 2005,,0
Animalia,Arthropoda,Insecta,Lepidoptera,Saturniidae,Eacles,Eacles imperialis,Eacles imperialis,2.42E+01,1.11E+00,23.00,0,Niven 2005,,0
Animalia,Arthropoda,Insecta,Lepidoptera,Sphingidae,Enyo,Enyo ocypete,Enyo ocypete,1.68E+01,4.11E-01,23.00,0,Niven 2005,,0
Animalia,Arthropoda,Insecta,Lepidoptera,Sphingidae,Mimas,Mimas tiliae,Mimas tiliae,7.83E+00,2.91E-01,22.56,0,Niven 2005,,0
Animalia,Arthropoda,Insecta,Lepidoptera,Lasiocampidae,Odonestis,Odonestis pruni,Odonestis pruni,7.99E+00,2.40E-01,20.90,0,Niven 2005,,0
Animalia,Arthropoda,Insecta,Lepidoptera,Sphingidae,Perigonia,Perigonia lusca,Perigonia lusca,1.22E+01,5.47E-01,23.00,0,Niven 2005,,0
Animalia,Arthropoda,Insecta,Lepidoptera,Sphingidae,Protambulyx,Protambulyx strigilis,Protambulyx strigilis,3.00E+01,1.10E+00,23.00,0,Niven 2005,,0
Animalia,Arthropoda,Insecta,Lepidoptera,Saturniidae,Saturnia,Saturnia pavonia,Saturnia pavonia,8.12E+00,1.98E-01,21.43,0,Niven 2005,,0
Animalia,Arthropoda,Insecta,Lepidoptera,Saturniidae,Syssphinx,Syssphinx molina,Syssphinx molina,5.08E+01,1.76E+00,23.00,0,Niven 2005,,0
Animalia,Arthropoda,Insecta,Lepidoptera,Sphingidae,Xylophanes,Xylophanes pluto,Xylophanes pluto,2.47E+01,8.28E-01,23.00,0,Niven 2005,,0
Animalia,Arthropoda,Insecta,Lepidoptera,Noctuidae,Noctua,Agrotis pronuba,Noctua pronuba,5.67E+00,2.73E-01,22.07,0,Niven 2005,,0
Animalia,Arthropoda,Insecta,Lepidoptera,Sphingidae,Hyles,Deilephila euphorbiae,Hyles euphorbiae,1.19E+01,3.95E-01,22.30,0,Niven 2005,,0
Animalia,Arthropoda,Insecta,Lepidoptera,Sphingidae,Deilephila,Metopsilus porcellus,Deilephila porcellus,1.01E+01,2.44E-01,22.55,0,Niven 2005,,0
Animalia,Arthropoda,Insecta,Lepidoptera,Noctuidae,Autographa,Plusia gamma,Autographa gamma,2.23E+00,1.20E-01,23.40,0,Niven 2005,,0
Animalia,Arthropoda,Insecta,Lepidoptera,Nymphalidae,Aglais,Vanessa io,Aglais io,4.83E+00,1.76E-01,21.63,0,Niven 2005,,0
Animalia,Arthropoda,Insecta,Lepidoptera,Nymphalidae,Nymphalis,Vanessa polychloros,Nymphalis polychloros,8.99E+00,2.70E-01,22.70,0,Niven 2005,,0
Animalia,Arthropoda,Insecta,Orthoptera,Acrididae,Schistocerca,Schistocerca gregaria,Schistocerca gregaria,1.03E+01,1.96E+00,27.60,0,Niven 2005,,0
Animalia,Chordata,Amphibia,Anura,Hyperoliidae,Hyperolius,Hyperolius viridiflavus,Hyperolius viridiflavus,1.35E+00,1.40E+00,,0,Prestwich 1994,,0
Animalia,Chordata,Amphibia,Anura,Hylidae,Pseudacris,Pseudacris crucifer,Pseudacris crucifer,1.07E+00,1.10E+00,,0,Prestwich 1994,,0
Animalia,Chordata,Amphibia,Anura,Hylidae,Dryophytes,Hyla gratiosa,Dryophytes gratiosus,7.09E+00,1.25E+01,,0,Prestwich 1994,,0
Animalia,Chordata,Amphibia,Anura,Hylidae,Dendropsophus,Hyla microcephala,Dendropsophus microcephalus,4.95E-01,6.00E-01,,0,Prestwich 1994,,0
Animalia,Chordata,Amphibia,Anura,Hylidae,Dryophytes,Hyla squirella,Dryophytes squirellus,2.78E+00,2.60E+00,,0,Prestwich 1994,,0
Animalia,Chordata,Amphibia,Anura,Leptodactylidae,Engystomops,Physalaemus pustulosus,Engystomops pustulosus,7.83E-01,1.70E+00,,0,Prestwich 1994,,0
Animalia,Chordata,Amphibia,Anura,Hylidae,Dryophytes,Hyla versicolor,Dryophytes versicolor,1.83E+01,8.60E+00,,0,Prestwich 1994,,0
Animalia,Chordata,Amphibia,Anura,Hylidae,Dryophytes,Hyla cinerea,Dryophytes cinereus,2.01E+00,5.10E+00,,0,Prestwich 1994,,0
Animalia,Arthropoda,Insecta,Hemiptera,Cicadidae,Cystosoma,Cystosoma saundersii,Cystosoma saundersii,4.00E+00,1.32E+00,,0,Prestwich 1994,,0
Animalia,Arthropoda,Insecta,Orthoptera,Gryllotalpidae,Neoscapteriscus,Scapteriscus borelii,Neoscapteriscus borellii,7.57E-01,8.26E-01,,0,Prestwich 1994,,0
Animalia,Arthropoda,Insecta,Orthoptera,Gryllidae,Anurogryllus,Anurogryllus arboreus,Anurogryllus arboreus,7.90E-01,4.00E-01,,0,Prestwich 1994,,0
Animalia,Arthropoda,Insecta,Orthoptera,Gryllidae,Anurogryllus,Anurogryllus muticus,Anurogryllus muticus,1.84E+00,4.00E-01,,0,Prestwich 1994,,0
Animalia,Arthropoda,Insecta,Orthoptera,Gryllotalpidae,Gryllotalpa,Gryllotalpa australis,Gryllotalpa australis,3.06E+00,1.14E+00,,0,Prestwich 1994,,0
Animalia,Arthropoda,Insecta,Orthoptera,Tettigoniidae,Neoconocephalus,Neoconocephalus robustus,Neoconocephalus robustus,4.82E+00,8.80E-01,,0,Prestwich 1994,,0
Animalia,Arthropoda,Insecta,Orthoptera,Gryllidae,Oecanthus,Oecanthus celerinictus,Oecanthus celerinictus,8.02E-02,5.50E-02,,0,Prestwich 1994,,0
Animalia,Arthropoda,Insecta,Orthoptera,Gryllidae,Oecanthus,Oecanthus quadripunctatus,Oecanthus quadripunctatus,1.06E-01,5.50E-02,,0,Prestwich 1994,,0
Animalia,Arthropoda,Insecta,Orthoptera,Tettigoniidae,Requena,Requena verticalis,Requena verticalis,7.50E-02,3.71E-01,,0,Prestwich 1994,,0
Animalia,Arthropoda,Insecta,Orthoptera,Gryllidae,Teleogryllus,Teleogryllus commodus,Teleogryllus commodus,1.65E-01,6.02E-01,,0,Prestwich 1994,,0
Animalia,Chordata,Amphibia,Anura,Hylidae,Dryophytes,Hyla gratiosa,Dryophytes gratiosus,8.80E+00,1.39E+01,29.00,0,Prestwich 1998,,0
Animalia,Chordata,Amphibia,Anura,Hylidae,Dryophytes,Hyla squirella,Dryophytes squirellus,1.99E+00,2.20E+00,27.50,0,Prestwich 1998,,0
Animalia,Chordata,Amphibia,Anura,Hylidae,Dryophytes,Hyla cinerea,Dryophytes cinereus,2.63E+00,5.10E+00,27.00,0,Prestwich 1998,,0
Animalia,Arthropoda,Insecta,Orthoptera,Gryllotalpidae,Neoscapteriscus,Scapteriscus borellii,Neoscapteriscus borellii,8.78E-01,8.26E-01,25.00,0,Prestwich 2005,,0
Animalia,Arthropoda,Insecta,Orthoptera,Gryllotalpidae,Neoscapteriscus,Scapteriscus vicinus,Neoscapteriscus vicinus,7.55E-01,1.08E+00,25.00,0,Prestwich 2005,,0
Animalia,Chordata,Actinopterygii,Pleuronectiformes,Pleuronectidae,Pleuronectes,Pleuronectes platessa,Pleuronectes platessa,1.79E+01,2.81E+02,15.00,0,Priede 1980,,0
Animalia,Chordata,Actinopterygii,Pleuronectiformes,Pleuronectidae,Pleuronectes,Pleuronectes platessa,Pleuronectes platessa,9.63E+00,2.89E+02,5.00,0,Priede 1980,,0
Animalia,Chordata,Actinopterygii,Pleuronectiformes,Pleuronectidae,Pleuronectes,Pleuronectes platessa,Pleuronectes platessa,2.01E+01,3.83E+02,10.00,0,Priede 1980,,0
Animalia,Arthropoda,Insecta,Coleoptera,Cerambycidae,Phoracantha,Phoracantha recurva,Phoracantha recurva,4.37E-01,2.60E-01,30.00,0,Rogowitz 2000,,0
Animalia,Arthropoda,Insecta,Coleoptera,Cerambycidae,Phoracantha,Phoracantha recurva,Phoracantha recurva,6.27E-01,2.60E-01,30.00,0,Rogowitz 2000,,0
Animalia,Arthropoda,Insecta,Coleoptera,Cerambycidae,Phoracantha,Phoracantha semipunctata,Phoracantha semipunctata,4.79E-01,2.80E-01,30.00,0,Rogowitz 2000,,0
Animalia,Arthropoda,Insecta,Coleoptera,Cerambycidae,Phoracantha,Phoracantha semipunctata,Phoracantha semipunctata,8.23E-01,3.20E-01,30.00,0,Rogowitz 2000,,0
Animalia,Arthropoda,Insecta,Coleoptera,Cerambycidae,Phoracantha,Phoracantha semipunctata,Phoracantha semipunctata,5.91E-01,3.60E-01,20.00,0,Rogowitz 2000,,0
Animalia,Arthropoda,Insecta,Coleoptera,Cerambycidae,Phoracantha,Phoracantha semipunctata,Phoracantha semipunctata,7.97E-01,3.80E-01,20.00,0,Rogowitz 2000,,0
Animalia,Chordata,Actinopterygii,Gadiformes,Gadidae,Gadus,Gadus morhua,Gadus morhua,1.20E+01,2.43E+02,5.00,0,Schurmann 1997,,0
Animalia,Chordata,Actinopterygii,Gadiformes,Gadidae,Gadus,Gadus morhua,Gadus morhua,2.08E+01,2.98E+02,15.00,0,Schurmann 1997,,0
Animalia,Chordata,Actinopterygii,Gadiformes,Gadidae,Gadus,Gadus morhua,Gadus morhua,2.48E+01,3.71E+02,10.00,0,Schurmann 1997,,0
Animalia,Chordata,Testudines,,Cheloniidae,Chelonia,Chelonia mydas,Chelonia mydas,1.36E+03,1.68E+04,21.40,0,Southwood 2006,,0
Animalia,Chordata,Testudines,,Cheloniidae,Chelonia,Chelonia mydas,Chelonia mydas,2.39E+03,1.68E+04,25.80,0,Southwood 2006,,0
Animalia,Chordata,Aves,Passeriformes,Passerellidae,Junco,Junco phaeonotus,Junco phaeonotus,6.85E+00,2.40E+00,17.44,1,Sullivan 1992,,0
Animalia,Chordata,Actinopterygii,Acipenseriformes,Acipenseridae,Acipenser,Acipenser transmontanus,Acipenser transmontanus,4.47E+00,9.00E+01,21.10,0,Thomas SL 1997 ,,0
Animalia,Chordata,Actinopterygii,Acipenseriformes,Acipenseridae,Acipenser,Acipenser transmontanus,Acipenser transmontanus,1.34E+01,4.20E+02,21.30,0,Thomas SL 1997 ,,0
Animalia,Chordata,Actinopterygii,Acipenseriformes,Acipenseridae,Acipenser,Acipenser transmontanus,Acipenser transmontanus,1.52E+01,4.30E+02,20.00,0,Thomas SL 1997 ,,0
Animalia,Chordata,Actinopterygii,Acipenseriformes,Acipenseridae,Acipenser,Acipenser transmontanus,Acipenser transmontanus,5.60E+01,5.10E+02,22.80,0,Thomas SL 1997 ,,0
Animalia,Chordata,Actinopterygii,Acipenseriformes,Acipenseridae,Acipenser,Acipenser transmontanus,Acipenser transmontanus,6.43E+01,5.50E+02,20.30,0,Thomas SL 1997 ,,0
Animalia,Chordata,Actinopterygii,Acipenseriformes,Acipenseridae,Acipenser,Acipenser transmontanus,Acipenser transmontanus,6.04E+01,5.50E+02,20.40,0,Thomas SL 1997 ,,0
Animalia,Chordata,Actinopterygii,Acipenseriformes,Acipenseridae,Acipenser,Acipenser transmontanus,Acipenser transmontanus,6.24E+01,5.50E+02,20.40,0,Thomas SL 1997 ,,0
Animalia,Chordata,Actinopterygii,Acipenseriformes,Acipenseridae,Acipenser,Acipenser transmontanus,Acipenser transmontanus,6.20E+01,2.50E+03,19.20,0,Thomas SL 1997 ,,0
Animalia,Chordata,Actinopterygii,Acipenseriformes,Acipenseridae,Acipenser,Acipenser transmontanus,Acipenser transmontanus,9.43E+01,3.80E+03,20.10,0,Thomas SL 1997 ,,0
Animalia,Chordata,Squamata,,Varanidae,Varanus,Varanus caudolineatus,Varanus caudolineatus,3.17E+00,1.04E+01,26.50,0,Thompson 1997,,0
Animalia,Chordata,Squamata,,Varanidae,Varanus,Varanus caudolineatus,Varanus caudolineatus,2.35E+00,1.42E+01,35.00,0,Thompson 1997,,0
Animalia,Chordata,Mammalia,Diprotodontia,Potoroidae,Aepyprymnus,Aepyprymnus rufescens,Aepyprymnus rufescens,1.47E+03,2.95E+03,21.40,1,Wallis 1992,,0
Animalia,Chordata,Aves,Passeriformes,Passerellidae,Zonotrichia,Zonotrichia leucophrys,Zonotrichia leucophrys,8.37E+01,2.82E+01,15.60,1,Weathers 2002,,0
Animalia,Chordata,Aves,Passeriformes,Passerellidae,Zonotrichia,Zonotrichia leucophrys,Zonotrichia leucophrys,1.04E+02,2.83E+01,9.00,1,Weathers 2002,,0
Animalia,Chordata,Aves,Passeriformes,Passerellidae,Zonotrichia,Zonotrichia leucophrys,Zonotrichia leucophrys,4.92E+01,2.06E+01,16.50,1,Weathers 2003,,0
Animalia,Chordata,Aves,Passeriformes,Remizidae,Auriparus,Auriparus flaviceps,Auriparus flaviceps,7.00E+00,6.33E+00,33.90,1,Webster 2000,,1
Animalia,Chordata,Aves,Passeriformes,Remizidae,Auriparus,Auriparus flaviceps,Auriparus flaviceps,3.36E+01,6.70E+00,16.35,1,Webster 2000,,0
Animalia,Chordata,Aves,Passeriformes,Nectariniidae,Anthobaphes,Nectarinia violacea,Anthobaphes violacea,6.62E+01,9.50E+00,12.50,1,Williams 1993,,0
Animalia,Chordata,Actinopterygii,Cypriniformes,Catostomidae,Catostomus,Catostomus tahoensis,Catostomus tahoensis,1.38E+00,43.73,8,0,"Vondracek, Cech, Longanecker 1982",Constant temperature,0
Animalia,Chordata,Actinopterygii,Cypriniformes,Catostomidae,Catostomus,Catostomus tahoensis,Catostomus tahoensis,2.53E+00,53.09,13,0,"Vondracek, Cech, Longanecker 1982",Constant temperature,0
Animalia,Chordata,Actinopterygii,Cypriniformes,Catostomidae,Catostomus,Catostomus tahoensis,Catostomus tahoensis,2.76E+00,31.68,18,0,"Vondracek, Cech, Longanecker 1982",Constant temperature,0
Animalia,Chordata,Actinopterygii,Cypriniformes,Catostomidae,Catostomus,Catostomus tahoensis,Catostomus tahoensis,1.27E+00,33.96,8,0,"Vondracek, Cech, Longanecker 1982",Cyclic temperature,0
Animalia,Chordata,Actinopterygii,Cypriniformes,Catostomidae,Catostomus,Catostomus tahoensis,Catostomus tahoensis,2.32E+00,40.86,13,0,"Vondracek, Cech, Longanecker 1982",Cyclic temperature,0
Animalia,Chordata,Actinopterygii,Cypriniformes,Catostomidae,Catostomus,Catostomus tahoensis,Catostomus tahoensis,3.52E+00,30.43,18,0,"Vondracek, Cech, Longanecker 1982",Cyclic temperature,0
Animalia,Chordata,Actinopterygii,Perciformes,Lutjanidae,Lutjanus,Lutjanus campechanus,Lutjanus campechanus,1.34E+01,365.5,15,0,"Wakeman, Arnold, Wohlschlag, Rabalais 1979",,0
Animalia,Chordata,Actinopterygii,Perciformes,Lutjanidae,Lutjanus,Lutjanus campechanus,Lutjanus campechanus,1.65E+01,365.5,20,0,"Wakeman, Arnold, Wohlschlag, Rabalais 1979",,0
Animalia,Chordata,Actinopterygii,Salmoniformes,Salmonidae,Coregonus,Coregonus sp.,,3.24E-03,0.01,10,0,"Forstner, Hinterleitner, Mahr, Wieser 1983",,0
Animalia,Chordata,Actinopterygii,Salmoniformes,Salmonidae,Coregonus,Coregonus sp.,,2.82E-03,0.01,10,0,"Forstner, Hinterleitner, Mahr, Wieser 1983",,0
Animalia,Chordata,Actinopterygii,Salmoniformes,Salmonidae,Coregonus,Coregonus sp.,,5.77E-03,0.02,10,0,"Forstner, Hinterleitner, Mahr, Wieser 1983",,0
Animalia,Chordata,Actinopterygii,Salmoniformes,Salmonidae,Coregonus,Coregonus sp.,,1.32E-02,0.05,10,0,"Forstner, Hinterleitner, Mahr, Wieser 1983",,0
Animalia,Chordata,Actinopterygii,Salmoniformes,Salmonidae,Coregonus,Coregonus sp.,,2.30E-02,0.07,10,0,"Forstner, Hinterleitner, Mahr, Wieser 1983",,0
Animalia,Chordata,Actinopterygii,Salmoniformes,Salmonidae,Coregonus,Coregonus sp.,,5.89E-02,0.2,10,0,"Forstner, Hinterleitner, Mahr, Wieser 1983",,0
Animalia,Chordata,Actinopterygii,Salmoniformes,Salmonidae,Coregonus,Coregonus sp.,,1.63E-01,0.73,10,0,"Forstner, Hinterleitner, Mahr, Wieser 1983",,0
Animalia,Chordata,Actinopterygii,Salmoniformes,Salmonidae,Coregonus,Coregonus sp.,,4.24E-01,2,10,0,"Forstner, Hinterleitner, Mahr, Wieser 1983",,0
Animalia,Chordata,Actinopterygii,Perciformes,Embiotocidae,Rhacochilus,Rhacochilus vacca,Rhacochilus vacca,4.27E-01,3.8,18,0,"Webb, Brett 1972", @ Birth,0
Animalia,Chordata,Actinopterygii,Perciformes,Embiotocidae,Embiotoca,Embiotoca lateralis,Embiotoca lateralis,3.25E+01,599,15,0,"Webb, Brett 1972", @ Parturation,0
Animalia,Chordata,Actinopterygii,Perciformes,Embiotocidae,Embiotoca,Embiotoca lateralis,Embiotoca lateralis,2.12E+01,599,15,0,"Webb, Brett 1972", Pregnant,0
Animalia,Chordata,Actinopterygii,Pleuronectiformes,Pleuronectidae,Pleuronectes,Pleuronectes platessa,Pleuronectes platessa,1.13E+00,33,10,0,"Jobling, Davies 1980",12h after 1.413 kJ meal,0
Animalia,Chordata,Actinopterygii,Pleuronectiformes,Pleuronectidae,Pleuronectes,Pleuronectes platessa,Pleuronectes platessa,1.77E+00,33,10,0,"Jobling, Davies 1980",13h after 2.826 kJ meal,0
Animalia,Chordata,Actinopterygii,Pleuronectiformes,Pleuronectidae,Pleuronectes,Pleuronectes platessa,Pleuronectes platessa,1.82E+00,33,10,0,"Jobling, Davies 1980",13h after 5.652 kJ meal,0
Animalia,Chordata,Actinopterygii,Pleuronectiformes,Pleuronectidae,Pleuronectes,Pleuronectes platessa,Pleuronectes platessa,1.72E+00,33,10,0,"Jobling, Davies 1980",17h after 2.826 kJ meal,0
Animalia,Chordata,Actinopterygii,Pleuronectiformes,Pleuronectidae,Pleuronectes,Pleuronectes platessa,Pleuronectes platessa,1.70E+00,33,10,0,"Jobling, Davies 1980",22h after 5.652 kJ meal,0
Animalia,Chordata,Actinopterygii,Pleuronectiformes,Pleuronectidae,Pleuronectes,Pleuronectes platessa,Pleuronectes platessa,8.94E-01,33,10,0,"Jobling, Davies 1980",24h after 1.413 kJ meal,0
Animalia,Chordata,Actinopterygii,Pleuronectiformes,Pleuronectidae,Pleuronectes,Pleuronectes platessa,Pleuronectes platessa,1.52E+00,33,10,0,"Jobling, Davies 1980",25.5h after 2.826 kJ meal,0
Animalia,Chordata,Actinopterygii,Pleuronectiformes,Pleuronectidae,Pleuronectes,Pleuronectes platessa,Pleuronectes platessa,1.82E+00,33,10,0,"Jobling, Davies 1980",28h after 5.652 kJ meal,0
Animalia,Chordata,Actinopterygii,Pleuronectiformes,Pleuronectidae,Pleuronectes,Pleuronectes platessa,Pleuronectes platessa,1.46E+00,33,10,0,"Jobling, Davies 1980",30.5h after 2.826 kJ meal,0
Animalia,Chordata,Actinopterygii,Pleuronectiformes,Pleuronectidae,Pleuronectes,Pleuronectes platessa,Pleuronectes platessa,8.51E-01,33,10,0,"Jobling, Davies 1980",30h after 1.413 kJ meal,0
Animalia,Chordata,Actinopterygii,Pleuronectiformes,Pleuronectidae,Pleuronectes,Pleuronectes platessa,Pleuronectes platessa,1.63E+00,33,10,0,"Jobling, Davies 1980",34h after 5.652 kJ meal,0
Animalia,Chordata,Actinopterygii,Pleuronectiformes,Pleuronectidae,Pleuronectes,Pleuronectes platessa,Pleuronectes platessa,6.94E-01,33,10,0,"Jobling, Davies 1980",36h after 1.413 kJ meal,0
Animalia,Chordata,Actinopterygii,Pleuronectiformes,Pleuronectidae,Pleuronectes,Pleuronectes platessa,Pleuronectes platessa,1.37E+00,33,10,0,"Jobling, Davies 1980",39h after 2.826 kJ meal,0
Animalia,Chordata,Actinopterygii,Pleuronectiformes,Pleuronectidae,Pleuronectes,Pleuronectes platessa,Pleuronectes platessa,1.54E+00,33,10,0,"Jobling, Davies 1980",47h after 5.652 kJ meal,0
Animalia,Chordata,Actinopterygii,Pleuronectiformes,Pleuronectidae,Pleuronectes,Pleuronectes platessa,Pleuronectes platessa,9.84E-01,33,10,0,"Jobling, Davies 1980",50h after 2.826 kJ meal,0
Animalia,Chordata,Actinopterygii,Pleuronectiformes,Pleuronectidae,Pleuronectes,Pleuronectes platessa,Pleuronectes platessa,1.66E+00,33,10,0,"Jobling, Davies 1980",5h after 2.826 kJ meal,0
Animalia,Chordata,Actinopterygii,Pleuronectiformes,Pleuronectidae,Pleuronectes,Pleuronectes platessa,Pleuronectes platessa,1.43E+00,33,10,0,"Jobling, Davies 1980",6h after 1.413 kJ meal,0
Animalia,Chordata,Actinopterygii,Pleuronectiformes,Pleuronectidae,Pleuronectes,Pleuronectes platessa,Pleuronectes platessa,1.01E+00,33,10,0,"Jobling, Davies 1980",70h after 5.652 kJ meal,0
Animalia,Chordata,Actinopterygii,Pleuronectiformes,Pleuronectidae,Pleuronectes,Pleuronectes platessa,Pleuronectes platessa,6.94E-01,33,10,0,"Jobling, Davies 1980",79.5h after 5.652 kJ meal,0
Animalia,Chordata,Actinopterygii,Pleuronectiformes,Pleuronectidae,Pleuronectes,Pleuronectes platessa,Pleuronectes platessa,1.59E+00,33,10,0,"Jobling, Davies 1980",8.75h after 2.826 kJ meal,0
Animalia,Chordata,Actinopterygii,Pleuronectiformes,Pleuronectidae,Pleuronectes,Pleuronectes platessa,Pleuronectes platessa,1.89E+00,33,10,0,"Jobling, Davies 1980",9h after 5.652 kJ meal,0
Animalia,Chordata,Actinopterygii,Cypriniformes,Cyprinidae,Carassius,Carassius auratus,Carassius auratus,3.36E+00,19.1,22.5,0,"Prosser, Barr, Pinc, Lauer 1957",Acclimated to D.O. = 122.5 mmHg,0
Animalia,Chordata,Actinopterygii,Cypriniformes,Cyprinidae,Carassius,Carassius auratus,Carassius auratus,3.15E+00,19.1,22.5,0,"Prosser, Barr, Pinc, Lauer 1957",Acclimated to D.O. = 122.5 mmHg,0
Animalia,Chordata,Actinopterygii,Cypriniformes,Cyprinidae,Carassius,Carassius auratus,Carassius auratus,3.22E+00,19.1,22.5,0,"Prosser, Barr, Pinc, Lauer 1957",Acclimated to D.O. = 122.5 mmHg,0
Animalia,Chordata,Actinopterygii,Cypriniformes,Cyprinidae,Carassius,Carassius auratus,Carassius auratus,3.19E+00,19.1,22.5,0,"Prosser, Barr, Pinc, Lauer 1957",Acclimated to D.O. = 122.5 mmHg,0
Animalia,Chordata,Actinopterygii,Cypriniformes,Cyprinidae,Carassius,Carassius auratus,Carassius auratus,2.89E+00,19.1,22.5,0,"Prosser, Barr, Pinc, Lauer 1957",Acclimated to D.O. = 122.5 mmHg,0
Animalia,Chordata,Actinopterygii,Cypriniformes,Cyprinidae,Carassius,Carassius auratus,Carassius auratus,2.85E+00,19.1,22.5,0,"Prosser, Barr, Pinc, Lauer 1957",Acclimated to D.O. = 122.5 mmHg,0
Animalia,Chordata,Actinopterygii,Cypriniformes,Cyprinidae,Carassius,Carassius auratus,Carassius auratus,2.96E+00,19.1,22.5,0,"Prosser, Barr, Pinc, Lauer 1957",Acclimated to D.O. = 122.5 mmHg,0
Animalia,Chordata,Actinopterygii,Cypriniformes,Cyprinidae,Carassius,Carassius auratus,Carassius auratus,2.69E+00,19.1,22.5,0,"Prosser, Barr, Pinc, Lauer 1957",Acclimated to D.O. = 122.5 mmHg,0
Animalia,Chordata,Actinopterygii,Cypriniformes,Cyprinidae,Carassius,Carassius auratus,Carassius auratus,2.49E+00,19.1,22.5,0,"Prosser, Barr, Pinc, Lauer 1957",Acclimated to D.O. between 18.5 and 6.2 mmHg,0
Animalia,Chordata,Actinopterygii,Cypriniformes,Cyprinidae,Carassius,Carassius auratus,Carassius auratus,2.69E+00,19.1,22.5,0,"Prosser, Barr, Pinc, Lauer 1957",Acclimated to D.O. between 18.5 and 6.2 mmHg,0
Animalia,Chordata,Actinopterygii,Cypriniformes,Cyprinidae,Carassius,Carassius auratus,Carassius auratus,2.28E+00,19.1,22.5,0,"Prosser, Barr, Pinc, Lauer 1957",Acclimated to D.O. between 18.5 and 6.2 mmHg,0
Animalia,Chordata,Actinopterygii,Cypriniformes,Cyprinidae,Carassius,Carassius auratus,Carassius auratus,2.28E+00,19.1,22.5,0,"Prosser, Barr, Pinc, Lauer 1957",Acclimated to D.O. between 18.5 and 6.2 mmHg,0
Animalia,Chordata,Actinopterygii,Cypriniformes,Cyprinidae,Carassius,Carassius auratus,Carassius auratus,2.01E+00,19.1,22.5,0,"Prosser, Barr, Pinc, Lauer 1957",Acclimated to D.O. between 18.5 and 6.2 mmHg,0
Animalia,Chordata,Actinopterygii,Cypriniformes,Cyprinidae,Carassius,Carassius auratus,Carassius auratus,1.75E+00,19.1,22.5,0,"Prosser, Barr, Pinc, Lauer 1957",Acclimated to D.O. between 18.5 and 6.2 mmHg,0
Animalia,Chordata,Actinopterygii,Cypriniformes,Cyprinidae,Carassius,Carassius auratus,Carassius auratus,1.41E+00,19.1,22.5,0,"Prosser, Barr, Pinc, Lauer 1957",Acclimated to D.O. between 18.5 and 6.2 mmHg,0
Animalia,Chordata,Actinopterygii,Cypriniformes,Cyprinidae,Carassius,Carassius auratus,Carassius auratus,1.28E+00,19.1,22.5,0,"Prosser, Barr, Pinc, Lauer 1957",Acclimated to D.O. between 18.5 and 6.2 mmHg,0
Animalia,Chordata,Actinopterygii,Cypriniformes,Cyprinidae,Carassius,Carassius auratus,Carassius auratus,1.25E+00,19.1,22.5,0,"Prosser, Barr, Pinc, Lauer 1957",Acclimated to D.O. between 18.5 and 6.2 mmHg,0
Animalia,Chordata,Actinopterygii,Cypriniformes,Cyprinidae,Carassius,Carassius auratus,Carassius auratus,2.45E+00,18.8,22.5,0,"Prosser, Barr, Pinc, Lauer 1957",Acclimated to D.O. between 18.5 and 6.2 mmHg,0
Animalia,Chordata,Actinopterygii,Cypriniformes,Cyprinidae,Carassius,Carassius auratus,Carassius auratus,2.48E+00,18.8,22.5,0,"Prosser, Barr, Pinc, Lauer 1957",Acclimated to D.O. between 18.5 and 6.2 mmHg,0
Animalia,Chordata,Actinopterygii,Cypriniformes,Cyprinidae,Carassius,Carassius auratus,Carassius auratus,2.15E+00,18.8,22.5,0,"Prosser, Barr, Pinc, Lauer 1957",Acclimated to D.O. between 18.5 and 6.2 mmHg,0
Animalia,Chordata,Actinopterygii,Cypriniformes,Cyprinidae,Carassius,Carassius auratus,Carassius auratus,1.72E+00,18.8,22.5,0,"Prosser, Barr, Pinc, Lauer 1957",Acclimated to D.O. between 18.5 and 6.2 mmHg,0
Animalia,Chordata,Actinopterygii,Cypriniformes,Cyprinidae,Carassius,Carassius auratus,Carassius auratus,1.98E+00,18.8,22.5,0,"Prosser, Barr, Pinc, Lauer 1957",Acclimated to D.O. between 18.5 and 6.2 mmHg,0
Animalia,Chordata,Actinopterygii,Cypriniformes,Cyprinidae,Carassius,Carassius auratus,Carassius auratus,2.93E+00,18.8,22.5,0,"Prosser, Barr, Pinc, Lauer 1957",Acclimated to D.O. between 18.5 and 6.2 mmHg,0
Animalia,Chordata,Actinopterygii,Cypriniformes,Cyprinidae,Carassius,Carassius auratus,Carassius auratus,2.11E+00,18.8,22.5,0,"Prosser, Barr, Pinc, Lauer 1957",Acclimated to D.O. between 18.5 and 6.2 mmHg,0
Animalia,Chordata,Actinopterygii,Cypriniformes,Cyprinidae,Carassius,Carassius auratus,Carassius auratus,1.95E+00,18.8,22.5,0,"Prosser, Barr, Pinc, Lauer 1957",Acclimated to D.O. between 18.5 and 6.2 mmHg,0
Animalia,Chordata,Actinopterygii,Cypriniformes,Cyprinidae,Carassius,Carassius auratus,Carassius auratus,1.89E+00,18.8,22.5,0,"Prosser, Barr, Pinc, Lauer 1957",Acclimated to D.O. between 18.5 and 6.2 mmHg,0
Animalia,Chordata,Actinopterygii,Cypriniformes,Cyprinidae,Carassius,Carassius auratus,Carassius auratus,2.28E+00,18.8,22.5,0,"Prosser, Barr, Pinc, Lauer 1957",Acclimated to D.O. between 18.5 and 6.2 mmHg,0
Animalia,Chordata,Actinopterygii,Cypriniformes,Cyprinidae,Carassius,Carassius auratus,Carassius auratus,1.98E+00,18.8,22.5,0,"Prosser, Barr, Pinc, Lauer 1957",Acclimated to D.O. between 18.5 and 6.2 mmHg,0
Animalia,Chordata,Actinopterygii,Cypriniformes,Cyprinidae,Carassius,Carassius auratus,Carassius auratus,1.85E+00,18.8,22.5,0,"Prosser, Barr, Pinc, Lauer 1957",Acclimated to D.O. between 18.5 and 6.2 mmHg,0
Animalia,Chordata,Actinopterygii,Cypriniformes,Cyprinidae,Carassius,Carassius auratus,Carassius auratus,1.39E+00,18.8,22.5,0,"Prosser, Barr, Pinc, Lauer 1957",Acclimated to D.O. between 18.5 and 6.2 mmHg,0
Animalia,Chordata,Actinopterygii,Cypriniformes,Cyprinidae,Carassius,Carassius auratus,Carassius auratus,1.06E+00,18.8,22.5,0,"Prosser, Barr, Pinc, Lauer 1957",Acclimated to D.O. between 18.5 and 6.2 mmHg,0
Animalia,Chordata,Actinopterygii,Perciformes,Centrarchidae,Lepomis,Lepomis macrochirus,Lepomis macrochirus,5.76E-01,9.1,25,0,"Moss, Scott 1961","Acclimated to gradual hypoxia, stated D.O. equals mean.",0
Animalia,Chordata,Actinopterygii,Perciformes,Centrarchidae,Lepomis,Lepomis macrochirus,Lepomis macrochirus,6.22E-01,12.8,25,0,"Moss, Scott 1961","Acclimated to gradual hypoxia, stated D.O. equals mean.",0
Animalia,Chordata,Actinopterygii,Perciformes,Centrarchidae,Lepomis,Lepomis macrochirus,Lepomis macrochirus,9.51E-01,30.8,25,0,"Moss, Scott 1961","Acclimated to gradual hypoxia, stated D.O. equals mean.",0
Animalia,Chordata,Actinopterygii,Perciformes,Centrarchidae,Lepomis,Lepomis macrochirus,Lepomis macrochirus,1.32E+00,48.4,25,0,"Moss, Scott 1961","Acclimated to gradual hypoxia, stated D.O. equals mean.",0
Animalia,Chordata,Actinopterygii,Perciformes,Centrarchidae,Lepomis,Lepomis macrochirus,Lepomis macrochirus,6.21E-01,11.9,25,0,"Moss, Scott 1961","Acclimated to gradual hypoxia, stated D.O. equals mean.",0
Animalia,Chordata,Actinopterygii,Perciformes,Centrarchidae,Lepomis,Lepomis macrochirus,Lepomis macrochirus,5.91E-01,9.8,30,0,"Moss, Scott 1961","Acclimated to gradual hypoxia, stated D.O. equals mean.",0
Animalia,Chordata,Actinopterygii,Perciformes,Centrarchidae,Lepomis,Lepomis macrochirus,Lepomis macrochirus,7.58E-01,15.6,30,0,"Moss, Scott 1961","Acclimated to gradual hypoxia, stated D.O. equals mean.",0
Animalia,Chordata,Actinopterygii,Perciformes,Centrarchidae,Lepomis,Lepomis macrochirus,Lepomis macrochirus,5.79E-01,9.3,30,0,"Moss, Scott 1961","Acclimated to gradual hypoxia, stated D.O. equals mean.",0
Animalia,Chordata,Actinopterygii,Perciformes,Centrarchidae,Lepomis,Lepomis macrochirus,Lepomis macrochirus,7.72E-01,10.3,35,0,"Moss, Scott 1961","Acclimated to gradual hypoxia, stated D.O. equals mean.",0
Animalia,Chordata,Actinopterygii,Perciformes,Centrarchidae,Lepomis,Lepomis macrochirus,Lepomis macrochirus,2.33E+00,33.6,35,0,"Moss, Scott 1961","Acclimated to gradual hypoxia, stated D.O. equals mean.",0
Animalia,Chordata,Actinopterygii,Perciformes,Centrarchidae,Lepomis,Lepomis macrochirus,Lepomis macrochirus,1.42E+00,16.5,35,0,"Moss, Scott 1961","Acclimated to gradual hypoxia, stated D.O. equals mean.",0
Animalia,Chordata,Actinopterygii,Perciformes,Centrarchidae,Micropterus,Micropterus salmoides,Micropterus salmoides,3.64E-01,4.7,25,0,"Moss, Scott 1961","Acclimated to gradual hypoxia, stated D.O. equals mean.",0
Animalia,Chordata,Actinopterygii,Perciformes,Centrarchidae,Micropterus,Micropterus salmoides,Micropterus salmoides,5.10E-01,7.8,25,0,"Moss, Scott 1961","Acclimated to gradual hypoxia, stated D.O. equals mean.",0
Animalia,Chordata,Actinopterygii,Perciformes,Centrarchidae,Micropterus,Micropterus salmoides,Micropterus salmoides,1.08E+00,23.9,25,0,"Moss, Scott 1961","Acclimated to gradual hypoxia, stated D.O. equals mean.",0
Animalia,Chordata,Actinopterygii,Perciformes,Centrarchidae,Micropterus,Micropterus salmoides,Micropterus salmoides,8.64E-01,14.7,30,0,"Moss, Scott 1961","Acclimated to gradual hypoxia, stated D.O. equals mean.",0
Animalia,Chordata,Actinopterygii,Perciformes,Centrarchidae,Micropterus,Micropterus salmoides,Micropterus salmoides,1.25E+00,22.6,30,0,"Moss, Scott 1961","Acclimated to gradual hypoxia, stated D.O. equals mean.",0
Animalia,Chordata,Actinopterygii,Perciformes,Centrarchidae,Micropterus,Micropterus salmoides,Micropterus salmoides,9.67E-01,14.8,30,0,"Moss, Scott 1961","Acclimated to gradual hypoxia, stated D.O. equals mean.",0
Animalia,Chordata,Actinopterygii,Perciformes,Centrarchidae,Micropterus,Micropterus salmoides,Micropterus salmoides,4.29E+00,62.7,35,0,"Moss, Scott 1961","Acclimated to gradual hypoxia, stated D.O. equals mean.",0
Animalia,Chordata,Actinopterygii,Perciformes,Centrarchidae,Micropterus,Micropterus salmoides,Micropterus salmoides,5.44E+00,96,35,0,"Moss, Scott 1961","Acclimated to gradual hypoxia, stated D.O. equals mean.",0
Animalia,Chordata,Actinopterygii,Perciformes,Centrarchidae,Micropterus,Micropterus salmoides,Micropterus salmoides,4.81E+00,63.3,35,0,"Moss, Scott 1961","Acclimated to gradual hypoxia, stated D.O. equals mean.",0
Animalia,Chordata,Actinopterygii,Perciformes,Centrarchidae,Micropterus,Micropterus salmoides,Micropterus salmoides,4.47E+00,71.2,35,0,"Moss, Scott 1961","Acclimated to gradual hypoxia, stated D.O. equals mean.",0
Animalia,Chordata,Actinopterygii,Perciformes,Centrarchidae,Micropterus,Micropterus salmoides,Micropterus salmoides,4.69E+00,73.5,35,0,"Moss, Scott 1961","Acclimated to gradual hypoxia, stated D.O. equals mean.",0
Animalia,Chordata,Actinopterygii,Siluriformes,Ictaluridae,Ameiurus,Ictalurus nebulosus,Ameiurus nebulosus,3.80E+00,75,25,0,"Moss, Scott 1961","Acclimated to gradual hypoxia, stated D.O. equals mean.",0
Animalia,Chordata,Actinopterygii,Siluriformes,Ictaluridae,Ameiurus,Ictalurus nebulosus,Ameiurus nebulosus,4.03E+00,103.3,25,0,"Moss, Scott 1961","Acclimated to gradual hypoxia, stated D.O. equals mean.",0
Animalia,Chordata,Actinopterygii,Siluriformes,Ictaluridae,Ameiurus,Ictalurus nebulosus,Ameiurus nebulosus,4.78E+00,102.7,25,0,"Moss, Scott 1961","Acclimated to gradual hypoxia, stated D.O. equals mean.",0
Animalia,Chordata,Actinopterygii,Siluriformes,Ictaluridae,Ameiurus,Ictalurus nebulosus,Ameiurus nebulosus,3.31E+00,66.6,25,0,"Moss, Scott 1961","Acclimated to gradual hypoxia, stated D.O. equals mean.",0
Animalia,Chordata,Actinopterygii,Siluriformes,Ictaluridae,Ameiurus,Ictalurus nebulosus,Ameiurus nebulosus,1.89E+00,35.3,25,0,"Moss, Scott 1961","Acclimated to gradual hypoxia, stated D.O. equals mean.",0
Animalia,Chordata,Actinopterygii,Siluriformes,Ictaluridae,Ameiurus,Ictalurus nebulosus,Ameiurus nebulosus,3.23E+00,59,25,0,"Moss, Scott 1961","Acclimated to gradual hypoxia, stated D.O. equals mean.",0
Animalia,Chordata,Actinopterygii,Siluriformes,Ictaluridae,Ameiurus,Ictalurus nebulosus,Ameiurus nebulosus,9.56E-01,21.7,25,0,"Moss, Scott 1961","Acclimated to gradual hypoxia, stated D.O. equals mean.",0
Animalia,Chordata,Actinopterygii,Siluriformes,Ictaluridae,Ameiurus,Ictalurus nebulosus,Ameiurus nebulosus,9.56E-01,21.7,25,0,"Moss, Scott 1961","Acclimated to gradual hypoxia, stated D.O. equals mean.",0
Animalia,Chordata,Actinopterygii,Siluriformes,Ictaluridae,Ameiurus,Ictalurus nebulosus,Ameiurus nebulosus,9.75E-01,20.7,25,0,"Moss, Scott 1961","Acclimated to gradual hypoxia, stated D.O. equals mean.",0
Animalia,Chordata,Actinopterygii,Siluriformes,Ictaluridae,Ameiurus,Ictalurus nebulosus,Ameiurus nebulosus,1.67E+00,25.5,30,0,"Moss, Scott 1961","Acclimated to gradual hypoxia, stated D.O. equals mean.",0
Animalia,Chordata,Actinopterygii,Siluriformes,Ictaluridae,Ameiurus,Ictalurus nebulosus,Ameiurus nebulosus,2.19E+00,32.5,30,0,"Moss, Scott 1961","Acclimated to gradual hypoxia, stated D.O. equals mean.",0
Animalia,Chordata,Actinopterygii,Siluriformes,Ictaluridae,Ameiurus,Ictalurus nebulosus,Ameiurus nebulosus,2.05E+00,33.7,30,0,"Moss, Scott 1961","Acclimated to gradual hypoxia, stated D.O. equals mean.",0
Animalia,Chordata,Actinopterygii,Siluriformes,Ictaluridae,Ameiurus,Ictalurus nebulosus,Ameiurus nebulosus,4.56E+00,68.7,35,0,"Moss, Scott 1961","Acclimated to gradual hypoxia, stated D.O. equals mean.",0
Animalia,Chordata,Actinopterygii,Siluriformes,Ictaluridae,Ameiurus,Ictalurus nebulosus,Ameiurus nebulosus,3.86E+00,60,35,0,"Moss, Scott 1961","Acclimated to gradual hypoxia, stated D.O. equals mean.",0
Animalia,Chordata,Actinopterygii,Siluriformes,Ictaluridae,Ameiurus,Ictalurus nebulosus,Ameiurus nebulosus,1.22E+00,12.5,35,0,"Moss, Scott 1961","Acclimated to gradual hypoxia, stated D.O. equals mean.",0
Animalia,Chordata,Actinopterygii,Siluriformes,Ictaluridae,Ameiurus,Ictalurus nebulosus,Ameiurus nebulosus,1.48E+00,21.3,35,0,"Moss, Scott 1961","Acclimated to gradual hypoxia, stated D.O. equals mean.",0
Animalia,Chordata,Actinopterygii,Siluriformes,Ictaluridae,Ameiurus,Ictalurus nebulosus,Ameiurus nebulosus,2.53E+00,33.3,35,0,"Moss, Scott 1961","Acclimated to gradual hypoxia, stated D.O. equals mean.",0
Animalia,Chordata,Actinopterygii,Synbranchiformes,Synbranchidae,Synbranchus,Synbranchus marmoratus,Synbranchus marmoratus,5.89E+00,176,25,0,"Eduardo, Bicudo, Johansen 1979",Acute Hypoxic exposure,0
Animalia,Chordata,Actinopterygii,Synbranchiformes,Synbranchidae,Synbranchus,Synbranchus marmoratus,Synbranchus marmoratus,2.53E+00,163,25,0,"Eduardo, Bicudo, Johansen 1979",Acute Hypoxic exposure,0
Animalia,Chordata,Actinopterygii,Synbranchiformes,Synbranchidae,Synbranchus,Synbranchus marmoratus,Synbranchus marmoratus,3.86E+00,199,25,0,"Eduardo, Bicudo, Johansen 1979",Acute Hypoxic exposure,0
Animalia,Chordata,Actinopterygii,Synbranchiformes,Synbranchidae,Synbranchus,Synbranchus marmoratus,Synbranchus marmoratus,3.00E+00,109,25,0,"Eduardo, Bicudo, Johansen 1979",Acute Hypoxic exposure,0
Animalia,Chordata,Actinopterygii,Synbranchiformes,Synbranchidae,Synbranchus,Synbranchus marmoratus,Synbranchus marmoratus,2.12E+00,104,25,0,"Eduardo, Bicudo, Johansen 1979",Acute Hypoxic exposure,0
Animalia,Chordata,Actinopterygii,Synbranchiformes,Synbranchidae,Synbranchus,Synbranchus marmoratus,Synbranchus marmoratus,1.86E+00,84,25,0,"Eduardo, Bicudo, Johansen 1979",Acute Hypoxic exposure,0
Animalia,Chordata,Actinopterygii,Siluriformes,Bagridae,Mystus,Mystus gulio,Mystus gulio,5.56E-01,12,27,0,Natarajan 1979,Aerial access denied,0
Animalia,Chordata,Actinopterygii,Perciformes,Channidae,Channa,Channa striatus,Channa striata,6.90E-01,20,30,0,Natarajan 1980a,Aerial access denied,0
Animalia,Chordata,Actinopterygii,Perciformes,Osphronemidae,Osphronemus,Osphronemus olfax,Osphronemus goramy,6.15E-01,12.5,28,0,Natarajan 1980b,Aerial access denied,0
Animalia,Chordata,Actinopterygii,Salmoniformes,Salmonidae,Coregonus,Coregonus schinizi,Coregonus fera,5.53E-02,0.11,14,0,Dabrowski 1986,After exercise,0
Animalia,Chordata,Actinopterygii,Salmoniformes,Salmonidae,Coregonus,Coregonus schinizi,Coregonus fera,5.01E-02,0.11,14,0,Dabrowski 1986,After exercise,0
Animalia,Chordata,Actinopterygii,Salmoniformes,Salmonidae,Coregonus,Coregonus schinizi,Coregonus fera,4.48E-02,0.11,14,0,Dabrowski 1986,After exercise,0
Animalia,Chordata,Actinopterygii,Salmoniformes,Salmonidae,Coregonus,Coregonus schinizi,Coregonus fera,4.47E-02,0.11,14,0,Dabrowski 1986,After exercise,0
Animalia,Chordata,Actinopterygii,Salmoniformes,Salmonidae,Coregonus,Coregonus schinizi,Coregonus fera,4.28E-02,0.11,14,0,Dabrowski 1986,After exercise,0
Animalia,Chordata,Actinopterygii,Salmoniformes,Salmonidae,Coregonus,Coregonus schinizi,Coregonus fera,4.60E-02,0.11,14,0,Dabrowski 1986,After exercise,0
Animalia,Chordata,Actinopterygii,Salmoniformes,Salmonidae,Coregonus,Coregonus schinizi,Coregonus fera,4.52E-02,0.11,14,0,Dabrowski 1986,After exercise,0
Animalia,Chordata,Actinopterygii,Salmoniformes,Salmonidae,Coregonus,Coregonus schinizi,Coregonus fera,4.36E-02,0.11,14,0,Dabrowski 1986,After exercise,0
Animalia,Chordata,Actinopterygii,Salmoniformes,Salmonidae,Salmo,Salmo salar,Salmo salar,5.43E-02,0.13,22,0,Dabrowski 1986,After exercise,0
Animalia,Chordata,Actinopterygii,Salmoniformes,Salmonidae,Salmo,Salmo salar,Salmo salar,4.72E-02,0.13,22,0,Dabrowski 1986,After exercise,0
Animalia,Chordata,Actinopterygii,Salmoniformes,Salmonidae,Salmo,Salmo salar,Salmo salar,3.94E-02,0.13,22,0,Dabrowski 1986,After exercise,0
Animalia,Chordata,Actinopterygii,Salmoniformes,Salmonidae,Salmo,Salmo salar,Salmo salar,3.44E-02,0.13,22,0,Dabrowski 1986,After exercise,0
Animalia,Chordata,Actinopterygii,Salmoniformes,Salmonidae,Salmo,Salmo salar,Salmo salar,3.13E-02,0.13,22,0,Dabrowski 1986,After exercise,0
Animalia,Chordata,Actinopterygii,Salmoniformes,Salmonidae,Salmo,Salmo salar,Salmo salar,2.75E-02,0.13,22,0,Dabrowski 1986,After exercise,0
Animalia,Chordata,Actinopterygii,Siluriformes,Heteropneustidae,Heteropneustes,Heteropneustes fossilis,Heteropneustes fossilis,1.75E+00,45,27,0,Pandey 1978,Air breathing allowed,0
Animalia,Chordata,Actinopterygii,Siluriformes,Heteropneustidae,Heteropneustes,Heteropneustes fossilis,Heteropneustes fossilis,1.66E+00,45,24,0,Pandey 1978,Air breathing allowed,0
Animalia,Chordata,Actinopterygii,Siluriformes,Heteropneustidae,Heteropneustes,Heteropneustes fossilis,Heteropneustes fossilis,8.29E-01,45,18,0,Pandey 1978,Air breathing allowed,0
Animalia,Chordata,Actinopterygii,Siluriformes,Heteropneustidae,Heteropneustes,Heteropneustes fossilis,Heteropneustes fossilis,1.34E+00,45,20,0,Pandey 1978,Air breathing allowed,0
Animalia,Chordata,Actinopterygii,Siluriformes,Heteropneustidae,Heteropneustes,Heteropneustes fossilis,Heteropneustes fossilis,1.70E+00,45,23,0,Pandey 1978,Air breathing allowed,0
Animalia,Chordata,Actinopterygii,Siluriformes,Heteropneustidae,Heteropneustes,Heteropneustes fossilis,Heteropneustes fossilis,2.02E+00,45,26.5,0,Pandey 1978,Air breathing allowed,0
Animalia,Chordata,Actinopterygii,Siluriformes,Heteropneustidae,Heteropneustes,Heteropneustes fossilis,Heteropneustes fossilis,2.32E+00,45,30,0,Pandey 1978,Air breathing allowed,0
Animalia,Chordata,Actinopterygii,Siluriformes,Heteropneustidae,Heteropneustes,Heteropneustes fossilis,Heteropneustes fossilis,2.46E+00,45,32.5,0,Pandey 1978,Air breathing allowed,0
Animalia,Chordata,Actinopterygii,Siluriformes,Heteropneustidae,Heteropneustes,Heteropneustes fossilis,Heteropneustes fossilis,2.80E+00,45,33,0,Pandey 1978,Air breathing allowed,0
Animalia,Chordata,Actinopterygii,Siluriformes,Heteropneustidae,Heteropneustes,Heteropneustes fossilis,Heteropneustes fossilis,2.62E+00,45,30,0,Pandey 1978,Air breathing allowed,0
Animalia,Chordata,Actinopterygii,Siluriformes,Heteropneustidae,Heteropneustes,Heteropneustes fossilis,Heteropneustes fossilis,1.94E+00,45,30,0,Pandey 1978,Air breathing allowed,0
Animalia,Chordata,Actinopterygii,Siluriformes,Heteropneustidae,Heteropneustes,Heteropneustes fossilis,Heteropneustes fossilis,1.73E+00,45,30,0,Pandey 1978,Air breathing allowed,0
Animalia,Chordata,Actinopterygii,Siluriformes,Heteropneustidae,Heteropneustes,Heteropneustes fossilis,Heteropneustes fossilis,1.75E+00,45,27,0,Pandey 1978,Air breathing prevented,0
Animalia,Chordata,Actinopterygii,Siluriformes,Heteropneustidae,Heteropneustes,Heteropneustes fossilis,Heteropneustes fossilis,1.65E+00,45,24,0,Pandey 1978,Air breathing prevented,0
Animalia,Chordata,Actinopterygii,Siluriformes,Heteropneustidae,Heteropneustes,Heteropneustes fossilis,Heteropneustes fossilis,7.43E-01,45,18,0,Pandey 1978,Air breathing prevented,0
Animalia,Chordata,Actinopterygii,Siluriformes,Heteropneustidae,Heteropneustes,Heteropneustes fossilis,Heteropneustes fossilis,7.70E-01,45,20,0,Pandey 1978,Air breathing prevented,0
Animalia,Chordata,Actinopterygii,Siluriformes,Heteropneustidae,Heteropneustes,Heteropneustes fossilis,Heteropneustes fossilis,1.70E+00,45,23,0,Pandey 1978,Air breathing prevented,0
Animalia,Chordata,Actinopterygii,Siluriformes,Heteropneustidae,Heteropneustes,Heteropneustes fossilis,Heteropneustes fossilis,2.62E+00,45,26.5,0,Pandey 1978,Air breathing prevented,0
Animalia,Chordata,Actinopterygii,Siluriformes,Heteropneustidae,Heteropneustes,Heteropneustes fossilis,Heteropneustes fossilis,3.10E+00,45,30,0,Pandey 1978,Air breathing prevented,0
Animalia,Chordata,Actinopterygii,Siluriformes,Heteropneustidae,Heteropneustes,Heteropneustes fossilis,Heteropneustes fossilis,3.33E+00,45,32.5,0,Pandey 1978,Air breathing prevented,0
Animalia,Chordata,Actinopterygii,Siluriformes,Heteropneustidae,Heteropneustes,Heteropneustes fossilis,Heteropneustes fossilis,3.53E+00,45,33,0,Pandey 1978,Air breathing prevented,0
Animalia,Chordata,Actinopterygii,Siluriformes,Heteropneustidae,Heteropneustes,Heteropneustes fossilis,Heteropneustes fossilis,2.76E+00,45,30,0,Pandey 1978,Air breathing prevented,0
Animalia,Chordata,Actinopterygii,Siluriformes,Heteropneustidae,Heteropneustes,Heteropneustes fossilis,Heteropneustes fossilis,1.99E+00,45,30,0,Pandey 1978,Air breathing prevented,0
Animalia,Chordata,Actinopterygii,Siluriformes,Heteropneustidae,Heteropneustes,Heteropneustes fossilis,Heteropneustes fossilis,1.79E+00,45,30,0,Pandey 1978,Air breathing prevented,0
Animalia,Chordata,Actinopterygii,Perciformes,Anabantidae,Anabas,Anabas scandens,Anabas testudineus,4.47E-01,17.5,29,0,Natarajan 1978,Aquatic resp. access to air denied,0
Animalia,Chordata,Actinopterygii,Perciformes,Anabantidae,Anabas,Anabas scandens,Anabas testudineus,4.45E-01,17.5,29,0,Natarajan 1978,Aquatic resp. with aerial access,0
Animalia,Chordata,Actinopterygii,Siluriformes,Bagridae,Mystus,Mystus gulio,Mystus gulio,9.48E-01,12,27,0,Natarajan 1979,Aquatic resp. with aerial access,0
Animalia,Chordata,Actinopterygii,Perciformes,Channidae,Channa,Channa striatus,Channa striata,5.63E-01,20,30,0,Natarajan 1980a,Aquatic resp. with aerial access,0
Animalia,Chordata,Actinopterygii,Perciformes,Osphronemidae,Osphronemus,Osphronemus olfax,Osphronemus goramy,5.60E-01,12.5,28,0,Natarajan 1980b,Aquatic resp. with aerial access,0
Animalia,Chordata,Actinopterygii,Perciformes,Channidae,Channa,Channa gachua,Channa gachua,7.90E-01,20.5,28,0,"Ramasamy, Reddy 1978",Aquatic uptake with access to air,0
Animalia,Chordata,Actinopterygii,Salmoniformes,Salmonidae,Coregonus,Coregonus schinizi,Coregonus fera,3.72E-02,0.11,14,0,Dabrowski 1986,Before exercise,0
Animalia,Chordata,Actinopterygii,Salmoniformes,Salmonidae,Coregonus,Coregonus schinizi,Coregonus fera,3.34E-02,0.11,14,0,Dabrowski 1986,Before exercise,0
Animalia,Chordata,Actinopterygii,Salmoniformes,Salmonidae,Salmo,Salmo salar,Salmo salar,2.10E-02,0.13,22,0,Dabrowski 1986,Before exercise,0
Animalia,Chordata,Actinopterygii,Salmoniformes,Salmonidae,Salmo,Salmo salar,Salmo salar,3.74E-02,0.13,22,0,Dabrowski 1986,Before exercise,0
Animalia,Chordata,Actinopterygii,Salmoniformes,Salmonidae,Salmo,Salmo salar,Salmo salar,3.75E-02,0.13,22,0,Dabrowski 1986,Before exercise,0
Animalia,Chordata,Actinopterygii,Pleuronectiformes,Pleuronectidae,Pleuronectes,Pleuronectes platessa,Pleuronectes platessa,8.51E-01,33,10,0,"Jobling, Davies 1980",Before feeding,0
Animalia,Chordata,Actinopterygii,Pleuronectiformes,Pleuronectidae,Pleuronectes,Pleuronectes platessa,Pleuronectes platessa,6.94E-01,33,10,0,"Jobling, Davies 1980",Before feeding,0
Animalia,Chordata,Actinopterygii,Pleuronectiformes,Pleuronectidae,Pleuronectes,Pleuronectes platessa,Pleuronectes platessa,6.94E-01,33,10,0,"Jobling, Davies 1980",Before feeding,0
Animalia,Chordata,Actinopterygii,Gadiformes,Gadidae,Gadus,Gadus morhua,Gadus morhua,2.98E+00,61.41,7,0,"Soofiani, Hawkins 1982",Before feeding: above maintenance level,0
Animalia,Chordata,Actinopterygii,Gadiformes,Gadidae,Gadus,Gadus morhua,Gadus morhua,3.17E+00,50,10,0,"Soofiani, Hawkins 1982",Before feeding: above maintenance level,0
Animalia,Chordata,Actinopterygii,Gadiformes,Gadidae,Gadus,Gadus morhua,Gadus morhua,3.88E+00,54.3,15,0,"Soofiani, Hawkins 1982",Before feeding: above maintenance level,0
Animalia,Chordata,Actinopterygii,Gadiformes,Gadidae,Gadus,Gadus morhua,Gadus morhua,3.08E+00,40.6,18,0,"Soofiani, Hawkins 1982",Before feeding: above maintenance level,0
Animalia,Chordata,Actinopterygii,Gadiformes,Gadidae,Gadus,Gadus morhua,Gadus morhua,4.28E+00,82.9,7,0,"Soofiani, Hawkins 1982",Before feeding: below maintenance level,0
Animalia,Chordata,Actinopterygii,Gadiformes,Gadidae,Gadus,Gadus morhua,Gadus morhua,2.71E+00,41.2,10,0,"Soofiani, Hawkins 1982",Before feeding: below maintenance level,0
Animalia,Chordata,Actinopterygii,Gadiformes,Gadidae,Gadus,Gadus morhua,Gadus morhua,2.61E+00,29.3,15,0,"Soofiani, Hawkins 1982",Before feeding: below maintenance level,0
Animalia,Chordata,Actinopterygii,Gadiformes,Gadidae,Gadus,Gadus morhua,Gadus morhua,5.64E+00,74.3,18,0,"Soofiani, Hawkins 1982",Before feeding: below maintenance level,0
Animalia,Chordata,Actinopterygii,Gadiformes,Gadidae,Gadus,Gadus morhua,Gadus morhua,1.60E+00,36.6,7,0,"Soofiani, Hawkins 1982",Before feeding: maintenance level,0
Animalia,Chordata,Actinopterygii,Gadiformes,Gadidae,Gadus,Gadus morhua,Gadus morhua,3.58E+00,45.6,10,0,"Soofiani, Hawkins 1982",Before feeding: maintenance level,0
Animalia,Chordata,Actinopterygii,Gadiformes,Gadidae,Gadus,Gadus morhua,Gadus morhua,4.00E+00,46.2,15,0,"Soofiani, Hawkins 1982",Before feeding: maintenance level,0
Animalia,Chordata,Actinopterygii,Gadiformes,Gadidae,Gadus,Gadus morhua,Gadus morhua,4.80E+00,60,18,0,"Soofiani, Hawkins 1982",Before feeding: maintenance level,0
Animalia,Chordata,Actinopterygii,Gadiformes,Gadidae,Gadus,Gadus morhua,Gadus morhua,2.68E+00,60.85,7,0,"Soofiani, Hawkins 1982",Before feeding: satiation level,0
Animalia,Chordata,Actinopterygii,Gadiformes,Gadidae,Gadus,Gadus morhua,Gadus morhua,2.64E+00,42.4,10,0,"Soofiani, Hawkins 1982",Before feeding: satiation level,0
Animalia,Chordata,Actinopterygii,Gadiformes,Gadidae,Gadus,Gadus morhua,Gadus morhua,4.17E+00,51.2,15,0,"Soofiani, Hawkins 1982",Before feeding: satiation level,0
Animalia,Chordata,Actinopterygii,Gadiformes,Gadidae,Gadus,Gadus morhua,Gadus morhua,4.45E+00,61,18,0,"Soofiani, Hawkins 1982",Before feeding: satiation level,0
Animalia,Chordata,Actinopterygii,Gadiformes,Gadidae,Gadus,Gadus morhua,Gadus morhua,2.50E+00,59,7,0,"Soofiani, Hawkins 1982",Before feeding: unfed level,0
Animalia,Chordata,Actinopterygii,Gadiformes,Gadidae,Gadus,Gadus morhua,Gadus morhua,4.07E+00,61.3,10,0,"Soofiani, Hawkins 1982",Before feeding: unfed level,0
Animalia,Chordata,Actinopterygii,Gadiformes,Gadidae,Gadus,Gadus morhua,Gadus morhua,2.89E+00,39.4,15,0,"Soofiani, Hawkins 1982",Before feeding: unfed level,0
Animalia,Chordata,Actinopterygii,Gadiformes,Gadidae,Gadus,Gadus morhua,Gadus morhua,4.09E+00,56.1,18,0,"Soofiani, Hawkins 1982",Before feeding: unfed level,0
Animalia,Chordata,Actinopterygii,Perciformes,Osphronemidae,Trichogaster,Colisa fasciata,Trichogaster fasciata,9.81E-03,0.03,28,0,"Prasad, Singh 1984",Bimodal breathing,0
Animalia,Chordata,Actinopterygii,Perciformes,Osphronemidae,Trichogaster,Colisa fasciata,Trichogaster fasciata,1.36E-02,0.04,28,0,"Prasad, Singh 1984",Bimodal breathing,0
Animalia,Chordata,Actinopterygii,Perciformes,Osphronemidae,Trichogaster,Colisa fasciata,Trichogaster fasciata,9.46E-03,0.03,28,0,"Prasad, Singh 1984",Bimodal breathing,0
Animalia,Chordata,Actinopterygii,Perciformes,Osphronemidae,Trichogaster,Colisa fasciata,Trichogaster fasciata,9.65E-03,0.03,28,0,"Prasad, Singh 1984",Bimodal breathing,0
Animalia,Chordata,Actinopterygii,Perciformes,Osphronemidae,Trichogaster,Colisa fasciata,Trichogaster fasciata,1.40E-02,0.04,28,0,"Prasad, Singh 1984",Bimodal breathing,0
Animalia,Chordata,Actinopterygii,Perciformes,Osphronemidae,Trichogaster,Colisa fasciata,Trichogaster fasciata,1.33E-02,0.04,28,0,"Prasad, Singh 1984",Bimodal breathing,0
Animalia,Chordata,Actinopterygii,Perciformes,Osphronemidae,Trichogaster,Colisa fasciata,Trichogaster fasciata,1.49E-02,0.05,28,0,"Prasad, Singh 1984",Bimodal breathing,0
Animalia,Chordata,Actinopterygii,Perciformes,Osphronemidae,Trichogaster,Colisa fasciata,Trichogaster fasciata,1.54E-02,0.06,28,0,"Prasad, Singh 1984",Bimodal breathing,0
Animalia,Chordata,Actinopterygii,Perciformes,Osphronemidae,Trichogaster,Colisa fasciata,Trichogaster fasciata,1.33E-02,0.06,28,0,"Prasad, Singh 1984",Bimodal breathing,0
Animalia,Chordata,Actinopterygii,Perciformes,Osphronemidae,Trichogaster,Colisa fasciata,Trichogaster fasciata,1.26E-02,0.06,28,0,"Prasad, Singh 1984",Bimodal breathing,0
Animalia,Chordata,Actinopterygii,Perciformes,Osphronemidae,Trichogaster,Colisa fasciata,Trichogaster fasciata,1.60E-02,0.07,28,0,"Prasad, Singh 1984",Bimodal breathing,0
Animalia,Chordata,Actinopterygii,Perciformes,Osphronemidae,Trichogaster,Colisa fasciata,Trichogaster fasciata,1.51E-02,0.07,28,0,"Prasad, Singh 1984",Bimodal breathing,0
Animalia,Chordata,Actinopterygii,Perciformes,Osphronemidae,Trichogaster,Colisa fasciata,Trichogaster fasciata,2.00E-02,0.07,28,0,"Prasad, Singh 1984",Bimodal breathing,0
Animalia,Chordata,Actinopterygii,Perciformes,Osphronemidae,Trichogaster,Colisa fasciata,Trichogaster fasciata,2.71E-02,0.08,28,0,"Prasad, Singh 1984",Bimodal breathing,0
Animalia,Chordata,Actinopterygii,Perciformes,Osphronemidae,Trichogaster,Colisa fasciata,Trichogaster fasciata,3.00E-02,0.09,28,0,"Prasad, Singh 1984",Bimodal breathing,0
Animalia,Chordata,Actinopterygii,Perciformes,Osphronemidae,Trichogaster,Colisa fasciata,Trichogaster fasciata,3.29E-02,0.12,28,0,"Prasad, Singh 1984",Bimodal breathing,0
Animalia,Chordata,Actinopterygii,Perciformes,Osphronemidae,Trichogaster,Colisa fasciata,Trichogaster fasciata,3.46E-02,0.16,28,0,"Prasad, Singh 1984",Bimodal breathing,0
Animalia,Chordata,Actinopterygii,Perciformes,Osphronemidae,Trichogaster,Colisa fasciata,Trichogaster fasciata,3.09E-02,0.22,28,0,"Prasad, Singh 1984",Bimodal breathing,0
Animalia,Chordata,Actinopterygii,Perciformes,Osphronemidae,Trichogaster,Colisa fasciata,Trichogaster fasciata,3.22E-02,0.24,28,0,"Prasad, Singh 1984",Bimodal breathing,0
Animalia,Chordata,Actinopterygii,Perciformes,Osphronemidae,Trichogaster,Colisa fasciata,Trichogaster fasciata,4.38E-02,0.25,28,0,"Prasad, Singh 1984",Bimodal breathing,0
Animalia,Chordata,Actinopterygii,Perciformes,Osphronemidae,Trichogaster,Colisa fasciata,Trichogaster fasciata,3.99E-02,0.31,28,0,"Prasad, Singh 1984",Bimodal breathing,0
Animalia,Chordata,Actinopterygii,Perciformes,Osphronemidae,Trichogaster,Colisa fasciata,Trichogaster fasciata,4.66E-02,0.42,28,0,"Prasad, Singh 1984",Bimodal breathing,0
Animalia,Chordata,Actinopterygii,Perciformes,Osphronemidae,Trichogaster,Colisa fasciata,Trichogaster fasciata,3.30E-02,0.49,28,0,"Prasad, Singh 1984",Bimodal breathing,0
Animalia,Chordata,Actinopterygii,Perciformes,Osphronemidae,Trichogaster,Colisa fasciata,Trichogaster fasciata,4.76E-02,0.74,28,0,"Prasad, Singh 1984",Bimodal breathing,0
Animalia,Chordata,Actinopterygii,Perciformes,Osphronemidae,Trichogaster,Colisa fasciata,Trichogaster fasciata,4.85E-02,0.92,28,0,"Prasad, Singh 1984",Bimodal breathing,0
Animalia,Chordata,Actinopterygii,Synbranchiformes,Synbranchidae,Synbranchus,Synbranchus marmoratus,Synbranchus marmoratus,4.59E+00,190,25,0,"Eduardo, Bicudo, Johansen 1979",Chronic Hypoxic Exposure,0
Animalia,Chordata,Actinopterygii,Synbranchiformes,Synbranchidae,Synbranchus,Synbranchus marmoratus,Synbranchus marmoratus,3.36E+00,153,25,0,"Eduardo, Bicudo, Johansen 1979",Chronic Hypoxic Exposure,0
Animalia,Chordata,Actinopterygii,Synbranchiformes,Synbranchidae,Synbranchus,Synbranchus marmoratus,Synbranchus marmoratus,2.53E+00,98,25,0,"Eduardo, Bicudo, Johansen 1979",Chronic Hypoxic Exposure,0
Animalia,Chordata,Actinopterygii,Synbranchiformes,Synbranchidae,Synbranchus,Synbranchus marmoratus,Synbranchus marmoratus,2.98E+00,97,25,0,"Eduardo, Bicudo, Johansen 1979",Chronic Hypoxic Exposure,0
Animalia,Chordata,Actinopterygii,Synbranchiformes,Synbranchidae,Synbranchus,Synbranchus marmoratus,Synbranchus marmoratus,2.39E+00,76,25,0,"Eduardo, Bicudo, Johansen 1979",Chronic Hypoxic Exposure,0
Animalia,Chordata,Actinopterygii,Cypriniformes,Cyprinidae,Cirrhinus,Cirrhinus mrigala,Cirrhinus mrigala,1.33E-01,3.4,20,0,"Peer Mohamed, Gupta 1984",Control,0
Animalia,Chordata,Actinopterygii,Cypriniformes,Cyprinidae,Cirrhinus,Cirrhinus mrigala,Cirrhinus mrigala,1.76E-01,3.4,30,0,"Peer Mohamed, Gupta 1984",Control,0
Animalia,Chordata,Actinopterygii,Salmoniformes,Salmonidae,Oncorhynchus,Oncorhynchus nerka,Oncorhynchus nerka,3.87E-01,9.51,15,0,Brett 1976,Day rate: ration = 0% wt/day,0
Animalia,Chordata,Actinopterygii,Salmoniformes,Salmonidae,Oncorhynchus,Oncorhynchus nerka,Oncorhynchus nerka,4.23E-01,10.21,10,0,Brett 1976,Day rate: ration = 0% wt/day,0
Animalia,Chordata,Actinopterygii,Salmoniformes,Salmonidae,Oncorhynchus,Oncorhynchus nerka,Oncorhynchus nerka,9.30E-01,11.62,15,0,Brett 1976,Day rate: ration = 1.55% wt/day,0
Animalia,Chordata,Actinopterygii,Salmoniformes,Salmonidae,Oncorhynchus,Oncorhynchus nerka,Oncorhynchus nerka,1.01E+00,12.72,10,0,Brett 1976,Day rate: ration = 1.55% wt/day,0
Animalia,Chordata,Actinopterygii,Salmoniformes,Salmonidae,Oncorhynchus,Oncorhynchus nerka,Oncorhynchus nerka,1.09E+00,15.21,10,0,Brett 1976,Day rate: ration = 2.80% wt/day,0
Animalia,Chordata,Actinopterygii,Salmoniformes,Salmonidae,Oncorhynchus,Oncorhynchus nerka,Oncorhynchus nerka,1.37E+00,14.37,15,0,Brett 1976,Day rate: ration = 2.85% wt/day,0
Animalia,Chordata,Actinopterygii,Salmoniformes,Salmonidae,Oncorhynchus,Oncorhynchus nerka,Oncorhynchus nerka,1.36E+00,16.94,10,0,Brett 1976,Day rate: ration = 3.85% wt/day,0
Animalia,Chordata,Actinopterygii,Salmoniformes,Salmonidae,Oncorhynchus,Oncorhynchus nerka,Oncorhynchus nerka,1.79E+00,19.27,15,0,Brett 1976,Day rate: ration = 3.90% wt/day,0
Animalia,Chordata,Actinopterygii,Salmoniformes,Salmonidae,Oncorhynchus,Oncorhynchus nerka,Oncorhynchus nerka,2.19E+00,18.52,15,0,Brett 1976,Day rate: ration = 3.95% wt/day,0
Animalia,Chordata,Actinopterygii,Salmoniformes,Salmonidae,Oncorhynchus,Oncorhynchus nerka,Oncorhynchus nerka,1.60E+00,15.71,10,0,Brett 1976,Day rate: ration = 4.50% wt/day,0
Animalia,Chordata,Actinopterygii,Salmoniformes,Salmonidae,Oncorhynchus,Oncorhynchus nerka,Oncorhynchus nerka,2.43E+00,20.1,15,0,Brett 1976,Day rate: ration = 4.85% wt/day,0
Animalia,Chordata,Actinopterygii,Anguilliformes,Anguillidae,Anguilla,Anguilla rostrata,Anguilla rostrata,7.45E-01,4.6,25,0,"Degani, Lee-Gallagher 1985",Developed elvers,0
Animalia,Chordata,Actinopterygii,Anguilliformes,Anguillidae,Anguilla,Anguilla rostrata,Anguilla rostrata,3.84E-01,5.41,20,0,"Degani, Lee-Gallagher 1985",Developed elvers,0
Animalia,Chordata,Actinopterygii,Anguilliformes,Anguillidae,Anguilla,Anguilla rostrata,Anguilla rostrata,1.95E-01,4.82,15,0,"Degani, Lee-Gallagher 1985",Developed elvers,0
Animalia,Chordata,Actinopterygii,Gadiformes,Gadidae,Gadus,Gadus morhua,Gadus morhua,4.20E+00,61.41,7,0,"Soofiani, Hawkins 1982",During feeding: above maintenance level,0
Animalia,Chordata,Actinopterygii,Gadiformes,Gadidae,Gadus,Gadus morhua,Gadus morhua,4.51E+00,50,10,0,"Soofiani, Hawkins 1982",During feeding: above maintenance level,0
Animalia,Chordata,Actinopterygii,Gadiformes,Gadidae,Gadus,Gadus morhua,Gadus morhua,6.68E+00,54.3,15,0,"Soofiani, Hawkins 1982",During feeding: above maintenance level,0
Animalia,Chordata,Actinopterygii,Gadiformes,Gadidae,Gadus,Gadus morhua,Gadus morhua,5.76E+00,40.6,18,0,"Soofiani, Hawkins 1982",During feeding: above maintenance level,0
Animalia,Chordata,Actinopterygii,Gadiformes,Gadidae,Gadus,Gadus morhua,Gadus morhua,4.32E+00,82.9,7,0,"Soofiani, Hawkins 1982",During feeding: below maintenance level,0
Animalia,Chordata,Actinopterygii,Gadiformes,Gadidae,Gadus,Gadus morhua,Gadus morhua,3.17E+00,41.2,10,0,"Soofiani, Hawkins 1982",During feeding: below maintenance level,0
Animalia,Chordata,Actinopterygii,Gadiformes,Gadidae,Gadus,Gadus morhua,Gadus morhua,3.32E+00,29.3,15,0,"Soofiani, Hawkins 1982",During feeding: below maintenance level,0
Animalia,Chordata,Actinopterygii,Gadiformes,Gadidae,Gadus,Gadus morhua,Gadus morhua,6.77E+00,74.3,18,0,"Soofiani, Hawkins 1982",During feeding: below maintenance level,0
Animalia,Chordata,Actinopterygii,Gadiformes,Gadidae,Gadus,Gadus morhua,Gadus morhua,2.50E+00,36.6,7,0,"Soofiani, Hawkins 1982",During feeding: maintenance level,0
Animalia,Chordata,Actinopterygii,Gadiformes,Gadidae,Gadus,Gadus morhua,Gadus morhua,3.88E+00,45.6,10,0,"Soofiani, Hawkins 1982",During feeding: maintenance level,0
Animalia,Chordata,Actinopterygii,Gadiformes,Gadidae,Gadus,Gadus morhua,Gadus morhua,5.33E+00,46.2,15,0,"Soofiani, Hawkins 1982",During feeding: maintenance level,0
Animalia,Chordata,Actinopterygii,Gadiformes,Gadidae,Gadus,Gadus morhua,Gadus morhua,6.78E+00,60,18,0,"Soofiani, Hawkins 1982",During feeding: maintenance level,0
Animalia,Chordata,Actinopterygii,Gadiformes,Gadidae,Gadus,Gadus morhua,Gadus morhua,5.18E+00,60.85,7,0,"Soofiani, Hawkins 1982",During feeding: satiation level,0
Animalia,Chordata,Actinopterygii,Gadiformes,Gadidae,Gadus,Gadus morhua,Gadus morhua,4.32E+00,42.4,10,0,"Soofiani, Hawkins 1982",During feeding: satiation level,0
Animalia,Chordata,Actinopterygii,Gadiformes,Gadidae,Gadus,Gadus morhua,Gadus morhua,8.27E+00,51.2,15,0,"Soofiani, Hawkins 1982",During feeding: satiation level,0
Animalia,Chordata,Actinopterygii,Gadiformes,Gadidae,Gadus,Gadus morhua,Gadus morhua,9.51E+00,61,18,0,"Soofiani, Hawkins 1982",During feeding: satiation level,0
Animalia,Chordata,Actinopterygii,Gadiformes,Gadidae,Gadus,Gadus morhua,Gadus morhua,2.43E+00,59,7,0,"Soofiani, Hawkins 1982",During feeding: unfed level,0
Animalia,Chordata,Actinopterygii,Gadiformes,Gadidae,Gadus,Gadus morhua,Gadus morhua,3.63E+00,61.3,10,0,"Soofiani, Hawkins 1982",During feeding: unfed level,0
Animalia,Chordata,Actinopterygii,Gadiformes,Gadidae,Gadus,Gadus morhua,Gadus morhua,2.91E+00,39.4,15,0,"Soofiani, Hawkins 1982",During feeding: unfed level,0
Animalia,Chordata,Actinopterygii,Gadiformes,Gadidae,Gadus,Gadus morhua,Gadus morhua,3.95E+00,56.1,18,0,"Soofiani, Hawkins 1982",During feeding: unfed level,0
Animalia,Chordata,Actinopterygii,Cypriniformes,Cyprinidae,Labeobarbus,Barbus aeneus,Labeobarbus aeneus,3.34E-01,7.4,10,0,Eccles 1985,Estimates derived from model by author,0
Animalia,Chordata,Actinopterygii,Cypriniformes,Cyprinidae,Labeobarbus,Barbus aeneus,Labeobarbus aeneus,4.81E-01,12.5,10,0,Eccles 1985,Estimates derived from model by author,0
Animalia,Chordata,Actinopterygii,Cypriniformes,Cyprinidae,Labeobarbus,Barbus aeneus,Labeobarbus aeneus,4.95E-01,18.8,10,0,Eccles 1985,Estimates derived from model by author,0
Animalia,Chordata,Actinopterygii,Cypriniformes,Cyprinidae,Labeobarbus,Barbus aeneus,Labeobarbus aeneus,8.00E-01,32.9,10,0,Eccles 1985,Estimates derived from model by author,0
Animalia,Chordata,Actinopterygii,Cypriniformes,Cyprinidae,Labeobarbus,Barbus aeneus,Labeobarbus aeneus,1.20E+00,62.1,10,0,Eccles 1985,Estimates derived from model by author,0
Animalia,Chordata,Actinopterygii,Cypriniformes,Cyprinidae,Labeobarbus,Barbus aeneus,Labeobarbus aeneus,1.89E+00,143.7,10,0,Eccles 1985,Estimates derived from model by author,0
Animalia,Chordata,Actinopterygii,Cypriniformes,Cyprinidae,Labeobarbus,Barbus aeneus,Labeobarbus aeneus,2.80E+00,325.5,10,0,Eccles 1985,Estimates derived from model by author,0
Animalia,Chordata,Actinopterygii,Cypriniformes,Cyprinidae,Labeobarbus,Barbus aeneus,Labeobarbus aeneus,5.10E-01,7.4,15,0,Eccles 1985,Estimates derived from model by author,0
Animalia,Chordata,Actinopterygii,Cypriniformes,Cyprinidae,Labeobarbus,Barbus aeneus,Labeobarbus aeneus,7.15E-01,12.5,15,0,Eccles 1985,Estimates derived from model by author,0
Animalia,Chordata,Actinopterygii,Cypriniformes,Cyprinidae,Labeobarbus,Barbus aeneus,Labeobarbus aeneus,8.57E-01,18.8,15,0,Eccles 1985,Estimates derived from model by author,0
Animalia,Chordata,Actinopterygii,Cypriniformes,Cyprinidae,Labeobarbus,Barbus aeneus,Labeobarbus aeneus,1.35E+00,32.9,15,0,Eccles 1985,Estimates derived from model by author,0
Animalia,Chordata,Actinopterygii,Cypriniformes,Cyprinidae,Labeobarbus,Barbus aeneus,Labeobarbus aeneus,2.11E+00,62.1,15,0,Eccles 1985,Estimates derived from model by author,0
Animalia,Chordata,Actinopterygii,Cypriniformes,Cyprinidae,Labeobarbus,Barbus aeneus,Labeobarbus aeneus,3.64E+00,143.7,15,0,Eccles 1985,Estimates derived from model by author,0
Animalia,Chordata,Actinopterygii,Cypriniformes,Cyprinidae,Labeobarbus,Barbus aeneus,Labeobarbus aeneus,6.92E+00,325.5,15,0,Eccles 1985,Estimates derived from model by author,0
Animalia,Chordata,Actinopterygii,Cypriniformes,Cyprinidae,Labeobarbus,Barbus aeneus,Labeobarbus aeneus,6.86E-01,7.4,20,0,Eccles 1985,Estimates derived from model by author,0
Animalia,Chordata,Actinopterygii,Cypriniformes,Cyprinidae,Labeobarbus,Barbus aeneus,Labeobarbus aeneus,9.56E-01,12.5,20,0,Eccles 1985,Estimates derived from model by author,0
Animalia,Chordata,Actinopterygii,Cypriniformes,Cyprinidae,Labeobarbus,Barbus aeneus,Labeobarbus aeneus,1.27E+00,18.8,20,0,Eccles 1985,Estimates derived from model by author,0
Animalia,Chordata,Actinopterygii,Cypriniformes,Cyprinidae,Labeobarbus,Barbus aeneus,Labeobarbus aeneus,1.97E+00,32.9,20,0,Eccles 1985,Estimates derived from model by author,0
Animalia,Chordata,Actinopterygii,Cypriniformes,Cyprinidae,Labeobarbus,Barbus aeneus,Labeobarbus aeneus,3.18E+00,62.1,20,0,Eccles 1985,Estimates derived from model by author,0
Animalia,Chordata,Actinopterygii,Cypriniformes,Cyprinidae,Labeobarbus,Barbus aeneus,Labeobarbus aeneus,5.82E+00,143.7,20,0,Eccles 1985,Estimates derived from model by author,0
Animalia,Chordata,Actinopterygii,Cypriniformes,Cyprinidae,Labeobarbus,Barbus aeneus,Labeobarbus aeneus,1.34E+01,325.5,20,0,Eccles 1985,Estimates derived from model by author,0
Animalia,Chordata,Actinopterygii,Cypriniformes,Cyprinidae,Labeobarbus,Barbus aeneus,Labeobarbus aeneus,8.62E-01,7.4,25,0,Eccles 1985,Estimates derived from model by author,0
Animalia,Chordata,Actinopterygii,Cypriniformes,Cyprinidae,Labeobarbus,Barbus aeneus,Labeobarbus aeneus,1.19E+00,12.5,25,0,Eccles 1985,Estimates derived from model by author,0
Animalia,Chordata,Actinopterygii,Cypriniformes,Cyprinidae,Labeobarbus,Barbus aeneus,Labeobarbus aeneus,1.70E+00,18.8,25,0,Eccles 1985,Estimates derived from model by author,0
Animalia,Chordata,Actinopterygii,Cypriniformes,Cyprinidae,Labeobarbus,Barbus aeneus,Labeobarbus aeneus,2.62E+00,32.9,25,0,Eccles 1985,Estimates derived from model by author,0
Animalia,Chordata,Actinopterygii,Cypriniformes,Cyprinidae,Labeobarbus,Barbus aeneus,Labeobarbus aeneus,4.37E+00,62.1,25,0,Eccles 1985,Estimates derived from model by author,0
Animalia,Chordata,Actinopterygii,Cypriniformes,Cyprinidae,Labeobarbus,Barbus aeneus,Labeobarbus aeneus,8.37E+00,143.7,25,0,Eccles 1985,Estimates derived from model by author,0
Animalia,Chordata,Actinopterygii,Cypriniformes,Cyprinidae,Labeobarbus,Barbus aeneus,Labeobarbus aeneus,2.21E+01,325.5,25,0,Eccles 1985,Estimates derived from model by author,0
Animalia,Chordata,Actinopterygii,Perciformes,Centrarchidae,Lepomis,Lepomis macrochirus,Lepomis macrochirus,1.27E+00,9.6,25,0,O'Hara 1971,Exposed to 0.1 mg/l Cu for 6 days,0
Animalia,Chordata,Actinopterygii,Perciformes,Centrarchidae,Lepomis,Lepomis macrochirus,Lepomis macrochirus,1.34E+00,10.1,25,0,O'Hara 1971,Exposed to 0.3 mg/l Cu for 6 days,0
Animalia,Chordata,Actinopterygii,Perciformes,Centrarchidae,Lepomis,Lepomis macrochirus,Lepomis macrochirus,1.61E+00,11.1,25,0,O'Hara 1971,Exposed to 0.5 mg/l Cu for 24 h,0
Animalia,Chordata,Actinopterygii,Perciformes,Centrarchidae,Lepomis,Lepomis macrochirus,Lepomis macrochirus,1.52E+00,10.4,25,0,O'Hara 1971,Exposed to 0.5 mg/l Cu for 6 days,0
Animalia,Chordata,Actinopterygii,Perciformes,Centrarchidae,Lepomis,Lepomis macrochirus,Lepomis macrochirus,1.61E+00,10.2,25,0,O'Hara 1971,Exposed to 1.0 mg/l Cu for 24 h,0
Animalia,Chordata,Actinopterygii,Perciformes,Centrarchidae,Lepomis,Lepomis macrochirus,Lepomis macrochirus,1.43E+00,9.3,25,0,O'Hara 1971,Exposed to 1.0 mg/l Cu for 6 days,0
Animalia,Chordata,Actinopterygii,Perciformes,Centrarchidae,Lepomis,Lepomis macrochirus,Lepomis macrochirus,1.35E+00,10.7,25,0,O'Hara 1971,Exposed to 2.0 mg/l Cu for 24 h,0
Animalia,Chordata,Actinopterygii,Perciformes,Centrarchidae,Lepomis,Lepomis macrochirus,Lepomis macrochirus,1.36E+00,7.1,25,0,O'Hara 1971,Exposed to 2.0 mg/l Cu for 6 days,0
Animalia,Chordata,Actinopterygii,Perciformes,Centrarchidae,Lepomis,Lepomis macrochirus,Lepomis macrochirus,1.38E+00,9.2,25,0,O'Hara 1971,Exposed to 3.0 mg/l Cu for 24 h,0
Animalia,Chordata,Actinopterygii,Perciformes,Centrarchidae,Lepomis,Lepomis macrochirus,Lepomis macrochirus,1.39E+00,9.2,25,0,O'Hara 1971,Exposed to 3.0 mg/l Cu for 6 days,0
Animalia,Chordata,Actinopterygii,Perciformes,Centrarchidae,Lepomis,Lepomis macrochirus,Lepomis macrochirus,1.41E+00,9.2,25,0,O'Hara 1971,Exposed to 4.0 mg/l Cu for 24 h,0
Animalia,Chordata,Actinopterygii,Perciformes,Centrarchidae,Lepomis,Lepomis macrochirus,Lepomis macrochirus,1.07E+00,6.4,25,0,O'Hara 1971,Exposed to 5.0 mg/l Cu for 24 h,0
Animalia,Chordata,Actinopterygii,Cypriniformes,Cyprinidae,Cirrhinus,Cirrhinus mrigala,Cirrhinus mrigala,1.71E-01,3.4,20,0,"Peer Mohamed, Gupta 1984",Exposed to ethyl parathion for 24 h,0
Animalia,Chordata,Actinopterygii,Cypriniformes,Cyprinidae,Cirrhinus,Cirrhinus mrigala,Cirrhinus mrigala,2.31E-01,3.4,30,0,"Peer Mohamed, Gupta 1984",Exposed to ethyl parathion for 24 h,0
Animalia,Chordata,Actinopterygii,Cypriniformes,Cyprinidae,Cirrhinus,Cirrhinus mrigala,Cirrhinus mrigala,2.37E-01,3.4,20,0,"Peer Mohamed, Gupta 1984",Exposed to ethyl parathion for 48 h,0
Animalia,Chordata,Actinopterygii,Cypriniformes,Cyprinidae,Cirrhinus,Cirrhinus mrigala,Cirrhinus mrigala,3.00E-01,3.4,30,0,"Peer Mohamed, Gupta 1984",Exposed to ethyl parathion for 48 h,0
Animalia,Chordata,Actinopterygii,Mugiliformes,Mugilidae,Mugil,Mugil cephalus,Mugil cephalus,3.71E+01,140,20,0,Moore 1976,Fall,0
Animalia,Chordata,Actinopterygii,Mugiliformes,Mugilidae,Mugil,Mugil curema,Mugil curema,3.73E+01,140,20,0,Moore 1976,Fall,0
Animalia,Chordata,Actinopterygii,Salmoniformes,Salmonidae,Salvelinus,Salvelinus fontinalis,Salvelinus fontinalis,6.58E+00,100,10,0,Beamish 1964,Fed,0
Animalia,Chordata,Actinopterygii,Cypriniformes,Catostomidae,Catostomus,Catostomus commersoni,Catostomus commersonii,7.09E+00,100,20,0,Beamish 1964,Fed,0
Animalia,Chordata,Actinopterygii,Cypriniformes,Catostomidae,Catostomus,Catostomus commersoni,Catostomus commersonii,4.66E+00,100,10,0,Beamish 1964,Fed,0
Animalia,Chordata,Actinopterygii,Cypriniformes,Catostomidae,Catostomus,Catostomus commersoni,Catostomus commersonii,4.46E+00,100,10,0,Beamish 1964,Fed,0
Animalia,Chordata,Actinopterygii,Cypriniformes,Catostomidae,Catostomus,Catostomus commersoni,Catostomus commersonii,3.14E+00,100,10,0,Beamish 1964,Fed,0
Animalia,Chordata,Actinopterygii,Perciformes,Serranidae,Centropristis,Centropristis striata,Centropristis striata,1.00E+01,86,25,0,"Hoss, Peters, Hettler, Clements 1978",Fed,0
Animalia,Chordata,Actinopterygii,Perciformes,Serranidae,Centropristis,Centropristis striata,Centropristis striata,9.84E+00,108,25,0,"Hoss, Peters, Hettler, Clements 1978",Fed,0
Animalia,Chordata,Actinopterygii,Osmeriformes,Lepidogalaxiidae,Lepidogalaxias,Lepidogalaxias salamandr,,3.43E-02,0.22,20,0,Pusey 1986,Fed control,0
Animalia,Chordata,Actinopterygii,Osmeriformes,Lepidogalaxiidae,Lepidogalaxias,Lepidogalaxias salamandr,,1.57E-02,0.26,20,0,Pusey 1986,Fed control,0
Animalia,Chordata,Actinopterygii,Osmeriformes,Lepidogalaxiidae,Lepidogalaxias,Lepidogalaxias salamandr,,2.86E-02,0.33,20,0,Pusey 1986,Fed control,0
Animalia,Chordata,Actinopterygii,Osmeriformes,Lepidogalaxiidae,Lepidogalaxias,Lepidogalaxias salamandr,,2.82E-02,0.35,20,0,Pusey 1986,Fed control,0
Animalia,Chordata,Actinopterygii,Osmeriformes,Lepidogalaxiidae,Lepidogalaxias,Lepidogalaxias salamandr,,1.97E-02,0.37,20,0,Pusey 1986,Fed control,0
Animalia,Chordata,Actinopterygii,Osmeriformes,Lepidogalaxiidae,Lepidogalaxias,Lepidogalaxias salamandr,,1.90E-02,0.43,20,0,Pusey 1986,Fed control,0
Animalia,Chordata,Actinopterygii,Osmeriformes,Lepidogalaxiidae,Lepidogalaxias,Lepidogalaxias salamandr,,2.99E-02,0.48,20,0,Pusey 1986,Fed control,0
Animalia,Chordata,Actinopterygii,Osmeriformes,Lepidogalaxiidae,Lepidogalaxias,Lepidogalaxias salamandr,,3.92E-02,0.82,20,0,Pusey 1986,Fed control,0
Animalia,Chordata,Actinopterygii,Osmeriformes,Lepidogalaxiidae,Lepidogalaxias,Lepidogalaxias salamandr,,4.19E-02,0.86,20,0,Pusey 1986,Fed control,0
Animalia,Chordata,Actinopterygii,Osmeriformes,Lepidogalaxiidae,Lepidogalaxias,Lepidogalaxias salamandr,,4.32E-02,0.87,20,0,Pusey 1986,Fed control,0
Animalia,Chordata,Actinopterygii,Osmeriformes,Lepidogalaxiidae,Lepidogalaxias,Lepidogalaxias salamandr,,2.51E-02,0.93,20,0,Pusey 1986,Fed control,0
Animalia,Chordata,Actinopterygii,Osmeriformes,Lepidogalaxiidae,Lepidogalaxias,Lepidogalaxias salamandr,,3.14E-02,1.2,20,0,Pusey 1986,Fed control,0
Animalia,Chordata,Actinopterygii,Osmeriformes,Lepidogalaxiidae,Lepidogalaxias,Lepidogalaxias salamandr,,3.90E-02,1.2,20,0,Pusey 1986,Fed control,0
Animalia,Chordata,Actinopterygii,Pleuronectiformes,Scophthalmidae,Scophthalmus,Scophthalmus maximus,Scophthalmus maximus,2.19E-01,4,7.5,0,"Brown, Jones, Matty 1984","Fed, N determinations on all fish in hatchery tank",0
Animalia,Chordata,Actinopterygii,Pleuronectiformes,Scophthalmidae,Scophthalmus,Scophthalmus maximus,Scophthalmus maximus,8.22E-01,20,7.5,0,"Brown, Jones, Matty 1984","Fed, N determinations on all fish in hatchery tank",0
Animalia,Chordata,Actinopterygii,Pleuronectiformes,Scophthalmidae,Scophthalmus,Scophthalmus maximus,Scophthalmus maximus,4.61E+00,177,7.5,0,"Brown, Jones, Matty 1984","Fed, N determinations on all fish in hatchery tank",0
Animalia,Chordata,Actinopterygii,Pleuronectiformes,Scophthalmidae,Scophthalmus,Scophthalmus maximus,Scophthalmus maximus,5.15E+00,186,7.5,0,"Brown, Jones, Matty 1984","Fed, N determinations on all fish in hatchery tank",0
Animalia,Chordata,Actinopterygii,Pleuronectiformes,Scophthalmidae,Scophthalmus,Scophthalmus maximus,Scophthalmus maximus,1.31E+01,660,7.5,0,"Brown, Jones, Matty 1984","Fed, N determinations on all fish in hatchery tank",0
Animalia,Chordata,Actinopterygii,Pleuronectiformes,Scophthalmidae,Scophthalmus,Scophthalmus maximus,Scophthalmus maximus,1.59E+01,686,7.5,0,"Brown, Jones, Matty 1984","Fed, N determinations on all fish in hatchery tank",0
Animalia,Chordata,Actinopterygii,Pleuronectiformes,Scophthalmidae,Scophthalmus,Scophthalmus maximus,Scophthalmus maximus,4.18E-01,5,9.5,0,"Brown, Jones, Matty 1984","Fed, N determinations on all fish in hatchery tank",0
Animalia,Chordata,Actinopterygii,Pleuronectiformes,Scophthalmidae,Scophthalmus,Scophthalmus maximus,Scophthalmus maximus,1.87E+00,30,9.5,0,"Brown, Jones, Matty 1984","Fed, N determinations on all fish in hatchery tank",0
Animalia,Chordata,Actinopterygii,Pleuronectiformes,Scophthalmidae,Scophthalmus,Scophthalmus maximus,Scophthalmus maximus,2.09E+00,45,9.5,0,"Brown, Jones, Matty 1984","Fed, N determinations on all fish in hatchery tank",0
Animalia,Chordata,Actinopterygii,Pleuronectiformes,Scophthalmidae,Scophthalmus,Scophthalmus maximus,Scophthalmus maximus,7.17E+00,165,9.5,0,"Brown, Jones, Matty 1984","Fed, N determinations on all fish in hatchery tank",0
Animalia,Chordata,Actinopterygii,Pleuronectiformes,Scophthalmidae,Scophthalmus,Scophthalmus maximus,Scophthalmus maximus,5.21E+00,195,9.5,0,"Brown, Jones, Matty 1984","Fed, N determinations on all fish in hatchery tank",0
Animalia,Chordata,Actinopterygii,Pleuronectiformes,Scophthalmidae,Scophthalmus,Scophthalmus maximus,Scophthalmus maximus,1.95E+01,690,9.5,0,"Brown, Jones, Matty 1984","Fed, N determinations on all fish in hatchery tank",0
Animalia,Chordata,Actinopterygii,Pleuronectiformes,Scophthalmidae,Scophthalmus,Scophthalmus maximus,Scophthalmus maximus,2.12E+01,1000,9.5,0,"Brown, Jones, Matty 1984","Fed, N determinations on all fish in hatchery tank",0
Animalia,Chordata,Actinopterygii,Pleuronectiformes,Scophthalmidae,Scophthalmus,Scophthalmus maximus,Scophthalmus maximus,4.62E-01,4,11.5,0,"Brown, Jones, Matty 1984","Fed, N determinations on all fish in hatchery tank",0
Animalia,Chordata,Actinopterygii,Pleuronectiformes,Scophthalmidae,Scophthalmus,Scophthalmus maximus,Scophthalmus maximus,4.34E+00,55,11.5,0,"Brown, Jones, Matty 1984","Fed, N determinations on all fish in hatchery tank",0
Animalia,Chordata,Actinopterygii,Pleuronectiformes,Scophthalmidae,Scophthalmus,Scophthalmus maximus,Scophthalmus maximus,6.64E+00,143,11.5,0,"Brown, Jones, Matty 1984","Fed, N determinations on all fish in hatchery tank",0
Animalia,Chordata,Actinopterygii,Pleuronectiformes,Scophthalmidae,Scophthalmus,Scophthalmus maximus,Scophthalmus maximus,1.15E+01,312,11.5,0,"Brown, Jones, Matty 1984","Fed, N determinations on all fish in hatchery tank",0
Animalia,Chordata,Actinopterygii,Pleuronectiformes,Scophthalmidae,Scophthalmus,Scophthalmus maximus,Scophthalmus maximus,2.45E+01,577,11.5,0,"Brown, Jones, Matty 1984","Fed, N determinations on all fish in hatchery tank",0
Animalia,Chordata,Actinopterygii,Pleuronectiformes,Scophthalmidae,Scophthalmus,Scophthalmus maximus,Scophthalmus maximus,2.64E+01,1000,11.5,0,"Brown, Jones, Matty 1984","Fed, N determinations on all fish in hatchery tank",0
Animalia,Chordata,Actinopterygii,Pleuronectiformes,Scophthalmidae,Scophthalmus,Scophthalmus maximus,Scophthalmus maximus,5.83E-01,4,13.5,0,"Brown, Jones, Matty 1984","Fed, N determinations on all fish in hatchery tank",0
Animalia,Chordata,Actinopterygii,Pleuronectiformes,Scophthalmidae,Scophthalmus,Scophthalmus maximus,Scophthalmus maximus,2.68E+00,28,13.5,0,"Brown, Jones, Matty 1984","Fed, N determinations on all fish in hatchery tank",0
Animalia,Chordata,Actinopterygii,Pleuronectiformes,Scophthalmidae,Scophthalmus,Scophthalmus maximus,Scophthalmus maximus,8.91E+00,123,13.5,0,"Brown, Jones, Matty 1984","Fed, N determinations on all fish in hatchery tank",0
Animalia,Chordata,Actinopterygii,Pleuronectiformes,Scophthalmidae,Scophthalmus,Scophthalmus maximus,Scophthalmus maximus,1.09E+01,148,13.5,0,"Brown, Jones, Matty 1984","Fed, N determinations on all fish in hatchery tank",0
Animalia,Chordata,Actinopterygii,Pleuronectiformes,Scophthalmidae,Scophthalmus,Scophthalmus maximus,Scophthalmus maximus,2.19E+01,482,13.5,0,"Brown, Jones, Matty 1984","Fed, N determinations on all fish in hatchery tank",0
Animalia,Chordata,Actinopterygii,Pleuronectiformes,Scophthalmidae,Scophthalmus,Scophthalmus maximus,Scophthalmus maximus,2.87E+01,1000,13.5,0,"Brown, Jones, Matty 1984","Fed, N determinations on all fish in hatchery tank",0
Animalia,Chordata,Actinopterygii,Pleuronectiformes,Scophthalmidae,Scophthalmus,Scophthalmus maximus,Scophthalmus maximus,9.88E-01,4,15.5,0,"Brown, Jones, Matty 1984","Fed, N determinations on all fish in hatchery tank",0
Animalia,Chordata,Actinopterygii,Pleuronectiformes,Scophthalmidae,Scophthalmus,Scophthalmus maximus,Scophthalmus maximus,3.83E+00,29,15.5,0,"Brown, Jones, Matty 1984","Fed, N determinations on all fish in hatchery tank",0
Animalia,Chordata,Actinopterygii,Pleuronectiformes,Scophthalmidae,Scophthalmus,Scophthalmus maximus,Scophthalmus maximus,5.37E+00,44,15.5,0,"Brown, Jones, Matty 1984","Fed, N determinations on all fish in hatchery tank",0
Animalia,Chordata,Actinopterygii,Pleuronectiformes,Scophthalmidae,Scophthalmus,Scophthalmus maximus,Scophthalmus maximus,1.74E+01,229,15.5,0,"Brown, Jones, Matty 1984","Fed, N determinations on all fish in hatchery tank",0
Animalia,Chordata,Actinopterygii,Pleuronectiformes,Scophthalmidae,Scophthalmus,Scophthalmus maximus,Scophthalmus maximus,4.95E+01,1000,15.5,0,"Brown, Jones, Matty 1984","Fed, N determinations on all fish in hatchery tank",0
Animalia,Chordata,Actinopterygii,Cypriniformes,Cyprinidae,Cyprinella,Notropis lutrensis,Cyprinella lutrensis,8.61E-02,1.7,10,0,"Anderson, Beitinger, Fitzpatrick, Zimmer 1980",Genotype ff,0
Animalia,Chordata,Actinopterygii,Cypriniformes,Cyprinidae,Cyprinella,Notropis lutrensis,Cyprinella lutrensis,8.10E-02,0.4,30,0,"Anderson, Beitinger, Fitzpatrick, Zimmer 1980",Genotype ff,0
Animalia,Chordata,Actinopterygii,Cypriniformes,Cyprinidae,Cyprinella,Notropis lutrensis,Cyprinella lutrensis,5.39E-02,0.76,10,0,"Anderson, Beitinger, Fitzpatrick, Zimmer 1980",Genotype fm,0
Animalia,Chordata,Actinopterygii,Cypriniformes,Cyprinidae,Cyprinella,Notropis lutrensis,Cyprinella lutrensis,1.70E-01,0.61,30,0,"Anderson, Beitinger, Fitzpatrick, Zimmer 1980",Genotype fm,0
Animalia,Chordata,Actinopterygii,Cypriniformes,Cyprinidae,Cyprinella,Notropis lutrensis,Cyprinella lutrensis,5.86E-02,0.89,10,0,"Anderson, Beitinger, Fitzpatrick, Zimmer 1980",Genotype fs,0
Animalia,Chordata,Actinopterygii,Cypriniformes,Cyprinidae,Cyprinella,Notropis lutrensis,Cyprinella lutrensis,5.67E-02,0.8,10,0,"Anderson, Beitinger, Fitzpatrick, Zimmer 1980",Genotype mm,0
Animalia,Chordata,Actinopterygii,Cypriniformes,Cyprinidae,Cyprinella,Notropis lutrensis,Cyprinella lutrensis,1.47E-01,0.5,30,0,"Anderson, Beitinger, Fitzpatrick, Zimmer 1980",Genotype mm,0
Animalia,Chordata,Actinopterygii,Cypriniformes,Cyprinidae,Cyprinella,Notropis lutrensis,Cyprinella lutrensis,6.03E-02,0.85,10,0,"Anderson, Beitinger, Fitzpatrick, Zimmer 1980",Genotype ms,0
Animalia,Chordata,Actinopterygii,Cypriniformes,Cyprinidae,Cyprinella,Notropis lutrensis,Cyprinella lutrensis,1.65E-01,0.57,30,0,"Anderson, Beitinger, Fitzpatrick, Zimmer 1980",Genotype ms,0
Animalia,Chordata,Actinopterygii,Cypriniformes,Cyprinidae,Cyprinella,Notropis lutrensis,Cyprinella lutrensis,5.99E-02,0.91,10,0,"Anderson, Beitinger, Fitzpatrick, Zimmer 1980",Genotype ss,0
Animalia,Chordata,Actinopterygii,Cypriniformes,Cyprinidae,Cyprinella,Notropis lutrensis,Cyprinella lutrensis,1.63E-01,0.51,30,0,"Anderson, Beitinger, Fitzpatrick, Zimmer 1980",Genotype ss,0
Animalia,Chordata,Elasmobranchii,Squaliformes,Squalidae,Squalus,Squalus acanthias,Squalus acanthias,5.13E+01,2060,10,0,"Brett, Blackburn 1978",Grouped fish,0
Animalia,Chordata,Actinopterygii,Cypriniformes,Cyprinidae,Labeo,Labeo calbasu,Labeo calbasu,4.05E-02,0.1,27.5,0,"Durve, Sharma 1977",Grouped fish,0
Animalia,Chordata,Actinopterygii,Cypriniformes,Cyprinidae,Labeo,Labeo calbasu,Labeo calbasu,3.54E-02,0.1,27.5,0,"Durve, Sharma 1977",Grouped fish,0
Animalia,Chordata,Actinopterygii,Cypriniformes,Cyprinidae,Labeo,Labeo calbasu,Labeo calbasu,4.07E-02,0.12,27.5,0,"Durve, Sharma 1977",Grouped fish,0
Animalia,Chordata,Actinopterygii,Cypriniformes,Cyprinidae,Labeo,Labeo calbasu,Labeo calbasu,5.09E-02,0.15,27.5,0,"Durve, Sharma 1977",Grouped fish,0
Animalia,Chordata,Actinopterygii,Cypriniformes,Cyprinidae,Labeo,Labeo calbasu,Labeo calbasu,6.06E-02,0.19,27.5,0,"Durve, Sharma 1977",Grouped fish,0
Animalia,Chordata,Actinopterygii,Cypriniformes,Cyprinidae,Labeo,Labeo calbasu,Labeo calbasu,6.99E-02,0.23,27.5,0,"Durve, Sharma 1977",Grouped fish,0
Animalia,Chordata,Actinopterygii,Cypriniformes,Cyprinidae,Labeo,Labeo calbasu,Labeo calbasu,9.08E-03,0.26,27.5,0,"Durve, Sharma 1977",Grouped fish,0
Animalia,Chordata,Actinopterygii,Cypriniformes,Cyprinidae,Labeo,Labeo calbasu,Labeo calbasu,8.66E-03,0.3,27.5,0,"Durve, Sharma 1977",Grouped fish,0
Animalia,Chordata,Actinopterygii,Beloniformes,Adrianichthyidae,Oryzias,Oryzias latipes,Oryzias latipes,7.51E-02,0.27,25,0,"Umezawa, Watanabe 1979",Grouped fish,0
Animalia,Chordata,Actinopterygii,Beloniformes,Adrianichthyidae,Oryzias,Oryzias latipes,Oryzias latipes,6.90E-02,0.27,25,0,"Umezawa, Watanabe 1979",Grouped fish,0
Animalia,Chordata,Actinopterygii,Beloniformes,Adrianichthyidae,Oryzias,Oryzias latipes,Oryzias latipes,1.20E-01,0.27,25,0,"Umezawa, Watanabe 1979",Grouped fish,0
Animalia,Chordata,Actinopterygii,Beloniformes,Adrianichthyidae,Oryzias,Oryzias latipes,Oryzias latipes,5.21E-02,0.27,25,0,"Umezawa, Watanabe 1979",Grouped fish,0
Animalia,Chordata,Actinopterygii,Beloniformes,Adrianichthyidae,Oryzias,Oryzias latipes,Oryzias latipes,5.71E-02,0.27,25,0,"Umezawa, Watanabe 1979",Grouped fish,0
Animalia,Chordata,Actinopterygii,Beloniformes,Adrianichthyidae,Oryzias,Oryzias latipes,Oryzias latipes,1.24E-01,0.27,25,0,"Umezawa, Watanabe 1979",Grouped fish,0
Animalia,Chordata,Actinopterygii,Beloniformes,Adrianichthyidae,Oryzias,Oryzias latipes,Oryzias latipes,1.36E-01,0.27,25,0,"Umezawa, Watanabe 1979",Grouped fish,0
Animalia,Chordata,Actinopterygii,Beloniformes,Adrianichthyidae,Oryzias,Oryzias latipes,Oryzias latipes,4.49E-02,0.27,25,0,"Umezawa, Watanabe 1979",Grouped fish,0
Animalia,Chordata,Actinopterygii,Beloniformes,Adrianichthyidae,Oryzias,Oryzias latipes,Oryzias latipes,6.44E-02,0.23,25,0,"Umezawa, Watanabe 1979",Grouped fish,0
Animalia,Chordata,Actinopterygii,Beloniformes,Adrianichthyidae,Oryzias,Oryzias latipes,Oryzias latipes,9.16E-02,0.24,25,0,"Umezawa, Watanabe 1979",Grouped fish,0
Animalia,Chordata,Actinopterygii,Beloniformes,Adrianichthyidae,Oryzias,Oryzias latipes,Oryzias latipes,8.88E-02,0.29,25,0,"Umezawa, Watanabe 1979",Grouped fish,0
Animalia,Chordata,Actinopterygii,Beloniformes,Adrianichthyidae,Oryzias,Oryzias latipes,Oryzias latipes,1.21E-01,0.3,25,0,"Umezawa, Watanabe 1979",Grouped fish,0
Animalia,Chordata,Actinopterygii,Beloniformes,Adrianichthyidae,Oryzias,Oryzias latipes,Oryzias latipes,8.22E-02,0.21,25,0,"Umezawa, Watanabe 1979",Grouped fish,0
Animalia,Chordata,Actinopterygii,Beloniformes,Adrianichthyidae,Oryzias,Oryzias latipes,Oryzias latipes,5.55E-02,0.21,25,0,"Umezawa, Watanabe 1979",Grouped fish,0
Animalia,Chordata,Actinopterygii,Beloniformes,Adrianichthyidae,Oryzias,Oryzias latipes,Oryzias latipes,1.09E-01,0.28,25,0,"Umezawa, Watanabe 1979",Grouped fish,0
Animalia,Chordata,Actinopterygii,Beloniformes,Adrianichthyidae,Oryzias,Oryzias latipes,Oryzias latipes,8.94E-02,0.21,25,0,"Umezawa, Watanabe 1979",Grouped fish,0
Animalia,Chordata,Actinopterygii,Beloniformes,Adrianichthyidae,Oryzias,Oryzias latipes,Oryzias latipes,8.14E-02,0.25,25,0,"Umezawa, Watanabe 1979",Grouped fish,0
Animalia,Chordata,Actinopterygii,Beloniformes,Adrianichthyidae,Oryzias,Oryzias latipes,Oryzias latipes,9.32E-02,0.27,25,0,"Umezawa, Watanabe 1979",Grouped fish,0
Animalia,Chordata,Actinopterygii,Beloniformes,Adrianichthyidae,Oryzias,Oryzias latipes,Oryzias latipes,7.59E-02,0.27,25,0,"Umezawa, Watanabe 1979",Grouped fish,0
Animalia,Chordata,Actinopterygii,Beloniformes,Adrianichthyidae,Oryzias,Oryzias latipes,Oryzias latipes,8.59E-02,0.27,25,0,"Umezawa, Watanabe 1979",Grouped fish,0
Animalia,Chordata,Actinopterygii,Perciformes,Centrarchidae,Lepomis,Lepomis macrochirus,Lepomis macrochirus,2.08E+00,23.6,19.7,0,"Wohlschlag, Juliano 1959","Grouped fish, Tested in April",0
Animalia,Chordata,Actinopterygii,Perciformes,Centrarchidae,Lepomis,Lepomis macrochirus,Lepomis macrochirus,1.14E+00,12.61,20.5,0,"Wohlschlag, Juliano 1959","Grouped fish, Tested in April",0
Animalia,Chordata,Actinopterygii,Perciformes,Centrarchidae,Lepomis,Lepomis macrochirus,Lepomis macrochirus,2.19E+00,23.22,21.9,0,"Wohlschlag, Juliano 1959","Grouped fish, Tested in April",0
Animalia,Chordata,Actinopterygii,Perciformes,Centrarchidae,Lepomis,Lepomis macrochirus,Lepomis macrochirus,4.42E+00,51.04,23,0,"Wohlschlag, Juliano 1959","Grouped fish, Tested in June",0
Animalia,Chordata,Actinopterygii,Perciformes,Centrarchidae,Lepomis,Lepomis macrochirus,Lepomis macrochirus,3.94E+00,81.08,14.8,0,"Wohlschlag, Juliano 1959","Grouped fish, Tested in March",0
Animalia,Chordata,Actinopterygii,Perciformes,Centrarchidae,Lepomis,Lepomis macrochirus,Lepomis macrochirus,1.93E+00,26.6,19,0,"Wohlschlag, Juliano 1959","Grouped fish, Tested in May",0
Animalia,Chordata,Actinopterygii,Perciformes,Centrarchidae,Lepomis,Lepomis macrochirus,Lepomis macrochirus,7.70E-01,9.11,20,0,"Wohlschlag, Juliano 1959","Grouped fish, Tested in May",0
Animalia,Chordata,Actinopterygii,Perciformes,Centrarchidae,Lepomis,Lepomis macrochirus,Lepomis macrochirus,7.81E-01,11.42,20,0,"Wohlschlag, Juliano 1959","Grouped fish, Tested in May",0
Animalia,Chordata,Actinopterygii,Perciformes,Centrarchidae,Lepomis,Lepomis macrochirus,Lepomis macrochirus,1.90E+00,19.85,21,0,"Wohlschlag, Juliano 1959","Grouped fish, Tested in May",0
Animalia,Chordata,Actinopterygii,Perciformes,Centrarchidae,Lepomis,Lepomis macrochirus,Lepomis macrochirus,3.19E+00,46.98,19.6,0,"Wohlschlag, Juliano 1959","Grouped fish, Tested in October",0
Animalia,Chordata,Actinopterygii,Perciformes,Centrarchidae,Lepomis,Lepomis macrochirus,Lepomis macrochirus,7.15E-01,4.44,22,0,"Wohlschlag, Juliano 1959","Grouped fish, Tested in September",0
Animalia,Chordata,Actinopterygii,Cypriniformes,Cyprinidae,Tinca,Tinca tinca,Tinca tinca,1.18E+01,541,16,0,"Jensen, Weber 1985",Hypercapnic,0
Animalia,Chordata,Actinopterygii,Cypriniformes,Cyprinidae,Tinca,Tinca tinca,Tinca tinca,1.19E+01,541,16,0,"Jensen, Weber 1985",Hypercapnic,0
Animalia,Chordata,Actinopterygii,Cypriniformes,Cyprinidae,Tinca,Tinca tinca,Tinca tinca,1.17E+01,541,16,0,"Jensen, Weber 1985",Hypercapnic,0
Animalia,Chordata,Actinopterygii,Beloniformes,Adrianichthyidae,Oryzias,Oryzias latipes,Oryzias latipes,1.28E-01,0.27,25,0,"Umezawa, Watanabe 1979",Isolated fish,0
Animalia,Chordata,Actinopterygii,Beloniformes,Adrianichthyidae,Oryzias,Oryzias latipes,Oryzias latipes,1.05E-01,0.27,25,0,"Umezawa, Watanabe 1979",Isolated fish,0
Animalia,Chordata,Actinopterygii,Beloniformes,Adrianichthyidae,Oryzias,Oryzias latipes,Oryzias latipes,1.05E-01,0.27,25,0,"Umezawa, Watanabe 1979",Isolated fish,0
Animalia,Chordata,Actinopterygii,Beloniformes,Adrianichthyidae,Oryzias,Oryzias latipes,Oryzias latipes,4.19E-02,0.27,25,0,"Umezawa, Watanabe 1979",Isolated fish,0
Animalia,Chordata,Actinopterygii,Beloniformes,Adrianichthyidae,Oryzias,Oryzias latipes,Oryzias latipes,1.46E-01,0.27,25,0,"Umezawa, Watanabe 1979",Isolated fish,0
Animalia,Chordata,Actinopterygii,Beloniformes,Adrianichthyidae,Oryzias,Oryzias latipes,Oryzias latipes,1.53E-01,0.27,25,0,"Umezawa, Watanabe 1979",Isolated fish,0
Animalia,Chordata,Actinopterygii,Beloniformes,Adrianichthyidae,Oryzias,Oryzias latipes,Oryzias latipes,5.76E-02,0.27,25,0,"Umezawa, Watanabe 1979",Isolated fish,0
Animalia,Chordata,Actinopterygii,Beloniformes,Adrianichthyidae,Oryzias,Oryzias latipes,Oryzias latipes,5.39E-02,0.27,25,0,"Umezawa, Watanabe 1979",Isolated fish,0
Animalia,Chordata,Actinopterygii,Beloniformes,Adrianichthyidae,Oryzias,Oryzias latipes,Oryzias latipes,5.21E-02,0.27,25,0,"Umezawa, Watanabe 1979",Isolated fish,0
Animalia,Chordata,Actinopterygii,Beloniformes,Adrianichthyidae,Oryzias,Oryzias latipes,Oryzias latipes,2.52E-02,0.27,25,0,"Umezawa, Watanabe 1979",Isolated fish,0
Animalia,Chordata,Actinopterygii,Beloniformes,Adrianichthyidae,Oryzias,Oryzias latipes,Oryzias latipes,8.24E-02,0.27,25,0,"Umezawa, Watanabe 1979",Isolated fish,0
Animalia,Chordata,Actinopterygii,Beloniformes,Adrianichthyidae,Oryzias,Oryzias latipes,Oryzias latipes,6.11E-02,0.27,25,0,"Umezawa, Watanabe 1979",Isolated fish,0
Animalia,Chordata,Actinopterygii,Beloniformes,Adrianichthyidae,Oryzias,Oryzias latipes,Oryzias latipes,8.78E-02,0.27,25,0,"Umezawa, Watanabe 1979",Isolated fish,0
Animalia,Chordata,Actinopterygii,Beloniformes,Adrianichthyidae,Oryzias,Oryzias latipes,Oryzias latipes,6.14E-02,0.27,25,0,"Umezawa, Watanabe 1979",Isolated fish,0
Animalia,Chordata,Actinopterygii,Beloniformes,Adrianichthyidae,Oryzias,Oryzias latipes,Oryzias latipes,6.56E-02,0.27,25,0,"Umezawa, Watanabe 1979",Isolated fish,0
Animalia,Chordata,Actinopterygii,Beloniformes,Adrianichthyidae,Oryzias,Oryzias latipes,Oryzias latipes,1.10E-01,0.27,25,0,"Umezawa, Watanabe 1979",Isolated fish,0
Animalia,Chordata,Actinopterygii,Beloniformes,Adrianichthyidae,Oryzias,Oryzias latipes,Oryzias latipes,1.21E-01,0.27,25,0,"Umezawa, Watanabe 1979",Isolated fish,0
Animalia,Chordata,Actinopterygii,Beloniformes,Adrianichthyidae,Oryzias,Oryzias latipes,Oryzias latipes,5.90E-02,0.27,25,0,"Umezawa, Watanabe 1979",Isolated fish,0
Animalia,Chordata,Actinopterygii,Beloniformes,Adrianichthyidae,Oryzias,Oryzias latipes,Oryzias latipes,9.07E-02,0.23,25,0,"Umezawa, Watanabe 1979",Isolated fish,0
Animalia,Chordata,Actinopterygii,Beloniformes,Adrianichthyidae,Oryzias,Oryzias latipes,Oryzias latipes,1.07E-01,0.24,25,0,"Umezawa, Watanabe 1979",Isolated fish,0
Animalia,Chordata,Actinopterygii,Beloniformes,Adrianichthyidae,Oryzias,Oryzias latipes,Oryzias latipes,1.20E-01,0.29,25,0,"Umezawa, Watanabe 1979",Isolated fish,0
Animalia,Chordata,Actinopterygii,Beloniformes,Adrianichthyidae,Oryzias,Oryzias latipes,Oryzias latipes,1.21E-01,0.3,25,0,"Umezawa, Watanabe 1979",Isolated fish,0
Animalia,Chordata,Actinopterygii,Beloniformes,Adrianichthyidae,Oryzias,Oryzias latipes,Oryzias latipes,8.39E-02,0.21,25,0,"Umezawa, Watanabe 1979",Isolated fish,0
Animalia,Chordata,Actinopterygii,Beloniformes,Adrianichthyidae,Oryzias,Oryzias latipes,Oryzias latipes,6.85E-02,0.21,25,0,"Umezawa, Watanabe 1979",Isolated fish,0
Animalia,Chordata,Actinopterygii,Beloniformes,Adrianichthyidae,Oryzias,Oryzias latipes,Oryzias latipes,1.30E-01,0.28,25,0,"Umezawa, Watanabe 1979",Isolated fish,0
Animalia,Chordata,Actinopterygii,Beloniformes,Adrianichthyidae,Oryzias,Oryzias latipes,Oryzias latipes,6.56E-02,0.21,25,0,"Umezawa, Watanabe 1979",Isolated fish,0
Animalia,Chordata,Actinopterygii,Beloniformes,Adrianichthyidae,Oryzias,Oryzias latipes,Oryzias latipes,7.55E-02,0.22,25,0,"Umezawa, Watanabe 1979",Isolated fish,0
Animalia,Chordata,Actinopterygii,Beloniformes,Adrianichthyidae,Oryzias,Oryzias latipes,Oryzias latipes,6.82E-02,0.25,25,0,"Umezawa, Watanabe 1979",Isolated fish,0
Animalia,Chordata,Actinopterygii,Beloniformes,Adrianichthyidae,Oryzias,Oryzias latipes,Oryzias latipes,6.96E-02,0.24,25,0,"Umezawa, Watanabe 1979",Isolated fish,0
Animalia,Chordata,Actinopterygii,Beloniformes,Adrianichthyidae,Oryzias,Oryzias latipes,Oryzias latipes,5.99E-02,0.27,25,0,"Umezawa, Watanabe 1979",Isolated fish,0
Animalia,Chordata,Actinopterygii,Beloniformes,Adrianichthyidae,Oryzias,Oryzias latipes,Oryzias latipes,1.36E-01,0.42,25,0,"Umezawa, Watanabe 1979",Isolated fish,0
Animalia,Chordata,Actinopterygii,Beloniformes,Adrianichthyidae,Oryzias,Oryzias latipes,Oryzias latipes,7.90E-02,0.26,25,0,"Umezawa, Watanabe 1979",Isolated fish,0
Animalia,Chordata,Actinopterygii,Beloniformes,Adrianichthyidae,Oryzias,Oryzias latipes,Oryzias latipes,7.43E-02,0.25,25,0,"Umezawa, Watanabe 1979",Isolated fish,0
Animalia,Chordata,Actinopterygii,Beloniformes,Adrianichthyidae,Oryzias,Oryzias latipes,Oryzias latipes,1.00E-01,0.24,25,0,"Umezawa, Watanabe 1979",Isolated fish,0
Animalia,Chordata,Actinopterygii,Beloniformes,Adrianichthyidae,Oryzias,Oryzias latipes,Oryzias latipes,7.86E-02,0.18,25,0,"Umezawa, Watanabe 1979",Isolated fish,0
Animalia,Chordata,Actinopterygii,Beloniformes,Adrianichthyidae,Oryzias,Oryzias latipes,Oryzias latipes,8.00E-02,0.24,25,0,"Umezawa, Watanabe 1979",Isolated fish,0
Animalia,Chordata,Actinopterygii,Beloniformes,Adrianichthyidae,Oryzias,Oryzias latipes,Oryzias latipes,9.59E-02,0.27,25,0,"Umezawa, Watanabe 1979",Isolated fish,0
Animalia,Chordata,Actinopterygii,Beloniformes,Adrianichthyidae,Oryzias,Oryzias latipes,Oryzias latipes,8.05E-02,0.27,25,0,"Umezawa, Watanabe 1979",Isolated fish,0
Animalia,Chordata,Actinopterygii,Beloniformes,Adrianichthyidae,Oryzias,Oryzias latipes,Oryzias latipes,9.13E-02,0.27,25,0,"Umezawa, Watanabe 1979",Isolated fish,0
Animalia,Chordata,Actinopterygii,Cypriniformes,Cyprinidae,Carassius,Carassius auratus,Carassius auratus,8.81E-01,9.3,23.1,0,"Ege, Krogh 1914",Mildly sedated,0
Animalia,Chordata,Actinopterygii,Cypriniformes,Cyprinidae,Carassius,Carassius auratus,Carassius auratus,9.00E-01,9.3,23.2,0,"Ege, Krogh 1914",Mildly sedated,0
Animalia,Chordata,Actinopterygii,Cypriniformes,Cyprinidae,Carassius,Carassius auratus,Carassius auratus,1.26E+00,9.3,28,0,"Ege, Krogh 1914",Mildly sedated,0
Animalia,Chordata,Actinopterygii,Cypriniformes,Cyprinidae,Carassius,Carassius auratus,Carassius auratus,1.29E+00,9.3,28.1,0,"Ege, Krogh 1914",Mildly sedated,0
Animalia,Chordata,Actinopterygii,Salmoniformes,Salmonidae,Oncorhynchus,Oncorhynchus nerka,Oncorhynchus nerka,4.20E-01,9.51,15,0,Brett 1976,Night rate: ration = 0% wt/day,0
Animalia,Chordata,Actinopterygii,Salmoniformes,Salmonidae,Oncorhynchus,Oncorhynchus nerka,Oncorhynchus nerka,3.63E-01,10.21,10,0,Brett 1976,Night rate: ration = 0% wt/day,0
Animalia,Chordata,Actinopterygii,Salmoniformes,Salmonidae,Oncorhynchus,Oncorhynchus nerka,Oncorhynchus nerka,8.24E-01,11.62,15,0,Brett 1976,Night rate: ration = 1.55% wt/day,0
Animalia,Chordata,Actinopterygii,Salmoniformes,Salmonidae,Oncorhynchus,Oncorhynchus nerka,Oncorhynchus nerka,7.28E-01,12.72,10,0,Brett 1976,Night rate: ration = 1.55% wt/day,0
Animalia,Chordata,Actinopterygii,Salmoniformes,Salmonidae,Oncorhynchus,Oncorhynchus nerka,Oncorhynchus nerka,1.01E+00,15.21,10,0,Brett 1976,Night rate: ration = 2.80% wt/day,0
Animalia,Chordata,Actinopterygii,Salmoniformes,Salmonidae,Oncorhynchus,Oncorhynchus nerka,Oncorhynchus nerka,1.24E+00,14.37,15,0,Brett 1976,Night rate: ration = 2.85% wt/day,0
Animalia,Chordata,Actinopterygii,Salmoniformes,Salmonidae,Oncorhynchus,Oncorhynchus nerka,Oncorhynchus nerka,1.24E+00,16.94,10,0,Brett 1976,Night rate: ration = 3.85% wt/day,0
Animalia,Chordata,Actinopterygii,Salmoniformes,Salmonidae,Oncorhynchus,Oncorhynchus nerka,Oncorhynchus nerka,1.73E+00,19.27,15,0,Brett 1976,Night rate: ration = 3.90% wt/day,0
Animalia,Chordata,Actinopterygii,Salmoniformes,Salmonidae,Oncorhynchus,Oncorhynchus nerka,Oncorhynchus nerka,2.06E+00,18.52,15,0,Brett 1976,Night rate: ration = 3.95% wt/day,0
Animalia,Chordata,Actinopterygii,Salmoniformes,Salmonidae,Oncorhynchus,Oncorhynchus nerka,Oncorhynchus nerka,1.40E+00,15.71,10,0,Brett 1976,Night rate: ration = 4.50% wt/day,0
Animalia,Chordata,Actinopterygii,Salmoniformes,Salmonidae,Oncorhynchus,Oncorhynchus nerka,Oncorhynchus nerka,2.15E+00,20.1,15,0,Brett 1976,Night rate: ration = 4.85% wt/day,0
Animalia,Chordata,Actinopterygii,Perciformes,Channidae,Channa,Channa gachua,Channa gachua,1.46E+00,20.5,28,0,"Ramasamy, Reddy 1978",No access to air,0
Animalia,Chordata,Actinopterygii,Siluriformes,Loricariidae,Ancistrus,Ancistrus chagresi,Ancistrus chagresi,1.46E+00,26,25,0,Graham 1983,Normoxia acclimated,0
Animalia,Chordata,Actinopterygii,Siluriformes,Loricariidae,Ancistrus,Ancistrus chagresi,Ancistrus chagresi,1.46E+00,26,25,0,Graham 1983,Normoxia acclimated,0
Animalia,Chordata,Actinopterygii,Siluriformes,Loricariidae,Ancistrus,Ancistrus chagresi,Ancistrus chagresi,1.49E+00,26,25,0,Graham 1983,Normoxia acclimated,0
Animalia,Chordata,Actinopterygii,Siluriformes,Loricariidae,Ancistrus,Ancistrus chagresi,Ancistrus chagresi,1.29E+00,26,25,0,Graham 1983,Normoxia acclimated,0
Animalia,Chordata,Actinopterygii,Siluriformes,Loricariidae,Ancistrus,Ancistrus chagresi,Ancistrus chagresi,1.37E+00,26,25,0,Graham 1983,Normoxia acclimated,0
Animalia,Chordata,Actinopterygii,Siluriformes,Loricariidae,Ancistrus,Ancistrus chagresi,Ancistrus chagresi,1.29E+00,26,25,0,Graham 1983,Normoxia acclimated,0
Animalia,Chordata,Actinopterygii,Siluriformes,Loricariidae,Ancistrus,Ancistrus chagresi,Ancistrus chagresi,1.47E+00,26,25,0,Graham 1983,Normoxia acclimated,0
Animalia,Chordata,Actinopterygii,Siluriformes,Loricariidae,Ancistrus,Ancistrus chagresi,Ancistrus chagresi,1.07E+00,26,25,0,Graham 1983,Normoxia acclimated,0
Animalia,Chordata,Actinopterygii,Siluriformes,Loricariidae,Ancistrus,Ancistrus chagresi,Ancistrus chagresi,1.11E+00,26,25,0,Graham 1983,Normoxia acclimated,0
Animalia,Chordata,Actinopterygii,Siluriformes,Loricariidae,Ancistrus,Ancistrus chagresi,Ancistrus chagresi,1.11E+00,26,25,0,Graham 1983,Normoxia acclimated,0
Animalia,Chordata,Actinopterygii,Siluriformes,Loricariidae,Ancistrus,Ancistrus chagresi,Ancistrus chagresi,1.08E+00,26,25,0,Graham 1983,Normoxia acclimated,0
Animalia,Chordata,Actinopterygii,Siluriformes,Loricariidae,Ancistrus,Ancistrus chagresi,Ancistrus chagresi,8.53E-01,26,25,0,Graham 1983,Normoxia acclimated,0
Animalia,Chordata,Actinopterygii,Siluriformes,Loricariidae,Ancistrus,Ancistrus chagresi,Ancistrus chagresi,4.82E-01,26,25,0,Graham 1983,Normoxia acclimated,0
Animalia,Chordata,Actinopterygii,Siluriformes,Loricariidae,Ancistrus,Ancistrus chagresi,Ancistrus chagresi,1.32E-02,26,25,0,Graham 1983,Normoxia acclimated,0
Animalia,Chordata,Actinopterygii,Cypriniformes,Cyprinidae,Tinca,Tinca tinca,Tinca tinca,2.71E+01,541,16,0,"Jensen, Weber 1985",Normoxia resumed,0
Animalia,Chordata,Actinopterygii,Cypriniformes,Cyprinidae,Tinca,Tinca tinca,Tinca tinca,1.69E+01,541,16,0,"Jensen, Weber 1985",Normoxic,0
Animalia,Chordata,Actinopterygii,Salmoniformes,Salmonidae,Oncorhynchus,Salmo gairdneri,Oncorhynchus mykiss,2.73E-01,1.1,16,0,"Penaz, Prokes 1973",Older fry,0
Animalia,Chordata,Actinopterygii,Salmoniformes,Salmonidae,Oncorhynchus,Salmo gairdneri,Oncorhynchus mykiss,2.94E-01,1.1,18,0,"Penaz, Prokes 1973",Older fry,0
Animalia,Chordata,Actinopterygii,Salmoniformes,Salmonidae,Oncorhynchus,Salmo gairdneri,Oncorhynchus mykiss,3.54E-01,1.1,20,0,"Penaz, Prokes 1973",Older fry,0
Animalia,Chordata,Actinopterygii,Salmoniformes,Salmonidae,Oncorhynchus,Salmo gairdneri,Oncorhynchus mykiss,1.08E+00,8.9,16,0,"Evans, Purdie, Hickmann 1962",Photoperiod = 16 light,0
Animalia,Chordata,Actinopterygii,Salmoniformes,Salmonidae,Oncorhynchus,Salmo gairdneri,Oncorhynchus mykiss,1.92E+00,13.9,16,0,"Evans, Purdie, Hickmann 1962",Photoperiod = 16 light,0
Animalia,Chordata,Actinopterygii,Salmoniformes,Salmonidae,Oncorhynchus,Salmo gairdneri,Oncorhynchus mykiss,2.09E+00,15.1,16,0,"Evans, Purdie, Hickmann 1962",Photoperiod = 16 light,0
Animalia,Chordata,Actinopterygii,Salmoniformes,Salmonidae,Oncorhynchus,Salmo gairdneri,Oncorhynchus mykiss,2.07E+00,16.7,16,0,"Evans, Purdie, Hickmann 1962",Photoperiod = 16 light,0
Animalia,Chordata,Actinopterygii,Salmoniformes,Salmonidae,Oncorhynchus,Salmo gairdneri,Oncorhynchus mykiss,2.62E+00,20.8,16,0,"Evans, Purdie, Hickmann 1962",Photoperiod = 16 light,0
Animalia,Chordata,Actinopterygii,Salmoniformes,Salmonidae,Oncorhynchus,Salmo gairdneri,Oncorhynchus mykiss,2.95E+00,22.6,16,0,"Evans, Purdie, Hickmann 1962",Photoperiod = 16 light,0
Animalia,Chordata,Actinopterygii,Salmoniformes,Salmonidae,Oncorhynchus,Salmo gairdneri,Oncorhynchus mykiss,3.09E+00,24.5,16,0,"Evans, Purdie, Hickmann 1962",Photoperiod = 16 light,0
Animalia,Chordata,Actinopterygii,Salmoniformes,Salmonidae,Oncorhynchus,Salmo gairdneri,Oncorhynchus mykiss,3.01E+00,27.1,16,0,"Evans, Purdie, Hickmann 1962",Photoperiod = 16 light,0
Animalia,Chordata,Actinopterygii,Salmoniformes,Salmonidae,Oncorhynchus,Salmo gairdneri,Oncorhynchus mykiss,3.11E+00,44.2,16,0,"Evans, Purdie, Hickmann 1962",Photoperiod = 16 light,0
Animalia,Chordata,Actinopterygii,Salmoniformes,Salmonidae,Oncorhynchus,Salmo gairdneri,Oncorhynchus mykiss,4.07E+00,55.8,16,0,"Evans, Purdie, Hickmann 1962",Photoperiod = 16 light,0
Animalia,Chordata,Actinopterygii,Salmoniformes,Salmonidae,Oncorhynchus,Salmo gairdneri,Oncorhynchus mykiss,3.74E+00,59.5,16,0,"Evans, Purdie, Hickmann 1962",Photoperiod = 16 light,0
Animalia,Chordata,Actinopterygii,Salmoniformes,Salmonidae,Oncorhynchus,Salmo gairdneri,Oncorhynchus mykiss,3.16E+00,59.5,16,0,"Evans, Purdie, Hickmann 1962",Photoperiod = 16 light,0
Animalia,Chordata,Actinopterygii,Salmoniformes,Salmonidae,Oncorhynchus,Salmo gairdneri,Oncorhynchus mykiss,4.58E+00,72.9,16,0,"Evans, Purdie, Hickmann 1962",Photoperiod = 16 light,0
Animalia,Chordata,Actinopterygii,Salmoniformes,Salmonidae,Oncorhynchus,Salmo gairdneri,Oncorhynchus mykiss,5.94E+00,74.3,16,0,"Evans, Purdie, Hickmann 1962",Photoperiod = 16 light,0
Animalia,Chordata,Actinopterygii,Salmoniformes,Salmonidae,Oncorhynchus,Salmo gairdneri,Oncorhynchus mykiss,7.15E+00,75.9,16,0,"Evans, Purdie, Hickmann 1962",Photoperiod = 16 light,0
Animalia,Chordata,Actinopterygii,Salmoniformes,Salmonidae,Oncorhynchus,Salmo gairdneri,Oncorhynchus mykiss,7.31E+00,80.6,16,0,"Evans, Purdie, Hickmann 1962",Photoperiod = 16 light,0
Animalia,Chordata,Actinopterygii,Salmoniformes,Salmonidae,Oncorhynchus,Salmo gairdneri,Oncorhynchus mykiss,5.99E+00,98.6,16,0,"Evans, Purdie, Hickmann 1962",Photoperiod = 16 light,0
Animalia,Chordata,Actinopterygii,Salmoniformes,Salmonidae,Oncorhynchus,Salmo gairdneri,Oncorhynchus mykiss,6.73E+00,113.6,16,0,"Evans, Purdie, Hickmann 1962",Photoperiod = 16 light,0
Animalia,Chordata,Actinopterygii,Salmoniformes,Salmonidae,Oncorhynchus,Salmo gairdneri,Oncorhynchus mykiss,3.30E+00,48.6,8,0,"Evans, Purdie, Hickmann 1962",Photoperiod = 16 light,0
Animalia,Chordata,Actinopterygii,Salmoniformes,Salmonidae,Oncorhynchus,Salmo gairdneri,Oncorhynchus mykiss,2.83E+00,58.3,8,0,"Evans, Purdie, Hickmann 1962",Photoperiod = 16 light,0
Animalia,Chordata,Actinopterygii,Salmoniformes,Salmonidae,Oncorhynchus,Salmo gairdneri,Oncorhynchus mykiss,3.65E+00,60.1,8,0,"Evans, Purdie, Hickmann 1962",Photoperiod = 16 light,0
Animalia,Chordata,Actinopterygii,Salmoniformes,Salmonidae,Oncorhynchus,Salmo gairdneri,Oncorhynchus mykiss,3.37E+00,63.3,8,0,"Evans, Purdie, Hickmann 1962",Photoperiod = 16 light,0
Animalia,Chordata,Actinopterygii,Salmoniformes,Salmonidae,Oncorhynchus,Salmo gairdneri,Oncorhynchus mykiss,3.92E+00,64.5,8,0,"Evans, Purdie, Hickmann 1962",Photoperiod = 16 light,0
Animalia,Chordata,Actinopterygii,Salmoniformes,Salmonidae,Oncorhynchus,Salmo gairdneri,Oncorhynchus mykiss,6.19E+00,98.6,8,0,"Evans, Purdie, Hickmann 1962",Photoperiod = 16 light,0
Animalia,Chordata,Actinopterygii,Salmoniformes,Salmonidae,Oncorhynchus,Salmo gairdneri,Oncorhynchus mykiss,3.51E+00,67.2,8,0,"Evans, Purdie, Hickmann 1962",Photoperiod = 16 light,0
Animalia,Chordata,Actinopterygii,Salmoniformes,Salmonidae,Oncorhynchus,Salmo gairdneri,Oncorhynchus mykiss,4.25E+00,70,8,0,"Evans, Purdie, Hickmann 1962",Photoperiod = 16 light,0
Animalia,Chordata,Actinopterygii,Salmoniformes,Salmonidae,Oncorhynchus,Salmo gairdneri,Oncorhynchus mykiss,4.70E+00,82.2,8,0,"Evans, Purdie, Hickmann 1962",Photoperiod = 16 light,0
Animalia,Chordata,Actinopterygii,Salmoniformes,Salmonidae,Oncorhynchus,Salmo gairdneri,Oncorhynchus mykiss,3.43E+00,80.6,8,0,"Evans, Purdie, Hickmann 1962",Photoperiod = 16 light,0
Animalia,Chordata,Actinopterygii,Salmoniformes,Salmonidae,Oncorhynchus,Salmo gairdneri,Oncorhynchus mykiss,3.72E+00,87.4,8,0,"Evans, Purdie, Hickmann 1962",Photoperiod = 16 light,0
Animalia,Chordata,Actinopterygii,Salmoniformes,Salmonidae,Oncorhynchus,Salmo gairdneri,Oncorhynchus mykiss,3.98E+00,89.2,8,0,"Evans, Purdie, Hickmann 1962",Photoperiod = 16 light,0
Animalia,Chordata,Actinopterygii,Salmoniformes,Salmonidae,Oncorhynchus,Salmo gairdneri,Oncorhynchus mykiss,4.11E+00,97.8,8,0,"Evans, Purdie, Hickmann 1962",Photoperiod = 16 light,0
Animalia,Chordata,Actinopterygii,Salmoniformes,Salmonidae,Oncorhynchus,Salmo gairdneri,Oncorhynchus mykiss,5.11E+00,101.9,8,0,"Evans, Purdie, Hickmann 1962",Photoperiod = 16 light,0
Animalia,Chordata,Actinopterygii,Salmoniformes,Salmonidae,Oncorhynchus,Salmo gairdneri,Oncorhynchus mykiss,4.46E+00,117.5,8,0,"Evans, Purdie, Hickmann 1962",Photoperiod = 16 light,0
Animalia,Chordata,Actinopterygii,Salmoniformes,Salmonidae,Oncorhynchus,Salmo gairdneri,Oncorhynchus mykiss,5.25E+00,125,8,0,"Evans, Purdie, Hickmann 1962",Photoperiod = 16 light,0
Animalia,Chordata,Actinopterygii,Salmoniformes,Salmonidae,Oncorhynchus,Salmo gairdneri,Oncorhynchus mykiss,6.46E+00,130.2,8,0,"Evans, Purdie, Hickmann 1962",Photoperiod = 16 light,0
Animalia,Chordata,Actinopterygii,Salmoniformes,Salmonidae,Oncorhynchus,Salmo gairdneri,Oncorhynchus mykiss,1.68E+00,11.1,16,0,"Evans, Purdie, Hickmann 1962",Photoperiod = 8 light,0
Animalia,Chordata,Actinopterygii,Salmoniformes,Salmonidae,Oncorhynchus,Salmo gairdneri,Oncorhynchus mykiss,1.73E+00,16.7,16,0,"Evans, Purdie, Hickmann 1962",Photoperiod = 8 light,0
Animalia,Chordata,Actinopterygii,Salmoniformes,Salmonidae,Oncorhynchus,Salmo gairdneri,Oncorhynchus mykiss,2.58E+00,17.7,16,0,"Evans, Purdie, Hickmann 1962",Photoperiod = 8 light,0
Animalia,Chordata,Actinopterygii,Salmoniformes,Salmonidae,Oncorhynchus,Salmo gairdneri,Oncorhynchus mykiss,2.21E+00,18.8,16,0,"Evans, Purdie, Hickmann 1962",Photoperiod = 8 light,0
Animalia,Chordata,Actinopterygii,Salmoniformes,Salmonidae,Oncorhynchus,Salmo gairdneri,Oncorhynchus mykiss,2.35E+00,20.4,16,0,"Evans, Purdie, Hickmann 1962",Photoperiod = 8 light,0
Animalia,Chordata,Actinopterygii,Salmoniformes,Salmonidae,Oncorhynchus,Salmo gairdneri,Oncorhynchus mykiss,2.82E+00,20.8,16,0,"Evans, Purdie, Hickmann 1962",Photoperiod = 8 light,0
Animalia,Chordata,Actinopterygii,Salmoniformes,Salmonidae,Oncorhynchus,Salmo gairdneri,Oncorhynchus mykiss,3.10E+00,20.8,16,0,"Evans, Purdie, Hickmann 1962",Photoperiod = 8 light,0
Animalia,Chordata,Actinopterygii,Salmoniformes,Salmonidae,Oncorhynchus,Salmo gairdneri,Oncorhynchus mykiss,2.30E+00,23.5,16,0,"Evans, Purdie, Hickmann 1962",Photoperiod = 8 light,0
Animalia,Chordata,Actinopterygii,Salmoniformes,Salmonidae,Oncorhynchus,Salmo gairdneri,Oncorhynchus mykiss,3.57E+00,24.5,16,0,"Evans, Purdie, Hickmann 1962",Photoperiod = 8 light,0
Animalia,Chordata,Actinopterygii,Salmoniformes,Salmonidae,Oncorhynchus,Salmo gairdneri,Oncorhynchus mykiss,4.23E+00,31.2,16,0,"Evans, Purdie, Hickmann 1962",Photoperiod = 8 light,0
Animalia,Chordata,Actinopterygii,Salmoniformes,Salmonidae,Oncorhynchus,Salmo gairdneri,Oncorhynchus mykiss,3.80E+00,31.8,16,0,"Evans, Purdie, Hickmann 1962",Photoperiod = 8 light,0
Animalia,Chordata,Actinopterygii,Salmoniformes,Salmonidae,Oncorhynchus,Salmo gairdneri,Oncorhynchus mykiss,3.59E+00,31.8,16,0,"Evans, Purdie, Hickmann 1962",Photoperiod = 8 light,0
Animalia,Chordata,Actinopterygii,Salmoniformes,Salmonidae,Oncorhynchus,Salmo gairdneri,Oncorhynchus mykiss,3.15E+00,38.2,16,0,"Evans, Purdie, Hickmann 1962",Photoperiod = 8 light,0
Animalia,Chordata,Actinopterygii,Salmoniformes,Salmonidae,Oncorhynchus,Salmo gairdneri,Oncorhynchus mykiss,7.65E+00,59.5,16,0,"Evans, Purdie, Hickmann 1962",Photoperiod = 8 light,0
Animalia,Chordata,Actinopterygii,Salmoniformes,Salmonidae,Oncorhynchus,Salmo gairdneri,Oncorhynchus mykiss,6.30E+00,64.5,16,0,"Evans, Purdie, Hickmann 1962",Photoperiod = 8 light,0
Animalia,Chordata,Actinopterygii,Salmoniformes,Salmonidae,Oncorhynchus,Salmo gairdneri,Oncorhynchus mykiss,5.99E+00,67.2,16,0,"Evans, Purdie, Hickmann 1962",Photoperiod = 8 light,0
Animalia,Chordata,Actinopterygii,Salmoniformes,Salmonidae,Oncorhynchus,Salmo gairdneri,Oncorhynchus mykiss,7.48E+00,70,16,0,"Evans, Purdie, Hickmann 1962",Photoperiod = 8 light,0
Animalia,Chordata,Actinopterygii,Salmoniformes,Salmonidae,Oncorhynchus,Salmo gairdneri,Oncorhynchus mykiss,8.09E+00,74.3,16,0,"Evans, Purdie, Hickmann 1962",Photoperiod = 8 light,0
Animalia,Chordata,Actinopterygii,Salmoniformes,Salmonidae,Oncorhynchus,Salmo gairdneri,Oncorhynchus mykiss,6.13E+00,72.9,16,0,"Evans, Purdie, Hickmann 1962",Photoperiod = 8 light,0
Animalia,Chordata,Actinopterygii,Salmoniformes,Salmonidae,Oncorhynchus,Salmo gairdneri,Oncorhynchus mykiss,6.38E+00,75.9,16,0,"Evans, Purdie, Hickmann 1962",Photoperiod = 8 light,0
Animalia,Chordata,Actinopterygii,Salmoniformes,Salmonidae,Oncorhynchus,Salmo gairdneri,Oncorhynchus mykiss,6.48E+00,79,16,0,"Evans, Purdie, Hickmann 1962",Photoperiod = 8 light,0
Animalia,Chordata,Actinopterygii,Salmoniformes,Salmonidae,Oncorhynchus,Salmo gairdneri,Oncorhynchus mykiss,9.86E+00,83.9,16,0,"Evans, Purdie, Hickmann 1962",Photoperiod = 8 light,0
Animalia,Chordata,Actinopterygii,Salmoniformes,Salmonidae,Oncorhynchus,Salmo gairdneri,Oncorhynchus mykiss,5.16E+00,82.2,16,0,"Evans, Purdie, Hickmann 1962",Photoperiod = 8 light,0
Animalia,Chordata,Actinopterygii,Salmoniformes,Salmonidae,Oncorhynchus,Salmo gairdneri,Oncorhynchus mykiss,6.32E+00,96.7,16,0,"Evans, Purdie, Hickmann 1962",Photoperiod = 8 light,0
Animalia,Chordata,Actinopterygii,Salmoniformes,Salmonidae,Oncorhynchus,Salmo gairdneri,Oncorhynchus mykiss,1.18E+01,100.7,16,0,"Evans, Purdie, Hickmann 1962",Photoperiod = 8 light,0
Animalia,Chordata,Actinopterygii,Salmoniformes,Salmonidae,Oncorhynchus,Salmo gairdneri,Oncorhynchus mykiss,1.19E+01,111.3,16,0,"Evans, Purdie, Hickmann 1962",Photoperiod = 8 light,0
Animalia,Chordata,Actinopterygii,Salmoniformes,Salmonidae,Oncorhynchus,Salmo gairdneri,Oncorhynchus mykiss,7.82E+00,120.7,16,0,"Evans, Purdie, Hickmann 1962",Photoperiod = 8 light,0
Animalia,Chordata,Actinopterygii,Salmoniformes,Salmonidae,Oncorhynchus,Salmo gairdneri,Oncorhynchus mykiss,1.01E+01,133.5,16,0,"Evans, Purdie, Hickmann 1962",Photoperiod = 8 light,0
Animalia,Chordata,Actinopterygii,Salmoniformes,Salmonidae,Oncorhynchus,Salmo gairdneri,Oncorhynchus mykiss,5.92E-01,8.6,8,0,"Evans, Purdie, Hickmann 1962",Photoperiod = 8 light,0
Animalia,Chordata,Actinopterygii,Salmoniformes,Salmonidae,Oncorhynchus,Salmo gairdneri,Oncorhynchus mykiss,3.74E-01,8.9,8,0,"Evans, Purdie, Hickmann 1962",Photoperiod = 8 light,0
Animalia,Chordata,Actinopterygii,Salmoniformes,Salmonidae,Oncorhynchus,Salmo gairdneri,Oncorhynchus mykiss,1.11E+00,12.7,8,0,"Evans, Purdie, Hickmann 1962",Photoperiod = 8 light,0
Animalia,Chordata,Actinopterygii,Salmoniformes,Salmonidae,Oncorhynchus,Salmo gairdneri,Oncorhynchus mykiss,9.64E-01,14,8,0,"Evans, Purdie, Hickmann 1962",Photoperiod = 8 light,0
Animalia,Chordata,Actinopterygii,Salmoniformes,Salmonidae,Oncorhynchus,Salmo gairdneri,Oncorhynchus mykiss,8.86E-01,16.2,8,0,"Evans, Purdie, Hickmann 1962",Photoperiod = 8 light,0
Animalia,Chordata,Actinopterygii,Salmoniformes,Salmonidae,Oncorhynchus,Salmo gairdneri,Oncorhynchus mykiss,1.05E+00,19.5,8,0,"Evans, Purdie, Hickmann 1962",Photoperiod = 8 light,0
Animalia,Chordata,Actinopterygii,Salmoniformes,Salmonidae,Oncorhynchus,Salmo gairdneri,Oncorhynchus mykiss,9.67E-01,19.9,8,0,"Evans, Purdie, Hickmann 1962",Photoperiod = 8 light,0
Animalia,Chordata,Actinopterygii,Salmoniformes,Salmonidae,Oncorhynchus,Salmo gairdneri,Oncorhynchus mykiss,9.05E-01,20.3,8,0,"Evans, Purdie, Hickmann 1962",Photoperiod = 8 light,0
Animalia,Chordata,Actinopterygii,Salmoniformes,Salmonidae,Oncorhynchus,Salmo gairdneri,Oncorhynchus mykiss,1.94E+00,51.9,8,0,"Evans, Purdie, Hickmann 1962",Photoperiod = 8 light,0
Animalia,Chordata,Actinopterygii,Salmoniformes,Salmonidae,Oncorhynchus,Salmo gairdneri,Oncorhynchus mykiss,2.70E+00,72,8,0,"Evans, Purdie, Hickmann 1962",Photoperiod = 8 light,0
Animalia,Chordata,Actinopterygii,Salmoniformes,Salmonidae,Oncorhynchus,Salmo gairdneri,Oncorhynchus mykiss,3.22E+00,76.5,8,0,"Evans, Purdie, Hickmann 1962",Photoperiod = 8 light,0
Animalia,Chordata,Actinopterygii,Salmoniformes,Salmonidae,Oncorhynchus,Salmo gairdneri,Oncorhynchus mykiss,4.18E+00,93.9,8,0,"Evans, Purdie, Hickmann 1962",Photoperiod = 8 light,0
Animalia,Chordata,Actinopterygii,Salmoniformes,Salmonidae,Oncorhynchus,Salmo gairdneri,Oncorhynchus mykiss,4.28E+00,101.9,8,0,"Evans, Purdie, Hickmann 1962",Photoperiod = 8 light,0
Animalia,Chordata,Actinopterygii,Salmoniformes,Salmonidae,Oncorhynchus,Salmo gairdneri,Oncorhynchus mykiss,4.42E+00,104,8,0,"Evans, Purdie, Hickmann 1962",Photoperiod = 8 light,0
Animalia,Chordata,Actinopterygii,Salmoniformes,Salmonidae,Oncorhynchus,Salmo gairdneri,Oncorhynchus mykiss,5.10E+00,106.1,8,0,"Evans, Purdie, Hickmann 1962",Photoperiod = 8 light,0
Animalia,Chordata,Actinopterygii,Salmoniformes,Salmonidae,Oncorhynchus,Salmo gairdneri,Oncorhynchus mykiss,5.08E+00,112.8,8,0,"Evans, Purdie, Hickmann 1962",Photoperiod = 8 light,0
Animalia,Chordata,Actinopterygii,Salmoniformes,Salmonidae,Oncorhynchus,Salmo gairdneri,Oncorhynchus mykiss,6.56E+00,120,8,0,"Evans, Purdie, Hickmann 1962",Photoperiod = 8 light,0
Animalia,Chordata,Actinopterygii,Salmoniformes,Salmonidae,Oncorhynchus,Salmo gairdneri,Oncorhynchus mykiss,4.26E+00,127.6,8,0,"Evans, Purdie, Hickmann 1962",Photoperiod = 8 light,0
Animalia,Chordata,Actinopterygii,Salmoniformes,Salmonidae,Oncorhynchus,Salmo gairdneri,Oncorhynchus mykiss,6.45E+00,138.4,8,0,"Evans, Purdie, Hickmann 1962",Photoperiod = 8 light,0
Animalia,Chordata,Actinopterygii,Salmoniformes,Salmonidae,Oncorhynchus,Oncorhynchus nerka,Oncorhynchus nerka,1.90E-01,3.45,20,0,Brett 1976,Ration = 0% wt/day,0
Animalia,Chordata,Actinopterygii,Salmoniformes,Salmonidae,Oncorhynchus,Oncorhynchus nerka,Oncorhynchus nerka,1.29E+00,18.3,5,0,Brett 1976,Ration = 1.0% wt/day,0
Animalia,Chordata,Actinopterygii,Salmoniformes,Salmonidae,Oncorhynchus,Oncorhynchus nerka,Oncorhynchus nerka,1.25E+00,19.6,10,0,Brett 1976,Ration = 1.5% wt/day,0
Animalia,Chordata,Actinopterygii,Salmoniformes,Salmonidae,Oncorhynchus,Oncorhynchus nerka,Oncorhynchus nerka,4.80E-01,5.15,20,0,Brett 1976,Ration = 1.52% wt/day,0
Animalia,Chordata,Actinopterygii,Salmoniformes,Salmonidae,Oncorhynchus,Oncorhynchus nerka,Oncorhynchus nerka,1.62E+00,17.8,15,0,Brett 1976,Ration = 2.0% wt/day,0
Animalia,Chordata,Actinopterygii,Salmoniformes,Salmonidae,Oncorhynchus,Oncorhynchus nerka,Oncorhynchus nerka,1.49E+00,19.2,10,0,Brett 1976,Ration = 2.5% wt/day,0
Animalia,Chordata,Actinopterygii,Salmoniformes,Salmonidae,Oncorhynchus,Oncorhynchus nerka,Oncorhynchus nerka,1.18E+00,19.5,5,0,Brett 1976,Ration = 3.0% wt/day,0
Animalia,Chordata,Actinopterygii,Salmoniformes,Salmonidae,Oncorhynchus,Oncorhynchus nerka,Oncorhynchus nerka,4.01E+00,29,15,0,Brett 1976,Ration = 3.0% wt/day,0
Animalia,Chordata,Actinopterygii,Salmoniformes,Salmonidae,Oncorhynchus,Oncorhynchus nerka,Oncorhynchus nerka,1.00E+00,7.1,20,0,Brett 1976,Ration = 3.02% wt/day,0
Animalia,Chordata,Actinopterygii,Salmoniformes,Salmonidae,Oncorhynchus,Oncorhynchus nerka,Oncorhynchus nerka,2.09E+00,17.9,15,0,Brett 1976,Ration = 3.5% wt/day,0
Animalia,Chordata,Actinopterygii,Salmoniformes,Salmonidae,Oncorhynchus,Oncorhynchus nerka,Oncorhynchus nerka,2.16E+00,18.3,20,0,Brett 1976,Ration = 3.5% wt/day,0
Animalia,Chordata,Actinopterygii,Salmoniformes,Salmonidae,Oncorhynchus,Oncorhynchus nerka,Oncorhynchus nerka,2.86E+00,18.3,20,0,Brett 1976,Ration = 3.5% wt/day,0
Animalia,Chordata,Actinopterygii,Salmoniformes,Salmonidae,Oncorhynchus,Oncorhynchus nerka,Oncorhynchus nerka,1.98E+00,20.8,10,0,Brett 1976,Ration = 4.0% wt/day,0
Animalia,Chordata,Actinopterygii,Salmoniformes,Salmonidae,Oncorhynchus,Oncorhynchus nerka,Oncorhynchus nerka,2.16E+00,20.8,10,0,Brett 1976,Ration = 4.0% wt/day,0
Animalia,Chordata,Actinopterygii,Salmoniformes,Salmonidae,Oncorhynchus,Oncorhynchus nerka,Oncorhynchus nerka,1.33E+00,11.25,20,0,Brett 1976,Ration = 4.36% wt/day,0
Animalia,Chordata,Actinopterygii,Salmoniformes,Salmonidae,Oncorhynchus,Oncorhynchus nerka,Oncorhynchus nerka,3.27E+00,22.2,15,0,Brett 1976,Ration = 4.5% wt/day,0
Animalia,Chordata,Actinopterygii,Salmoniformes,Salmonidae,Oncorhynchus,Oncorhynchus nerka,Oncorhynchus nerka,3.89E+00,22.2,15,0,Brett 1976,Ration = 4.5% wt/day,0
Animalia,Chordata,Actinopterygii,Salmoniformes,Salmonidae,Oncorhynchus,Oncorhynchus nerka,Oncorhynchus nerka,2.97E+00,19.6,20,0,Brett 1976,Ration = 5.0% wt/day,0
Animalia,Chordata,Actinopterygii,Salmoniformes,Salmonidae,Oncorhynchus,Oncorhynchus nerka,Oncorhynchus nerka,3.24E+00,19.6,20,0,Brett 1976,Ration = 5.0% wt/day,0
Animalia,Chordata,Actinopterygii,Salmoniformes,Salmonidae,Oncorhynchus,Oncorhynchus nerka,Oncorhynchus nerka,2.86E+00,17.8,20,0,Brett 1976,Ration = 5.65% wt/day,0
Animalia,Chordata,Actinopterygii,Salmoniformes,Salmonidae,Oncorhynchus,Oncorhynchus nerka,Oncorhynchus nerka,3.70E+00,23.6,15,0,Brett 1976,Ration = 6.0% wt/day,0
Animalia,Chordata,Actinopterygii,Salmoniformes,Salmonidae,Oncorhynchus,Oncorhynchus nerka,Oncorhynchus nerka,5.13E+00,24.3,20,0,Brett 1976,Ration = 6.5% wt/day,0
Animalia,Chordata,Actinopterygii,Salmoniformes,Salmonidae,Salmo,Salmo trutta,Salmo trutta,7.55E-03,0.1,10,0,Carrick 1981,Reared and tested at pH = 7.0,0
Animalia,Chordata,Actinopterygii,Salmoniformes,Salmonidae,Salmo,Salmo trutta,Salmo trutta,1.03E-02,0.1,10,0,Carrick 1981,Reared and tested at pH = 7.0,0
Animalia,Chordata,Actinopterygii,Salmoniformes,Salmonidae,Salmo,Salmo trutta,Salmo trutta,1.36E-02,0.15,10,0,Carrick 1981,Reared and tested at pH = 7.0,0
Animalia,Chordata,Actinopterygii,Salmoniformes,Salmonidae,Salmo,Salmo trutta,Salmo trutta,1.36E-02,0.17,10,0,Carrick 1981,Reared and tested at pH = 7.0,0
Animalia,Chordata,Actinopterygii,Salmoniformes,Salmonidae,Salmo,Salmo trutta,Salmo trutta,1.61E-02,0.18,10,0,Carrick 1981,Reared and tested at pH = 7.0,0
Animalia,Chordata,Actinopterygii,Salmoniformes,Salmonidae,Salmo,Salmo trutta,Salmo trutta,1.70E-02,0.18,10,0,Carrick 1981,Reared and tested at pH = 7.0,0
Animalia,Chordata,Actinopterygii,Salmoniformes,Salmonidae,Salmo,Salmo trutta,Salmo trutta,3.54E-02,0.51,10,0,Carrick 1981,Reared and tested at pH = 7.0,0
Animalia,Chordata,Actinopterygii,Salmoniformes,Salmonidae,Salmo,Salmo trutta,Salmo trutta,3.86E-02,0.61,10,0,Carrick 1981,Reared and tested at pH = 7.0,0
Animalia,Chordata,Actinopterygii,Salmoniformes,Salmonidae,Salmo,Salmo trutta,Salmo trutta,9.43E-02,0.99,10,0,Carrick 1981,Reared and tested at pH = 7.0,0
Animalia,Chordata,Actinopterygii,Salmoniformes,Salmonidae,Salmo,Salmo trutta,Salmo trutta,2.04E-01,2.26,10,0,Carrick 1981,Reared and tested at pH = 7.0,0
Animalia,Chordata,Actinopterygii,Salmoniformes,Salmonidae,Salmo,Salmo trutta,Salmo trutta,2.38E-01,3.26,10,0,Carrick 1981,Reared and tested at pH = 7.0,0
Animalia,Chordata,Actinopterygii,Salmoniformes,Salmonidae,Salmo,Salmo trutta,Salmo trutta,2.52E-01,4.04,10,0,Carrick 1981,Reared and tested at pH = 7.0,0
Animalia,Chordata,Actinopterygii,Salmoniformes,Salmonidae,Salmo,Salmo trutta,Salmo trutta,3.65E-01,5,10,0,Carrick 1981,Reared and tested at pH = 7.0,0
Animalia,Chordata,Actinopterygii,Salmoniformes,Salmonidae,Salmo,Salmo trutta,Salmo trutta,8.29E-03,0.13,10,0,Carrick 1981,"Reared at pH 4.5-5.0, tested at pH = 4.0",0
Animalia,Chordata,Actinopterygii,Salmoniformes,Salmonidae,Salmo,Salmo trutta,Salmo trutta,1.06E-02,0.13,10,0,Carrick 1981,"Reared at pH 4.5-5.0, tested at pH = 4.0",0
Animalia,Chordata,Actinopterygii,Salmoniformes,Salmonidae,Salmo,Salmo trutta,Salmo trutta,1.44E-02,0.15,10,0,Carrick 1981,"Reared at pH 4.5-5.0, tested at pH = 4.0",0
Animalia,Chordata,Actinopterygii,Salmoniformes,Salmonidae,Salmo,Salmo trutta,Salmo trutta,3.52E-02,0.37,10,0,Carrick 1981,"Reared at pH 4.5-5.0, tested at pH = 4.0",0
Animalia,Chordata,Actinopterygii,Salmoniformes,Salmonidae,Salmo,Salmo trutta,Salmo trutta,5.51E-02,0.85,10,0,Carrick 1981,"Reared at pH 4.5-5.0, tested at pH = 4.0",0
Animalia,Chordata,Actinopterygii,Salmoniformes,Salmonidae,Salmo,Salmo trutta,Salmo trutta,7.87E-02,0.99,10,0,Carrick 1981,"Reared at pH 4.5-5.0, tested at pH = 4.0",0
Animalia,Chordata,Actinopterygii,Salmoniformes,Salmonidae,Salmo,Salmo trutta,Salmo trutta,7.97E-02,1.3,10,0,Carrick 1981,"Reared at pH 4.5-5.0, tested at pH = 4.0",0
Animalia,Chordata,Actinopterygii,Salmoniformes,Salmonidae,Salmo,Salmo trutta,Salmo trutta,1.10E-01,1.45,10,0,Carrick 1981,"Reared at pH 4.5-5.0, tested at pH = 4.0",0
Animalia,Chordata,Actinopterygii,Salmoniformes,Salmonidae,Salmo,Salmo trutta,Salmo trutta,1.16E-01,1.66,10,0,Carrick 1981,"Reared at pH 4.5-5.0, tested at pH = 4.0",0
Animalia,Chordata,Actinopterygii,Salmoniformes,Salmonidae,Salmo,Salmo trutta,Salmo trutta,1.32E-01,2.06,10,0,Carrick 1981,"Reared at pH 4.5-5.0, tested at pH = 4.0",0
Animalia,Chordata,Actinopterygii,Salmoniformes,Salmonidae,Salmo,Salmo trutta,Salmo trutta,9.05E-03,0.12,10,0,Carrick 1981,"Reared at pH 4.5-5.0, tested at pH = 7.0",0
Animalia,Chordata,Actinopterygii,Salmoniformes,Salmonidae,Salmo,Salmo trutta,Salmo trutta,1.35E-02,0.14,10,0,Carrick 1981,"Reared at pH 4.5-5.0, tested at pH = 7.0",0
Animalia,Chordata,Actinopterygii,Salmoniformes,Salmonidae,Salmo,Salmo trutta,Salmo trutta,1.53E-02,0.15,10,0,Carrick 1981,"Reared at pH 4.5-5.0, tested at pH = 7.0",0
Animalia,Chordata,Actinopterygii,Salmoniformes,Salmonidae,Salmo,Salmo trutta,Salmo trutta,2.40E-02,0.3,10,0,Carrick 1981,"Reared at pH 4.5-5.0, tested at pH = 7.0",0
Animalia,Chordata,Actinopterygii,Salmoniformes,Salmonidae,Salmo,Salmo trutta,Salmo trutta,3.48E-02,0.38,10,0,Carrick 1981,"Reared at pH 4.5-5.0, tested at pH = 7.0",0
Animalia,Chordata,Actinopterygii,Salmoniformes,Salmonidae,Salmo,Salmo trutta,Salmo trutta,7.59E-02,1.02,10,0,Carrick 1981,"Reared at pH 4.5-5.0, tested at pH = 7.0",0
Animalia,Chordata,Actinopterygii,Salmoniformes,Salmonidae,Oncorhynchus,Salmo gairdneri,Oncorhynchus mykiss,2.02E-02,0.07,10,0,"Penaz, Prokes 1973",Sac fry,0
Animalia,Chordata,Actinopterygii,Salmoniformes,Salmonidae,Oncorhynchus,Salmo gairdneri,Oncorhynchus mykiss,1.72E-02,0.07,12,0,"Penaz, Prokes 1973",Sac fry,0
Animalia,Chordata,Actinopterygii,Salmoniformes,Salmonidae,Oncorhynchus,Salmo gairdneri,Oncorhynchus mykiss,1.82E-02,0.07,14,0,"Penaz, Prokes 1973",Sac fry,0
Animalia,Chordata,Actinopterygii,Salmoniformes,Salmonidae,Oncorhynchus,Salmo gairdneri,Oncorhynchus mykiss,2.02E-02,0.07,16,0,"Penaz, Prokes 1973",Sac fry,0
Animalia,Chordata,Actinopterygii,Salmoniformes,Salmonidae,Oncorhynchus,Salmo gairdneri,Oncorhynchus mykiss,2.79E-02,0.07,18,0,"Penaz, Prokes 1973",Sac fry,0
Animalia,Chordata,Actinopterygii,Salmoniformes,Salmonidae,Salmo,Salmo trutta,Salmo trutta,9.12E-03,0.1,10,0,Carrick 1981,"Sea Trout, Reared and tested at pH = 7.0",0
Animalia,Chordata,Actinopterygii,Salmoniformes,Salmonidae,Salmo,Salmo trutta,Salmo trutta,1.09E-02,0.12,10,0,Carrick 1981,"Sea Trout, Reared and tested at pH = 7.0",0
Animalia,Chordata,Actinopterygii,Salmoniformes,Salmonidae,Salmo,Salmo trutta,Salmo trutta,1.35E-02,0.14,10,0,Carrick 1981,"Sea Trout, Reared and tested at pH = 7.0",0
Animalia,Chordata,Actinopterygii,Salmoniformes,Salmonidae,Salmo,Salmo trutta,Salmo trutta,1.91E-02,0.23,10,0,Carrick 1981,"Sea Trout, Reared and tested at pH = 7.0",0
Animalia,Chordata,Actinopterygii,Salmoniformes,Salmonidae,Salmo,Salmo trutta,Salmo trutta,1.86E-02,0.24,10,0,Carrick 1981,"Sea Trout, Reared and tested at pH = 7.0",0
Animalia,Chordata,Actinopterygii,Salmoniformes,Salmonidae,Salmo,Salmo trutta,Salmo trutta,3.65E-02,0.61,10,0,Carrick 1981,"Sea Trout, Reared and tested at pH = 7.0",0
Animalia,Chordata,Actinopterygii,Salmoniformes,Salmonidae,Salmo,Salmo trutta,Salmo trutta,1.29E-01,1.94,10,0,Carrick 1981,"Sea Trout, Reared and tested at pH = 7.0",0
Animalia,Chordata,Elasmobranchii,Squaliformes,Squalidae,Squalus,Squalus acanthias,Squalus acanthias,4.74E+01,1854,10,0,"Brett, Blackburn 1978",Single fish,0
Animalia,Chordata,Actinopterygii,Perciformes,Centrarchidae,Lepomis,Lepomis macrochirus,Lepomis macrochirus,6.79E+00,89.94,19.3,0,"Wohlschlag, Juliano 1959","Single fish, Tested in April",0
Animalia,Chordata,Actinopterygii,Perciformes,Centrarchidae,Lepomis,Lepomis macrochirus,Lepomis macrochirus,6.56E+00,77.98,18.5,0,"Wohlschlag, Juliano 1959","Single fish, Tested in April",0
Animalia,Chordata,Actinopterygii,Perciformes,Centrarchidae,Lepomis,Lepomis macrochirus,Lepomis macrochirus,7.11E+00,89.94,14.9,0,"Wohlschlag, Juliano 1959","Single fish, Tested in April",0
Animalia,Chordata,Actinopterygii,Perciformes,Centrarchidae,Lepomis,Lepomis macrochirus,Lepomis macrochirus,1.81E+00,69.98,11.9,0,"Wohlschlag, Juliano 1959","Single fish, Tested in December",0
Animalia,Chordata,Actinopterygii,Perciformes,Centrarchidae,Lepomis,Lepomis macrochirus,Lepomis macrochirus,5.48E+00,103.99,12.3,0,"Wohlschlag, Juliano 1959","Single fish, Tested in December",0
Animalia,Chordata,Actinopterygii,Perciformes,Centrarchidae,Lepomis,Lepomis macrochirus,Lepomis macrochirus,7.37E+00,79.98,12.3,0,"Wohlschlag, Juliano 1959","Single fish, Tested in December",0
Animalia,Chordata,Actinopterygii,Perciformes,Centrarchidae,Lepomis,Lepomis macrochirus,Lepomis macrochirus,6.00E+00,68.07,9.2,0,"Wohlschlag, Juliano 1959","Single fish, Tested in February",0
Animalia,Chordata,Actinopterygii,Perciformes,Centrarchidae,Lepomis,Lepomis macrochirus,Lepomis macrochirus,3.23E+00,61.94,9.4,0,"Wohlschlag, Juliano 1959","Single fish, Tested in February",0
Animalia,Chordata,Actinopterygii,Perciformes,Centrarchidae,Lepomis,Lepomis macrochirus,Lepomis macrochirus,6.76E+00,72.94,11.9,0,"Wohlschlag, Juliano 1959","Single fish, Tested in February",0
Animalia,Chordata,Actinopterygii,Perciformes,Centrarchidae,Lepomis,Lepomis macrochirus,Lepomis macrochirus,6.10E+00,68.07,12,0,"Wohlschlag, Juliano 1959","Single fish, Tested in February",0
Animalia,Chordata,Actinopterygii,Perciformes,Centrarchidae,Lepomis,Lepomis macrochirus,Lepomis macrochirus,2.20E+00,63.97,12,0,"Wohlschlag, Juliano 1959","Single fish, Tested in February",0
Animalia,Chordata,Actinopterygii,Perciformes,Centrarchidae,Lepomis,Lepomis macrochirus,Lepomis macrochirus,7.37E+00,74.98,11.9,0,"Wohlschlag, Juliano 1959","Single fish, Tested in February",0
Animalia,Chordata,Actinopterygii,Perciformes,Centrarchidae,Lepomis,Lepomis macrochirus,Lepomis macrochirus,4.90E+00,79.98,11.9,0,"Wohlschlag, Juliano 1959","Single fish, Tested in February",0
Animalia,Chordata,Actinopterygii,Perciformes,Centrarchidae,Lepomis,Lepomis macrochirus,Lepomis macrochirus,7.29E+00,74.98,11.9,0,"Wohlschlag, Juliano 1959","Single fish, Tested in February",0
Animalia,Chordata,Actinopterygii,Perciformes,Centrarchidae,Lepomis,Lepomis macrochirus,Lepomis macrochirus,4.00E+00,55.97,11.9,0,"Wohlschlag, Juliano 1959","Single fish, Tested in February",0
Animalia,Chordata,Actinopterygii,Perciformes,Centrarchidae,Lepomis,Lepomis macrochirus,Lepomis macrochirus,6.34E+00,66.98,8.4,0,"Wohlschlag, Juliano 1959","Single fish, Tested in January",0
Animalia,Chordata,Actinopterygii,Perciformes,Centrarchidae,Lepomis,Lepomis macrochirus,Lepomis macrochirus,4.41E+00,65.01,10,0,"Wohlschlag, Juliano 1959","Single fish, Tested in January",0
Animalia,Chordata,Actinopterygii,Perciformes,Centrarchidae,Lepomis,Lepomis macrochirus,Lepomis macrochirus,5.81E+00,69.98,24.2,0,"Wohlschlag, Juliano 1959","Single fish, Tested in July",0
Animalia,Chordata,Actinopterygii,Perciformes,Centrarchidae,Lepomis,Lepomis macrochirus,Lepomis macrochirus,1.14E+01,68.07,24.5,0,"Wohlschlag, Juliano 1959","Single fish, Tested in July",0
Animalia,Chordata,Actinopterygii,Perciformes,Centrarchidae,Lepomis,Lepomis macrochirus,Lepomis macrochirus,5.16E+00,105.93,15,0,"Wohlschlag, Juliano 1959","Single fish, Tested in March",0
Animalia,Chordata,Actinopterygii,Perciformes,Centrarchidae,Lepomis,Lepomis macrochirus,Lepomis macrochirus,4.45E+00,87.9,19,0,"Wohlschlag, Juliano 1959","Single fish, Tested in May",0
Animalia,Chordata,Actinopterygii,Perciformes,Centrarchidae,Lepomis,Lepomis macrochirus,Lepomis macrochirus,8.60E+00,95.94,17,0,"Wohlschlag, Juliano 1959","Single fish, Tested in May",0
Animalia,Chordata,Actinopterygii,Perciformes,Centrarchidae,Lepomis,Lepomis macrochirus,Lepomis macrochirus,4.62E+00,77.98,14.9,0,"Wohlschlag, Juliano 1959","Single fish, Tested in November",0
Animalia,Chordata,Actinopterygii,Mugiliformes,Mugilidae,Mugil,Mugil cephalus,Mugil cephalus,2.46E+01,140,20,0,Moore 1976,Spring,0
Animalia,Chordata,Actinopterygii,Mugiliformes,Mugilidae,Mugil,Mugil curema,Mugil curema,2.51E+01,140,20,0,Moore 1976,Spring,0
Animalia,Chordata,Actinopterygii,Salmoniformes,Salmonidae,Salvelinus,Salvelinus fontinalis,Salvelinus fontinalis,2.89E+00,100,10,0,Beamish 1964,Starved,0
Animalia,Chordata,Actinopterygii,Cypriniformes,Catostomidae,Catostomus,Catostomus commersoni,Catostomus commersonii,4.15E+00,100,20,0,Beamish 1964,Starved,0
Animalia,Chordata,Actinopterygii,Cypriniformes,Catostomidae,Catostomus,Catostomus commersoni,Catostomus commersonii,2.73E+00,100,10,0,Beamish 1964,Starved,0
Animalia,Chordata,Actinopterygii,Cypriniformes,Catostomidae,Catostomus,Catostomus commersoni,Catostomus commersonii,2.43E+00,100,10,0,Beamish 1964,Starved,0
Animalia,Chordata,Actinopterygii,Cypriniformes,Catostomidae,Catostomus,Catostomus commersoni,Catostomus commersonii,2.68E+00,100,10,0,Beamish 1964,Starved,0
Animalia,Chordata,Actinopterygii,Perciformes,Serranidae,Centropristis,Centropristis striata,Centropristis striata,4.25E+00,84,25,0,"Hoss, Peters, Hettler, Clements 1978",Starved,0
Animalia,Chordata,Actinopterygii,Perciformes,Serranidae,Centropristis,Centropristis striata,Centropristis striata,5.11E+00,101,25,0,"Hoss, Peters, Hettler, Clements 1978",Starved,0
Animalia,Chordata,Actinopterygii,Osmeriformes,Lepidogalaxiidae,Lepidogalaxias,Lepidogalaxias salamandr,,2.11E-02,0.3,20,0,Pusey 1986,Starved,0
Animalia,Chordata,Actinopterygii,Osmeriformes,Lepidogalaxiidae,Lepidogalaxias,Lepidogalaxias salamandr,,2.85E-02,0.32,20,0,Pusey 1986,Starved,0
Animalia,Chordata,Actinopterygii,Osmeriformes,Lepidogalaxiidae,Lepidogalaxias,Lepidogalaxias salamandr,,1.25E-02,0.33,20,0,Pusey 1986,Starved,0
Animalia,Chordata,Actinopterygii,Osmeriformes,Lepidogalaxiidae,Lepidogalaxias,Lepidogalaxias salamandr,,1.74E-02,0.36,20,0,Pusey 1986,Starved,0
Animalia,Chordata,Actinopterygii,Osmeriformes,Lepidogalaxiidae,Lepidogalaxias,Lepidogalaxias salamandr,,2.06E-02,0.37,20,0,Pusey 1986,Starved,0
Animalia,Chordata,Actinopterygii,Osmeriformes,Lepidogalaxiidae,Lepidogalaxias,Lepidogalaxias salamandr,,2.47E-02,0.37,20,0,Pusey 1986,Starved,0
Animalia,Chordata,Actinopterygii,Osmeriformes,Lepidogalaxiidae,Lepidogalaxias,Lepidogalaxias salamandr,,1.88E-02,0.4,20,0,Pusey 1986,Starved,0
Animalia,Chordata,Actinopterygii,Osmeriformes,Lepidogalaxiidae,Lepidogalaxias,Lepidogalaxias salamandr,,2.14E-02,0.41,20,0,Pusey 1986,Starved,0
Animalia,Chordata,Actinopterygii,Osmeriformes,Lepidogalaxiidae,Lepidogalaxias,Lepidogalaxias salamandr,,2.48E-02,0.43,20,0,Pusey 1986,Starved,0
Animalia,Chordata,Actinopterygii,Osmeriformes,Lepidogalaxiidae,Lepidogalaxias,Lepidogalaxias salamandr,,3.19E-02,0.53,20,0,Pusey 1986,Starved,0
Animalia,Chordata,Actinopterygii,Osmeriformes,Lepidogalaxiidae,Lepidogalaxias,Lepidogalaxias salamandr,,1.68E-02,0.62,20,0,Pusey 1986,Starved,0
Animalia,Chordata,Actinopterygii,Osmeriformes,Lepidogalaxiidae,Lepidogalaxias,Lepidogalaxias salamandr,,2.35E-02,0.62,20,0,Pusey 1986,Starved,0
Animalia,Chordata,Actinopterygii,Osmeriformes,Lepidogalaxiidae,Lepidogalaxias,Lepidogalaxias salamandr,,4.08E-02,0.72,20,0,Pusey 1986,Starved,0
Animalia,Chordata,Actinopterygii,Osmeriformes,Lepidogalaxiidae,Lepidogalaxias,Lepidogalaxias salamandr,,3.22E-02,1.05,20,0,Pusey 1986,Starved,0
Animalia,Chordata,Actinopterygii,Osmeriformes,Lepidogalaxiidae,Lepidogalaxias,Lepidogalaxias salamandr,,3.70E-02,1.14,20,0,Pusey 1986,Starved,0
Animalia,Chordata,Actinopterygii,Osmeriformes,Lepidogalaxiidae,Lepidogalaxias,Lepidogalaxias salamandr,,3.94E-02,1.15,20,0,Pusey 1986,Starved,0
Animalia,Chordata,Actinopterygii,Osmeriformes,Lepidogalaxiidae,Lepidogalaxias,Lepidogalaxias salamandr,,4.65E-02,1.2,20,0,Pusey 1986,Starved,0
Animalia,Chordata,Actinopterygii,Osmeriformes,Lepidogalaxiidae,Lepidogalaxias,Lepidogalaxias salamandr,,4.58E-02,1.24,20,0,Pusey 1986,Starved,0
Animalia,Chordata,Actinopterygii,Mugiliformes,Mugilidae,Mugil,Mugil cephalus,Mugil cephalus,2.53E+01,140,20,0,Moore 1976,Summer,0
Animalia,Chordata,Actinopterygii,Mugiliformes,Mugilidae,Mugil,Mugil curema,Mugil curema,1.28E+01,140,20,0,Moore 1976,Summer,0
Animalia,Chordata,Actinopterygii,Clupeiformes,Clupeidae,Gilchristella,Gilchristella aestuarius,Gilchristella aestuaria,6.99E-03,0.05,15,0,"Talbot, Baird 1985",Summer,0
Animalia,Chordata,Actinopterygii,Clupeiformes,Clupeidae,Gilchristella,Gilchristella aestuarius,Gilchristella aestuaria,2.28E-02,0.12,15,0,"Talbot, Baird 1985",Summer,0
Animalia,Chordata,Actinopterygii,Clupeiformes,Clupeidae,Gilchristella,Gilchristella aestuarius,Gilchristella aestuaria,7.84E-02,0.79,15,0,"Talbot, Baird 1985",Summer,0
Animalia,Chordata,Actinopterygii,Clupeiformes,Clupeidae,Gilchristella,Gilchristella aestuarius,Gilchristella aestuaria,1.19E-01,1.44,15,0,"Talbot, Baird 1985",Summer,0
Animalia,Chordata,Actinopterygii,Clupeiformes,Clupeidae,Gilchristella,Gilchristella aestuarius,Gilchristella aestuaria,1.51E-02,0.05,20,0,"Talbot, Baird 1985",Summer,0
Animalia,Chordata,Actinopterygii,Clupeiformes,Clupeidae,Gilchristella,Gilchristella aestuarius,Gilchristella aestuaria,3.43E-02,0.12,20,0,"Talbot, Baird 1985",Summer,0
Animalia,Chordata,Actinopterygii,Clupeiformes,Clupeidae,Gilchristella,Gilchristella aestuarius,Gilchristella aestuaria,2.14E-01,1.44,20,0,"Talbot, Baird 1985",Summer,0
Animalia,Chordata,Actinopterygii,Clupeiformes,Clupeidae,Gilchristella,Gilchristella aestuarius,Gilchristella aestuaria,2.58E-02,0.05,25,0,"Talbot, Baird 1985",Summer,0
Animalia,Chordata,Actinopterygii,Clupeiformes,Clupeidae,Gilchristella,Gilchristella aestuarius,Gilchristella aestuaria,5.65E-02,0.12,25,0,"Talbot, Baird 1985",Summer,0
Animalia,Chordata,Actinopterygii,Clupeiformes,Clupeidae,Gilchristella,Gilchristella aestuarius,Gilchristella aestuaria,2.03E-01,0.83,25,0,"Talbot, Baird 1985",Summer,0
Animalia,Chordata,Actinopterygii,Clupeiformes,Clupeidae,Gilchristella,Gilchristella aestuarius,Gilchristella aestuaria,3.07E-01,1.38,25,0,"Talbot, Baird 1985",Summer,0
Animalia,Chordata,Actinopterygii,Perciformes,Channidae,Channa,Channa gachua,Channa gachua,2.53E-01,5,30,0,"Mishra, Singh 1979 a",Summer acclimated to 30 deg C,0
Animalia,Chordata,Actinopterygii,Perciformes,Channidae,Channa,Channa gachua,Channa gachua,2.79E-01,10,30,0,"Mishra, Singh 1979 a",Summer acclimated to 30 deg C,0
Animalia,Chordata,Actinopterygii,Perciformes,Channidae,Channa,Channa gachua,Channa gachua,3.04E-01,15,30,0,"Mishra, Singh 1979 a",Summer acclimated to 30 deg C,0
Animalia,Chordata,Actinopterygii,Perciformes,Channidae,Channa,Channa gachua,Channa gachua,3.29E-01,20,30,0,"Mishra, Singh 1979 a",Summer acclimated to 30 deg C,0
Animalia,Chordata,Actinopterygii,Perciformes,Channidae,Channa,Channa gachua,Channa gachua,3.54E-01,25,30,0,"Mishra, Singh 1979 a",Summer acclimated to 30 deg C,0
Animalia,Chordata,Actinopterygii,Perciformes,Channidae,Channa,Channa gachua,Channa gachua,3.80E-01,30,30,0,"Mishra, Singh 1979 a",Summer acclimated to 30 deg C,0
Animalia,Chordata,Actinopterygii,Perciformes,Channidae,Channa,Channa gachua,Channa gachua,4.08E-01,35,30,0,"Mishra, Singh 1979 a",Summer acclimated to 30 deg C,0
Animalia,Chordata,Actinopterygii,Perciformes,Channidae,Channa,Channa gachua,Channa gachua,4.42E-01,40,30,0,"Mishra, Singh 1979 a",Summer acclimated to 30 deg C,0
Animalia,Chordata,Actinopterygii,Perciformes,Channidae,Channa,Channa gachua,Channa gachua,4.56E-01,45,30,0,"Mishra, Singh 1979 a",Summer acclimated to 30 deg C,0
Animalia,Chordata,Actinopterygii,Perciformes,Channidae,Channa,Channa gachua,Channa gachua,5.06E-01,50,30,0,"Mishra, Singh 1979 a",Summer acclimated to 30 deg C,0
Animalia,Chordata,Actinopterygii,Perciformes,Channidae,Channa,Channa gachua,Channa gachua,5.15E-01,55,30,0,"Mishra, Singh 1979 a",Summer acclimated to 30 deg C,0
Animalia,Chordata,Actinopterygii,Perciformes,Channidae,Channa,Channa gachua,Channa gachua,5.56E-01,65,30,0,"Mishra, Singh 1979 a",Summer acclimated to 30 deg C,0
Animalia,Chordata,Actinopterygii,Perciformes,Channidae,Channa,Channa gachua,Channa gachua,1.01E-01,5,20,0,"Mishra, Singh 1979 a",Summer acclimated to 30 deg C,0
Animalia,Chordata,Actinopterygii,Perciformes,Channidae,Channa,Channa gachua,Channa gachua,1.01E-01,10,20,0,"Mishra, Singh 1979 a",Summer acclimated to 30 deg C,0
Animalia,Chordata,Actinopterygii,Perciformes,Channidae,Channa,Channa gachua,Channa gachua,1.52E-01,15,20,0,"Mishra, Singh 1979 a",Summer acclimated to 30 deg C,0
Animalia,Chordata,Actinopterygii,Perciformes,Channidae,Channa,Channa gachua,Channa gachua,1.52E-01,20,20,0,"Mishra, Singh 1979 a",Summer acclimated to 30 deg C,0
Animalia,Chordata,Actinopterygii,Perciformes,Channidae,Channa,Channa gachua,Channa gachua,1.52E-01,25,20,0,"Mishra, Singh 1979 a",Summer acclimated to 30 deg C,0
Animalia,Chordata,Actinopterygii,Perciformes,Channidae,Channa,Channa gachua,Channa gachua,1.93E-01,30,20,0,"Mishra, Singh 1979 a",Summer acclimated to 30 deg C,0
Animalia,Chordata,Actinopterygii,Perciformes,Channidae,Channa,Channa gachua,Channa gachua,2.02E-01,35,20,0,"Mishra, Singh 1979 a",Summer acclimated to 30 deg C,0
Animalia,Chordata,Actinopterygii,Perciformes,Channidae,Channa,Channa gachua,Channa gachua,2.03E-01,40,20,0,"Mishra, Singh 1979 a",Summer acclimated to 30 deg C,0
Animalia,Chordata,Actinopterygii,Perciformes,Channidae,Channa,Channa gachua,Channa gachua,2.53E-01,45,20,0,"Mishra, Singh 1979 a",Summer acclimated to 30 deg C,0
Animalia,Chordata,Actinopterygii,Perciformes,Channidae,Channa,Channa gachua,Channa gachua,2.48E-01,50,20,0,"Mishra, Singh 1979 a",Summer acclimated to 30 deg C,0
Animalia,Chordata,Actinopterygii,Perciformes,Channidae,Channa,Channa gachua,Channa gachua,2.79E-01,55,20,0,"Mishra, Singh 1979 a",Summer acclimated to 30 deg C,0
Animalia,Chordata,Actinopterygii,Perciformes,Channidae,Channa,Channa gachua,Channa gachua,3.03E-01,65,20,0,"Mishra, Singh 1979 a",Summer acclimated to 30 deg C,0
Animalia,Chordata,Actinopterygii,Esociformes,Esocidae,Esox,Esox lucius,Esox lucius,1.40E+00,13.3,21.5,0,Petit 1973,Tested in groups of 1,0
Animalia,Chordata,Actinopterygii,Esociformes,Esocidae,Esox,Esox lucius,Esox lucius,1.91E+00,14,21.1,0,Petit 1973,Tested in groups of 1,0
Animalia,Chordata,Actinopterygii,Esociformes,Esocidae,Esox,Esox lucius,Esox lucius,2.02E+00,14.8,21.4,0,Petit 1973,Tested in groups of 1,0
Animalia,Chordata,Actinopterygii,Esociformes,Esocidae,Esox,Esox lucius,Esox lucius,2.18E+00,14.8,21.3,0,Petit 1973,Tested in groups of 1,0
Animalia,Chordata,Actinopterygii,Esociformes,Esocidae,Esox,Esox lucius,Esox lucius,1.52E+00,24,21.3,0,Petit 1973,Tested in groups of 1,0
Animalia,Chordata,Actinopterygii,Perciformes,Centrarchidae,Micropterus,Micropterus salmoides,Micropterus salmoides,3.42E+00,10.3,25,0,Petit 1973,Tested in groups of 1,0
Animalia,Chordata,Actinopterygii,Perciformes,Centrarchidae,Micropterus,Micropterus salmoides,Micropterus salmoides,2.49E+00,11.8,25,0,Petit 1973,Tested in groups of 1,0
Animalia,Chordata,Actinopterygii,Perciformes,Centrarchidae,Micropterus,Micropterus salmoides,Micropterus salmoides,2.46E+00,9.75,25,0,Petit 1973,Tested in groups of 1,0
Animalia,Chordata,Actinopterygii,Perciformes,Centrarchidae,Micropterus,Micropterus salmoides,Micropterus salmoides,2.07E+00,12.3,25.8,0,Petit 1973,Tested in groups of 1,0
Animalia,Chordata,Actinopterygii,Perciformes,Centrarchidae,Micropterus,Micropterus salmoides,Micropterus salmoides,2.18E+00,18.8,25.2,0,Petit 1973,Tested in groups of 1,0
Animalia,Chordata,Actinopterygii,Perciformes,Centrarchidae,Lepomis,Lepomis macrochirus,Lepomis macrochirus,6.00E+00,0.8,21.3,0,Petit 1973,Tested in groups of 1,0
Animalia,Chordata,Actinopterygii,Perciformes,Centrarchidae,Lepomis,Lepomis macrochirus,Lepomis macrochirus,1.82E+00,1.13,21.2,0,Petit 1973,Tested in groups of 1,0
Animalia,Chordata,Actinopterygii,Perciformes,Centrarchidae,Lepomis,Lepomis macrochirus,Lepomis macrochirus,1.05E+00,1.06,21.9,0,Petit 1973,Tested in groups of 1,0
Animalia,Chordata,Actinopterygii,Perciformes,Centrarchidae,Lepomis,Lepomis macrochirus,Lepomis macrochirus,9.93E-01,1.06,20.9,0,Petit 1973,Tested in groups of 1,0
Animalia,Chordata,Actinopterygii,Perciformes,Centrarchidae,Lepomis,Lepomis macrochirus,Lepomis macrochirus,1.11E+00,3,21.8,0,Petit 1973,Tested in groups of 1,0
Animalia,Chordata,Actinopterygii,Perciformes,Percidae,Sander,Stizostedion vitreum,Sander vitreus,1.10E+00,5.5,21.3,0,Petit 1973,Tested in groups of 1,0
Animalia,Chordata,Actinopterygii,Perciformes,Percidae,Sander,Stizostedion vitreum,Sander vitreus,2.97E-01,4.69,22.9,0,Petit 1973,Tested in groups of 1,0
Animalia,Chordata,Actinopterygii,Perciformes,Percidae,Sander,Stizostedion vitreum,Sander vitreus,1.54E+00,6.1,23.3,0,Petit 1973,Tested in groups of 1,0
Animalia,Chordata,Actinopterygii,Perciformes,Percidae,Sander,Stizostedion vitreum,Sander vitreus,3.34E+00,6.75,22.9,0,Petit 1973,Tested in groups of 1,0
Animalia,Chordata,Actinopterygii,Perciformes,Percidae,Perca,Perca flavescens,Perca flavescens,1.16E+00,1,23,0,Petit 1973,Tested in groups of 1,0
Animalia,Chordata,Actinopterygii,Perciformes,Percidae,Perca,Perca flavescens,Perca flavescens,2.21E+00,1.25,22.8,0,Petit 1973,Tested in groups of 1,0
Animalia,Chordata,Actinopterygii,Perciformes,Percidae,Perca,Perca flavescens,Perca flavescens,1.37E+00,3.25,22.5,0,Petit 1973,Tested in groups of 1,0
Animalia,Chordata,Actinopterygii,Perciformes,Percidae,Perca,Perca flavescens,Perca flavescens,2.07E+00,1.7,22.2,0,Petit 1973,Tested in groups of 1,0
Animalia,Chordata,Actinopterygii,Perciformes,Percidae,Perca,Perca flavescens,Perca flavescens,1.26E+00,3.63,22.8,0,Petit 1973,Tested in groups of 1,0
Animalia,Chordata,Actinopterygii,Perciformes,Percidae,Perca,Perca flavescens,Perca flavescens,1.22E+00,4,15.1,0,Petit 1973,Tested in groups of 1,0
Animalia,Chordata,Actinopterygii,Perciformes,Percidae,Perca,Perca flavescens,Perca flavescens,7.64E-01,7.25,15.7,0,Petit 1973,Tested in groups of 1,0
Animalia,Chordata,Actinopterygii,Perciformes,Percidae,Perca,Perca flavescens,Perca flavescens,1.23E+00,3.88,15.8,0,Petit 1973,Tested in groups of 1,0
Animalia,Chordata,Actinopterygii,Perciformes,Percidae,Perca,Perca flavescens,Perca flavescens,1.03E+00,4.06,15.1,0,Petit 1973,Tested in groups of 1,0
Animalia,Chordata,Actinopterygii,Perciformes,Percidae,Perca,Perca flavescens,Perca flavescens,1.12E+00,3.81,14.9,0,Petit 1973,Tested in groups of 1,0
Animalia,Chordata,Actinopterygii,Esociformes,Esocidae,Esox,Esox lucius,Esox lucius,1.60E+00,13.8,21.5,0,Petit 1973,Tested in groups of 2,0
Animalia,Chordata,Actinopterygii,Esociformes,Esocidae,Esox,Esox lucius,Esox lucius,2.16E+00,17.1,21.1,0,Petit 1973,Tested in groups of 2,0
Animalia,Chordata,Actinopterygii,Esociformes,Esocidae,Esox,Esox lucius,Esox lucius,1.73E+00,16.4,21.4,0,Petit 1973,Tested in groups of 2,0
Animalia,Chordata,Actinopterygii,Esociformes,Esocidae,Esox,Esox lucius,Esox lucius,1.84E+00,17.5,21.3,0,Petit 1973,Tested in groups of 2,0
Animalia,Chordata,Actinopterygii,Esociformes,Esocidae,Esox,Esox lucius,Esox lucius,3.74E-01,35.5,21.3,0,Petit 1973,Tested in groups of 2,0
Animalia,Chordata,Actinopterygii,Perciformes,Centrarchidae,Micropterus,Micropterus salmoides,Micropterus salmoides,3.13E+00,8.75,25,0,Petit 1973,Tested in groups of 2,0
Animalia,Chordata,Actinopterygii,Perciformes,Centrarchidae,Micropterus,Micropterus salmoides,Micropterus salmoides,1.46E+00,9.25,25,0,Petit 1973,Tested in groups of 2,0
Animalia,Chordata,Actinopterygii,Perciformes,Centrarchidae,Micropterus,Micropterus salmoides,Micropterus salmoides,1.32E+00,11.4,25,0,Petit 1973,Tested in groups of 2,0
Animalia,Chordata,Actinopterygii,Perciformes,Centrarchidae,Micropterus,Micropterus salmoides,Micropterus salmoides,6.74E-01,12.8,25.8,0,Petit 1973,Tested in groups of 2,0
Animalia,Chordata,Actinopterygii,Perciformes,Centrarchidae,Micropterus,Micropterus salmoides,Micropterus salmoides,1.13E+00,17.9,25.2,0,Petit 1973,Tested in groups of 2,0
Animalia,Chordata,Actinopterygii,Perciformes,Centrarchidae,Lepomis,Lepomis macrochirus,Lepomis macrochirus,1.51E+00,0.84,21.3,0,Petit 1973,Tested in groups of 4,0
Animalia,Chordata,Actinopterygii,Perciformes,Centrarchidae,Lepomis,Lepomis macrochirus,Lepomis macrochirus,5.49E-01,0.84,21.2,0,Petit 1973,Tested in groups of 4,0
Animalia,Chordata,Actinopterygii,Perciformes,Centrarchidae,Lepomis,Lepomis macrochirus,Lepomis macrochirus,4.71E-01,0.66,21.9,0,Petit 1973,Tested in groups of 4,0
Animalia,Chordata,Actinopterygii,Perciformes,Centrarchidae,Lepomis,Lepomis macrochirus,Lepomis macrochirus,5.52E-01,0.54,20.9,0,Petit 1973,Tested in groups of 4,0
Animalia,Chordata,Actinopterygii,Perciformes,Centrarchidae,Lepomis,Lepomis macrochirus,Lepomis macrochirus,4.80E-01,1.06,21.8,0,Petit 1973,Tested in groups of 4,0
Animalia,Chordata,Actinopterygii,Perciformes,Percidae,Sander,Stizostedion vitreum,Sander vitreus,3.44E-01,5.44,21.3,0,Petit 1973,Tested in groups of 4,0
Animalia,Chordata,Actinopterygii,Perciformes,Percidae,Sander,Stizostedion vitreum,Sander vitreus,2.90E-01,5.5,22.9,0,Petit 1973,Tested in groups of 4,0
Animalia,Chordata,Actinopterygii,Perciformes,Percidae,Sander,Stizostedion vitreum,Sander vitreus,1.36E+00,6.81,23.3,0,Petit 1973,Tested in groups of 4,0
Animalia,Chordata,Actinopterygii,Perciformes,Percidae,Perca,Perca flavescens,Perca flavescens,3.61E-01,1.63,23,0,Petit 1973,Tested in groups of 4,0
Animalia,Chordata,Actinopterygii,Perciformes,Percidae,Perca,Perca flavescens,Perca flavescens,8.96E-01,1.81,22.8,0,Petit 1973,Tested in groups of 4,0
Animalia,Chordata,Actinopterygii,Perciformes,Percidae,Perca,Perca flavescens,Perca flavescens,5.67E-01,2.69,22.5,0,Petit 1973,Tested in groups of 4,0
Animalia,Chordata,Actinopterygii,Perciformes,Percidae,Perca,Perca flavescens,Perca flavescens,3.37E-01,1.88,22.2,0,Petit 1973,Tested in groups of 4,0
Animalia,Chordata,Actinopterygii,Perciformes,Percidae,Perca,Perca flavescens,Perca flavescens,4.88E-01,4.63,22.8,0,Petit 1973,Tested in groups of 4,0
Animalia,Chordata,Actinopterygii,Perciformes,Percidae,Perca,Perca flavescens,Perca flavescens,2.69E-01,4.25,15.1,0,Petit 1973,Tested in groups of 4,0
Animalia,Chordata,Actinopterygii,Perciformes,Percidae,Perca,Perca flavescens,Perca flavescens,4.32E-01,4.56,15.7,0,Petit 1973,Tested in groups of 4,0
Animalia,Chordata,Actinopterygii,Perciformes,Percidae,Perca,Perca flavescens,Perca flavescens,8.05E-01,4.25,15.8,0,Petit 1973,Tested in groups of 4,0
Animalia,Chordata,Actinopterygii,Perciformes,Percidae,Perca,Perca flavescens,Perca flavescens,1.92E-01,4.56,15.1,0,Petit 1973,Tested in groups of 4,0
Animalia,Chordata,Actinopterygii,Perciformes,Percidae,Perca,Perca flavescens,Perca flavescens,4.31E-01,5.13,14.9,0,Petit 1973,Tested in groups of 4,0
Animalia,Chordata,Actinopterygii,Anguilliformes,Anguillidae,Anguilla,Anguilla rostrata,Anguilla rostrata,3.86E-01,0.82,25,0,"Degani, Lee-Gallagher 1985",Underdeveloped elvers,0
Animalia,Chordata,Actinopterygii,Anguilliformes,Anguillidae,Anguilla,Anguilla rostrata,Anguilla rostrata,9.00E-01,5.08,25,0,"Degani, Lee-Gallagher 1985",Underdeveloped elvers,0
Animalia,Chordata,Actinopterygii,Anguilliformes,Anguillidae,Anguilla,Anguilla rostrata,Anguilla rostrata,2.53E-01,0.96,20,0,"Degani, Lee-Gallagher 1985",Underdeveloped elvers,0
Animalia,Chordata,Actinopterygii,Anguilliformes,Anguillidae,Anguilla,Anguilla rostrata,Anguilla rostrata,7.20E-01,6.77,20,0,"Degani, Lee-Gallagher 1985",Underdeveloped elvers,0
Animalia,Chordata,Actinopterygii,Anguilliformes,Anguillidae,Anguilla,Anguilla rostrata,Anguilla rostrata,6.63E-02,0.77,15,0,"Degani, Lee-Gallagher 1985",Underdeveloped elvers,0
Animalia,Chordata,Actinopterygii,Anguilliformes,Anguillidae,Anguilla,Anguilla rostrata,Anguilla rostrata,3.77E-01,6.2,15,0,"Degani, Lee-Gallagher 1985",Underdeveloped elvers,0
Animalia,Chordata,Actinopterygii,Perciformes,Osphronemidae,Trichogaster,Colisa fasciata,Trichogaster fasciata,6.60E-03,0.01,28,0,"Prasad, Singh 1984",Water breathing,0
Animalia,Chordata,Actinopterygii,Perciformes,Osphronemidae,Trichogaster,Colisa fasciata,Trichogaster fasciata,5.84E-03,0.01,28,0,"Prasad, Singh 1984",Water breathing,0
Animalia,Chordata,Actinopterygii,Perciformes,Osphronemidae,Trichogaster,Colisa fasciata,Trichogaster fasciata,5.67E-03,0.01,28,0,"Prasad, Singh 1984",Water breathing,0
Animalia,Chordata,Actinopterygii,Perciformes,Osphronemidae,Trichogaster,Colisa fasciata,Trichogaster fasciata,6.37E-03,0.01,28,0,"Prasad, Singh 1984",Water breathing,0
Animalia,Chordata,Actinopterygii,Perciformes,Osphronemidae,Trichogaster,Colisa fasciata,Trichogaster fasciata,5.84E-03,0.01,28,0,"Prasad, Singh 1984",Water breathing,0
Animalia,Chordata,Actinopterygii,Perciformes,Osphronemidae,Trichogaster,Colisa fasciata,Trichogaster fasciata,5.61E-03,0.01,28,0,"Prasad, Singh 1984",Water breathing,0
Animalia,Chordata,Actinopterygii,Perciformes,Osphronemidae,Trichogaster,Colisa fasciata,Trichogaster fasciata,5.38E-03,0.01,28,0,"Prasad, Singh 1984",Water breathing,0
Animalia,Chordata,Actinopterygii,Perciformes,Osphronemidae,Trichogaster,Colisa fasciata,Trichogaster fasciata,1.06E-02,0.02,28,0,"Prasad, Singh 1984",Water breathing,0
Animalia,Chordata,Actinopterygii,Perciformes,Osphronemidae,Trichogaster,Colisa fasciata,Trichogaster fasciata,1.06E-02,0.02,28,0,"Prasad, Singh 1984",Water breathing,0
Animalia,Chordata,Actinopterygii,Perciformes,Osphronemidae,Trichogaster,Colisa fasciata,Trichogaster fasciata,1.05E-02,0.02,28,0,"Prasad, Singh 1984",Water breathing,0
Animalia,Chordata,Actinopterygii,Perciformes,Osphronemidae,Trichopodus,Trichogaster trichopteru,Trichopodus trichopterus,9.17E-01,7.97,27,0,Burggren 1979,Water Hypercapnis,0
Animalia,Chordata,Actinopterygii,Mugiliformes,Mugilidae,Mugil,Mugil cephalus,Mugil cephalus,2.96E+01,140,20,0,Moore 1976,Winter,0
Animalia,Chordata,Actinopterygii,Mugiliformes,Mugilidae,Mugil,Mugil curema,Mugil curema,3.30E+01,140,20,0,Moore 1976,Winter,0
Animalia,Chordata,Actinopterygii,Clupeiformes,Clupeidae,Gilchristella,Gilchristella aestuarius,Gilchristella aestuaria,1.01E-02,0.05,15,0,"Talbot, Baird 1985",Winter,0
Animalia,Chordata,Actinopterygii,Clupeiformes,Clupeidae,Gilchristella,Gilchristella aestuarius,Gilchristella aestuaria,2.17E-02,0.15,15,0,"Talbot, Baird 1985",Winter,0
Animalia,Chordata,Actinopterygii,Clupeiformes,Clupeidae,Gilchristella,Gilchristella aestuarius,Gilchristella aestuaria,8.66E-02,0.76,15,0,"Talbot, Baird 1985",Winter,0
Animalia,Chordata,Actinopterygii,Clupeiformes,Clupeidae,Gilchristella,Gilchristella aestuarius,Gilchristella aestuaria,1.43E-01,1.38,15,0,"Talbot, Baird 1985",Winter,0
Animalia,Chordata,Actinopterygii,Clupeiformes,Clupeidae,Gilchristella,Gilchristella aestuarius,Gilchristella aestuaria,1.44E-02,0.05,20,0,"Talbot, Baird 1985",Winter,0
Animalia,Chordata,Actinopterygii,Clupeiformes,Clupeidae,Gilchristella,Gilchristella aestuarius,Gilchristella aestuaria,2.36E-02,0.09,20,0,"Talbot, Baird 1985",Winter,0
Animalia,Chordata,Actinopterygii,Clupeiformes,Clupeidae,Gilchristella,Gilchristella aestuarius,Gilchristella aestuaria,3.74E-02,0.15,20,0,"Talbot, Baird 1985",Winter,0
Animalia,Chordata,Actinopterygii,Clupeiformes,Clupeidae,Gilchristella,Gilchristella aestuarius,Gilchristella aestuaria,1.48E-01,0.87,20,0,"Talbot, Baird 1985",Winter,0
Animalia,Chordata,Actinopterygii,Clupeiformes,Clupeidae,Gilchristella,Gilchristella aestuarius,Gilchristella aestuaria,1.88E-01,1.32,20,0,"Talbot, Baird 1985",Winter,0
Animalia,Chordata,Actinopterygii,Perciformes,Channidae,Channa,Channa gachua,Channa gachua,2.03E-01,5,20,0,"Mishra, Singh 1979 a",Winter acclimated to 20 deg C,0
Animalia,Chordata,Actinopterygii,Perciformes,Channidae,Channa,Channa gachua,Channa gachua,2.38E-01,10,20,0,"Mishra, Singh 1979 a",Winter acclimated to 20 deg C,0
Animalia,Chordata,Actinopterygii,Perciformes,Channidae,Channa,Channa gachua,Channa gachua,2.33E-01,15,20,0,"Mishra, Singh 1979 a",Winter acclimated to 20 deg C,0
Animalia,Chordata,Actinopterygii,Perciformes,Channidae,Channa,Channa gachua,Channa gachua,2.79E-01,20,20,0,"Mishra, Singh 1979 a",Winter acclimated to 20 deg C,0
Animalia,Chordata,Actinopterygii,Perciformes,Channidae,Channa,Channa gachua,Channa gachua,2.79E-01,25,20,0,"Mishra, Singh 1979 a",Winter acclimated to 20 deg C,0
Animalia,Chordata,Actinopterygii,Perciformes,Channidae,Channa,Channa gachua,Channa gachua,2.93E-01,30,20,0,"Mishra, Singh 1979 a",Winter acclimated to 20 deg C,0
Animalia,Chordata,Actinopterygii,Perciformes,Channidae,Channa,Channa gachua,Channa gachua,3.39E-01,40,20,0,"Mishra, Singh 1979 a",Winter acclimated to 20 deg C,0
Animalia,Chordata,Actinopterygii,Perciformes,Channidae,Channa,Channa gachua,Channa gachua,3.74E-01,45,20,0,"Mishra, Singh 1979 a",Winter acclimated to 20 deg C,0
Animalia,Chordata,Actinopterygii,Perciformes,Channidae,Channa,Channa gachua,Channa gachua,3.70E-01,50,20,0,"Mishra, Singh 1979 a",Winter acclimated to 20 deg C,0
Animalia,Chordata,Actinopterygii,Perciformes,Channidae,Channa,Channa gachua,Channa gachua,4.41E-01,65,20,0,"Mishra, Singh 1979 a",Winter acclimated to 20 deg C,0
Animalia,Chordata,Actinopterygii,Perciformes,Channidae,Channa,Channa gachua,Channa gachua,4.56E-01,5,30,0,"Mishra, Singh 1979 a",Winter acclimated to 20 deg C,0
Animalia,Chordata,Actinopterygii,Perciformes,Channidae,Channa,Channa gachua,Channa gachua,5.01E-01,10,30,0,"Mishra, Singh 1979 a",Winter acclimated to 20 deg C,0
Animalia,Chordata,Actinopterygii,Perciformes,Channidae,Channa,Channa gachua,Channa gachua,5.07E-01,15,30,0,"Mishra, Singh 1979 a",Winter acclimated to 20 deg C,0
Animalia,Chordata,Actinopterygii,Perciformes,Channidae,Channa,Channa gachua,Channa gachua,5.32E-01,20,30,0,"Mishra, Singh 1979 a",Winter acclimated to 20 deg C,0
Animalia,Chordata,Actinopterygii,Perciformes,Channidae,Channa,Channa gachua,Channa gachua,5.22E-01,25,30,0,"Mishra, Singh 1979 a",Winter acclimated to 20 deg C,0
Animalia,Chordata,Actinopterygii,Perciformes,Channidae,Channa,Channa gachua,Channa gachua,5.73E-01,30,30,0,"Mishra, Singh 1979 a",Winter acclimated to 20 deg C,0
Animalia,Chordata,Actinopterygii,Perciformes,Channidae,Channa,Channa gachua,Channa gachua,5.94E-01,40,30,0,"Mishra, Singh 1979 a",Winter acclimated to 20 deg C,0
Animalia,Chordata,Actinopterygii,Perciformes,Channidae,Channa,Channa gachua,Channa gachua,6.34E-01,45,30,0,"Mishra, Singh 1979 a",Winter acclimated to 20 deg C,0
Animalia,Chordata,Actinopterygii,Perciformes,Channidae,Channa,Channa gachua,Channa gachua,6.84E-01,50,30,0,"Mishra, Singh 1979 a",Winter acclimated to 20 deg C,0
Animalia,Chordata,Actinopterygii,Perciformes,Channidae,Channa,Channa gachua,Channa gachua,6.75E-01,65,30,0,"Mishra, Singh 1979 a",Winter acclimated to 20 deg C,0
Animalia,Chordata,Elasmobranchii,Carcharhiniformes,Scyliorhinidae,Scyliorhinus,Scyliorhinus stellaris,Scyliorhinus stellaris,5.73E+01,2180,16,0,"Baumgarten-Schumann, Piiper 1968",,0
Animalia,Chordata,Actinopterygii,Perciformes,Zoarcidae,Melanostigma,Melanostigma pammelas,Melanostigma pammelas,7.23E-02,10,3,0,"Belman, Gordon 1979",,1
Animalia,Chordata,Actinopterygii,Perciformes,Zoarcidae,Melanostigma,Melanostigma pammelas,Melanostigma pammelas,4.72E-02,10,3,0,"Belman, Gordon 1979",,1
Animalia,Chordata,Actinopterygii,Perciformes,Zoarcidae,Melanostigma,Melanostigma pammelas,Melanostigma pammelas,1.05E-01,10,5,0,"Belman, Gordon 1979",,0
Animalia,Chordata,Actinopterygii,Perciformes,Zoarcidae,Melanostigma,Melanostigma pammelas,Melanostigma pammelas,8.96E-02,10,5,0,"Belman, Gordon 1979",,1
Animalia,Chordata,Actinopterygii,Perciformes,Zoarcidae,Melanostigma,Melanostigma pammelas,Melanostigma pammelas,1.13E-01,10,7,0,"Belman, Gordon 1979",,0
Animalia,Chordata,Actinopterygii,Perciformes,Zoarcidae,Melanostigma,Melanostigma pammelas,Melanostigma pammelas,1.29E-01,10,7,0,"Belman, Gordon 1979",,0
Animalia,Chordata,Actinopterygii,Perciformes,Zoarcidae,Melanostigma,Melanostigma pammelas,Melanostigma pammelas,2.63E-01,10,10,0,"Belman, Gordon 1979",,0
Animalia,Chordata,Actinopterygii,Perciformes,Zoarcidae,Melanostigma,Melanostigma pammelas,Melanostigma pammelas,2.79E-01,10,10,0,"Belman, Gordon 1979",,0
Animalia,Chordata,Actinopterygii,Synbranchiformes,Synbranchidae,Synbranchus,Synbranchus marmoratus,Synbranchus marmoratus,2.68E+00,71,25,0,"Eduardo, Bicudo, Johansen 1979",,0
Animalia,Chordata,Actinopterygii,Synbranchiformes,Synbranchidae,Synbranchus,Synbranchus marmoratus,Synbranchus marmoratus,3.34E+00,97,25,0,"Eduardo, Bicudo, Johansen 1979",,0
Animalia,Chordata,Actinopterygii,Synbranchiformes,Synbranchidae,Synbranchus,Synbranchus marmoratus,Synbranchus marmoratus,2.71E+00,99,25,0,"Eduardo, Bicudo, Johansen 1979",,0
Animalia,Chordata,Actinopterygii,Synbranchiformes,Synbranchidae,Synbranchus,Synbranchus marmoratus,Synbranchus marmoratus,2.01E+00,100,25,0,"Eduardo, Bicudo, Johansen 1979",,0
Animalia,Chordata,Actinopterygii,Synbranchiformes,Synbranchidae,Synbranchus,Synbranchus marmoratus,Synbranchus marmoratus,3.32E+00,104,25,0,"Eduardo, Bicudo, Johansen 1979",,0
Animalia,Chordata,Actinopterygii,Synbranchiformes,Synbranchidae,Synbranchus,Synbranchus marmoratus,Synbranchus marmoratus,3.96E+00,145,25,0,"Eduardo, Bicudo, Johansen 1979",,0
Animalia,Chordata,Actinopterygii,Synbranchiformes,Synbranchidae,Synbranchus,Synbranchus marmoratus,Synbranchus marmoratus,2.75E+00,151,25,0,"Eduardo, Bicudo, Johansen 1979",,0
Animalia,Chordata,Actinopterygii,Cypriniformes,Cyprinidae,Carassius,Carassius carassius,Carassius carassius,6.22E-02,12.5,5,0,Blazka 1958,,1
Animalia,Chordata,Actinopterygii,Cypriniformes,Cyprinidae,Carassius,Carassius carassius,Carassius carassius,2.10E-01,12.5,10,0,Blazka 1958,,0
Animalia,Chordata,Actinopterygii,Cypriniformes,Cyprinidae,Carassius,Carassius carassius,Carassius carassius,4.29E-01,12.5,15,0,Blazka 1958,,0
Animalia,Chordata,Actinopterygii,Cypriniformes,Cyprinidae,Carassius,Carassius carassius,Carassius carassius,1.03E+00,12.5,20,0,Blazka 1958,,0
Animalia,Chordata,Actinopterygii,Cypriniformes,Cyprinidae,Carassius,Carassius carassius,Carassius carassius,1.49E+00,12.5,25,0,Blazka 1958,,0
Animalia,Chordata,Actinopterygii,Cypriniformes,Cyprinidae,Carassius,Carassius carassius,Carassius carassius,4.72E-01,12.5,15,0,Blazka 1958,,0
Animalia,Chordata,Actinopterygii,Cypriniformes,Cyprinidae,Carassius,Carassius carassius,Carassius carassius,8.74E-01,12.5,15,0,Blazka 1958,,0
Animalia,Chordata,Actinopterygii,Cypriniformes,Cyprinidae,Carassius,Carassius carassius,Carassius carassius,6.17E-01,12.5,15,0,Blazka 1958,,0
Animalia,Chordata,Actinopterygii,Cypriniformes,Cyprinidae,Carassius,Carassius carassius,Carassius carassius,5.57E-01,12.5,15,0,Blazka 1958,,0
Animalia,Chordata,Actinopterygii,Cypriniformes,Cyprinidae,Carassius,Carassius carassius,Carassius carassius,5.40E-01,12.5,15,0,Blazka 1958,,0
Animalia,Chordata,Actinopterygii,Cypriniformes,Cyprinidae,Carassius,Carassius carassius,Carassius carassius,5.15E-01,12.5,15,0,Blazka 1958,,0
Animalia,Chordata,Actinopterygii,Cypriniformes,Cyprinidae,Carassius,Carassius carassius,Carassius carassius,4.97E-01,12.5,15,0,Blazka 1958,,0
Animalia,Chordata,Actinopterygii,Gasterosteiformes,Gasterosteidae,Gasterosteus,Gasterosteus aculeatus,Gasterosteus aculeatus,2.18E-02,0.29,10,0,"Brafield, Matthiessen 1976",,0
Animalia,Chordata,Actinopterygii,Gasterosteiformes,Gasterosteidae,Gasterosteus,Gasterosteus aculeatus,Gasterosteus aculeatus,3.29E-02,0.5,10,0,"Brafield, Matthiessen 1976",,0
Animalia,Chordata,Actinopterygii,Gasterosteiformes,Gasterosteidae,Gasterosteus,Gasterosteus aculeatus,Gasterosteus aculeatus,4.41E-02,0.58,10,0,"Brafield, Matthiessen 1976",,0
Animalia,Chordata,Actinopterygii,Gasterosteiformes,Gasterosteidae,Gasterosteus,Gasterosteus aculeatus,Gasterosteus aculeatus,5.52E-02,0.64,10,0,"Brafield, Matthiessen 1976",,0
Animalia,Chordata,Actinopterygii,Gasterosteiformes,Gasterosteidae,Gasterosteus,Gasterosteus aculeatus,Gasterosteus aculeatus,1.05E-01,0.65,10,0,"Brafield, Matthiessen 1976",,0
Animalia,Chordata,Actinopterygii,Gasterosteiformes,Gasterosteidae,Gasterosteus,Gasterosteus aculeatus,Gasterosteus aculeatus,4.51E-02,0.67,10,0,"Brafield, Matthiessen 1976",,0
Animalia,Chordata,Actinopterygii,Gasterosteiformes,Gasterosteidae,Gasterosteus,Gasterosteus aculeatus,Gasterosteus aculeatus,4.05E-02,0.69,10,0,"Brafield, Matthiessen 1976",,0
Animalia,Chordata,Actinopterygii,Gasterosteiformes,Gasterosteidae,Gasterosteus,Gasterosteus aculeatus,Gasterosteus aculeatus,6.13E-02,0.69,10,0,"Brafield, Matthiessen 1976",,0
Animalia,Chordata,Actinopterygii,Gasterosteiformes,Gasterosteidae,Gasterosteus,Gasterosteus aculeatus,Gasterosteus aculeatus,5.26E-02,0.72,10,0,"Brafield, Matthiessen 1976",,0
Animalia,Chordata,Actinopterygii,Gasterosteiformes,Gasterosteidae,Gasterosteus,Gasterosteus aculeatus,Gasterosteus aculeatus,7.55E-02,0.76,10,0,"Brafield, Matthiessen 1976",,0
Animalia,Chordata,Actinopterygii,Gasterosteiformes,Gasterosteidae,Gasterosteus,Gasterosteus aculeatus,Gasterosteus aculeatus,8.16E-02,0.8,10,0,"Brafield, Matthiessen 1976",,0
Animalia,Chordata,Actinopterygii,Gasterosteiformes,Gasterosteidae,Gasterosteus,Gasterosteus aculeatus,Gasterosteus aculeatus,6.28E-02,0.86,10,0,"Brafield, Matthiessen 1976",,0
Animalia,Chordata,Actinopterygii,Gasterosteiformes,Gasterosteidae,Gasterosteus,Gasterosteus aculeatus,Gasterosteus aculeatus,7.75E-02,0.86,10,0,"Brafield, Matthiessen 1976",,0
Animalia,Chordata,Actinopterygii,Gasterosteiformes,Gasterosteidae,Gasterosteus,Gasterosteus aculeatus,Gasterosteus aculeatus,1.00E-01,0.93,10,0,"Brafield, Matthiessen 1976",,0
Animalia,Chordata,Actinopterygii,Gasterosteiformes,Gasterosteidae,Gasterosteus,Gasterosteus aculeatus,Gasterosteus aculeatus,7.14E-02,1.06,10,0,"Brafield, Matthiessen 1976",,0
Animalia,Chordata,Actinopterygii,Gasterosteiformes,Gasterosteidae,Gasterosteus,Gasterosteus aculeatus,Gasterosteus aculeatus,6.68E-02,1.2,10,0,"Brafield, Matthiessen 1976",,0
Animalia,Chordata,Actinopterygii,Gasterosteiformes,Gasterosteidae,Gasterosteus,Gasterosteus aculeatus,Gasterosteus aculeatus,7.37E-02,1.2,10,0,"Brafield, Matthiessen 1976",,0
Animalia,Chordata,Actinopterygii,Gasterosteiformes,Gasterosteidae,Gasterosteus,Gasterosteus aculeatus,Gasterosteus aculeatus,1.36E-01,1.2,10,0,"Brafield, Matthiessen 1976",,0
Animalia,Chordata,Actinopterygii,Gasterosteiformes,Gasterosteidae,Gasterosteus,Gasterosteus aculeatus,Gasterosteus aculeatus,1.08E-01,1.95,10,0,"Brafield, Matthiessen 1976",,0
Animalia,Chordata,Actinopterygii,Gasterosteiformes,Gasterosteidae,Gasterosteus,Gasterosteus aculeatus,Gasterosteus aculeatus,3.19E-01,2.1,10,0,"Brafield, Matthiessen 1976",,0
Animalia,Chordata,Actinopterygii,Gasterosteiformes,Gasterosteidae,Gasterosteus,Gasterosteus aculeatus,Gasterosteus aculeatus,1.40E-01,2.39,10,0,"Brafield, Matthiessen 1976",,0
Animalia,Chordata,Actinopterygii,Salmoniformes,Salmonidae,Oncorhynchus,Oncorhynchus nerka,Oncorhynchus nerka,4.02E+00,29,15,0,"Brett, Zala 1975",,0
Animalia,Chordata,Actinopterygii,Perciformes,Zoarcidae,Zoarces,Zoarces viviparus,Zoarces viviparus,1.20E-02,0.29,5,0,"Broberg, Kristoffersson 1983",,0
Animalia,Chordata,Actinopterygii,Perciformes,Zoarcidae,Zoarces,Zoarces viviparus,Zoarces viviparus,1.06E-02,0.29,5,0,"Broberg, Kristoffersson 1983",,0
Animalia,Chordata,Actinopterygii,Perciformes,Zoarcidae,Zoarces,Zoarces viviparus,Zoarces viviparus,1.32E-02,0.25,5,0,"Broberg, Kristoffersson 1983",,0
Animalia,Chordata,Actinopterygii,Perciformes,Zoarcidae,Zoarces,Zoarces viviparus,Zoarces viviparus,1.09E-02,0.25,5,0,"Broberg, Kristoffersson 1983",,0
Animalia,Chordata,Actinopterygii,Perciformes,Zoarcidae,Zoarces,Zoarces viviparus,Zoarces viviparus,1.75E-02,0.24,5,0,"Broberg, Kristoffersson 1983",,0
Animalia,Chordata,Actinopterygii,Perciformes,Zoarcidae,Zoarces,Zoarces viviparus,Zoarces viviparus,1.09E-02,0.24,5,0,"Broberg, Kristoffersson 1983",,0
Animalia,Chordata,Actinopterygii,Perciformes,Zoarcidae,Zoarces,Zoarces viviparus,Zoarces viviparus,1.82E-02,0.23,5,0,"Broberg, Kristoffersson 1983",,0
Animalia,Chordata,Actinopterygii,Perciformes,Zoarcidae,Zoarces,Zoarces viviparus,Zoarces viviparus,1.09E-02,0.23,5,0,"Broberg, Kristoffersson 1983",,0
Animalia,Chordata,Actinopterygii,Perciformes,Osphronemidae,Trichopodus,Trichogaster trichopteru,Trichopodus trichopterus,6.72E-01,7.97,27,0,Burggren 1979,,0
Animalia,Chordata,Actinopterygii,Perciformes,Osphronemidae,Trichopodus,Trichogaster trichopteru,Trichopodus trichopterus,6.20E-01,7.97,27,0,Burggren 1979,,0
Animalia,Chordata,Actinopterygii,Salmoniformes,Salmonidae,Oncorhynchus,Salmo gairdneri,Oncorhynchus mykiss,1.48E+01,300,15,0,"Bushnell, Steffensen, Johansen 1984",,0
Animalia,Chordata,Actinopterygii,Salmoniformes,Salmonidae,Oncorhynchus,Salmo gairdneri,Oncorhynchus mykiss,1.75E+01,300,15,0,"Bushnell, Steffensen, Johansen 1984",,0
Animalia,Chordata,Actinopterygii,Salmoniformes,Salmonidae,Oncorhynchus,Salmo gairdneri,Oncorhynchus mykiss,1.69E+01,300,15,0,"Bushnell, Steffensen, Johansen 1984",,0
Animalia,Chordata,Actinopterygii,Perciformes,Cichlidae,Coptodon,Tilapia rendalli,Coptodon rendalli,2.11E+00,50,17,0,Caulton 1977,,0
Animalia,Chordata,Actinopterygii,Perciformes,Cichlidae,Coptodon,Tilapia rendalli,Coptodon rendalli,3.70E+00,50,23,0,Caulton 1977,,0
Animalia,Chordata,Actinopterygii,Perciformes,Cichlidae,Coptodon,Tilapia rendalli,Coptodon rendalli,6.23E+00,50,28,0,Caulton 1977,,0
Animalia,Chordata,Actinopterygii,Perciformes,Cichlidae,Coptodon,Tilapia rendalli,Coptodon rendalli,7.06E+00,50,33,0,Caulton 1977,,0
Animalia,Chordata,Actinopterygii,Perciformes,Cichlidae,Coptodon,Tilapia rendalli,Coptodon rendalli,8.13E+00,50,37,0,Caulton 1977,,0
Animalia,Chordata,Actinopterygii,Perciformes,Cichlidae,Coptodon,Tilapia rendalli,Coptodon rendalli,9.60E+00,50,38.5,0,Caulton 1977,,0
Animalia,Chordata,Actinopterygii,Perciformes,Cichlidae,Coptodon,Tilapia rendalli,Coptodon rendalli,1.41E+01,50,40,0,Caulton 1977,,0
Animalia,Chordata,Actinopterygii,Perciformes,Cichlidae,Oreochromis,Oreochromis mossambicus,Oreochromis mossambicus,5.11E-01,10.1,16,0,Caulton 1978,,0
Animalia,Chordata,Actinopterygii,Perciformes,Cichlidae,Oreochromis,Oreochromis mossambicus,Oreochromis mossambicus,5.97E-01,16.5,16,0,Caulton 1978,,0
Animalia,Chordata,Actinopterygii,Perciformes,Cichlidae,Oreochromis,Oreochromis mossambicus,Oreochromis mossambicus,9.43E-01,23.9,16,0,Caulton 1978,,0
Animalia,Chordata,Actinopterygii,Perciformes,Cichlidae,Oreochromis,Oreochromis mossambicus,Oreochromis mossambicus,1.01E+00,27.9,16,0,Caulton 1978,,0
Animalia,Chordata,Actinopterygii,Perciformes,Cichlidae,Oreochromis,Oreochromis mossambicus,Oreochromis mossambicus,9.19E-01,33.5,16,0,Caulton 1978,,0
Animalia,Chordata,Actinopterygii,Perciformes,Cichlidae,Oreochromis,Oreochromis mossambicus,Oreochromis mossambicus,1.14E+00,36.2,16,0,Caulton 1978,,0
Animalia,Chordata,Actinopterygii,Perciformes,Cichlidae,Oreochromis,Oreochromis mossambicus,Oreochromis mossambicus,1.21E+00,45.2,16,0,Caulton 1978,,0
Animalia,Chordata,Actinopterygii,Perciformes,Cichlidae,Oreochromis,Oreochromis mossambicus,Oreochromis mossambicus,1.38E+00,56.3,16,0,Caulton 1978,,0
Animalia,Chordata,Actinopterygii,Perciformes,Cichlidae,Oreochromis,Oreochromis mossambicus,Oreochromis mossambicus,1.55E+00,62,16,0,Caulton 1978,,0
Animalia,Chordata,Actinopterygii,Perciformes,Cichlidae,Oreochromis,Oreochromis mossambicus,Oreochromis mossambicus,1.86E+00,78.8,16,0,Caulton 1978,,0
Animalia,Chordata,Actinopterygii,Perciformes,Cichlidae,Oreochromis,Oreochromis mossambicus,Oreochromis mossambicus,1.97E+00,101.2,16,0,Caulton 1978,,0
Animalia,Chordata,Actinopterygii,Perciformes,Cichlidae,Oreochromis,Oreochromis mossambicus,Oreochromis mossambicus,2.67E+00,144.3,16,0,Caulton 1978,,0
Animalia,Chordata,Actinopterygii,Perciformes,Cichlidae,Oreochromis,Oreochromis mossambicus,Oreochromis mossambicus,6.94E-01,10,19,0,Caulton 1978,,0
Animalia,Chordata,Actinopterygii,Perciformes,Cichlidae,Oreochromis,Oreochromis mossambicus,Oreochromis mossambicus,9.53E-01,17.1,19,0,Caulton 1978,,0
Animalia,Chordata,Actinopterygii,Perciformes,Cichlidae,Oreochromis,Oreochromis mossambicus,Oreochromis mossambicus,1.14E+00,24,19,0,Caulton 1978,,0
Animalia,Chordata,Actinopterygii,Perciformes,Cichlidae,Oreochromis,Oreochromis mossambicus,Oreochromis mossambicus,1.31E+00,28.8,19,0,Caulton 1978,,0
Animalia,Chordata,Actinopterygii,Perciformes,Cichlidae,Oreochromis,Oreochromis mossambicus,Oreochromis mossambicus,1.22E+00,33.5,19,0,Caulton 1978,,0
Animalia,Chordata,Actinopterygii,Perciformes,Cichlidae,Oreochromis,Oreochromis mossambicus,Oreochromis mossambicus,1.58E+00,36.2,19,0,Caulton 1978,,0
Animalia,Chordata,Actinopterygii,Perciformes,Cichlidae,Oreochromis,Oreochromis mossambicus,Oreochromis mossambicus,1.70E+00,46,19,0,Caulton 1978,,0
Animalia,Chordata,Actinopterygii,Perciformes,Cichlidae,Oreochromis,Oreochromis mossambicus,Oreochromis mossambicus,1.91E+00,56.3,19,0,Caulton 1978,,0
Animalia,Chordata,Actinopterygii,Perciformes,Cichlidae,Oreochromis,Oreochromis mossambicus,Oreochromis mossambicus,1.89E+00,62,19,0,Caulton 1978,,0
Animalia,Chordata,Actinopterygii,Perciformes,Cichlidae,Oreochromis,Oreochromis mossambicus,Oreochromis mossambicus,2.49E+00,79.6,19,0,Caulton 1978,,0
Animalia,Chordata,Actinopterygii,Perciformes,Cichlidae,Oreochromis,Oreochromis mossambicus,Oreochromis mossambicus,2.58E+00,100.2,19,0,Caulton 1978,,0
Animalia,Chordata,Actinopterygii,Perciformes,Cichlidae,Oreochromis,Oreochromis mossambicus,Oreochromis mossambicus,3.51E+00,143,19,0,Caulton 1978,,0
Animalia,Chordata,Actinopterygii,Perciformes,Cichlidae,Oreochromis,Oreochromis mossambicus,Oreochromis mossambicus,1.03E+00,10.2,22,0,Caulton 1978,,0
Animalia,Chordata,Actinopterygii,Perciformes,Cichlidae,Oreochromis,Oreochromis mossambicus,Oreochromis mossambicus,1.01E+00,10.7,22,0,Caulton 1978,,0
Animalia,Chordata,Actinopterygii,Perciformes,Cichlidae,Oreochromis,Oreochromis mossambicus,Oreochromis mossambicus,1.37E+00,22.4,22,0,Caulton 1978,,0
Animalia,Chordata,Actinopterygii,Perciformes,Cichlidae,Oreochromis,Oreochromis mossambicus,Oreochromis mossambicus,2.07E+00,33.5,22,0,Caulton 1978,,0
Animalia,Chordata,Actinopterygii,Perciformes,Cichlidae,Oreochromis,Oreochromis mossambicus,Oreochromis mossambicus,2.57E+00,40.6,22,0,Caulton 1978,,0
Animalia,Chordata,Actinopterygii,Perciformes,Cichlidae,Oreochromis,Oreochromis mossambicus,Oreochromis mossambicus,2.57E+00,48.3,22,0,Caulton 1978,,0
Animalia,Chordata,Actinopterygii,Perciformes,Cichlidae,Oreochromis,Oreochromis mossambicus,Oreochromis mossambicus,2.68E+00,56.9,22,0,Caulton 1978,,0
Animalia,Chordata,Actinopterygii,Perciformes,Cichlidae,Oreochromis,Oreochromis mossambicus,Oreochromis mossambicus,3.06E+00,60.8,22,0,Caulton 1978,,0
Animalia,Chordata,Actinopterygii,Perciformes,Cichlidae,Oreochromis,Oreochromis mossambicus,Oreochromis mossambicus,2.88E+00,68.3,22,0,Caulton 1978,,0
Animalia,Chordata,Actinopterygii,Perciformes,Cichlidae,Oreochromis,Oreochromis mossambicus,Oreochromis mossambicus,3.38E+00,82.7,22,0,Caulton 1978,,0
Animalia,Chordata,Actinopterygii,Perciformes,Cichlidae,Oreochromis,Oreochromis mossambicus,Oreochromis mossambicus,4.27E+00,109,22,0,Caulton 1978,,0
Animalia,Chordata,Actinopterygii,Perciformes,Cichlidae,Oreochromis,Oreochromis mossambicus,Oreochromis mossambicus,4.86E+00,150,22,0,Caulton 1978,,0
Animalia,Chordata,Actinopterygii,Perciformes,Cichlidae,Oreochromis,Oreochromis mossambicus,Oreochromis mossambicus,1.30E+00,10.6,25,0,Caulton 1978,,0
Animalia,Chordata,Actinopterygii,Perciformes,Cichlidae,Oreochromis,Oreochromis mossambicus,Oreochromis mossambicus,2.13E+00,21.1,25,0,Caulton 1978,,0
Animalia,Chordata,Actinopterygii,Perciformes,Cichlidae,Oreochromis,Oreochromis mossambicus,Oreochromis mossambicus,2.67E+00,33.2,25,0,Caulton 1978,,0
Animalia,Chordata,Actinopterygii,Perciformes,Cichlidae,Oreochromis,Oreochromis mossambicus,Oreochromis mossambicus,3.31E+00,42.2,25,0,Caulton 1978,,0
Animalia,Chordata,Actinopterygii,Perciformes,Cichlidae,Oreochromis,Oreochromis mossambicus,Oreochromis mossambicus,3.95E+00,57.4,25,0,Caulton 1978,,0
Animalia,Chordata,Actinopterygii,Perciformes,Cichlidae,Oreochromis,Oreochromis mossambicus,Oreochromis mossambicus,3.63E+00,60.8,25,0,Caulton 1978,,0
Animalia,Chordata,Actinopterygii,Perciformes,Cichlidae,Oreochromis,Oreochromis mossambicus,Oreochromis mossambicus,3.83E+00,67.6,25,0,Caulton 1978,,0
Animalia,Chordata,Actinopterygii,Perciformes,Cichlidae,Oreochromis,Oreochromis mossambicus,Oreochromis mossambicus,4.51E+00,79.6,25,0,Caulton 1978,,0
Animalia,Chordata,Actinopterygii,Perciformes,Cichlidae,Oreochromis,Oreochromis mossambicus,Oreochromis mossambicus,5.91E+00,108,25,0,Caulton 1978,,0
Animalia,Chordata,Actinopterygii,Perciformes,Cichlidae,Oreochromis,Oreochromis mossambicus,Oreochromis mossambicus,7.43E+00,147,25,0,Caulton 1978,,0
Animalia,Chordata,Actinopterygii,Perciformes,Cichlidae,Oreochromis,Oreochromis mossambicus,Oreochromis mossambicus,1.54E+00,10.5,28,0,Caulton 1978,,0
Animalia,Chordata,Actinopterygii,Perciformes,Cichlidae,Oreochromis,Oreochromis mossambicus,Oreochromis mossambicus,1.64E+00,10.2,28,0,Caulton 1978,,0
Animalia,Chordata,Actinopterygii,Perciformes,Cichlidae,Oreochromis,Oreochromis mossambicus,Oreochromis mossambicus,1.77E+00,11.1,28,0,Caulton 1978,,0
Animalia,Chordata,Actinopterygii,Perciformes,Cichlidae,Oreochromis,Oreochromis mossambicus,Oreochromis mossambicus,3.09E+00,22.6,28,0,Caulton 1978,,0
Animalia,Chordata,Actinopterygii,Perciformes,Cichlidae,Oreochromis,Oreochromis mossambicus,Oreochromis mossambicus,3.14E+00,23.7,28,0,Caulton 1978,,0
Animalia,Chordata,Actinopterygii,Perciformes,Cichlidae,Oreochromis,Oreochromis mossambicus,Oreochromis mossambicus,4.01E+00,32.2,28,0,Caulton 1978,,0
Animalia,Chordata,Actinopterygii,Perciformes,Cichlidae,Oreochromis,Oreochromis mossambicus,Oreochromis mossambicus,4.44E+00,41.4,28,0,Caulton 1978,,0
Animalia,Chordata,Actinopterygii,Perciformes,Cichlidae,Oreochromis,Oreochromis mossambicus,Oreochromis mossambicus,4.60E+00,43.5,28,0,Caulton 1978,,0
Animalia,Chordata,Actinopterygii,Perciformes,Cichlidae,Oreochromis,Oreochromis mossambicus,Oreochromis mossambicus,5.14E+00,47.4,28,0,Caulton 1978,,0
Animalia,Chordata,Actinopterygii,Perciformes,Cichlidae,Oreochromis,Oreochromis mossambicus,Oreochromis mossambicus,5.17E+00,57.4,28,0,Caulton 1978,,0
Animalia,Chordata,Actinopterygii,Perciformes,Cichlidae,Oreochromis,Oreochromis mossambicus,Oreochromis mossambicus,5.36E+00,67,28,0,Caulton 1978,,0
Animalia,Chordata,Actinopterygii,Perciformes,Cichlidae,Oreochromis,Oreochromis mossambicus,Oreochromis mossambicus,5.78E+00,68.3,28,0,Caulton 1978,,0
Animalia,Chordata,Actinopterygii,Perciformes,Cichlidae,Oreochromis,Oreochromis mossambicus,Oreochromis mossambicus,6.37E+00,81.1,28,0,Caulton 1978,,0
Animalia,Chordata,Actinopterygii,Perciformes,Cichlidae,Oreochromis,Oreochromis mossambicus,Oreochromis mossambicus,7.89E+00,109,28,0,Caulton 1978,,0
Animalia,Chordata,Actinopterygii,Perciformes,Cichlidae,Oreochromis,Oreochromis mossambicus,Oreochromis mossambicus,9.01E+00,147,28,0,Caulton 1978,,0
Animalia,Chordata,Actinopterygii,Perciformes,Cichlidae,Oreochromis,Oreochromis mossambicus,Oreochromis mossambicus,2.48E+00,11.3,32,0,Caulton 1978,,0
Animalia,Chordata,Actinopterygii,Perciformes,Cichlidae,Oreochromis,Oreochromis mossambicus,Oreochromis mossambicus,2.82E+00,13.2,32,0,Caulton 1978,,0
Animalia,Chordata,Actinopterygii,Perciformes,Cichlidae,Oreochromis,Oreochromis mossambicus,Oreochromis mossambicus,3.71E+00,22.4,32,0,Caulton 1978,,0
Animalia,Chordata,Actinopterygii,Perciformes,Cichlidae,Oreochromis,Oreochromis mossambicus,Oreochromis mossambicus,3.83E+00,22.8,32,0,Caulton 1978,,0
Animalia,Chordata,Actinopterygii,Perciformes,Cichlidae,Oreochromis,Oreochromis mossambicus,Oreochromis mossambicus,4.12E+00,27.1,32,0,Caulton 1978,,0
Animalia,Chordata,Actinopterygii,Perciformes,Cichlidae,Oreochromis,Oreochromis mossambicus,Oreochromis mossambicus,5.13E+00,39.1,32,0,Caulton 1978,,0
Animalia,Chordata,Actinopterygii,Perciformes,Cichlidae,Oreochromis,Oreochromis mossambicus,Oreochromis mossambicus,5.78E+00,39.9,32,0,Caulton 1978,,0
Animalia,Chordata,Actinopterygii,Perciformes,Cichlidae,Oreochromis,Oreochromis mossambicus,Oreochromis mossambicus,5.08E+00,41.8,32,0,Caulton 1978,,0
Animalia,Chordata,Actinopterygii,Perciformes,Cichlidae,Oreochromis,Oreochromis mossambicus,Oreochromis mossambicus,6.31E+00,46.5,32,0,Caulton 1978,,0
Animalia,Chordata,Actinopterygii,Perciformes,Cichlidae,Oreochromis,Oreochromis mossambicus,Oreochromis mossambicus,5.99E+00,49.7,32,0,Caulton 1978,,0
Animalia,Chordata,Actinopterygii,Perciformes,Cichlidae,Oreochromis,Oreochromis mossambicus,Oreochromis mossambicus,7.91E+00,72.3,32,0,Caulton 1978,,0
Animalia,Chordata,Actinopterygii,Perciformes,Cichlidae,Oreochromis,Oreochromis mossambicus,Oreochromis mossambicus,8.06E+00,79.6,32,0,Caulton 1978,,0
Animalia,Chordata,Actinopterygii,Perciformes,Cichlidae,Oreochromis,Oreochromis mossambicus,Oreochromis mossambicus,1.02E+01,108,32,0,Caulton 1978,,0
Animalia,Chordata,Actinopterygii,Perciformes,Cichlidae,Oreochromis,Oreochromis mossambicus,Oreochromis mossambicus,1.22E+01,147,32,0,Caulton 1978,,0
Animalia,Chordata,Actinopterygii,Perciformes,Cichlidae,Oreochromis,Oreochromis mossambicus,Oreochromis mossambicus,3.15E+00,11,34,0,Caulton 1978,,0
Animalia,Chordata,Actinopterygii,Perciformes,Cichlidae,Oreochromis,Oreochromis mossambicus,Oreochromis mossambicus,2.94E+00,13.9,34,0,Caulton 1978,,0
Animalia,Chordata,Actinopterygii,Perciformes,Cichlidae,Oreochromis,Oreochromis mossambicus,Oreochromis mossambicus,3.25E+00,15.3,34,0,Caulton 1978,,0
Animalia,Chordata,Actinopterygii,Perciformes,Cichlidae,Oreochromis,Oreochromis mossambicus,Oreochromis mossambicus,4.05E+00,22.4,34,0,Caulton 1978,,0
Animalia,Chordata,Actinopterygii,Perciformes,Cichlidae,Oreochromis,Oreochromis mossambicus,Oreochromis mossambicus,4.22E+00,24,34,0,Caulton 1978,,0
Animalia,Chordata,Actinopterygii,Perciformes,Cichlidae,Oreochromis,Oreochromis mossambicus,Oreochromis mossambicus,4.86E+00,31.7,34,0,Caulton 1978,,0
Animalia,Chordata,Actinopterygii,Perciformes,Cichlidae,Oreochromis,Oreochromis mossambicus,Oreochromis mossambicus,5.41E+00,37.6,34,0,Caulton 1978,,0
Animalia,Chordata,Actinopterygii,Perciformes,Cichlidae,Oreochromis,Oreochromis mossambicus,Oreochromis mossambicus,7.64E+00,58.5,34,0,Caulton 1978,,0
Animalia,Chordata,Actinopterygii,Perciformes,Cichlidae,Oreochromis,Oreochromis mossambicus,Oreochromis mossambicus,7.65E+00,65.7,34,0,Caulton 1978,,0
Animalia,Chordata,Actinopterygii,Perciformes,Cichlidae,Oreochromis,Oreochromis mossambicus,Oreochromis mossambicus,1.13E+01,106,34,0,Caulton 1978,,0
Animalia,Chordata,Actinopterygii,Perciformes,Cichlidae,Oreochromis,Oreochromis mossambicus,Oreochromis mossambicus,1.22E+01,129,34,0,Caulton 1978,,0
Animalia,Chordata,Actinopterygii,Perciformes,Cichlidae,Oreochromis,Oreochromis mossambicus,Oreochromis mossambicus,3.50E+00,11.1,37,0,Caulton 1978,,0
Animalia,Chordata,Actinopterygii,Perciformes,Cichlidae,Oreochromis,Oreochromis mossambicus,Oreochromis mossambicus,4.36E+00,22.4,37,0,Caulton 1978,,0
Animalia,Chordata,Actinopterygii,Perciformes,Cichlidae,Oreochromis,Oreochromis mossambicus,Oreochromis mossambicus,4.69E+00,24,37,0,Caulton 1978,,0
Animalia,Chordata,Actinopterygii,Perciformes,Cichlidae,Oreochromis,Oreochromis mossambicus,Oreochromis mossambicus,5.79E+00,33.9,37,0,Caulton 1978,,0
Animalia,Chordata,Actinopterygii,Perciformes,Cichlidae,Oreochromis,Oreochromis mossambicus,Oreochromis mossambicus,6.16E+00,32.6,37,0,Caulton 1978,,0
Animalia,Chordata,Actinopterygii,Perciformes,Cichlidae,Oreochromis,Oreochromis mossambicus,Oreochromis mossambicus,8.00E+00,58.5,37,0,Caulton 1978,,0
Animalia,Chordata,Actinopterygii,Perciformes,Cichlidae,Oreochromis,Oreochromis mossambicus,Oreochromis mossambicus,1.04E+01,73.7,37,0,Caulton 1978,,0
Animalia,Chordata,Actinopterygii,Perciformes,Cichlidae,Oreochromis,Oreochromis mossambicus,Oreochromis mossambicus,1.21E+01,105,37,0,Caulton 1978,,0
Animalia,Chordata,Actinopterygii,Perciformes,Cichlidae,Oreochromis,Oreochromis mossambicus,Oreochromis mossambicus,1.28E+01,129,37,0,Caulton 1978,,0
Animalia,Chordata,Actinopterygii,Cyprinodontiformes,Poeciliidae,Gambusia,Gambusia affinis,Gambusia affinis,8.11E-02,0.24,25,0,"Cech, Massingill, Vondracek, Linden 1985",,0
Animalia,Chordata,Actinopterygii,Cyprinodontiformes,Poeciliidae,Gambusia,Gambusia affinis,Gambusia affinis,1.22E-01,0.24,30,0,"Cech, Massingill, Vondracek, Linden 1985",,0
Animalia,Chordata,Actinopterygii,Cyprinodontiformes,Poeciliidae,Gambusia,Gambusia affinis,Gambusia affinis,1.31E-01,0.24,35,0,"Cech, Massingill, Vondracek, Linden 1985",,0
Animalia,Chordata,Actinopterygii,Cyprinodontiformes,Poeciliidae,Gambusia,Gambusia affinis,Gambusia affinis,2.03E-02,0.24,10,0,"Cech, Massingill, Vondracek, Linden 1985",,0
Animalia,Chordata,Actinopterygii,Cyprinodontiformes,Poeciliidae,Gambusia,Gambusia affinis,Gambusia affinis,3.04E-02,0.24,15,0,"Cech, Massingill, Vondracek, Linden 1985",,0
Animalia,Chordata,Actinopterygii,Cyprinodontiformes,Poeciliidae,Gambusia,Gambusia affinis,Gambusia affinis,4.56E-02,0.24,20,0,"Cech, Massingill, Vondracek, Linden 1985",,0
Animalia,Chordata,Actinopterygii,Cyprinodontiformes,Poeciliidae,Gambusia,Gambusia affinis,Gambusia affinis,6.59E-02,0.24,25,0,"Cech, Massingill, Vondracek, Linden 1985",,0
Animalia,Chordata,Actinopterygii,Cyprinodontiformes,Poeciliidae,Gambusia,Gambusia affinis,Gambusia affinis,1.01E-01,0.24,30,0,"Cech, Massingill, Vondracek, Linden 1985",,0
Animalia,Chordata,Actinopterygii,Cyprinodontiformes,Poeciliidae,Gambusia,Gambusia affinis,Gambusia affinis,1.31E-01,0.24,35,0,"Cech, Massingill, Vondracek, Linden 1985",,0
Animalia,Chordata,Actinopterygii,Cyprinodontiformes,Poeciliidae,Gambusia,Gambusia affinis,Gambusia affinis,1.01E-02,0.24,10,0,"Cech, Massingill, Vondracek, Linden 1985",,0
Animalia,Chordata,Actinopterygii,Cyprinodontiformes,Poeciliidae,Gambusia,Gambusia affinis,Gambusia affinis,2.53E-02,0.24,15,0,"Cech, Massingill, Vondracek, Linden 1985",,0
Animalia,Chordata,Actinopterygii,Cyprinodontiformes,Poeciliidae,Gambusia,Gambusia affinis,Gambusia affinis,4.05E-02,0.24,20,0,"Cech, Massingill, Vondracek, Linden 1985",,0
Animalia,Chordata,Actinopterygii,Cyprinodontiformes,Poeciliidae,Gambusia,Gambusia affinis,Gambusia affinis,7.60E-02,0.24,25,0,"Cech, Massingill, Vondracek, Linden 1985",,0
Animalia,Chordata,Actinopterygii,Cyprinodontiformes,Poeciliidae,Gambusia,Gambusia affinis,Gambusia affinis,1.01E-01,0.24,30,0,"Cech, Massingill, Vondracek, Linden 1985",,0
Animalia,Chordata,Actinopterygii,Cyprinodontiformes,Poeciliidae,Gambusia,Gambusia affinis,Gambusia affinis,1.11E-01,0.24,35,0,"Cech, Massingill, Vondracek, Linden 1985",,0
Animalia,Chordata,Actinopterygii,Cyprinodontiformes,Poeciliidae,Gambusia,Gambusia affinis,Gambusia affinis,1.01E-02,0.24,10,0,"Cech, Massingill, Vondracek, Linden 1985",,0
Animalia,Chordata,Actinopterygii,Cyprinodontiformes,Poeciliidae,Gambusia,Gambusia affinis,Gambusia affinis,2.53E-02,0.24,15,0,"Cech, Massingill, Vondracek, Linden 1985",,0
Animalia,Chordata,Actinopterygii,Cyprinodontiformes,Poeciliidae,Gambusia,Gambusia affinis,Gambusia affinis,4.05E-02,0.24,20,0,"Cech, Massingill, Vondracek, Linden 1985",,0
Animalia,Chordata,Actinopterygii,Cyprinodontiformes,Poeciliidae,Gambusia,Gambusia affinis,Gambusia affinis,5.57E-02,0.24,25,0,"Cech, Massingill, Vondracek, Linden 1985",,0
Animalia,Chordata,Actinopterygii,Cyprinodontiformes,Poeciliidae,Gambusia,Gambusia affinis,Gambusia affinis,8.11E-02,0.24,30,0,"Cech, Massingill, Vondracek, Linden 1985",,0
Animalia,Chordata,Actinopterygii,Cyprinodontiformes,Poeciliidae,Gambusia,Gambusia affinis,Gambusia affinis,8.60E-02,0.24,35,0,"Cech, Massingill, Vondracek, Linden 1985",,0
Animalia,Chordata,Actinopterygii,Cypriniformes,Cyprinidae,Pethia,Barbus ticto,Pethia ticto,1.35E-01,5.3,20,0,"Chhina, Edwards 1971",,0
Animalia,Chordata,Actinopterygii,Cypriniformes,Cyprinidae,Puntius,Puntius barbus,,2.62E-01,5.3,20,0,"Chhina, Edwards 1971",,0
Animalia,Chordata,Actinopterygii,Cypriniformes,Cyprinidae,Puntius,Puntius barbus,,2.71E-01,5.3,20,0,"Chhina, Edwards 1971",,0
Animalia,Chordata,Actinopterygii,Cypriniformes,Cyprinidae,Puntius,Puntius barbus,,3.17E-01,5.3,20,0,"Chhina, Edwards 1971",,0
Animalia,Chordata,Actinopterygii,Cypriniformes,Cyprinidae,Puntius,Puntius barbus,,3.73E-01,5.3,20,0,"Chhina, Edwards 1971",,0
Animalia,Chordata,Actinopterygii,Cypriniformes,Cyprinidae,Puntius,Puntius barbus,,3.65E-01,5.3,20,0,"Chhina, Edwards 1971",,0
Animalia,Chordata,Actinopterygii,Cypriniformes,Cyprinidae,Puntius,Puntius barbus,,3.57E-01,5.3,20,0,"Chhina, Edwards 1971",,0
Animalia,Chordata,Actinopterygii,Cypriniformes,Cyprinidae,Puntius,Puntius barbus,,4.91E-01,5.3,20,0,"Chhina, Edwards 1971",,0
Animalia,Chordata,Actinopterygii,Cypriniformes,Cyprinidae,Puntius,Puntius barbus,,6.20E-01,5.3,20,0,"Chhina, Edwards 1971",,0
Animalia,Chordata,Actinopterygii,Cypriniformes,Cyprinidae,Puntius,Puntius barbus,,4.70E-01,5.3,20,0,"Chhina, Edwards 1971",,0
Animalia,Chordata,Actinopterygii,Cypriniformes,Cyprinidae,Puntius,Puntius barbus,,6.98E-01,5.3,20,0,"Chhina, Edwards 1971",,0
Animalia,Chordata,Actinopterygii,Cypriniformes,Cyprinidae,Puntius,Puntius barbus,,8.88E-01,5.3,20,0,"Chhina, Edwards 1971",,0
Animalia,Chordata,Actinopterygii,Cypriniformes,Cyprinidae,Puntius,Puntius barbus,,7.46E-01,5.3,20,0,"Chhina, Edwards 1971",,0
Animalia,Chordata,Actinopterygii,Cypriniformes,Cyprinidae,Puntius,Puntius barbus,,6.52E-01,5.3,20,0,"Chhina, Edwards 1971",,0
Animalia,Chordata,Actinopterygii,Cypriniformes,Cyprinidae,Puntius,Puntius barbus,,9.29E-01,5.3,20,0,"Chhina, Edwards 1971",,0
Animalia,Chordata,Actinopterygii,Cypriniformes,Cyprinidae,Puntius,Puntius barbus,,8.56E-01,5.3,20,0,"Chhina, Edwards 1971",,0
Animalia,Chordata,Actinopterygii,Cypriniformes,Cyprinidae,Puntius,Puntius barbus,,8.88E-01,5.3,20,0,"Chhina, Edwards 1971",,0
Animalia,Chordata,Actinopterygii,Siluriformes,Bagridae,Mystus,Mystus vittatus,Mystus vittatus,2.55E-01,7.4,20,0,"Chhina, Edwards 1971",,0
Animalia,Chordata,Actinopterygii,Siluriformes,Bagridae,Mystus,Mystus vittatus,Mystus vittatus,4.42E-01,7.4,20,0,"Chhina, Edwards 1971",,0
Animalia,Chordata,Actinopterygii,Siluriformes,Bagridae,Mystus,Mystus vittatus,Mystus vittatus,4.65E-01,7.4,20,0,"Chhina, Edwards 1971",,0
Animalia,Chordata,Actinopterygii,Siluriformes,Bagridae,Mystus,Mystus vittatus,Mystus vittatus,3.10E-01,7.4,20,0,"Chhina, Edwards 1971",,0
Animalia,Chordata,Actinopterygii,Siluriformes,Bagridae,Mystus,Mystus vittatus,Mystus vittatus,5.88E-01,7.4,20,0,"Chhina, Edwards 1971",,0
Animalia,Chordata,Actinopterygii,Siluriformes,Bagridae,Mystus,Mystus vittatus,Mystus vittatus,5.66E-01,7.4,20,0,"Chhina, Edwards 1971",,0
Animalia,Chordata,Actinopterygii,Siluriformes,Bagridae,Mystus,Mystus vittatus,Mystus vittatus,7.76E-01,7.4,20,0,"Chhina, Edwards 1971",,0
Animalia,Chordata,Actinopterygii,Siluriformes,Bagridae,Mystus,Mystus vittatus,Mystus vittatus,4.08E-01,7.4,20,0,"Chhina, Edwards 1971",,0
Animalia,Chordata,Actinopterygii,Siluriformes,Bagridae,Mystus,Mystus vittatus,Mystus vittatus,5.55E-01,7.4,20,0,"Chhina, Edwards 1971",,0
Animalia,Chordata,Actinopterygii,Siluriformes,Bagridae,Mystus,Mystus vittatus,Mystus vittatus,5.32E-01,7.4,20,0,"Chhina, Edwards 1971",,0
Animalia,Chordata,Actinopterygii,Siluriformes,Bagridae,Mystus,Mystus vittatus,Mystus vittatus,6.45E-01,7.4,20,0,"Chhina, Edwards 1971",,0
Animalia,Chordata,Actinopterygii,Siluriformes,Bagridae,Mystus,Mystus vittatus,Mystus vittatus,8.54E-01,7.4,20,0,"Chhina, Edwards 1971",,0
Animalia,Chordata,Actinopterygii,Siluriformes,Bagridae,Mystus,Mystus vittatus,Mystus vittatus,7.76E-01,7.4,20,0,"Chhina, Edwards 1971",,0
Animalia,Chordata,Actinopterygii,Siluriformes,Bagridae,Mystus,Mystus vittatus,Mystus vittatus,7.64E-01,7.4,20,0,"Chhina, Edwards 1971",,0
Animalia,Chordata,Actinopterygii,Siluriformes,Bagridae,Mystus,Mystus vittatus,Mystus vittatus,1.04E+00,7.4,20,0,"Chhina, Edwards 1971",,0
Animalia,Chordata,Actinopterygii,Siluriformes,Bagridae,Mystus,Mystus vittatus,Mystus vittatus,3.78E-01,7.4,20,0,"Chhina, Edwards 1971",,0
Animalia,Chordata,Actinopterygii,Siluriformes,Bagridae,Mystus,Mystus vittatus,Mystus vittatus,7.42E-01,7.4,20,0,"Chhina, Edwards 1971",,0
Animalia,Chordata,Actinopterygii,Siluriformes,Bagridae,Mystus,Mystus vittatus,Mystus vittatus,1.12E+00,7.4,20,0,"Chhina, Edwards 1971",,0
Animalia,Chordata,Actinopterygii,Salmoniformes,Salmonidae,Oncorhynchus,Salmo gairdneri,Oncorhynchus mykiss,9.58E-01,2.1,10,0,Coche 1967,,0
Animalia,Chordata,Actinopterygii,Salmoniformes,Salmonidae,Oncorhynchus,Salmo gairdneri,Oncorhynchus mykiss,1.25E+00,2.15,10,0,Coche 1967,,0
Animalia,Chordata,Actinopterygii,Salmoniformes,Salmonidae,Oncorhynchus,Salmo gairdneri,Oncorhynchus mykiss,1.22E-01,1.55,10,0,Coche 1967,,0
Animalia,Chordata,Actinopterygii,Salmoniformes,Salmonidae,Oncorhynchus,Salmo gairdneri,Oncorhynchus mykiss,1.14E+00,2.31,10,0,Coche 1967,,0
Animalia,Chordata,Actinopterygii,Salmoniformes,Salmonidae,Oncorhynchus,Salmo gairdneri,Oncorhynchus mykiss,1.98E-01,1.6,10,0,Coche 1967,,0
Animalia,Chordata,Actinopterygii,Salmoniformes,Salmonidae,Oncorhynchus,Salmo gairdneri,Oncorhynchus mykiss,2.13E-01,1.75,10,0,Coche 1967,,0
Animalia,Chordata,Actinopterygii,Salmoniformes,Salmonidae,Oncorhynchus,Salmo gairdneri,Oncorhynchus mykiss,1.22E-01,1.9,10,0,Coche 1967,,0
Animalia,Chordata,Actinopterygii,Salmoniformes,Salmonidae,Oncorhynchus,Salmo gairdneri,Oncorhynchus mykiss,3.66E-01,2.1,10,0,Coche 1967,,0
Animalia,Chordata,Actinopterygii,Salmoniformes,Salmonidae,Oncorhynchus,Salmo gairdneri,Oncorhynchus mykiss,1.93E+00,13.5,9.5,0,Coche 1967,,0
Animalia,Chordata,Actinopterygii,Salmoniformes,Salmonidae,Oncorhynchus,Salmo gairdneri,Oncorhynchus mykiss,3.49E+00,13.2,9.5,0,Coche 1967,,0
Animalia,Chordata,Actinopterygii,Salmoniformes,Salmonidae,Oncorhynchus,Salmo gairdneri,Oncorhynchus mykiss,4.71E+00,15.7,9.5,0,Coche 1967,,0
Animalia,Chordata,Actinopterygii,Salmoniformes,Salmonidae,Oncorhynchus,Salmo gairdneri,Oncorhynchus mykiss,1.57E+00,10.8,9.5,0,Coche 1967,,0
Animalia,Chordata,Actinopterygii,Salmoniformes,Salmonidae,Oncorhynchus,Salmo gairdneri,Oncorhynchus mykiss,4.00E+00,10.9,9.5,0,Coche 1967,,0
Animalia,Chordata,Actinopterygii,Salmoniformes,Salmonidae,Oncorhynchus,Salmo gairdneri,Oncorhynchus mykiss,3.33E+00,10.9,9.5,0,Coche 1967,,0
Animalia,Chordata,Actinopterygii,Salmoniformes,Salmonidae,Oncorhynchus,Salmo gairdneri,Oncorhynchus mykiss,1.90E+00,10.5,9.5,0,Coche 1967,,0
Animalia,Chordata,Actinopterygii,Salmoniformes,Salmonidae,Oncorhynchus,Salmo gairdneri,Oncorhynchus mykiss,2.73E+00,10.3,9.5,0,Coche 1967,,0
Animalia,Chordata,Actinopterygii,Salmoniformes,Salmonidae,Oncorhynchus,Salmo gairdneri,Oncorhynchus mykiss,4.97E+00,30.1,9.5,0,Coche 1967,,0
Animalia,Chordata,Actinopterygii,Salmoniformes,Salmonidae,Oncorhynchus,Salmo gairdneri,Oncorhynchus mykiss,5.11E+00,34,9.5,0,Coche 1967,,0
Animalia,Chordata,Actinopterygii,Salmoniformes,Salmonidae,Oncorhynchus,Salmo gairdneri,Oncorhynchus mykiss,9.78E+00,30,9.5,0,Coche 1967,,0
Animalia,Chordata,Actinopterygii,Salmoniformes,Salmonidae,Oncorhynchus,Salmo gairdneri,Oncorhynchus mykiss,1.04E+01,34.7,9.5,0,Coche 1967,,0
Animalia,Chordata,Actinopterygii,Salmoniformes,Salmonidae,Oncorhynchus,Salmo gairdneri,Oncorhynchus mykiss,7.70E+00,26.8,9.5,0,Coche 1967,,0
Animalia,Chordata,Actinopterygii,Salmoniformes,Salmonidae,Oncorhynchus,Salmo gairdneri,Oncorhynchus mykiss,6.60E+00,31.5,9.5,0,Coche 1967,,0
Animalia,Chordata,Actinopterygii,Salmoniformes,Salmonidae,Oncorhynchus,Salmo gairdneri,Oncorhynchus mykiss,5.31E+00,32.9,9.5,0,Coche 1967,,0
Animalia,Chordata,Actinopterygii,Salmoniformes,Salmonidae,Oncorhynchus,Salmo gairdneri,Oncorhynchus mykiss,5.15E+00,33.7,9.5,0,Coche 1967,,0
Animalia,Chordata,Actinopterygii,Salmoniformes,Salmonidae,Oncorhynchus,Salmo gairdneri,Oncorhynchus mykiss,9.54E+00,68,9.5,0,Coche 1967,,0
Animalia,Chordata,Actinopterygii,Salmoniformes,Salmonidae,Oncorhynchus,Salmo gairdneri,Oncorhynchus mykiss,1.32E+01,60.1,9.5,0,Coche 1967,,0
Animalia,Chordata,Actinopterygii,Salmoniformes,Salmonidae,Oncorhynchus,Salmo gairdneri,Oncorhynchus mykiss,1.14E+01,66.4,9.5,0,Coche 1967,,0
Animalia,Chordata,Actinopterygii,Salmoniformes,Salmonidae,Oncorhynchus,Salmo gairdneri,Oncorhynchus mykiss,6.75E+00,61.1,9.5,0,Coche 1967,,0
Animalia,Chordata,Actinopterygii,Salmoniformes,Salmonidae,Oncorhynchus,Salmo gairdneri,Oncorhynchus mykiss,9.92E+00,74.8,9.5,0,Coche 1967,,0
Animalia,Chordata,Actinopterygii,Salmoniformes,Salmonidae,Oncorhynchus,Salmo gairdneri,Oncorhynchus mykiss,8.70E+00,54.2,9.5,0,Coche 1967,,0
Animalia,Chordata,Actinopterygii,Salmoniformes,Salmonidae,Oncorhynchus,Salmo gairdneri,Oncorhynchus mykiss,1.20E+01,62.7,9.5,0,Coche 1967,,0
Animalia,Chordata,Actinopterygii,Salmoniformes,Salmonidae,Oncorhynchus,Salmo gairdneri,Oncorhynchus mykiss,1.09E+01,74.4,9.5,0,Coche 1967,,0
Animalia,Chordata,Actinopterygii,Perciformes,Gobiidae,Typhlogobius,Typhlogobius californien,,1.68E-02,1.38,15,0,Congleton 1974,,0
Animalia,Chordata,Actinopterygii,Perciformes,Gobiidae,Typhlogobius,Typhlogobius californien,,1.89E-02,1.38,15,0,Congleton 1974,,0
Animalia,Chordata,Actinopterygii,Perciformes,Gobiidae,Typhlogobius,Typhlogobius californien,,1.68E-02,1.38,15,0,Congleton 1974,,0
Animalia,Chordata,Actinopterygii,Perciformes,Gobiidae,Typhlogobius,Typhlogobius californien,,1.61E-02,1.38,15,0,Congleton 1974,,0
Animalia,Chordata,Actinopterygii,Perciformes,Gobiidae,Typhlogobius,Typhlogobius californien,,1.96E-02,1.38,15,0,Congleton 1974,,0
Animalia,Chordata,Actinopterygii,Perciformes,Gobiidae,Typhlogobius,Typhlogobius californien,,1.61E-02,1.38,15,0,Congleton 1974,,0
Animalia,Chordata,Actinopterygii,Perciformes,Gobiidae,Typhlogobius,Typhlogobius californien,,1.54E-02,1.38,15,0,Congleton 1974,,0
Animalia,Chordata,Actinopterygii,Perciformes,Gobiidae,Typhlogobius,Typhlogobius californien,,1.47E-02,1.38,15,0,Congleton 1974,,0
Animalia,Chordata,Actinopterygii,Perciformes,Gobiidae,Typhlogobius,Typhlogobius californien,,1.40E-02,1.38,15,0,Congleton 1974,,0
Animalia,Chordata,Actinopterygii,Perciformes,Gobiidae,Typhlogobius,Typhlogobius californien,,1.19E-02,1.38,15,0,Congleton 1974,,0
Animalia,Chordata,Actinopterygii,Perciformes,Gobiidae,Typhlogobius,Typhlogobius californien,,7.69E-03,1.38,15,0,Congleton 1974,,0
Animalia,Chordata,Actinopterygii,Perciformes,Gobiidae,Typhlogobius,Typhlogobius californien,,6.29E-03,1.38,15,0,Congleton 1974,,0
Animalia,Chordata,Actinopterygii,Perciformes,Gobiidae,Typhlogobius,Typhlogobius californien,,2.51E-02,3.54,15,0,Congleton 1974,,0
Animalia,Chordata,Actinopterygii,Perciformes,Gobiidae,Typhlogobius,Typhlogobius californien,,2.33E-02,3.54,15,0,Congleton 1974,,0
Animalia,Chordata,Actinopterygii,Perciformes,Gobiidae,Typhlogobius,Typhlogobius californien,,2.15E-02,3.54,15,0,Congleton 1974,,0
Animalia,Chordata,Actinopterygii,Perciformes,Gobiidae,Typhlogobius,Typhlogobius californien,,2.51E-02,3.54,15,0,Congleton 1974,,0
Animalia,Chordata,Actinopterygii,Perciformes,Gobiidae,Typhlogobius,Typhlogobius californien,,1.97E-02,3.54,15,0,Congleton 1974,,0
Animalia,Chordata,Actinopterygii,Perciformes,Gobiidae,Typhlogobius,Typhlogobius californien,,2.33E-02,3.54,15,0,Congleton 1974,,0
Animalia,Chordata,Actinopterygii,Perciformes,Gobiidae,Typhlogobius,Typhlogobius californien,,1.97E-02,3.54,15,0,Congleton 1974,,0
Animalia,Chordata,Actinopterygii,Perciformes,Gobiidae,Typhlogobius,Typhlogobius californien,,2.15E-02,3.54,15,0,Congleton 1974,,0
Animalia,Chordata,Actinopterygii,Perciformes,Gobiidae,Typhlogobius,Typhlogobius californien,,1.79E-02,3.54,15,0,Congleton 1974,,0
Animalia,Chordata,Actinopterygii,Perciformes,Gobiidae,Typhlogobius,Typhlogobius californien,,1.43E-02,3.54,15,0,Congleton 1974,,0
Animalia,Chordata,Actinopterygii,Perciformes,Gobiidae,Typhlogobius,Typhlogobius californien,,3.59E-03,3.54,15,0,Congleton 1974,,0
Animalia,Chordata,Actinopterygii,Perciformes,Gobiidae,Gillichthys,Gillichthys mirabilis,Gillichthys mirabilis,8.30E-02,3.28,15,0,Congleton 1974,,0
Animalia,Chordata,Actinopterygii,Perciformes,Gobiidae,Gillichthys,Gillichthys mirabilis,Gillichthys mirabilis,7.97E-02,3.28,15,0,Congleton 1974,,0
Animalia,Chordata,Actinopterygii,Perciformes,Gobiidae,Gillichthys,Gillichthys mirabilis,Gillichthys mirabilis,9.30E-02,3.28,15,0,Congleton 1974,,0
Animalia,Chordata,Actinopterygii,Perciformes,Gobiidae,Gillichthys,Gillichthys mirabilis,Gillichthys mirabilis,7.97E-02,3.28,15,0,Congleton 1974,,0
Animalia,Chordata,Actinopterygii,Perciformes,Gobiidae,Gillichthys,Gillichthys mirabilis,Gillichthys mirabilis,7.31E-02,3.28,15,0,Congleton 1974,,0
Animalia,Chordata,Actinopterygii,Perciformes,Gobiidae,Gillichthys,Gillichthys mirabilis,Gillichthys mirabilis,7.97E-02,3.28,15,0,Congleton 1974,,0
Animalia,Chordata,Actinopterygii,Perciformes,Gobiidae,Gillichthys,Gillichthys mirabilis,Gillichthys mirabilis,6.81E-02,3.28,15,0,Congleton 1974,,0
Animalia,Chordata,Actinopterygii,Perciformes,Gobiidae,Gillichthys,Gillichthys mirabilis,Gillichthys mirabilis,5.32E-02,3.28,15,0,Congleton 1974,,0
Animalia,Chordata,Actinopterygii,Perciformes,Gobiidae,Gillichthys,Gillichthys mirabilis,Gillichthys mirabilis,3.82E-02,3.28,15,0,Congleton 1974,,0
Animalia,Chordata,Actinopterygii,Perciformes,Gobiidae,Rhinogobiops,Coryphopterus nicholsi,Rhinogobiops nicholsii,1.39E-01,4.04,15,0,Congleton 1974,,0
Animalia,Chordata,Actinopterygii,Perciformes,Gobiidae,Rhinogobiops,Coryphopterus nicholsi,Rhinogobiops nicholsii,1.35E-01,4.04,15,0,Congleton 1974,,0
Animalia,Chordata,Actinopterygii,Perciformes,Gobiidae,Rhinogobiops,Coryphopterus nicholsi,Rhinogobiops nicholsii,1.39E-01,4.04,15,0,Congleton 1974,,0
Animalia,Chordata,Actinopterygii,Perciformes,Gobiidae,Rhinogobiops,Coryphopterus nicholsi,Rhinogobiops nicholsii,1.25E-01,4.04,15,0,Congleton 1974,,0
Animalia,Chordata,Actinopterygii,Perciformes,Gobiidae,Rhinogobiops,Coryphopterus nicholsi,Rhinogobiops nicholsii,1.37E-01,4.04,15,0,Congleton 1974,,0
Animalia,Chordata,Actinopterygii,Perciformes,Gobiidae,Rhinogobiops,Coryphopterus nicholsi,Rhinogobiops nicholsii,1.68E-01,4.04,15,0,Congleton 1974,,0
Animalia,Chordata,Actinopterygii,Perciformes,Gobiidae,Rhinogobiops,Coryphopterus nicholsi,Rhinogobiops nicholsii,1.33E-01,4.04,15,0,Congleton 1974,,0
Animalia,Chordata,Actinopterygii,Perciformes,Gobiidae,Rhinogobiops,Coryphopterus nicholsi,Rhinogobiops nicholsii,1.25E-01,4.04,15,0,Congleton 1974,,0
Animalia,Chordata,Actinopterygii,Perciformes,Gobiidae,Rhinogobiops,Coryphopterus nicholsi,Rhinogobiops nicholsii,1.00E-01,4.04,15,0,Congleton 1974,,0
Animalia,Chordata,Actinopterygii,Perciformes,Gobiidae,Rhinogobiops,Coryphopterus nicholsi,Rhinogobiops nicholsii,8.59E-02,4.04,15,0,Congleton 1974,,0
Animalia,Chordata,Actinopterygii,Perciformes,Gobiidae,Rhinogobiops,Coryphopterus nicholsi,Rhinogobiops nicholsii,6.34E-02,4.04,15,0,Congleton 1974,,0
Animalia,Chordata,Actinopterygii,Perciformes,Gobiidae,Gillichthys,Gillichthys mirabilis,Gillichthys mirabilis,5.75E-01,14.2,11,0,Courtois 1976,,0
Animalia,Chordata,Actinopterygii,Perciformes,Gobiidae,Gillichthys,Gillichthys mirabilis,Gillichthys mirabilis,1.01E+00,14.2,15,0,Courtois 1976,,0
Animalia,Chordata,Actinopterygii,Perciformes,Gobiidae,Gillichthys,Gillichthys mirabilis,Gillichthys mirabilis,1.73E+00,14.2,20,0,Courtois 1976,,0
Animalia,Chordata,Actinopterygii,Perciformes,Gobiidae,Gillichthys,Gillichthys mirabilis,Gillichthys mirabilis,1.87E+00,14.2,24.4,0,Courtois 1976,,0
Animalia,Chordata,Actinopterygii,Perciformes,Gobiidae,Gillichthys,Gillichthys mirabilis,Gillichthys mirabilis,2.09E+00,14.2,28.6,0,Courtois 1976,,0
Animalia,Chordata,Actinopterygii,Perciformes,Gobiidae,Gillichthys,Gillichthys mirabilis,Gillichthys mirabilis,1.21E+00,14,20,0,Courtois 1976,,0
Animalia,Chordata,Actinopterygii,Perciformes,Gobiidae,Gillichthys,Gillichthys mirabilis,Gillichthys mirabilis,1.28E+00,14,20,0,Courtois 1976,,0
Animalia,Chordata,Actinopterygii,Perciformes,Gobiidae,Gillichthys,Gillichthys mirabilis,Gillichthys mirabilis,1.99E+00,14,20,0,Courtois 1976,,0
Animalia,Chordata,Actinopterygii,Perciformes,Gobiidae,Gillichthys,Gillichthys mirabilis,Gillichthys mirabilis,1.84E+00,14,20,0,Courtois 1976,,0
Animalia,Chordata,Actinopterygii,Perciformes,Gobiidae,Gillichthys,Gillichthys mirabilis,Gillichthys mirabilis,1.21E+00,14,20,0,Courtois 1976,,0
Animalia,Chordata,Actinopterygii,Perciformes,Gobiidae,Gillichthys,Gillichthys mirabilis,Gillichthys mirabilis,1.42E+00,14,20,0,Courtois 1976,,0
Animalia,Chordata,Actinopterygii,Perciformes,Gobiidae,Gillichthys,Gillichthys mirabilis,Gillichthys mirabilis,3.81E-01,16.7,20,0,Courtois 1976,,0
Animalia,Chordata,Actinopterygii,Perciformes,Gobiidae,Gillichthys,Gillichthys mirabilis,Gillichthys mirabilis,3.33E-01,16.7,20,0,Courtois 1976,,0
Animalia,Chordata,Actinopterygii,Perciformes,Gobiidae,Gillichthys,Gillichthys mirabilis,Gillichthys mirabilis,4.76E-01,16.7,20,0,Courtois 1976,,0
Animalia,Chordata,Actinopterygii,Perciformes,Gobiidae,Gillichthys,Gillichthys mirabilis,Gillichthys mirabilis,4.29E-01,16.7,20,0,Courtois 1976,,0
Animalia,Chordata,Actinopterygii,Perciformes,Gobiidae,Gillichthys,Gillichthys mirabilis,Gillichthys mirabilis,7.62E-01,16.7,20,0,Courtois 1976,,0
Animalia,Chordata,Actinopterygii,Perciformes,Gobiidae,Gillichthys,Gillichthys mirabilis,Gillichthys mirabilis,5.24E-01,16.7,20,0,Courtois 1976,,0
Animalia,Chordata,Actinopterygii,Perciformes,Gobiidae,Gillichthys,Gillichthys mirabilis,Gillichthys mirabilis,5.48E-01,16.7,20,0,Courtois 1976,,0
Animalia,Chordata,Actinopterygii,Perciformes,Gobiidae,Gillichthys,Gillichthys mirabilis,Gillichthys mirabilis,6.44E-01,16.7,20,0,Courtois 1976,,0
Animalia,Chordata,Actinopterygii,Perciformes,Gobiidae,Gillichthys,Gillichthys mirabilis,Gillichthys mirabilis,4.76E-02,16.7,20,0,Courtois 1976,,0
Animalia,Chordata,Actinopterygii,Perciformes,Gobiidae,Gillichthys,Gillichthys mirabilis,Gillichthys mirabilis,1.05E+00,16.7,20,0,Courtois 1976,,0
Animalia,Chordata,Actinopterygii,Perciformes,Gobiidae,Gillichthys,Gillichthys mirabilis,Gillichthys mirabilis,6.44E-01,16.7,20,0,Courtois 1976,,0
Animalia,Chordata,Actinopterygii,Perciformes,Gobiidae,Gillichthys,Gillichthys mirabilis,Gillichthys mirabilis,8.34E-01,16.7,20,0,Courtois 1976,,0
Animalia,Chordata,Actinopterygii,Perciformes,Gobiidae,Gillichthys,Gillichthys mirabilis,Gillichthys mirabilis,8.54E-01,16.7,20,0,Courtois 1976,,0
Animalia,Chordata,Actinopterygii,Perciformes,Gobiidae,Gillichthys,Gillichthys mirabilis,Gillichthys mirabilis,3.81E-01,16.7,20,0,Courtois 1976,,0
Animalia,Chordata,Actinopterygii,Perciformes,Gobiidae,Gillichthys,Gillichthys mirabilis,Gillichthys mirabilis,7.62E-01,16.7,20,0,Courtois 1976,,0
Animalia,Chordata,Actinopterygii,Perciformes,Gobiidae,Gillichthys,Gillichthys mirabilis,Gillichthys mirabilis,9.56E-01,16.7,20,0,Courtois 1976,,0
Animalia,Chordata,Actinopterygii,Perciformes,Gobiidae,Gillichthys,Gillichthys mirabilis,Gillichthys mirabilis,9.05E-01,16.7,20,0,Courtois 1976,,0
Animalia,Chordata,Actinopterygii,Perciformes,Gobiidae,Gillichthys,Gillichthys mirabilis,Gillichthys mirabilis,9.98E-01,16.7,20,0,Courtois 1976,,0
Animalia,Chordata,Actinopterygii,Perciformes,Gobiidae,Gillichthys,Gillichthys mirabilis,Gillichthys mirabilis,5.01E-01,16.7,20,0,Courtois 1976,,0
Animalia,Chordata,Actinopterygii,Perciformes,Gobiidae,Gillichthys,Gillichthys mirabilis,Gillichthys mirabilis,7.15E-01,16.7,20,0,Courtois 1976,,0
Animalia,Chordata,Actinopterygii,Perciformes,Gobiidae,Gillichthys,Gillichthys mirabilis,Gillichthys mirabilis,1.81E+00,16.7,20,0,Courtois 1976,,0
Animalia,Chordata,Actinopterygii,Perciformes,Gobiidae,Gillichthys,Gillichthys mirabilis,Gillichthys mirabilis,1.07E+00,16.7,20,0,Courtois 1976,,0
Animalia,Chordata,Actinopterygii,Perciformes,Gobiidae,Gillichthys,Gillichthys mirabilis,Gillichthys mirabilis,1.67E+00,16.7,20,0,Courtois 1976,,0
Animalia,Chordata,Actinopterygii,Perciformes,Gobiidae,Gillichthys,Gillichthys mirabilis,Gillichthys mirabilis,1.02E+00,16.7,20,0,Courtois 1976,,0
Animalia,Chordata,Actinopterygii,Perciformes,Gobiidae,Gillichthys,Gillichthys mirabilis,Gillichthys mirabilis,1.14E+00,16.7,20,0,Courtois 1976,,0
Animalia,Chordata,Actinopterygii,Perciformes,Gobiidae,Gillichthys,Gillichthys mirabilis,Gillichthys mirabilis,9.05E-01,16.7,20,0,Courtois 1976,,0
Animalia,Chordata,Actinopterygii,Perciformes,Gobiidae,Gillichthys,Gillichthys mirabilis,Gillichthys mirabilis,1.31E+00,16.7,20,0,Courtois 1976,,0
Animalia,Chordata,Actinopterygii,Perciformes,Gobiidae,Gillichthys,Gillichthys mirabilis,Gillichthys mirabilis,1.64E+00,16.7,20,0,Courtois 1976,,0
Animalia,Chordata,Actinopterygii,Perciformes,Gobiidae,Gillichthys,Gillichthys mirabilis,Gillichthys mirabilis,3.33E-01,16.7,20,0,Courtois 1976,,0
Animalia,Chordata,Actinopterygii,Perciformes,Gobiidae,Gillichthys,Gillichthys mirabilis,Gillichthys mirabilis,1.89E+00,16.7,20,0,Courtois 1976,,0
Animalia,Chordata,Actinopterygii,Perciformes,Gobiidae,Gillichthys,Gillichthys mirabilis,Gillichthys mirabilis,1.48E+00,16.7,20,0,Courtois 1976,,0
Animalia,Chordata,Actinopterygii,Perciformes,Gobiidae,Gillichthys,Gillichthys mirabilis,Gillichthys mirabilis,6.19E-01,16.7,20,0,Courtois 1976,,0
Animalia,Chordata,Actinopterygii,Perciformes,Gobiidae,Gillichthys,Gillichthys mirabilis,Gillichthys mirabilis,1.05E+00,16.7,20,0,Courtois 1976,,0
Animalia,Chordata,Actinopterygii,Perciformes,Gobiidae,Gillichthys,Gillichthys mirabilis,Gillichthys mirabilis,1.17E+00,16.7,20,0,Courtois 1976,,0
Animalia,Chordata,Actinopterygii,Perciformes,Gobiidae,Gillichthys,Gillichthys mirabilis,Gillichthys mirabilis,9.30E-01,16.7,20,0,Courtois 1976,,0
Animalia,Chordata,Actinopterygii,Perciformes,Gobiidae,Gillichthys,Gillichthys mirabilis,Gillichthys mirabilis,1.22E+00,16.7,20,0,Courtois 1976,,0
Animalia,Chordata,Actinopterygii,Perciformes,Gobiidae,Gillichthys,Gillichthys mirabilis,Gillichthys mirabilis,2.15E+00,16.7,20,0,Courtois 1976,,0
Animalia,Chordata,Actinopterygii,Perciformes,Gobiidae,Gillichthys,Gillichthys mirabilis,Gillichthys mirabilis,1.45E+00,16.7,20,0,Courtois 1976,,0
Animalia,Chordata,Actinopterygii,Perciformes,Gobiidae,Gillichthys,Gillichthys mirabilis,Gillichthys mirabilis,1.14E+00,16.7,20,0,Courtois 1976,,0
Animalia,Chordata,Actinopterygii,Perciformes,Gobiidae,Gillichthys,Gillichthys mirabilis,Gillichthys mirabilis,1.22E+00,16.7,20,0,Courtois 1976,,0
Animalia,Chordata,Actinopterygii,Perciformes,Gobiidae,Gillichthys,Gillichthys mirabilis,Gillichthys mirabilis,1.45E+00,16.7,20,0,Courtois 1976,,0
Animalia,Chordata,Actinopterygii,Perciformes,Gobiidae,Gillichthys,Gillichthys mirabilis,Gillichthys mirabilis,2.12E+00,16.7,20,0,Courtois 1976,,0
Animalia,Chordata,Actinopterygii,Perciformes,Gobiidae,Gillichthys,Gillichthys mirabilis,Gillichthys mirabilis,1.67E+00,16.7,20,0,Courtois 1976,,0
Animalia,Chordata,Actinopterygii,Perciformes,Gobiidae,Gillichthys,Gillichthys mirabilis,Gillichthys mirabilis,2.86E+00,16.7,20,0,Courtois 1976,,0
Animalia,Chordata,Actinopterygii,Perciformes,Gobiidae,Gillichthys,Gillichthys mirabilis,Gillichthys mirabilis,1.76E+00,16.7,20,0,Courtois 1976,,0
Animalia,Chordata,Actinopterygii,Perciformes,Gobiidae,Gillichthys,Gillichthys mirabilis,Gillichthys mirabilis,1.67E+00,16.7,20,0,Courtois 1976,,0
Animalia,Chordata,Actinopterygii,Scorpaeniformes,Cottidae,Myoxocephalus,Myoxocephalus octodecemsp,,8.29E-01,15.3,10,0,Crawford 1978,,0
Animalia,Chordata,Actinopterygii,Scorpaeniformes,Cottidae,Myoxocephalus,Myoxocephalus octodecemsp,,1.78E+00,39.8,10,0,Crawford 1978,,0
Animalia,Chordata,Actinopterygii,Scorpaeniformes,Cottidae,Myoxocephalus,Myoxocephalus octodecemsp,,1.71E+00,39.8,10,0,Crawford 1978,,0
Animalia,Chordata,Actinopterygii,Scorpaeniformes,Cottidae,Myoxocephalus,Myoxocephalus octodecemsp,,2.61E+00,63.1,10,0,Crawford 1978,,0
Animalia,Chordata,Actinopterygii,Scorpaeniformes,Cottidae,Myoxocephalus,Myoxocephalus octodecemsp,,1.78E+00,82.5,10,0,Crawford 1978,,0
Animalia,Chordata,Actinopterygii,Scorpaeniformes,Cottidae,Myoxocephalus,Myoxocephalus octodecemsp,,2.42E+00,82.5,10,0,Crawford 1978,,0
Animalia,Chordata,Actinopterygii,Scorpaeniformes,Cottidae,Myoxocephalus,Myoxocephalus octodecemsp,,2.24E+00,92.6,10,0,Crawford 1978,,0
Animalia,Chordata,Actinopterygii,Scorpaeniformes,Cottidae,Myoxocephalus,Myoxocephalus octodecemsp,,2.62E+00,104,10,0,Crawford 1978,,0
Animalia,Chordata,Actinopterygii,Scorpaeniformes,Cottidae,Myoxocephalus,Myoxocephalus octodecemsp,,3.68E+00,158,10,0,Crawford 1978,,0
Animalia,Chordata,Actinopterygii,Scorpaeniformes,Cottidae,Myoxocephalus,Myoxocephalus octodecemsp,,3.84E+00,165,10,0,Crawford 1978,,0
Animalia,Chordata,Actinopterygii,Scorpaeniformes,Cottidae,Myoxocephalus,Myoxocephalus octodecemsp,,4.00E+00,200,10,0,Crawford 1978,,0
Animalia,Chordata,Actinopterygii,Scorpaeniformes,Cottidae,Myoxocephalus,Myoxocephalus octodecemsp,,4.84E+00,200,10,0,Crawford 1978,,0
Animalia,Chordata,Actinopterygii,Scorpaeniformes,Cottidae,Myoxocephalus,Myoxocephalus octodecemsp,,4.66E+00,224,10,0,Crawford 1978,,0
Animalia,Chordata,Actinopterygii,Scorpaeniformes,Cottidae,Myoxocephalus,Myoxocephalus octodecemsp,,5.85E+00,224,10,0,Crawford 1978,,0
Animalia,Chordata,Actinopterygii,Scorpaeniformes,Cottidae,Myoxocephalus,Myoxocephalus octodecemsp,,7.09E+00,224,10,0,Crawford 1978,,0
Animalia,Chordata,Actinopterygii,Scorpaeniformes,Cottidae,Myoxocephalus,Myoxocephalus octodecemsp,,7.37E+00,341,10,0,Crawford 1978,,0
Animalia,Chordata,Actinopterygii,Perciformes,Blenniidae,Blennius,Blennius pholis,Blennius pholis,2.24E-01,1.43,17,0,"Dixon, Milton 1978",,0
Animalia,Chordata,Actinopterygii,Perciformes,Blenniidae,Blennius,Blennius pholis,Blennius pholis,5.79E-01,5.17,17,0,"Dixon, Milton 1978",,0
Animalia,Chordata,Actinopterygii,Perciformes,Blenniidae,Blennius,Blennius pholis,Blennius pholis,1.22E+00,12.12,17,0,"Dixon, Milton 1978",,0
Animalia,Chordata,Actinopterygii,Perciformes,Blenniidae,Blennius,Blennius pholis,Blennius pholis,1.49E+00,20,17,0,"Dixon, Milton 1978",,0
Animalia,Chordata,Actinopterygii,Perciformes,Blenniidae,Blennius,Blennius pholis,Blennius pholis,1.83E+00,22.05,17,0,"Dixon, Milton 1978",,0
Animalia,Chordata,Actinopterygii,Perciformes,Blenniidae,Blennius,Blennius pholis,Blennius pholis,1.90E+00,35.45,17,0,"Dixon, Milton 1978",,0
Animalia,Chordata,Actinopterygii,Perciformes,Haemulidae,Pomadasys,Pomadasys commersonni,Pomadasys commersonnii,5.62E+00,139,15,0,"Du Preez, McLachlan, Marais 1986",,0
Animalia,Chordata,Actinopterygii,Perciformes,Haemulidae,Pomadasys,Pomadasys commersonni,Pomadasys commersonnii,9.81E+00,190,15,0,"Du Preez, McLachlan, Marais 1986",,0
Animalia,Chordata,Actinopterygii,Perciformes,Haemulidae,Pomadasys,Pomadasys commersonni,Pomadasys commersonnii,1.06E+01,259,15,0,"Du Preez, McLachlan, Marais 1986",,0
Animalia,Chordata,Actinopterygii,Perciformes,Haemulidae,Pomadasys,Pomadasys commersonni,Pomadasys commersonnii,1.05E+01,293,15,0,"Du Preez, McLachlan, Marais 1986",,0
Animalia,Chordata,Actinopterygii,Perciformes,Haemulidae,Pomadasys,Pomadasys commersonni,Pomadasys commersonnii,1.38E+01,375,15,0,"Du Preez, McLachlan, Marais 1986",,0
Animalia,Chordata,Actinopterygii,Perciformes,Haemulidae,Pomadasys,Pomadasys commersonni,Pomadasys commersonnii,1.56E+01,399,15,0,"Du Preez, McLachlan, Marais 1986",,0
Animalia,Chordata,Actinopterygii,Perciformes,Haemulidae,Pomadasys,Pomadasys commersonni,Pomadasys commersonnii,1.88E+01,615,15,0,"Du Preez, McLachlan, Marais 1986",,0
Animalia,Chordata,Actinopterygii,Perciformes,Haemulidae,Pomadasys,Pomadasys commersonni,Pomadasys commersonnii,2.56E+01,787,15,0,"Du Preez, McLachlan, Marais 1986",,0
Animalia,Chordata,Actinopterygii,Perciformes,Haemulidae,Pomadasys,Pomadasys commersonni,Pomadasys commersonnii,5.14E+01,1758,15,0,"Du Preez, McLachlan, Marais 1986",,0
Animalia,Chordata,Actinopterygii,Perciformes,Haemulidae,Pomadasys,Pomadasys commersonni,Pomadasys commersonnii,5.91E+01,2627,15,0,"Du Preez, McLachlan, Marais 1986",,0
Animalia,Chordata,Actinopterygii,Perciformes,Haemulidae,Pomadasys,Pomadasys commersonni,Pomadasys commersonnii,8.81E+00,78.7,20,0,"Du Preez, McLachlan, Marais 1986",,0
Animalia,Chordata,Actinopterygii,Perciformes,Haemulidae,Pomadasys,Pomadasys commersonni,Pomadasys commersonnii,1.44E+01,202,20,0,"Du Preez, McLachlan, Marais 1986",,0
Animalia,Chordata,Actinopterygii,Perciformes,Haemulidae,Pomadasys,Pomadasys commersonni,Pomadasys commersonnii,1.56E+01,215,20,0,"Du Preez, McLachlan, Marais 1986",,0
Animalia,Chordata,Actinopterygii,Perciformes,Haemulidae,Pomadasys,Pomadasys commersonni,Pomadasys commersonnii,2.06E+01,321,20,0,"Du Preez, McLachlan, Marais 1986",,0
Animalia,Chordata,Actinopterygii,Perciformes,Haemulidae,Pomadasys,Pomadasys commersonni,Pomadasys commersonnii,2.26E+01,331,20,0,"Du Preez, McLachlan, Marais 1986",,0
Animalia,Chordata,Actinopterygii,Perciformes,Haemulidae,Pomadasys,Pomadasys commersonni,Pomadasys commersonnii,2.33E+01,381,20,0,"Du Preez, McLachlan, Marais 1986",,0
Animalia,Chordata,Actinopterygii,Perciformes,Haemulidae,Pomadasys,Pomadasys commersonni,Pomadasys commersonnii,3.60E+01,578,20,0,"Du Preez, McLachlan, Marais 1986",,0
Animalia,Chordata,Actinopterygii,Perciformes,Haemulidae,Pomadasys,Pomadasys commersonni,Pomadasys commersonnii,4.38E+01,596,20,0,"Du Preez, McLachlan, Marais 1986",,0
Animalia,Chordata,Actinopterygii,Perciformes,Haemulidae,Pomadasys,Pomadasys commersonni,Pomadasys commersonnii,4.33E+01,863,20,0,"Du Preez, McLachlan, Marais 1986",,0
Animalia,Chordata,Actinopterygii,Perciformes,Haemulidae,Pomadasys,Pomadasys commersonni,Pomadasys commersonnii,6.23E+01,1251,20,0,"Du Preez, McLachlan, Marais 1986",,0
Animalia,Chordata,Actinopterygii,Perciformes,Haemulidae,Pomadasys,Pomadasys commersonni,Pomadasys commersonnii,1.60E+01,62.4,25,0,"Du Preez, McLachlan, Marais 1986",,0
Animalia,Chordata,Actinopterygii,Perciformes,Haemulidae,Pomadasys,Pomadasys commersonni,Pomadasys commersonnii,1.92E+01,99.8,25,0,"Du Preez, McLachlan, Marais 1986",,0
Animalia,Chordata,Actinopterygii,Perciformes,Haemulidae,Pomadasys,Pomadasys commersonni,Pomadasys commersonnii,3.07E+01,236,25,0,"Du Preez, McLachlan, Marais 1986",,0
Animalia,Chordata,Actinopterygii,Perciformes,Haemulidae,Pomadasys,Pomadasys commersonni,Pomadasys commersonnii,4.31E+01,331,25,0,"Du Preez, McLachlan, Marais 1986",,0
Animalia,Chordata,Actinopterygii,Perciformes,Haemulidae,Pomadasys,Pomadasys commersonni,Pomadasys commersonnii,5.62E+01,405,25,0,"Du Preez, McLachlan, Marais 1986",,0
Animalia,Chordata,Actinopterygii,Perciformes,Haemulidae,Pomadasys,Pomadasys commersonni,Pomadasys commersonnii,3.62E+01,359,25,0,"Du Preez, McLachlan, Marais 1986",,0
Animalia,Chordata,Actinopterygii,Perciformes,Haemulidae,Pomadasys,Pomadasys commersonni,Pomadasys commersonnii,4.25E+01,437,25,0,"Du Preez, McLachlan, Marais 1986",,0
Animalia,Chordata,Actinopterygii,Perciformes,Haemulidae,Pomadasys,Pomadasys commersonni,Pomadasys commersonnii,6.57E+01,630,25,0,"Du Preez, McLachlan, Marais 1986",,0
Animalia,Chordata,Actinopterygii,Perciformes,Haemulidae,Pomadasys,Pomadasys commersonni,Pomadasys commersonnii,8.34E+01,947,25,0,"Du Preez, McLachlan, Marais 1986",,0
Animalia,Chordata,Actinopterygii,Perciformes,Haemulidae,Pomadasys,Pomadasys commersonni,Pomadasys commersonnii,1.01E+02,1373,25,0,"Du Preez, McLachlan, Marais 1986",,0
Animalia,Chordata,Actinopterygii,Cypriniformes,Cyprinidae,Carassius,Carassius auratus,Carassius auratus,4.18E-01,9.3,14.4,0,"Ege, Krogh 1914",,0
Animalia,Chordata,Actinopterygii,Cypriniformes,Cyprinidae,Carassius,Carassius auratus,Carassius auratus,6.83E-01,9.3,20.1,0,"Ege, Krogh 1914",,0
Animalia,Chordata,Actinopterygii,Cypriniformes,Cyprinidae,Carassius,Carassius auratus,Carassius auratus,1.08E+00,9.3,25.7,0,"Ege, Krogh 1914",,0
Animalia,Chordata,Actinopterygii,Cypriniformes,Cyprinidae,Carassius,Carassius auratus,Carassius auratus,1.09E+00,9.3,25.5,0,"Ege, Krogh 1914",,0
Animalia,Chordata,Actinopterygii,Cypriniformes,Cyprinidae,Carassius,Carassius auratus,Carassius auratus,1.15E+00,9.3,25.7,0,"Ege, Krogh 1914",,0
Animalia,Chordata,Actinopterygii,Cypriniformes,Cyprinidae,Carassius,Carassius auratus,Carassius auratus,4.19E-01,9.3,14.9,0,"Ege, Krogh 1914",,0
Animalia,Chordata,Actinopterygii,Cypriniformes,Cyprinidae,Carassius,Carassius auratus,Carassius auratus,4.62E-01,9.3,15,0,"Ege, Krogh 1914",,0
Animalia,Chordata,Actinopterygii,Cypriniformes,Cyprinidae,Carassius,Carassius auratus,Carassius auratus,1.84E-01,9.3,7.9,0,"Ege, Krogh 1914",,0
Animalia,Chordata,Actinopterygii,Cypriniformes,Cyprinidae,Carassius,Carassius auratus,Carassius auratus,2.31E-01,9.3,7.9,0,"Ege, Krogh 1914",,0
Animalia,Chordata,Actinopterygii,Cypriniformes,Cyprinidae,Carassius,Carassius auratus,Carassius auratus,4.71E-02,9.3,0,0,"Ege, Krogh 1914",,1
Animalia,Chordata,Actinopterygii,Cypriniformes,Cyprinidae,Carassius,Carassius auratus,Carassius auratus,4.24E-02,9.3,0,0,"Ege, Krogh 1914",,1
Animalia,Chordata,Actinopterygii,Cypriniformes,Cyprinidae,Carassius,Carassius auratus,Carassius auratus,1.08E+00,9.3,24.8,0,"Ege, Krogh 1914",,0
Animalia,Chordata,Actinopterygii,Cypriniformes,Cyprinidae,Carassius,Carassius auratus,Carassius auratus,6.97E-01,9.3,20.1,0,"Ege, Krogh 1914",,0
Animalia,Chordata,Actinopterygii,Cypriniformes,Cyprinidae,Carassius,Carassius auratus,Carassius auratus,6.40E-01,9.3,18,0,"Ege, Krogh 1914",,0
Animalia,Chordata,Actinopterygii,Cypriniformes,Cyprinidae,Carassius,Carassius auratus,Carassius auratus,6.55E-01,9.3,18.1,0,"Ege, Krogh 1914",,0
Animalia,Chordata,Actinopterygii,Cypriniformes,Cyprinidae,Carassius,Carassius auratus,Carassius auratus,4.66E-01,9.3,14.4,0,"Ege, Krogh 1914",,0
Animalia,Chordata,Actinopterygii,Cypriniformes,Cyprinidae,Carassius,Carassius auratus,Carassius auratus,3.06E-01,9.3,10.3,0,"Ege, Krogh 1914",,0
Animalia,Chordata,Actinopterygii,Cypriniformes,Cyprinidae,Carassius,Carassius auratus,Carassius auratus,3.06E-01,9.3,10.5,0,"Ege, Krogh 1914",,0
Animalia,Chordata,Actinopterygii,Cypriniformes,Cyprinidae,Carassius,Carassius auratus,Carassius auratus,5.79E-01,9.3,19.1,0,"Ege, Krogh 1914",,0
Animalia,Chordata,Actinopterygii,Cypriniformes,Cyprinidae,Carassius,Carassius auratus,Carassius auratus,5.89E-01,9.3,19.2,0,"Ege, Krogh 1914",,0
Animalia,Chordata,Actinopterygii,Perciformes,Cichlidae,Oreochromis,Oreochromis niloticus,Oreochromis niloticus,8.59E+00,77.1,25,0,"Farmer, Beamish 1969",,0
Animalia,Chordata,Actinopterygii,Perciformes,Cichlidae,Oreochromis,Oreochromis niloticus,Oreochromis niloticus,1.02E+01,75.15,25,0,"Farmer, Beamish 1969",,0
Animalia,Chordata,Actinopterygii,Perciformes,Cichlidae,Oreochromis,Oreochromis niloticus,Oreochromis niloticus,9.85E+00,88.84,25,0,"Farmer, Beamish 1969",,0
Animalia,Chordata,Actinopterygii,Perciformes,Cichlidae,Oreochromis,Oreochromis niloticus,Oreochromis niloticus,1.26E+01,88.84,25,0,"Farmer, Beamish 1969",,0
Animalia,Chordata,Actinopterygii,Perciformes,Cichlidae,Oreochromis,Oreochromis niloticus,Oreochromis niloticus,7.35E+00,83.89,25,0,"Farmer, Beamish 1969",,0
Animalia,Chordata,Actinopterygii,Perciformes,Cichlidae,Oreochromis,Oreochromis niloticus,Oreochromis niloticus,9.09E+00,83.89,25,0,"Farmer, Beamish 1969",,0
Animalia,Chordata,Actinopterygii,Perciformes,Cichlidae,Oreochromis,Oreochromis niloticus,Oreochromis niloticus,8.33E+00,82.66,25,0,"Farmer, Beamish 1969",,0
Animalia,Chordata,Actinopterygii,Perciformes,Cichlidae,Oreochromis,Oreochromis niloticus,Oreochromis niloticus,1.12E+01,82.66,25,0,"Farmer, Beamish 1969",,0
Animalia,Chordata,Actinopterygii,Perciformes,Cichlidae,Oreochromis,Oreochromis niloticus,Oreochromis niloticus,1.01E+01,80.42,25,0,"Farmer, Beamish 1969",,0
Animalia,Chordata,Actinopterygii,Perciformes,Cichlidae,Oreochromis,Oreochromis niloticus,Oreochromis niloticus,1.25E+01,80.42,25,0,"Farmer, Beamish 1969",,0
Animalia,Chordata,Actinopterygii,Siluriformes,Bagridae,Mystus,Mystus vittatus,Mystus vittatus,1.20E+00,4,32.5,0,"Fasihuddin, Choubey, Munshi 1972",,0
Animalia,Chordata,Actinopterygii,Siluriformes,Bagridae,Mystus,Mystus vittatus,Mystus vittatus,1.54E+00,5,32.5,0,"Fasihuddin, Choubey, Munshi 1972",,0
Animalia,Chordata,Actinopterygii,Siluriformes,Bagridae,Mystus,Mystus vittatus,Mystus vittatus,1.44E+00,6.5,32.5,0,"Fasihuddin, Choubey, Munshi 1972",,0
Animalia,Chordata,Actinopterygii,Siluriformes,Bagridae,Mystus,Mystus vittatus,Mystus vittatus,1.56E+00,5,32.5,0,"Fasihuddin, Choubey, Munshi 1972",,0
Animalia,Chordata,Actinopterygii,Siluriformes,Bagridae,Mystus,Mystus vittatus,Mystus vittatus,1.34E+00,8,32.5,0,"Fasihuddin, Choubey, Munshi 1972",,0
Animalia,Chordata,Actinopterygii,Siluriformes,Bagridae,Mystus,Mystus vittatus,Mystus vittatus,1.43E+00,9,32.5,0,"Fasihuddin, Choubey, Munshi 1972",,0
Animalia,Chordata,Actinopterygii,Siluriformes,Bagridae,Mystus,Mystus vittatus,Mystus vittatus,1.73E+00,9.8,32.5,0,"Fasihuddin, Choubey, Munshi 1972",,0
Animalia,Chordata,Actinopterygii,Siluriformes,Bagridae,Mystus,Mystus vittatus,Mystus vittatus,2.02E+00,11,32.5,0,"Fasihuddin, Choubey, Munshi 1972",,0
Animalia,Chordata,Actinopterygii,Siluriformes,Bagridae,Mystus,Mystus vittatus,Mystus vittatus,3.51E+00,24,32.5,0,"Fasihuddin, Choubey, Munshi 1972",,0
Animalia,Chordata,Actinopterygii,Siluriformes,Bagridae,Mystus,Mystus vittatus,Mystus vittatus,3.20E+00,20,32.5,0,"Fasihuddin, Choubey, Munshi 1972",,0
Animalia,Chordata,Actinopterygii,Siluriformes,Bagridae,Mystus,Mystus vittatus,Mystus vittatus,4.28E+00,28,32.5,0,"Fasihuddin, Choubey, Munshi 1972",,0
Animalia,Chordata,Actinopterygii,Siluriformes,Bagridae,Mystus,Mystus vittatus,Mystus vittatus,3.19E+00,21,32.5,0,"Fasihuddin, Choubey, Munshi 1972",,0
Animalia,Chordata,Actinopterygii,Siluriformes,Bagridae,Mystus,Mystus vittatus,Mystus vittatus,3.66E+00,32,32.5,0,"Fasihuddin, Choubey, Munshi 1972",,0
Animalia,Chordata,Actinopterygii,Siluriformes,Bagridae,Mystus,Mystus vittatus,Mystus vittatus,3.46E+00,30,32.5,0,"Fasihuddin, Choubey, Munshi 1972",,0
Animalia,Chordata,Actinopterygii,Siluriformes,Bagridae,Mystus,Mystus vittatus,Mystus vittatus,3.52E+00,30,32.5,0,"Fasihuddin, Choubey, Munshi 1972",,0
Animalia,Chordata,Actinopterygii,Siluriformes,Bagridae,Mystus,Mystus vittatus,Mystus vittatus,3.53E+00,31,32.5,0,"Fasihuddin, Choubey, Munshi 1972",,0
Animalia,Chordata,Actinopterygii,Siluriformes,Bagridae,Mystus,Mystus vittatus,Mystus vittatus,3.67E+00,40,32.5,0,"Fasihuddin, Choubey, Munshi 1972",,0
Animalia,Chordata,Actinopterygii,Siluriformes,Bagridae,Mystus,Mystus vittatus,Mystus vittatus,3.60E+00,38,32.5,0,"Fasihuddin, Choubey, Munshi 1972",,0
Animalia,Chordata,Actinopterygii,Siluriformes,Bagridae,Mystus,Mystus vittatus,Mystus vittatus,3.74E+00,41,32.5,0,"Fasihuddin, Choubey, Munshi 1972",,0
Animalia,Chordata,Actinopterygii,Siluriformes,Bagridae,Mystus,Mystus vittatus,Mystus vittatus,3.63E+00,39,32.5,0,"Fasihuddin, Choubey, Munshi 1972",,0
Animalia,Chordata,Actinopterygii,Siluriformes,Bagridae,Mystus,Mystus vittatus,Mystus vittatus,5.11E+00,51,32.5,0,"Fasihuddin, Choubey, Munshi 1972",,0
Animalia,Chordata,Actinopterygii,Siluriformes,Bagridae,Mystus,Mystus vittatus,Mystus vittatus,4.99E+00,50.5,32.5,0,"Fasihuddin, Choubey, Munshi 1972",,0
Animalia,Chordata,Actinopterygii,Siluriformes,Bagridae,Mystus,Mystus vittatus,Mystus vittatus,4.86E+00,50,32.5,0,"Fasihuddin, Choubey, Munshi 1972",,0
Animalia,Chordata,Actinopterygii,Siluriformes,Bagridae,Mystus,Mystus vittatus,Mystus vittatus,5.27E+00,52,32.5,0,"Fasihuddin, Choubey, Munshi 1972",,0
Animalia,Chordata,Actinopterygii,Siluriformes,Bagridae,Mystus,Mystus vittatus,Mystus vittatus,6.29E+00,61.5,32.5,0,"Fasihuddin, Choubey, Munshi 1972",,0
Animalia,Chordata,Actinopterygii,Siluriformes,Bagridae,Mystus,Mystus vittatus,Mystus vittatus,5.89E+00,60,32.5,0,"Fasihuddin, Choubey, Munshi 1972",,0
Animalia,Chordata,Actinopterygii,Siluriformes,Bagridae,Mystus,Mystus vittatus,Mystus vittatus,6.07E+00,59,32.5,0,"Fasihuddin, Choubey, Munshi 1972",,0
Animalia,Chordata,Actinopterygii,Siluriformes,Bagridae,Mystus,Mystus vittatus,Mystus vittatus,5.81E+00,58.5,32.5,0,"Fasihuddin, Choubey, Munshi 1972",,0
Animalia,Chordata,Actinopterygii,Anguilliformes,Anguillidae,Anguilla,Anguilla australis,Anguilla australis,9.62E+00,646.5,17.5,0,Forster 1981,,0
Animalia,Chordata,Actinopterygii,Cypriniformes,Cyprinidae,Carassius,Carassius auratus,Carassius auratus,2.16E-02,3.8,5,0,"Fry, Hart 1948",,1
Animalia,Chordata,Actinopterygii,Cypriniformes,Cyprinidae,Carassius,Carassius auratus,Carassius auratus,6.37E-02,3.8,10,0,"Fry, Hart 1948",,0
Animalia,Chordata,Actinopterygii,Cypriniformes,Cyprinidae,Carassius,Carassius auratus,Carassius auratus,1.30E-01,3.8,15,0,"Fry, Hart 1948",,0
Animalia,Chordata,Actinopterygii,Cypriniformes,Cyprinidae,Carassius,Carassius auratus,Carassius auratus,2.17E-01,3.8,20,0,"Fry, Hart 1948",,0
Animalia,Chordata,Actinopterygii,Cypriniformes,Cyprinidae,Carassius,Carassius auratus,Carassius auratus,1.98E-01,3.8,25,0,"Fry, Hart 1948",,0
Animalia,Chordata,Actinopterygii,Cypriniformes,Cyprinidae,Carassius,Carassius auratus,Carassius auratus,5.48E-01,3.8,35,0,"Fry, Hart 1948",,0
Animalia,Chordata,Actinopterygii,Perciformes,Gobiidae,Oligolepis,Oligolepis acutipennis,Oligolepis acutipennis,1.86E-01,6.3,17,0,"Geevarghese, John 1984 a",,0
Animalia,Chordata,Actinopterygii,Perciformes,Gobiidae,Oligolepis,Oligolepis acutipennis,Oligolepis acutipennis,5.14E-01,6.3,22,0,"Geevarghese, John 1984 a",,0
Animalia,Chordata,Actinopterygii,Perciformes,Gobiidae,Oligolepis,Oligolepis acutipennis,Oligolepis acutipennis,5.93E-01,6.3,27,0,"Geevarghese, John 1984 a",,0
Animalia,Chordata,Actinopterygii,Perciformes,Gobiidae,Oligolepis,Oligolepis acutipennis,Oligolepis acutipennis,9.03E-01,6.3,32,0,"Geevarghese, John 1984 a",,0
Animalia,Chordata,Actinopterygii,Perciformes,Gobiidae,Oligolepis,Oligolepis acutipennis,Oligolepis acutipennis,1.08E+00,6.3,38,0,"Geevarghese, John 1984 a",,0
Animalia,Chordata,Actinopterygii,Perciformes,Gobiidae,Oligolepis,Oligolepis acutipennis,Oligolepis acutipennis,9.79E-02,6.3,26,0,"Geevarghese, John 1984 a",,0
Animalia,Chordata,Actinopterygii,Perciformes,Gobiidae,Oligolepis,Oligolepis acutipennis,Oligolepis acutipennis,4.98E-01,6.3,26,0,"Geevarghese, John 1984 a",,0
Animalia,Chordata,Actinopterygii,Perciformes,Gobiidae,Oligolepis,Oligolepis acutipennis,Oligolepis acutipennis,6.83E-01,6.3,26,0,"Geevarghese, John 1984 a",,0
Animalia,Chordata,Actinopterygii,Perciformes,Gobiidae,Oligolepis,Oligolepis acutipennis,Oligolepis acutipennis,8.68E-01,6.3,26,0,"Geevarghese, John 1984 a",,0
Animalia,Chordata,Actinopterygii,Perciformes,Gobiidae,Oligolepis,Oligolepis acutipennis,Oligolepis acutipennis,6.51E-01,6.3,26,0,"Geevarghese, John 1984 a",,0
Animalia,Chordata,Actinopterygii,Perciformes,Gobiidae,Oligolepis,Oligolepis acutipennis,Oligolepis acutipennis,7.75E-01,6.3,26,0,"Geevarghese, John 1984 a",,0
Animalia,Chordata,Actinopterygii,Perciformes,Gobiidae,Oligolepis,Oligolepis acutipennis,Oligolepis acutipennis,4.69E-01,6.3,26,0,"Geevarghese, John 1984 a",,0
Animalia,Chordata,Actinopterygii,Perciformes,Gobiidae,Oligolepis,Oligolepis acutipennis,Oligolepis acutipennis,7.75E-01,6.3,26,0,"Geevarghese, John 1984 a",,0
Animalia,Chordata,Actinopterygii,Perciformes,Gobiidae,Oligolepis,Oligolepis acutipennis,Oligolepis acutipennis,7.75E-01,6.3,26,0,"Geevarghese, John 1984 a",,0
Animalia,Chordata,Actinopterygii,Perciformes,Gobiidae,Oligolepis,Oligolepis acutipennis,Oligolepis acutipennis,7.75E-01,6.3,26,0,"Geevarghese, John 1984 a",,0
Animalia,Chordata,Actinopterygii,Perciformes,Gobiidae,Glossogobius,Glossogobius giurus,Glossogobius giuris,1.68E+00,6.19,26,0,"Geevarghese, John 1984 b",,0
Animalia,Chordata,Actinopterygii,Perciformes,Gobiidae,Glossogobius,Glossogobius giurus,Glossogobius giuris,2.19E+00,14.87,26,0,"Geevarghese, John 1984 b",,0
Animalia,Chordata,Actinopterygii,Perciformes,Gobiidae,Glossogobius,Glossogobius giurus,Glossogobius giuris,1.75E+00,15.07,26,0,"Geevarghese, John 1984 b",,0
Animalia,Chordata,Actinopterygii,Perciformes,Gobiidae,Glossogobius,Glossogobius giurus,Glossogobius giuris,7.06E-01,15,26,0,"Geevarghese, John 1984 b",,0
Animalia,Chordata,Actinopterygii,Perciformes,Gobiidae,Glossogobius,Glossogobius giurus,Glossogobius giuris,7.44E-01,15,26,0,"Geevarghese, John 1984 b",,0
Animalia,Chordata,Actinopterygii,Perciformes,Gobiidae,Glossogobius,Glossogobius giurus,Glossogobius giuris,1.45E+00,15,26,0,"Geevarghese, John 1984 b",,0
Animalia,Chordata,Actinopterygii,Perciformes,Gobiidae,Glossogobius,Glossogobius giurus,Glossogobius giuris,2.61E+00,15,26,0,"Geevarghese, John 1984 b",,0
Animalia,Chordata,Actinopterygii,Perciformes,Gobiidae,Glossogobius,Glossogobius giurus,Glossogobius giuris,2.74E+00,15,26,0,"Geevarghese, John 1984 b",,0
Animalia,Chordata,Actinopterygii,Perciformes,Gobiidae,Glossogobius,Glossogobius giurus,Glossogobius giuris,2.58E-01,15,26,0,"Geevarghese, John 1984 b",,0
Animalia,Chordata,Actinopterygii,Perciformes,Gobiidae,Glossogobius,Glossogobius giurus,Glossogobius giuris,5.77E-01,15,26,0,"Geevarghese, John 1984 b",,0
Animalia,Chordata,Actinopterygii,Perciformes,Gobiidae,Glossogobius,Glossogobius giurus,Glossogobius giuris,1.31E+00,15,26,0,"Geevarghese, John 1984 b",,0
Animalia,Chordata,Actinopterygii,Perciformes,Gobiidae,Glossogobius,Glossogobius giurus,Glossogobius giuris,1.74E+00,15,26,0,"Geevarghese, John 1984 b",,0
Animalia,Chordata,Actinopterygii,Perciformes,Gobiidae,Glossogobius,Glossogobius giurus,Glossogobius giuris,1.89E+00,15,26,0,"Geevarghese, John 1984 b",,0
Animalia,Chordata,Actinopterygii,Perciformes,Gobiidae,Glossogobius,Glossogobius giurus,Glossogobius giuris,1.63E+00,15,26,0,"Geevarghese, John 1984 b",,0
Animalia,Chordata,Actinopterygii,Perciformes,Gobiidae,Glossogobius,Glossogobius giurus,Glossogobius giuris,1.38E+00,15,26,0,"Geevarghese, John 1984 b",,0
Animalia,Chordata,Actinopterygii,Perciformes,Gobiidae,Glossogobius,Glossogobius giurus,Glossogobius giuris,1.31E+00,15,26,0,"Geevarghese, John 1984 b",,0
Animalia,Chordata,Actinopterygii,Perciformes,Gobiidae,Glossogobius,Glossogobius giurus,Glossogobius giuris,1.45E+00,15,26,0,"Geevarghese, John 1984 b",,0
Animalia,Chordata,Actinopterygii,Perciformes,Gobiidae,Glossogobius,Glossogobius giurus,Glossogobius giuris,1.20E+00,15,26,0,"Geevarghese, John 1984 b",,0
Animalia,Chordata,Actinopterygii,Perciformes,Gobiidae,Glossogobius,Glossogobius giurus,Glossogobius giuris,1.75E+00,15,26,0,"Geevarghese, John 1984 b",,0
Animalia,Chordata,Actinopterygii,Perciformes,Gobiidae,Glossogobius,Glossogobius giurus,Glossogobius giuris,2.21E+00,15,26,0,"Geevarghese, John 1984 b",,0
Animalia,Chordata,Actinopterygii,Perciformes,Channidae,Channa,Channa punctatus,Channa punctata,1.19E-01,12.5,26,0,"Gopal, Anand, Mehrotra, Ray 1985",,0
Animalia,Chordata,Actinopterygii,Perciformes,Channidae,Channa,Channa punctatus,Channa punctata,1.11E-01,12.5,26,0,"Gopal, Anand, Mehrotra, Ray 1985",,0
Animalia,Chordata,Actinopterygii,Perciformes,Channidae,Channa,Channa punctatus,Channa punctata,1.22E-01,12.5,26,0,"Gopal, Anand, Mehrotra, Ray 1985",,0
Animalia,Chordata,Actinopterygii,Perciformes,Channidae,Channa,Channa punctatus,Channa punctata,1.25E-01,12.5,26,0,"Gopal, Anand, Mehrotra, Ray 1985",,0
Animalia,Chordata,Actinopterygii,Clupeiformes,Clupeidae,Brevoortia,Brevoortia tyrannus,Brevoortia tyrannus,5.56E-01,6.2,10,0,Hettler 1976,,0
Animalia,Chordata,Actinopterygii,Clupeiformes,Clupeidae,Brevoortia,Brevoortia tyrannus,Brevoortia tyrannus,1.34E+00,22.5,10,0,Hettler 1976,,0
Animalia,Chordata,Actinopterygii,Clupeiformes,Clupeidae,Brevoortia,Brevoortia tyrannus,Brevoortia tyrannus,4.05E+00,78.4,10,0,Hettler 1976,,0
Animalia,Chordata,Actinopterygii,Clupeiformes,Clupeidae,Brevoortia,Brevoortia tyrannus,Brevoortia tyrannus,9.19E-01,6.17,15,0,Hettler 1976,,0
Animalia,Chordata,Actinopterygii,Clupeiformes,Clupeidae,Brevoortia,Brevoortia tyrannus,Brevoortia tyrannus,2.18E+00,21.7,15,0,Hettler 1976,,0
Animalia,Chordata,Actinopterygii,Clupeiformes,Clupeidae,Brevoortia,Brevoortia tyrannus,Brevoortia tyrannus,7.03E+00,79.3,15,0,Hettler 1976,,0
Animalia,Chordata,Actinopterygii,Clupeiformes,Clupeidae,Brevoortia,Brevoortia tyrannus,Brevoortia tyrannus,1.30E+00,5.44,20,0,Hettler 1976,,0
Animalia,Chordata,Actinopterygii,Clupeiformes,Clupeidae,Brevoortia,Brevoortia tyrannus,Brevoortia tyrannus,3.19E+00,22.2,20,0,Hettler 1976,,0
Animalia,Chordata,Actinopterygii,Clupeiformes,Clupeidae,Brevoortia,Brevoortia tyrannus,Brevoortia tyrannus,8.65E+00,74.3,20,0,Hettler 1976,,0
Animalia,Chordata,Actinopterygii,Clupeiformes,Clupeidae,Brevoortia,Brevoortia tyrannus,Brevoortia tyrannus,1.68E+00,6.98,25,0,Hettler 1976,,0
Animalia,Chordata,Actinopterygii,Clupeiformes,Clupeidae,Brevoortia,Brevoortia tyrannus,Brevoortia tyrannus,4.27E+00,24.6,25,0,Hettler 1976,,0
Animalia,Chordata,Actinopterygii,Clupeiformes,Clupeidae,Brevoortia,Brevoortia tyrannus,Brevoortia tyrannus,1.25E+01,80.9,25,0,Hettler 1976,,0
Animalia,Chordata,Actinopterygii,Clupeiformes,Clupeidae,Brevoortia,Brevoortia tyrannus,Brevoortia tyrannus,1.91E+00,27,9,0,Hettler 1976,,0
Animalia,Chordata,Actinopterygii,Clupeiformes,Clupeidae,Brevoortia,Brevoortia tyrannus,Brevoortia tyrannus,3.83E+00,27,17,0,Hettler 1976,,0
Animalia,Chordata,Actinopterygii,Clupeiformes,Clupeidae,Brevoortia,Brevoortia tyrannus,Brevoortia tyrannus,5.20E+00,27,25,0,Hettler 1976,,0
Animalia,Chordata,Actinopterygii,Clupeiformes,Clupeidae,Brevoortia,Brevoortia tyrannus,Brevoortia tyrannus,1.64E+00,27,9,0,Hettler 1976,,0
Animalia,Chordata,Actinopterygii,Clupeiformes,Clupeidae,Brevoortia,Brevoortia tyrannus,Brevoortia tyrannus,3.01E+00,27,17,0,Hettler 1976,,0
Animalia,Chordata,Actinopterygii,Clupeiformes,Clupeidae,Brevoortia,Brevoortia tyrannus,Brevoortia tyrannus,3.97E+00,27,25,0,Hettler 1976,,0
Animalia,Chordata,Actinopterygii,Cypriniformes,Cyprinidae,Labeo,Labeo rohita,Labeo rohita,1.85E+00,6,25,0,"Hingorani, Diwan, Naidu 1977",,0
Animalia,Chordata,Actinopterygii,Cypriniformes,Cyprinidae,Labeo,Labeo rohita,Labeo rohita,2.03E+00,7,25,0,"Hingorani, Diwan, Naidu 1977",,0
Animalia,Chordata,Actinopterygii,Cypriniformes,Cyprinidae,Labeo,Labeo rohita,Labeo rohita,2.22E+00,8.5,25,0,"Hingorani, Diwan, Naidu 1977",,0
Animalia,Chordata,Actinopterygii,Cypriniformes,Cyprinidae,Labeo,Labeo rohita,Labeo rohita,2.41E+00,11.5,25,0,"Hingorani, Diwan, Naidu 1977",,0
Animalia,Chordata,Actinopterygii,Cypriniformes,Cyprinidae,Cyprinus,Cyprinus carpio,Cyprinus carpio,9.28E-01,0.85,25,0,"Hingorani, Diwan, Naidu 1977",,0
Animalia,Chordata,Actinopterygii,Cypriniformes,Cyprinidae,Cyprinus,Cyprinus carpio,Cyprinus carpio,1.95E+00,4.8,25,0,"Hingorani, Diwan, Naidu 1977",,0
Animalia,Chordata,Actinopterygii,Cypriniformes,Cyprinidae,Cyprinus,Cyprinus carpio,Cyprinus carpio,2.87E+00,11,25,0,"Hingorani, Diwan, Naidu 1977",,0
Animalia,Chordata,Actinopterygii,Cypriniformes,Cyprinidae,Cyprinus,Cyprinus carpio,Cyprinus carpio,3.44E+00,18.7,25,0,"Hingorani, Diwan, Naidu 1977",,0
Animalia,Chordata,Actinopterygii,Perciformes,Centrarchidae,Lepomis,Lepomis cyanellus,Lepomis cyanellus,6.58E-01,10,15,0,"Horkel, Pearson 1976",,0
Animalia,Chordata,Actinopterygii,Perciformes,Centrarchidae,Lepomis,Lepomis cyanellus,Lepomis cyanellus,6.58E-01,10,15,0,"Horkel, Pearson 1976",,0
Animalia,Chordata,Actinopterygii,Perciformes,Centrarchidae,Lepomis,Lepomis cyanellus,Lepomis cyanellus,6.58E-01,10,15,0,"Horkel, Pearson 1976",,0
Animalia,Chordata,Actinopterygii,Perciformes,Centrarchidae,Lepomis,Lepomis cyanellus,Lepomis cyanellus,6.58E-01,10,15,0,"Horkel, Pearson 1976",,0
Animalia,Chordata,Actinopterygii,Perciformes,Centrarchidae,Lepomis,Lepomis cyanellus,Lepomis cyanellus,6.58E-01,10,15,0,"Horkel, Pearson 1976",,0
Animalia,Chordata,Actinopterygii,Perciformes,Centrarchidae,Lepomis,Lepomis cyanellus,Lepomis cyanellus,6.58E-01,10,15,0,"Horkel, Pearson 1976",,0
Animalia,Chordata,Actinopterygii,Perciformes,Centrarchidae,Lepomis,Lepomis cyanellus,Lepomis cyanellus,8.36E-01,10,25,0,"Horkel, Pearson 1976",,0
Animalia,Chordata,Actinopterygii,Perciformes,Centrarchidae,Lepomis,Lepomis cyanellus,Lepomis cyanellus,8.36E-01,10,25,0,"Horkel, Pearson 1976",,0
Animalia,Chordata,Actinopterygii,Perciformes,Centrarchidae,Lepomis,Lepomis cyanellus,Lepomis cyanellus,8.36E-01,10,25,0,"Horkel, Pearson 1976",,0
Animalia,Chordata,Actinopterygii,Perciformes,Centrarchidae,Lepomis,Lepomis cyanellus,Lepomis cyanellus,8.36E-01,10,25,0,"Horkel, Pearson 1976",,0
Animalia,Chordata,Actinopterygii,Perciformes,Centrarchidae,Lepomis,Lepomis cyanellus,Lepomis cyanellus,8.36E-01,10,25,0,"Horkel, Pearson 1976",,0
Animalia,Chordata,Actinopterygii,Perciformes,Centrarchidae,Lepomis,Lepomis cyanellus,Lepomis cyanellus,8.36E-01,10,25,0,"Horkel, Pearson 1976",,0
Animalia,Chordata,Actinopterygii,Perciformes,Centrarchidae,Lepomis,Lepomis cyanellus,Lepomis cyanellus,1.84E+00,10,35,0,"Horkel, Pearson 1976",,0
Animalia,Chordata,Actinopterygii,Perciformes,Centrarchidae,Lepomis,Lepomis cyanellus,Lepomis cyanellus,1.84E+00,10,35,0,"Horkel, Pearson 1976",,0
Animalia,Chordata,Actinopterygii,Perciformes,Centrarchidae,Lepomis,Lepomis cyanellus,Lepomis cyanellus,1.84E+00,10,35,0,"Horkel, Pearson 1976",,0
Animalia,Chordata,Actinopterygii,Perciformes,Centrarchidae,Lepomis,Lepomis cyanellus,Lepomis cyanellus,1.84E+00,10,35,0,"Horkel, Pearson 1976",,0
Animalia,Chordata,Actinopterygii,Perciformes,Centrarchidae,Lepomis,Lepomis cyanellus,Lepomis cyanellus,1.84E+00,10,35,0,"Horkel, Pearson 1976",,0
Animalia,Chordata,Actinopterygii,Perciformes,Centrarchidae,Lepomis,Lepomis cyanellus,Lepomis cyanellus,1.84E+00,10,35,0,"Horkel, Pearson 1976",,0
Animalia,Chordata,Actinopterygii,Cypriniformes,Cyprinidae,Cyprinus,Cyprinus carpio,Cyprinus carpio,4.04E+01,950,20,0,"Hughes, Albers, Muster, Gotz 1983",,0
Animalia,Chordata,Actinopterygii,Cypriniformes,Cyprinidae,Cyprinus,Cyprinus carpio,Cyprinus carpio,3.72E+01,950,20,0,"Hughes, Albers, Muster, Gotz 1983",,0
Animalia,Chordata,Actinopterygii,Cypriniformes,Cyprinidae,Cyprinus,Cyprinus carpio,Cyprinus carpio,3.81E+01,950,20,0,"Hughes, Albers, Muster, Gotz 1983",,0
Animalia,Chordata,Actinopterygii,Cypriniformes,Cyprinidae,Cyprinus,Cyprinus carpio,Cyprinus carpio,3.74E+01,950,20,0,"Hughes, Albers, Muster, Gotz 1983",,0
Animalia,Chordata,Actinopterygii,Cypriniformes,Cyprinidae,Cyprinus,Cyprinus carpio,Cyprinus carpio,3.08E+01,950,20,0,"Hughes, Albers, Muster, Gotz 1983",,0
Animalia,Chordata,Actinopterygii,Cypriniformes,Cyprinidae,Cyprinus,Cyprinus carpio,Cyprinus carpio,2.12E+01,950,20,0,"Hughes, Albers, Muster, Gotz 1983",,0
Animalia,Chordata,Actinopterygii,Cypriniformes,Cyprinidae,Cyprinus,Cyprinus carpio,Cyprinus carpio,1.76E+01,950,20,0,"Hughes, Albers, Muster, Gotz 1983",,0
Animalia,Chordata,Actinopterygii,Cypriniformes,Cyprinidae,Cyprinus,Cyprinus carpio,Cyprinus carpio,2.14E+01,950,10,0,"Hughes, Albers, Muster, Gotz 1983",,0
Animalia,Chordata,Actinopterygii,Cypriniformes,Cyprinidae,Cyprinus,Cyprinus carpio,Cyprinus carpio,1.92E+01,950,10,0,"Hughes, Albers, Muster, Gotz 1983",,0
Animalia,Chordata,Actinopterygii,Cypriniformes,Cyprinidae,Cyprinus,Cyprinus carpio,Cyprinus carpio,1.75E+01,950,10,0,"Hughes, Albers, Muster, Gotz 1983",,0
Animalia,Chordata,Actinopterygii,Cypriniformes,Cyprinidae,Cyprinus,Cyprinus carpio,Cyprinus carpio,1.61E+01,950,10,0,"Hughes, Albers, Muster, Gotz 1983",,0
Animalia,Chordata,Actinopterygii,Cypriniformes,Cyprinidae,Cyprinus,Cyprinus carpio,Cyprinus carpio,1.69E+01,950,10,0,"Hughes, Albers, Muster, Gotz 1983",,0
Animalia,Chordata,Actinopterygii,Cypriniformes,Cyprinidae,Cyprinus,Cyprinus carpio,Cyprinus carpio,1.28E+01,950,10,0,"Hughes, Albers, Muster, Gotz 1983",,0
Animalia,Chordata,Actinopterygii,Cypriniformes,Cyprinidae,Cyprinus,Cyprinus carpio,Cyprinus carpio,1.12E+01,950,10,0,"Hughes, Albers, Muster, Gotz 1983",,0
Animalia,Chordata,Actinopterygii,Cypriniformes,Cyprinidae,Cyprinus,Cyprinus carpio,Cyprinus carpio,2.65E+01,555,25,0,"Itazawa, Takeda 1979",,0
Animalia,Chordata,Actinopterygii,Cypriniformes,Cyprinidae,Tinca,Tinca tinca,Tinca tinca,1.88E+01,541,16,0,"Jensen, Weber 1985",,0
Animalia,Chordata,Actinopterygii,Cypriniformes,Cyprinidae,Tinca,Tinca tinca,Tinca tinca,2.02E+01,541,16,0,"Jensen, Weber 1985",,0
Animalia,Chordata,Actinopterygii,Gonorynchiformes,Chanidae,Chanos,Chanos chanos,Chanos chanos,7.20E-02,0.7,29,0,Job 1957,,0
Animalia,Chordata,Actinopterygii,Gonorynchiformes,Chanidae,Chanos,Chanos chanos,Chanos chanos,1.70E-01,2.1,29,0,Job 1957,,0
Animalia,Chordata,Actinopterygii,Gonorynchiformes,Chanidae,Chanos,Chanos chanos,Chanos chanos,3.92E-01,6.3,29,0,Job 1957,,0
Animalia,Chordata,Actinopterygii,Gonorynchiformes,Chanidae,Chanos,Chanos chanos,Chanos chanos,5.96E-01,11,29,0,Job 1957,,0
Animalia,Chordata,Actinopterygii,Gonorynchiformes,Chanidae,Chanos,Chanos chanos,Chanos chanos,2.48E-01,0.7,29,0,Job 1957,,0
Animalia,Chordata,Actinopterygii,Gonorynchiformes,Chanidae,Chanos,Chanos chanos,Chanos chanos,5.36E-01,2.1,29,0,Job 1957,,0
Animalia,Chordata,Actinopterygii,Gonorynchiformes,Chanidae,Chanos,Chanos chanos,Chanos chanos,1.14E+00,6.3,29,0,Job 1957,,0
Animalia,Chordata,Actinopterygii,Gonorynchiformes,Chanidae,Chanos,Chanos chanos,Chanos chanos,9.14E-01,11,29,0,Job 1957,,0
Animalia,Chordata,Actinopterygii,Gonorynchiformes,Chanidae,Chanos,Chanos chanos,Chanos chanos,3.73E-01,0.7,29,0,Job 1957,,0
Animalia,Chordata,Actinopterygii,Gonorynchiformes,Chanidae,Chanos,Chanos chanos,Chanos chanos,8.76E-01,2.1,29,0,Job 1957,,0
Animalia,Chordata,Actinopterygii,Gonorynchiformes,Chanidae,Chanos,Chanos chanos,Chanos chanos,2.07E+00,6.3,29,0,Job 1957,,0
Animalia,Chordata,Actinopterygii,Gonorynchiformes,Chanidae,Chanos,Chanos chanos,Chanos chanos,3.16E+00,11,29,0,Job 1957,,0
Animalia,Chordata,Actinopterygii,Gonorynchiformes,Chanidae,Chanos,Chanos chanos,Chanos chanos,4.64E-01,0.7,29,0,Job 1957,,0
Animalia,Chordata,Actinopterygii,Gonorynchiformes,Chanidae,Chanos,Chanos chanos,Chanos chanos,1.13E+00,2.1,29,0,Job 1957,,0
Animalia,Chordata,Actinopterygii,Gonorynchiformes,Chanidae,Chanos,Chanos chanos,Chanos chanos,2.73E+00,6.3,29,0,Job 1957,,0
Animalia,Chordata,Actinopterygii,Gonorynchiformes,Chanidae,Chanos,Chanos chanos,Chanos chanos,4.25E+00,11,29,0,Job 1957,,0
Animalia,Chordata,Actinopterygii,Gonorynchiformes,Chanidae,Chanos,Chanos chanos,Chanos chanos,5.10E-01,0.7,29,0,Job 1957,,0
Animalia,Chordata,Actinopterygii,Gonorynchiformes,Chanidae,Chanos,Chanos chanos,Chanos chanos,1.26E+00,2.1,29,0,Job 1957,,0
Animalia,Chordata,Actinopterygii,Gonorynchiformes,Chanidae,Chanos,Chanos chanos,Chanos chanos,3.16E+00,6.3,29,0,Job 1957,,0
Animalia,Chordata,Actinopterygii,Gonorynchiformes,Chanidae,Chanos,Chanos chanos,Chanos chanos,5.03E+00,11,29,0,Job 1957,,0
Animalia,Chordata,Actinopterygii,Gonorynchiformes,Chanidae,Chanos,Chanos chanos,Chanos chanos,5.56E-01,0.7,29,0,Job 1957,,0
Animalia,Chordata,Actinopterygii,Gonorynchiformes,Chanidae,Chanos,Chanos chanos,Chanos chanos,1.38E+00,2.1,29,0,Job 1957,,0
Animalia,Chordata,Actinopterygii,Gonorynchiformes,Chanidae,Chanos,Chanos chanos,Chanos chanos,3.36E+00,6.3,29,0,Job 1957,,0
Animalia,Chordata,Actinopterygii,Gonorynchiformes,Chanidae,Chanos,Chanos chanos,Chanos chanos,5.28E+00,11,29,0,Job 1957,,0
Animalia,Chordata,Actinopterygii,Gonorynchiformes,Chanidae,Chanos,Chanos chanos,Chanos chanos,7.26E-01,0.7,29,0,Job 1957,,0
Animalia,Chordata,Actinopterygii,Gonorynchiformes,Chanidae,Chanos,Chanos chanos,Chanos chanos,1.70E+00,2.1,29,0,Job 1957,,0
Animalia,Chordata,Actinopterygii,Gonorynchiformes,Chanidae,Chanos,Chanos chanos,Chanos chanos,4.07E+00,6.3,29,0,Job 1957,,0
Animalia,Chordata,Actinopterygii,Gonorynchiformes,Chanidae,Chanos,Chanos chanos,Chanos chanos,6.43E+00,11,29,0,Job 1957,,0
Animalia,Chordata,Actinopterygii,Gonorynchiformes,Chanidae,Chanos,Chanos chanos,Chanos chanos,4.64E-02,0.7,25,0,Job 1957,,0
Animalia,Chordata,Actinopterygii,Gonorynchiformes,Chanidae,Chanos,Chanos chanos,Chanos chanos,9.27E-02,2.1,25,0,Job 1957,,0
Animalia,Chordata,Actinopterygii,Gonorynchiformes,Chanidae,Chanos,Chanos chanos,Chanos chanos,1.79E-01,6.3,25,0,Job 1957,,0
Animalia,Chordata,Actinopterygii,Gonorynchiformes,Chanidae,Chanos,Chanos chanos,Chanos chanos,2.58E-01,11,25,0,Job 1957,,0
Animalia,Chordata,Actinopterygii,Gonorynchiformes,Chanidae,Chanos,Chanos chanos,Chanos chanos,7.94E-02,0.7,25,0,Job 1957,,0
Animalia,Chordata,Actinopterygii,Gonorynchiformes,Chanidae,Chanos,Chanos chanos,Chanos chanos,3.05E-01,2.1,25,0,Job 1957,,0
Animalia,Chordata,Actinopterygii,Gonorynchiformes,Chanidae,Chanos,Chanos chanos,Chanos chanos,1.21E+00,6.3,25,0,Job 1957,,0
Animalia,Chordata,Actinopterygii,Gonorynchiformes,Chanidae,Chanos,Chanos chanos,Chanos chanos,2.35E+00,11,25,0,Job 1957,,0
Animalia,Chordata,Actinopterygii,Gonorynchiformes,Chanidae,Chanos,Chanos chanos,Chanos chanos,1.33E-01,0.7,25,0,Job 1957,,0
Animalia,Chordata,Actinopterygii,Gonorynchiformes,Chanidae,Chanos,Chanos chanos,Chanos chanos,4.90E-01,2.1,25,0,Job 1957,,0
Animalia,Chordata,Actinopterygii,Gonorynchiformes,Chanidae,Chanos,Chanos chanos,Chanos chanos,1.87E+00,6.3,25,0,Job 1957,,0
Animalia,Chordata,Actinopterygii,Gonorynchiformes,Chanidae,Chanos,Chanos chanos,Chanos chanos,3.56E+00,11,25,0,Job 1957,,0
Animalia,Chordata,Actinopterygii,Gonorynchiformes,Chanidae,Chanos,Chanos chanos,Chanos chanos,1.99E-01,0.7,25,0,Job 1957,,0
Animalia,Chordata,Actinopterygii,Gonorynchiformes,Chanidae,Chanos,Chanos chanos,Chanos chanos,6.63E-01,2.1,25,0,Job 1957,,0
Animalia,Chordata,Actinopterygii,Gonorynchiformes,Chanidae,Chanos,Chanos chanos,Chanos chanos,2.35E+00,6.3,25,0,Job 1957,,0
Animalia,Chordata,Actinopterygii,Gonorynchiformes,Chanidae,Chanos,Chanos chanos,Chanos chanos,4.38E+00,11,25,0,Job 1957,,0
Animalia,Chordata,Actinopterygii,Gonorynchiformes,Chanidae,Chanos,Chanos chanos,Chanos chanos,2.45E-01,0.7,25,0,Job 1957,,0
Animalia,Chordata,Actinopterygii,Gonorynchiformes,Chanidae,Chanos,Chanos chanos,Chanos chanos,8.16E-01,2.1,25,0,Job 1957,,0
Animalia,Chordata,Actinopterygii,Gonorynchiformes,Chanidae,Chanos,Chanos chanos,Chanos chanos,2.70E+00,6.3,25,0,Job 1957,,0
Animalia,Chordata,Actinopterygii,Gonorynchiformes,Chanidae,Chanos,Chanos chanos,Chanos chanos,4.91E+00,11,25,0,Job 1957,,0
Animalia,Chordata,Actinopterygii,Gonorynchiformes,Chanidae,Chanos,Chanos chanos,Chanos chanos,2.92E-01,0.7,25,0,Job 1957,,0
Animalia,Chordata,Actinopterygii,Gonorynchiformes,Chanidae,Chanos,Chanos chanos,Chanos chanos,9.35E-01,2.1,25,0,Job 1957,,0
Animalia,Chordata,Actinopterygii,Gonorynchiformes,Chanidae,Chanos,Chanos chanos,Chanos chanos,3.03E+00,6.3,25,0,Job 1957,,0
Animalia,Chordata,Actinopterygii,Gonorynchiformes,Chanidae,Chanos,Chanos chanos,Chanos chanos,5.39E+00,11,25,0,Job 1957,,0
Animalia,Chordata,Actinopterygii,Gonorynchiformes,Chanidae,Chanos,Chanos chanos,Chanos chanos,4.57E-01,0.7,25,0,Job 1957,,0
Animalia,Chordata,Actinopterygii,Gonorynchiformes,Chanidae,Chanos,Chanos chanos,Chanos chanos,1.29E+00,2.1,25,0,Job 1957,,0
Animalia,Chordata,Actinopterygii,Gonorynchiformes,Chanidae,Chanos,Chanos chanos,Chanos chanos,3.56E+00,6.3,25,0,Job 1957,,0
Animalia,Chordata,Actinopterygii,Gonorynchiformes,Chanidae,Chanos,Chanos chanos,Chanos chanos,5.90E+00,11,25,0,Job 1957,,0
Animalia,Chordata,Actinopterygii,Cypriniformes,Cyprinidae,Cyprinus,Cyprinus carpio,Cyprinus carpio,9.22E-02,14,2,0,Korovin 1976,,1
Animalia,Chordata,Actinopterygii,Cypriniformes,Cyprinidae,Cyprinus,Cyprinus carpio,Cyprinus carpio,1.39E-01,14,4,0,Korovin 1976,,1
Animalia,Chordata,Actinopterygii,Cypriniformes,Cyprinidae,Cyprinus,Cyprinus carpio,Cyprinus carpio,1.43E-01,14,6,0,Korovin 1976,,0
Animalia,Chordata,Actinopterygii,Cypriniformes,Cyprinidae,Cyprinus,Cyprinus carpio,Cyprinus carpio,1.72E-01,14,8,0,Korovin 1976,,0
Animalia,Chordata,Actinopterygii,Cypriniformes,Cyprinidae,Cyprinus,Cyprinus carpio,Cyprinus carpio,2.41E-01,14,10,0,Korovin 1976,,0
Animalia,Chordata,Actinopterygii,Cypriniformes,Cyprinidae,Cyprinus,Cyprinus carpio,Cyprinus carpio,2.50E-01,14,12,0,Korovin 1976,,0
Animalia,Chordata,Actinopterygii,Cypriniformes,Cyprinidae,Cyprinus,Cyprinus carpio,Cyprinus carpio,2.76E-01,14,14,0,Korovin 1976,,0
Animalia,Chordata,Actinopterygii,Cypriniformes,Cyprinidae,Cyprinus,Cyprinus carpio,Cyprinus carpio,2.95E-01,14,16,0,Korovin 1976,,0
Animalia,Chordata,Actinopterygii,Cypriniformes,Cyprinidae,Cyprinus,Cyprinus carpio,Cyprinus carpio,3.22E-01,14,18,0,Korovin 1976,,0
Animalia,Chordata,Actinopterygii,Cypriniformes,Cyprinidae,Cyprinus,Cyprinus carpio,Cyprinus carpio,3.53E-01,14,20,0,Korovin 1976,,0
Animalia,Chordata,Actinopterygii,Cypriniformes,Cyprinidae,Cyprinus,Cyprinus carpio,Cyprinus carpio,3.63E-01,14,22,0,Korovin 1976,,0
Animalia,Chordata,Actinopterygii,Cypriniformes,Cyprinidae,Cyprinus,Cyprinus carpio,Cyprinus carpio,3.80E-01,14,24,0,Korovin 1976,,0
Animalia,Chordata,Actinopterygii,Cypriniformes,Cyprinidae,Cyprinus,Cyprinus carpio,Cyprinus carpio,4.14E-01,14,26,0,Korovin 1976,,0
Animalia,Chordata,Actinopterygii,Cypriniformes,Cyprinidae,Cyprinus,Cyprinus carpio,Cyprinus carpio,5.35E-01,14,28,0,Korovin 1976,,0
Animalia,Chordata,Actinopterygii,Cypriniformes,Cyprinidae,Cyprinus,Cyprinus carpio,Cyprinus carpio,3.57E-01,14,30,0,Korovin 1976,,0
Animalia,Chordata,Actinopterygii,Cypriniformes,Cyprinidae,Cyprinus,Cyprinus carpio,Cyprinus carpio,5.10E-02,14,32,0,Korovin 1976,,0
Animalia,Chordata,Actinopterygii,Cypriniformes,Cyprinidae,Carassius,Carassius auratus,Carassius auratus,2.51E+00,97.9,20,0,Kutty 1968,,0
Animalia,Chordata,Actinopterygii,Cypriniformes,Cyprinidae,Carassius,Carassius auratus,Carassius auratus,3.69E+00,97.9,20,0,Kutty 1968,,0
Animalia,Chordata,Actinopterygii,Cypriniformes,Cyprinidae,Carassius,Carassius auratus,Carassius auratus,3.37E+00,97.9,20,0,Kutty 1968,,0
Animalia,Chordata,Actinopterygii,Cypriniformes,Cyprinidae,Carassius,Carassius auratus,Carassius auratus,6.40E+00,97.9,20,0,Kutty 1968,,0
Animalia,Chordata,Actinopterygii,Cypriniformes,Cyprinidae,Carassius,Carassius auratus,Carassius auratus,8.97E+00,97.9,20,0,Kutty 1968,,0
Animalia,Chordata,Actinopterygii,Cypriniformes,Cyprinidae,Carassius,Carassius auratus,Carassius auratus,8.18E+00,97.9,20,0,Kutty 1968,,0
Animalia,Chordata,Actinopterygii,Cypriniformes,Cyprinidae,Carassius,Carassius auratus,Carassius auratus,7.78E+00,97.9,20,0,Kutty 1968,,0
Animalia,Chordata,Actinopterygii,Cypriniformes,Cyprinidae,Carassius,Carassius auratus,Carassius auratus,5.65E+00,97.9,20,0,Kutty 1968,,0
Animalia,Chordata,Actinopterygii,Cypriniformes,Cyprinidae,Carassius,Carassius auratus,Carassius auratus,5.26E+00,97.9,20,0,Kutty 1968,,0
Animalia,Chordata,Actinopterygii,Cypriniformes,Cyprinidae,Carassius,Carassius auratus,Carassius auratus,5.16E+00,97.9,20,0,Kutty 1968,,0
Animalia,Chordata,Actinopterygii,Salmoniformes,Salmonidae,Oncorhynchus,Salmo gairdneri,Oncorhynchus mykiss,3.96E+00,80.3,15,0,Kutty 1968,,0
Animalia,Chordata,Actinopterygii,Salmoniformes,Salmonidae,Oncorhynchus,Salmo gairdneri,Oncorhynchus mykiss,6.34E+00,80.3,15,0,Kutty 1968,,0
Animalia,Chordata,Actinopterygii,Salmoniformes,Salmonidae,Oncorhynchus,Salmo gairdneri,Oncorhynchus mykiss,1.01E+01,80.3,15,0,Kutty 1968,,0
Animalia,Chordata,Actinopterygii,Salmoniformes,Salmonidae,Oncorhynchus,Salmo gairdneri,Oncorhynchus mykiss,6.87E+00,80.3,15,0,Kutty 1968,,0
Animalia,Chordata,Actinopterygii,Salmoniformes,Salmonidae,Oncorhynchus,Salmo gairdneri,Oncorhynchus mykiss,8.09E+00,80.3,15,0,Kutty 1968,,0
Animalia,Chordata,Actinopterygii,Salmoniformes,Salmonidae,Oncorhynchus,Salmo gairdneri,Oncorhynchus mykiss,5.77E+00,80.3,15,0,Kutty 1968,,0
Animalia,Chordata,Actinopterygii,Salmoniformes,Salmonidae,Oncorhynchus,Salmo gairdneri,Oncorhynchus mykiss,9.68E+00,80.3,15,0,Kutty 1968,,0
Animalia,Chordata,Actinopterygii,Salmoniformes,Salmonidae,Oncorhynchus,Salmo gairdneri,Oncorhynchus mykiss,5.08E+00,80.3,15,0,Kutty 1968,,0
Animalia,Chordata,Actinopterygii,Salmoniformes,Salmonidae,Oncorhynchus,Salmo gairdneri,Oncorhynchus mykiss,5.57E+00,80.3,15,0,Kutty 1968,,0
Animalia,Chordata,Actinopterygii,Mugiliformes,Mugilidae,Planiliza,Liza macrolepis,Planiliza macrolepis,7.43E-01,5.6,4,0,Kutty 1969,,1
Animalia,Chordata,Actinopterygii,Cyprinodontiformes,Fundulidae,Fundulus,Fundulus heteroclitus,Fundulus heteroclitus,5.79E-01,5.2,20.5,0,"Levitan, Taylor 1979",,0
Animalia,Chordata,Actinopterygii,Cyprinodontiformes,Fundulidae,Fundulus,Fundulus heteroclitus,Fundulus heteroclitus,7.37E-01,5.2,20.5,0,"Levitan, Taylor 1979",,0
Animalia,Chordata,Actinopterygii,Cyprinodontiformes,Fundulidae,Fundulus,Fundulus heteroclitus,Fundulus heteroclitus,7.11E-01,5.2,20.5,0,"Levitan, Taylor 1979",,0
Animalia,Chordata,Actinopterygii,Cyprinodontiformes,Fundulidae,Fundulus,Fundulus heteroclitus,Fundulus heteroclitus,7.37E-01,5.2,20.5,0,"Levitan, Taylor 1979",,0
Animalia,Chordata,Actinopterygii,Cyprinodontiformes,Fundulidae,Fundulus,Fundulus heteroclitus,Fundulus heteroclitus,7.37E-01,5.2,20.5,0,"Levitan, Taylor 1979",,0
Animalia,Chordata,Actinopterygii,Cypriniformes,Cyprinidae,Ctenopharyngodon,Ctenopharyngodon idella,Ctenopharyngodon idella,1.30E+00,16.05,22,0,"Maceina, Nordlie, Shireman 1980",,0
Animalia,Chordata,Actinopterygii,Cypriniformes,Cyprinidae,Ctenopharyngodon,Ctenopharyngodon idella,Ctenopharyngodon idella,1.22E+00,16.05,22,0,"Maceina, Nordlie, Shireman 1980",,0
Animalia,Chordata,Actinopterygii,Cypriniformes,Cyprinidae,Ctenopharyngodon,Ctenopharyngodon idella,Ctenopharyngodon idella,9.75E-01,16.05,22,0,"Maceina, Nordlie, Shireman 1980",,0
Animalia,Chordata,Actinopterygii,Cypriniformes,Cyprinidae,Ctenopharyngodon,Ctenopharyngodon idella,Ctenopharyngodon idella,8.94E-01,16.05,22,0,"Maceina, Nordlie, Shireman 1980",,0
Animalia,Chordata,Actinopterygii,Mugiliformes,Mugilidae,Mugil,Mugil cephalus,Mugil cephalus,2.50E+00,17.2,33,0,Marais 1978,,0
Animalia,Chordata,Actinopterygii,Mugiliformes,Mugilidae,Mugil,Mugil cephalus,Mugil cephalus,3.67E+00,29.6,33,0,Marais 1978,,0
Animalia,Chordata,Actinopterygii,Mugiliformes,Mugilidae,Mugil,Mugil cephalus,Mugil cephalus,4.84E+00,43.4,33,0,Marais 1978,,0
Animalia,Chordata,Actinopterygii,Mugiliformes,Mugilidae,Mugil,Mugil cephalus,Mugil cephalus,6.06E+00,63.7,33,0,Marais 1978,,0
Animalia,Chordata,Actinopterygii,Mugiliformes,Mugilidae,Mugil,Mugil cephalus,Mugil cephalus,1.41E+00,11.2,28,0,Marais 1978,,0
Animalia,Chordata,Actinopterygii,Mugiliformes,Mugilidae,Mugil,Mugil cephalus,Mugil cephalus,1.83E+00,14.7,28,0,Marais 1978,,0
Animalia,Chordata,Actinopterygii,Mugiliformes,Mugilidae,Mugil,Mugil cephalus,Mugil cephalus,4.68E+00,46.4,28,0,Marais 1978,,0
Animalia,Chordata,Actinopterygii,Mugiliformes,Mugilidae,Mugil,Mugil cephalus,Mugil cephalus,2.77E+00,39.6,23,0,Marais 1978,,0
Animalia,Chordata,Actinopterygii,Mugiliformes,Mugilidae,Mugil,Mugil cephalus,Mugil cephalus,3.31E+00,54.4,23,0,Marais 1978,,0
Animalia,Chordata,Actinopterygii,Mugiliformes,Mugilidae,Mugil,Mugil cephalus,Mugil cephalus,3.94E+00,54.4,23,0,Marais 1978,,0
Animalia,Chordata,Actinopterygii,Mugiliformes,Mugilidae,Mugil,Mugil cephalus,Mugil cephalus,7.55E+00,92,23,0,Marais 1978,,0
Animalia,Chordata,Actinopterygii,Mugiliformes,Mugilidae,Mugil,Mugil cephalus,Mugil cephalus,1.34E+00,16.8,18,0,Marais 1978,,0
Animalia,Chordata,Actinopterygii,Mugiliformes,Mugilidae,Mugil,Mugil cephalus,Mugil cephalus,1.43E+00,19.2,18,0,Marais 1978,,0
Animalia,Chordata,Actinopterygii,Mugiliformes,Mugilidae,Mugil,Mugil cephalus,Mugil cephalus,1.21E+00,20.6,18,0,Marais 1978,,0
Animalia,Chordata,Actinopterygii,Mugiliformes,Mugilidae,Mugil,Mugil cephalus,Mugil cephalus,5.73E-01,7.97,13,0,Marais 1978,,0
Animalia,Chordata,Actinopterygii,Mugiliformes,Mugilidae,Mugil,Mugil cephalus,Mugil cephalus,1.17E+00,23.1,13,0,Marais 1978,,0
Animalia,Chordata,Actinopterygii,Mugiliformes,Mugilidae,Mugil,Mugil cephalus,Mugil cephalus,9.95E-01,25.2,13,0,Marais 1978,,0
Animalia,Chordata,Actinopterygii,Mugiliformes,Mugilidae,Mugil,Mugil cephalus,Mugil cephalus,1.54E+00,9.62,33,0,Marais 1978,,0
Animalia,Chordata,Actinopterygii,Mugiliformes,Mugilidae,Mugil,Mugil cephalus,Mugil cephalus,2.75E+00,31,33,0,Marais 1978,,0
Animalia,Chordata,Actinopterygii,Mugiliformes,Mugilidae,Mugil,Mugil cephalus,Mugil cephalus,3.42E+00,56.8,33,0,Marais 1978,,0
Animalia,Chordata,Actinopterygii,Mugiliformes,Mugilidae,Mugil,Mugil cephalus,Mugil cephalus,1.72E+00,21.3,28,0,Marais 1978,,0
Animalia,Chordata,Actinopterygii,Mugiliformes,Mugilidae,Mugil,Mugil cephalus,Mugil cephalus,2.35E+00,34.1,28,0,Marais 1978,,0
Animalia,Chordata,Actinopterygii,Mugiliformes,Mugilidae,Mugil,Mugil cephalus,Mugil cephalus,4.04E+00,86,28,0,Marais 1978,,0
Animalia,Chordata,Actinopterygii,Mugiliformes,Mugilidae,Mugil,Mugil cephalus,Mugil cephalus,1.23E+00,12.1,23,0,Marais 1978,,0
Animalia,Chordata,Actinopterygii,Mugiliformes,Mugilidae,Mugil,Mugil cephalus,Mugil cephalus,2.95E+00,79.7,23,0,Marais 1978,,0
Animalia,Chordata,Actinopterygii,Mugiliformes,Mugilidae,Mugil,Mugil cephalus,Mugil cephalus,3.57E+00,89.3,23,0,Marais 1978,,0
Animalia,Chordata,Actinopterygii,Mugiliformes,Mugilidae,Mugil,Mugil cephalus,Mugil cephalus,7.85E-01,9.81,18,0,Marais 1978,,0
Animalia,Chordata,Actinopterygii,Mugiliformes,Mugilidae,Mugil,Mugil cephalus,Mugil cephalus,1.60E+00,32.2,18,0,Marais 1978,,0
Animalia,Chordata,Actinopterygii,Mugiliformes,Mugilidae,Mugil,Mugil cephalus,Mugil cephalus,5.24E-01,7.67,13,0,Marais 1978,,0
Animalia,Chordata,Actinopterygii,Mugiliformes,Mugilidae,Mugil,Mugil cephalus,Mugil cephalus,6.23E-01,10.6,13,0,Marais 1978,,0
Animalia,Chordata,Actinopterygii,Mugiliformes,Mugilidae,Mugil,Mugil cephalus,Mugil cephalus,1.03E+00,33.5,13,0,Marais 1978,,0
Animalia,Chordata,Actinopterygii,Mugiliformes,Mugilidae,Chelon,Liza dumerili,Chelon dumerili,1.72E+00,5.98,33,0,Marais 1978,,0
Animalia,Chordata,Actinopterygii,Mugiliformes,Mugilidae,Chelon,Liza dumerili,Chelon dumerili,2.53E+00,9.44,33,0,Marais 1978,,0
Animalia,Chordata,Actinopterygii,Mugiliformes,Mugilidae,Chelon,Liza dumerili,Chelon dumerili,2.62E+00,11.9,33,0,Marais 1978,,0
Animalia,Chordata,Actinopterygii,Mugiliformes,Mugilidae,Chelon,Liza dumerili,Chelon dumerili,3.25E+00,13.3,33,0,Marais 1978,,0
Animalia,Chordata,Actinopterygii,Mugiliformes,Mugilidae,Chelon,Liza dumerili,Chelon dumerili,1.43E+00,7.23,28,0,Marais 1978,,0
Animalia,Chordata,Actinopterygii,Mugiliformes,Mugilidae,Chelon,Liza dumerili,Chelon dumerili,1.53E+00,10,28,0,Marais 1978,,0
Animalia,Chordata,Actinopterygii,Mugiliformes,Mugilidae,Chelon,Liza dumerili,Chelon dumerili,1.48E+00,10.8,28,0,Marais 1978,,0
Animalia,Chordata,Actinopterygii,Mugiliformes,Mugilidae,Chelon,Liza dumerili,Chelon dumerili,1.86E+00,11.6,28,0,Marais 1978,,0
Animalia,Chordata,Actinopterygii,Mugiliformes,Mugilidae,Chelon,Liza dumerili,Chelon dumerili,3.79E+00,34.5,28,0,Marais 1978,,0
Animalia,Chordata,Actinopterygii,Mugiliformes,Mugilidae,Chelon,Liza dumerili,Chelon dumerili,1.17E+00,7.23,23,0,Marais 1978,,0
Animalia,Chordata,Actinopterygii,Mugiliformes,Mugilidae,Chelon,Liza dumerili,Chelon dumerili,2.03E+00,12.1,23,0,Marais 1978,,0
Animalia,Chordata,Actinopterygii,Mugiliformes,Mugilidae,Chelon,Liza dumerili,Chelon dumerili,1.81E+00,12.8,23,0,Marais 1978,,0
Animalia,Chordata,Actinopterygii,Mugiliformes,Mugilidae,Chelon,Liza dumerili,Chelon dumerili,2.25E+00,16.4,23,0,Marais 1978,,0
Animalia,Chordata,Actinopterygii,Mugiliformes,Mugilidae,Chelon,Liza dumerili,Chelon dumerili,8.49E-01,7.95,18,0,Marais 1978,,0
Animalia,Chordata,Actinopterygii,Mugiliformes,Mugilidae,Chelon,Liza dumerili,Chelon dumerili,1.17E+00,12.6,18,0,Marais 1978,,0
Animalia,Chordata,Actinopterygii,Mugiliformes,Mugilidae,Chelon,Liza dumerili,Chelon dumerili,1.48E+00,17.4,18,0,Marais 1978,,0
Animalia,Chordata,Actinopterygii,Mugiliformes,Mugilidae,Chelon,Liza dumerili,Chelon dumerili,5.34E-01,8.58,13,0,Marais 1978,,0
Animalia,Chordata,Actinopterygii,Mugiliformes,Mugilidae,Chelon,Liza dumerili,Chelon dumerili,7.11E-01,10.8,13,0,Marais 1978,,0
Animalia,Chordata,Actinopterygii,Mugiliformes,Mugilidae,Chelon,Liza dumerili,Chelon dumerili,7.83E-01,13.8,13,0,Marais 1978,,0
Animalia,Chordata,Actinopterygii,Mugiliformes,Mugilidae,Chelon,Liza dumerili,Chelon dumerili,1.41E+00,9.44,33,0,Marais 1978,,0
Animalia,Chordata,Actinopterygii,Mugiliformes,Mugilidae,Chelon,Liza dumerili,Chelon dumerili,1.63E+00,12.3,33,0,Marais 1978,,0
Animalia,Chordata,Actinopterygii,Mugiliformes,Mugilidae,Chelon,Liza dumerili,Chelon dumerili,2.81E+00,38.6,33,0,Marais 1978,,0
Animalia,Chordata,Actinopterygii,Mugiliformes,Mugilidae,Chelon,Liza dumerili,Chelon dumerili,4.12E+00,68.3,33,0,Marais 1978,,0
Animalia,Chordata,Actinopterygii,Mugiliformes,Mugilidae,Chelon,Liza dumerili,Chelon dumerili,6.23E-01,4.41,28,0,Marais 1978,,0
Animalia,Chordata,Actinopterygii,Mugiliformes,Mugilidae,Chelon,Liza dumerili,Chelon dumerili,1.25E+00,11.4,28,0,Marais 1978,,0
Animalia,Chordata,Actinopterygii,Mugiliformes,Mugilidae,Chelon,Liza dumerili,Chelon dumerili,1.52E+00,13.8,28,0,Marais 1978,,0
Animalia,Chordata,Actinopterygii,Mugiliformes,Mugilidae,Chelon,Liza dumerili,Chelon dumerili,2.48E+00,49.5,28,0,Marais 1978,,0
Animalia,Chordata,Actinopterygii,Mugiliformes,Mugilidae,Chelon,Liza dumerili,Chelon dumerili,3.43E+00,53.4,28,0,Marais 1978,,0
Animalia,Chordata,Actinopterygii,Mugiliformes,Mugilidae,Chelon,Liza dumerili,Chelon dumerili,9.27E-01,7.66,23,0,Marais 1978,,0
Animalia,Chordata,Actinopterygii,Mugiliformes,Mugilidae,Chelon,Liza dumerili,Chelon dumerili,1.02E+00,10.4,23,0,Marais 1978,,0
Animalia,Chordata,Actinopterygii,Mugiliformes,Mugilidae,Chelon,Liza dumerili,Chelon dumerili,1.14E+00,11.4,23,0,Marais 1978,,0
Animalia,Chordata,Actinopterygii,Mugiliformes,Mugilidae,Chelon,Liza dumerili,Chelon dumerili,1.52E+00,18.7,23,0,Marais 1978,,0
Animalia,Chordata,Actinopterygii,Mugiliformes,Mugilidae,Chelon,Liza dumerili,Chelon dumerili,1.85E+00,31.3,23,0,Marais 1978,,0
Animalia,Chordata,Actinopterygii,Mugiliformes,Mugilidae,Chelon,Liza dumerili,Chelon dumerili,2.01E+00,35.1,23,0,Marais 1978,,0
Animalia,Chordata,Actinopterygii,Mugiliformes,Mugilidae,Chelon,Liza dumerili,Chelon dumerili,2.44E+00,46.7,23,0,Marais 1978,,0
Animalia,Chordata,Actinopterygii,Mugiliformes,Mugilidae,Chelon,Liza dumerili,Chelon dumerili,2.39E+00,54.4,23,0,Marais 1978,,0
Animalia,Chordata,Actinopterygii,Mugiliformes,Mugilidae,Chelon,Liza dumerili,Chelon dumerili,2.56E+00,61,23,0,Marais 1978,,0
Animalia,Chordata,Actinopterygii,Mugiliformes,Mugilidae,Chelon,Liza dumerili,Chelon dumerili,3.22E+00,79.6,23,0,Marais 1978,,0
Animalia,Chordata,Actinopterygii,Mugiliformes,Mugilidae,Chelon,Liza dumerili,Chelon dumerili,1.17E+00,21,18,0,Marais 1978,,0
Animalia,Chordata,Actinopterygii,Mugiliformes,Mugilidae,Chelon,Liza dumerili,Chelon dumerili,1.49E+00,42.5,18,0,Marais 1978,,0
Animalia,Chordata,Actinopterygii,Mugiliformes,Mugilidae,Chelon,Liza dumerili,Chelon dumerili,2.03E+00,56.5,18,0,Marais 1978,,0
Animalia,Chordata,Actinopterygii,Mugiliformes,Mugilidae,Chelon,Liza dumerili,Chelon dumerili,5.16E-01,7.66,13,0,Marais 1978,,0
Animalia,Chordata,Actinopterygii,Mugiliformes,Mugilidae,Chelon,Liza dumerili,Chelon dumerili,5.96E-01,10.6,13,0,Marais 1978,,0
Animalia,Chordata,Actinopterygii,Mugiliformes,Mugilidae,Chelon,Liza dumerili,Chelon dumerili,7.58E-01,14.4,13,0,Marais 1978,,0
Animalia,Chordata,Actinopterygii,Mugiliformes,Mugilidae,Chelon,Liza dumerili,Chelon dumerili,9.60E-01,25.9,13,0,Marais 1978,,0
Animalia,Chordata,Actinopterygii,Mugiliformes,Mugilidae,Chelon,Liza richardsoni,Chelon richardsonii,8.24E+00,26.5,33,0,Marais 1978,,0
Animalia,Chordata,Actinopterygii,Mugiliformes,Mugilidae,Chelon,Liza richardsoni,Chelon richardsonii,8.87E+00,29.1,33,0,Marais 1978,,0
Animalia,Chordata,Actinopterygii,Mugiliformes,Mugilidae,Chelon,Liza richardsoni,Chelon richardsonii,9.43E+00,33.8,33,0,Marais 1978,,0
Animalia,Chordata,Actinopterygii,Mugiliformes,Mugilidae,Chelon,Liza richardsoni,Chelon richardsonii,4.32E+00,20,28,0,Marais 1978,,0
Animalia,Chordata,Actinopterygii,Mugiliformes,Mugilidae,Chelon,Liza richardsoni,Chelon richardsonii,5.58E+00,37.1,28,0,Marais 1978,,0
Animalia,Chordata,Actinopterygii,Mugiliformes,Mugilidae,Chelon,Liza richardsoni,Chelon richardsonii,5.36E-01,2.03,23,0,Marais 1978,,0
Animalia,Chordata,Actinopterygii,Mugiliformes,Mugilidae,Chelon,Liza richardsoni,Chelon richardsonii,1.78E+00,6.74,23,0,Marais 1978,,0
Animalia,Chordata,Actinopterygii,Mugiliformes,Mugilidae,Chelon,Liza richardsoni,Chelon richardsonii,3.26E+00,16,23,0,Marais 1978,,0
Animalia,Chordata,Actinopterygii,Mugiliformes,Mugilidae,Chelon,Liza richardsoni,Chelon richardsonii,5.09E+00,30.2,23,0,Marais 1978,,0
Animalia,Chordata,Actinopterygii,Mugiliformes,Mugilidae,Chelon,Liza richardsoni,Chelon richardsonii,4.65E+00,31.9,23,0,Marais 1978,,0
Animalia,Chordata,Actinopterygii,Mugiliformes,Mugilidae,Chelon,Liza richardsoni,Chelon richardsonii,5.49E+00,35.1,23,0,Marais 1978,,0
Animalia,Chordata,Actinopterygii,Mugiliformes,Mugilidae,Chelon,Liza richardsoni,Chelon richardsonii,6.77E+00,51,23,0,Marais 1978,,0
Animalia,Chordata,Actinopterygii,Mugiliformes,Mugilidae,Chelon,Liza richardsoni,Chelon richardsonii,7.07E+00,53.9,23,0,Marais 1978,,0
Animalia,Chordata,Actinopterygii,Mugiliformes,Mugilidae,Chelon,Liza richardsoni,Chelon richardsonii,7.62E+00,54.9,23,0,Marais 1978,,0
Animalia,Chordata,Actinopterygii,Mugiliformes,Mugilidae,Chelon,Liza richardsoni,Chelon richardsonii,1.24E+00,5.39,18,0,Marais 1978,,0
Animalia,Chordata,Actinopterygii,Mugiliformes,Mugilidae,Chelon,Liza richardsoni,Chelon richardsonii,1.81E+00,12.3,18,0,Marais 1978,,0
Animalia,Chordata,Actinopterygii,Mugiliformes,Mugilidae,Chelon,Liza richardsoni,Chelon richardsonii,3.55E+00,31.3,18,0,Marais 1978,,0
Animalia,Chordata,Actinopterygii,Mugiliformes,Mugilidae,Chelon,Liza richardsoni,Chelon richardsonii,5.09E+00,43.9,18,0,Marais 1978,,0
Animalia,Chordata,Actinopterygii,Mugiliformes,Mugilidae,Chelon,Liza richardsoni,Chelon richardsonii,9.49E-01,3.13,13,0,Marais 1978,,0
Animalia,Chordata,Actinopterygii,Mugiliformes,Mugilidae,Chelon,Liza richardsoni,Chelon richardsonii,2.56E+00,39.2,13,0,Marais 1978,,0
Animalia,Chordata,Actinopterygii,Mugiliformes,Mugilidae,Chelon,Liza richardsoni,Chelon richardsonii,2.13E+00,27.5,13,0,Marais 1978,,0
Animalia,Chordata,Actinopterygii,Mugiliformes,Mugilidae,Chelon,Liza richardsoni,Chelon richardsonii,3.25E+00,29.6,13,0,Marais 1978,,0
Animalia,Chordata,Actinopterygii,Mugiliformes,Mugilidae,Mugil,Mugil macrolepis,Mugil macrolepis,3.47E+00,16.5,28,0,Mathew 1978,,0
Animalia,Chordata,Actinopterygii,Mugiliformes,Mugilidae,Mugil,Mugil macrolepis,Mugil macrolepis,5.26E+00,19.5,28,0,Mathew 1978,,0
Animalia,Chordata,Actinopterygii,Mugiliformes,Mugilidae,Mugil,Mugil macrolepis,Mugil macrolepis,5.27E+00,21.2,28,0,Mathew 1978,,0
Animalia,Chordata,Actinopterygii,Mugiliformes,Mugilidae,Mugil,Mugil macrolepis,Mugil macrolepis,5.28E+00,24.1,28,0,Mathew 1978,,0
Animalia,Chordata,Actinopterygii,Mugiliformes,Mugilidae,Mugil,Mugil macrolepis,Mugil macrolepis,5.73E+00,25.1,28,0,Mathew 1978,,0
Animalia,Chordata,Actinopterygii,Mugiliformes,Mugilidae,Mugil,Mugil macrolepis,Mugil macrolepis,5.75E+00,29.7,28,0,Mathew 1978,,0
Animalia,Chordata,Actinopterygii,Mugiliformes,Mugilidae,Mugil,Mugil macrolepis,Mugil macrolepis,4.47E+00,33.7,28,0,Mathew 1978,,0
Animalia,Chordata,Actinopterygii,Mugiliformes,Mugilidae,Mugil,Mugil macrolepis,Mugil macrolepis,6.24E+00,35.1,28,0,Mathew 1978,,0
Animalia,Chordata,Actinopterygii,Mugiliformes,Mugilidae,Mugil,Mugil macrolepis,Mugil macrolepis,9.47E+00,36.6,28,0,Mathew 1978,,0
Animalia,Chordata,Actinopterygii,Mugiliformes,Mugilidae,Mugil,Mugil macrolepis,Mugil macrolepis,9.47E+00,39.8,28,0,Mathew 1978,,0
Animalia,Chordata,Actinopterygii,Mugiliformes,Mugilidae,Mugil,Mugil macrolepis,Mugil macrolepis,9.89E+00,45.1,28,0,Mathew 1978,,0
Animalia,Chordata,Actinopterygii,Mugiliformes,Mugilidae,Mugil,Mugil macrolepis,Mugil macrolepis,1.03E+01,49.1,28,0,Mathew 1978,,0
Animalia,Chordata,Actinopterygii,Mugiliformes,Mugilidae,Mugil,Mugil macrolepis,Mugil macrolepis,9.49E+00,53.4,28,0,Mathew 1978,,0
Animalia,Chordata,Actinopterygii,Mugiliformes,Mugilidae,Mugil,Mugil macrolepis,Mugil macrolepis,1.08E+01,60.5,28,0,Mathew 1978,,0
Animalia,Chordata,Actinopterygii,Mugiliformes,Mugilidae,Mugil,Mugil macrolepis,Mugil macrolepis,1.22E+01,68.6,28,0,Mathew 1978,,0
Animalia,Chordata,Actinopterygii,Mugiliformes,Mugilidae,Mugil,Mugil macrolepis,Mugil macrolepis,1.12E+01,77.8,28,0,Mathew 1978,,0
Animalia,Chordata,Actinopterygii,Mugiliformes,Mugilidae,Mugil,Mugil macrolepis,Mugil macrolepis,1.44E+01,84.6,28,0,Mathew 1978,,0
Animalia,Chordata,Actinopterygii,Mugiliformes,Mugilidae,Mugil,Mugil macrolepis,Mugil macrolepis,1.44E+01,92,28,0,Mathew 1978,,0
Animalia,Chordata,Actinopterygii,Mugiliformes,Mugilidae,Mugil,Mugil macrolepis,Mugil macrolepis,5.06E+00,16.5,28,0,Mathew 1978,,0
Animalia,Chordata,Actinopterygii,Mugiliformes,Mugilidae,Mugil,Mugil macrolepis,Mugil macrolepis,4.10E+00,15.8,28,0,Mathew 1978,,0
Animalia,Chordata,Actinopterygii,Mugiliformes,Mugilidae,Mugil,Mugil macrolepis,Mugil macrolepis,5.05E+00,15.8,28,0,Mathew 1978,,0
Animalia,Chordata,Actinopterygii,Mugiliformes,Mugilidae,Mugil,Mugil macrolepis,Mugil macrolepis,3.43E+00,20.1,28,0,Mathew 1978,,0
Animalia,Chordata,Actinopterygii,Mugiliformes,Mugilidae,Mugil,Mugil macrolepis,Mugil macrolepis,5.06E+00,25.1,28,0,Mathew 1978,,0
Animalia,Chordata,Actinopterygii,Mugiliformes,Mugilidae,Mugil,Mugil macrolepis,Mugil macrolepis,5.07E+00,31,28,0,Mathew 1978,,0
Animalia,Chordata,Actinopterygii,Mugiliformes,Mugilidae,Mugil,Mugil macrolepis,Mugil macrolepis,4.47E+00,33.7,28,0,Mathew 1978,,0
Animalia,Chordata,Actinopterygii,Mugiliformes,Mugilidae,Mugil,Mugil macrolepis,Mugil macrolepis,9.47E+00,36.6,28,0,Mathew 1978,,0
Animalia,Chordata,Actinopterygii,Mugiliformes,Mugilidae,Mugil,Mugil macrolepis,Mugil macrolepis,9.09E+00,39.8,28,0,Mathew 1978,,0
Animalia,Chordata,Actinopterygii,Mugiliformes,Mugilidae,Mugil,Mugil macrolepis,Mugil macrolepis,9.89E+00,45.1,28,0,Mathew 1978,,0
Animalia,Chordata,Actinopterygii,Mugiliformes,Mugilidae,Mugil,Mugil macrolepis,Mugil macrolepis,9.50E+00,49.1,28,0,Mathew 1978,,0
Animalia,Chordata,Actinopterygii,Mugiliformes,Mugilidae,Mugil,Mugil macrolepis,Mugil macrolepis,9.49E+00,53.4,28,0,Mathew 1978,,0
Animalia,Chordata,Actinopterygii,Mugiliformes,Mugilidae,Mugil,Mugil macrolepis,Mugil macrolepis,9.09E+00,55.6,28,0,Mathew 1978,,0
Animalia,Chordata,Actinopterygii,Mugiliformes,Mugilidae,Mugil,Mugil macrolepis,Mugil macrolepis,1.12E+01,60.5,28,0,Mathew 1978,,0
Animalia,Chordata,Actinopterygii,Mugiliformes,Mugilidae,Mugil,Mugil macrolepis,Mugil macrolepis,1.08E+01,60.8,28,0,Mathew 1978,,0
Animalia,Chordata,Actinopterygii,Mugiliformes,Mugilidae,Mugil,Mugil macrolepis,Mugil macrolepis,9.89E+00,77.8,28,0,Mathew 1978,,0
Animalia,Chordata,Actinopterygii,Mugiliformes,Mugilidae,Mugil,Mugil macrolepis,Mugil macrolepis,1.44E+01,84.6,28,0,Mathew 1978,,0
Animalia,Chordata,Actinopterygii,Mugiliformes,Mugilidae,Mugil,Mugil macrolepis,Mugil macrolepis,1.44E+01,88.2,28,0,Mathew 1978,,0
Animalia,Chordata,Actinopterygii,Mugiliformes,Mugilidae,Mugil,Mugil macrolepis,Mugil macrolepis,2.93E+00,16.5,28,0,Mathew 1978,,0
Animalia,Chordata,Actinopterygii,Mugiliformes,Mugilidae,Mugil,Mugil macrolepis,Mugil macrolepis,3.61E+00,15.8,28,0,Mathew 1978,,0
Animalia,Chordata,Actinopterygii,Mugiliformes,Mugilidae,Mugil,Mugil macrolepis,Mugil macrolepis,3.93E+00,16.5,28,0,Mathew 1978,,0
Animalia,Chordata,Actinopterygii,Mugiliformes,Mugilidae,Mugil,Mugil macrolepis,Mugil macrolepis,3.06E+00,23.1,28,0,Mathew 1978,,0
Animalia,Chordata,Actinopterygii,Mugiliformes,Mugilidae,Mugil,Mugil macrolepis,Mugil macrolepis,3.78E+00,25.1,28,0,Mathew 1978,,0
Animalia,Chordata,Actinopterygii,Mugiliformes,Mugilidae,Mugil,Mugil macrolepis,Mugil macrolepis,4.29E+00,29.7,28,0,Mathew 1978,,0
Animalia,Chordata,Actinopterygii,Mugiliformes,Mugilidae,Mugil,Mugil macrolepis,Mugil macrolepis,3.33E+00,33.7,28,0,Mathew 1978,,0
Animalia,Chordata,Actinopterygii,Mugiliformes,Mugilidae,Mugil,Mugil macrolepis,Mugil macrolepis,7.70E+00,35.1,28,0,Mathew 1978,,0
Animalia,Chordata,Actinopterygii,Mugiliformes,Mugilidae,Mugil,Mugil macrolepis,Mugil macrolepis,7.38E+00,39.8,28,0,Mathew 1978,,0
Animalia,Chordata,Actinopterygii,Mugiliformes,Mugilidae,Mugil,Mugil macrolepis,Mugil macrolepis,8.02E+00,45.1,28,0,Mathew 1978,,0
Animalia,Chordata,Actinopterygii,Mugiliformes,Mugilidae,Mugil,Mugil macrolepis,Mugil macrolepis,7.38E+00,49.1,28,0,Mathew 1978,,0
Animalia,Chordata,Actinopterygii,Mugiliformes,Mugilidae,Mugil,Mugil macrolepis,Mugil macrolepis,8.37E+00,51.2,28,0,Mathew 1978,,0
Animalia,Chordata,Actinopterygii,Mugiliformes,Mugilidae,Mugil,Mugil macrolepis,Mugil macrolepis,7.69E+00,55.6,28,0,Mathew 1978,,0
Animalia,Chordata,Actinopterygii,Mugiliformes,Mugilidae,Mugil,Mugil macrolepis,Mugil macrolepis,9.49E+00,58,28,0,Mathew 1978,,0
Animalia,Chordata,Actinopterygii,Mugiliformes,Mugilidae,Mugil,Mugil macrolepis,Mugil macrolepis,9.90E+00,65.8,28,0,Mathew 1978,,0
Animalia,Chordata,Actinopterygii,Mugiliformes,Mugilidae,Mugil,Mugil macrolepis,Mugil macrolepis,7.71E+00,74.6,28,0,Mathew 1978,,0
Animalia,Chordata,Actinopterygii,Mugiliformes,Mugilidae,Mugil,Mugil macrolepis,Mugil macrolepis,1.27E+01,81.1,28,0,Mathew 1978,,0
Animalia,Chordata,Actinopterygii,Mugiliformes,Mugilidae,Mugil,Mugil macrolepis,Mugil macrolepis,1.17E+01,84.6,28,0,Mathew 1978,,0
Animalia,Chordata,Actinopterygii,Beryciformes,Anoplogastridae,Anoplogaster,Anoplogaster cornuta,Anoplogaster cornuta,3.51E-01,36.7,5,0,"Meek, Childress 1973",,0
Animalia,Chordata,Actinopterygii,Beryciformes,Anoplogastridae,Anoplogaster,Anoplogaster cornuta,Anoplogaster cornuta,3.94E-01,36.7,5,0,"Meek, Childress 1973",,0
Animalia,Chordata,Actinopterygii,Beryciformes,Anoplogastridae,Anoplogaster,Anoplogaster cornuta,Anoplogaster cornuta,3.50E-01,36.7,5,0,"Meek, Childress 1973",,0
Animalia,Chordata,Actinopterygii,Beryciformes,Anoplogastridae,Anoplogaster,Anoplogaster cornuta,Anoplogaster cornuta,3.50E-01,36.7,5,0,"Meek, Childress 1973",,0
Animalia,Chordata,Actinopterygii,Beryciformes,Anoplogastridae,Anoplogaster,Anoplogaster cornuta,Anoplogaster cornuta,3.96E-01,36.7,5,0,"Meek, Childress 1973",,0
Animalia,Chordata,Actinopterygii,Beryciformes,Anoplogastridae,Anoplogaster,Anoplogaster cornuta,Anoplogaster cornuta,3.40E-01,36.7,5,0,"Meek, Childress 1973",,0
Animalia,Chordata,Actinopterygii,Beryciformes,Anoplogastridae,Anoplogaster,Anoplogaster cornuta,Anoplogaster cornuta,2.23E-01,36.7,5,0,"Meek, Childress 1973",,1
Animalia,Chordata,Actinopterygii,Beryciformes,Anoplogastridae,Anoplogaster,Anoplogaster cornuta,Anoplogaster cornuta,7.60E-02,36.7,5,0,"Meek, Childress 1973",,0
Animalia,Chordata,Actinopterygii,Beryciformes,Anoplogastridae,Anoplogaster,Anoplogaster cornuta,Anoplogaster cornuta,4.55E-02,36.7,5,0,"Meek, Childress 1973",,0
Animalia,Chordata,Actinopterygii,Beryciformes,Anoplogastridae,Anoplogaster,Anoplogaster cornuta,Anoplogaster cornuta,3.03E-01,31.2,5,0,"Meek, Childress 1973",,0
Animalia,Chordata,Actinopterygii,Beryciformes,Anoplogastridae,Anoplogaster,Anoplogaster cornuta,Anoplogaster cornuta,3.19E-01,33.5,5,0,"Meek, Childress 1973",,0
Animalia,Chordata,Actinopterygii,Beryciformes,Anoplogastridae,Anoplogaster,Anoplogaster cornuta,Anoplogaster cornuta,3.89E-01,42.5,5,0,"Meek, Childress 1973",,0
Animalia,Chordata,Actinopterygii,Beryciformes,Anoplogastridae,Anoplogaster,Anoplogaster cornuta,Anoplogaster cornuta,4.41E-01,43.8,5,0,"Meek, Childress 1973",,0
Animalia,Chordata,Actinopterygii,Beryciformes,Anoplogastridae,Anoplogaster,Anoplogaster cornuta,Anoplogaster cornuta,4.43E-01,45.2,5,0,"Meek, Childress 1973",,0
Animalia,Chordata,Actinopterygii,Perciformes,Cichlidae,Oreochromis,Oreochromis mossambicus,Oreochromis mossambicus,1.09E-02,0.01,25.3,0,Mironova 1975,,0
Animalia,Chordata,Actinopterygii,Perciformes,Cichlidae,Oreochromis,Oreochromis mossambicus,Oreochromis mossambicus,8.99E-03,0.01,25.3,0,Mironova 1975,,0
Animalia,Chordata,Actinopterygii,Perciformes,Cichlidae,Oreochromis,Oreochromis mossambicus,Oreochromis mossambicus,6.70E-03,0.01,25.3,0,Mironova 1975,,0
Animalia,Chordata,Actinopterygii,Perciformes,Cichlidae,Oreochromis,Oreochromis mossambicus,Oreochromis mossambicus,2.22E-02,0.03,25.3,0,Mironova 1975,,0
Animalia,Chordata,Actinopterygii,Perciformes,Cichlidae,Oreochromis,Oreochromis mossambicus,Oreochromis mossambicus,1.24E-02,0.03,25.3,0,Mironova 1975,,0
Animalia,Chordata,Actinopterygii,Perciformes,Cichlidae,Oreochromis,Oreochromis mossambicus,Oreochromis mossambicus,9.21E-03,0.03,25.3,0,Mironova 1975,,0
Animalia,Chordata,Actinopterygii,Perciformes,Cichlidae,Oreochromis,Oreochromis mossambicus,Oreochromis mossambicus,2.45E-02,0.03,25.3,0,Mironova 1975,,0
Animalia,Chordata,Actinopterygii,Perciformes,Cichlidae,Oreochromis,Oreochromis mossambicus,Oreochromis mossambicus,1.65E-02,0.04,25.3,0,Mironova 1975,,0
Animalia,Chordata,Actinopterygii,Perciformes,Cichlidae,Oreochromis,Oreochromis mossambicus,Oreochromis mossambicus,1.36E-02,0.04,25.3,0,Mironova 1975,,0
Animalia,Chordata,Actinopterygii,Perciformes,Cichlidae,Oreochromis,Oreochromis mossambicus,Oreochromis mossambicus,1.87E-02,0.05,25.3,0,Mironova 1975,,0
Animalia,Chordata,Actinopterygii,Perciformes,Cichlidae,Oreochromis,Oreochromis mossambicus,Oreochromis mossambicus,3.21E-02,0.05,25.3,0,Mironova 1975,,0
Animalia,Chordata,Actinopterygii,Perciformes,Cichlidae,Oreochromis,Oreochromis mossambicus,Oreochromis mossambicus,2.87E-02,0.06,25.3,0,Mironova 1975,,0
Animalia,Chordata,Actinopterygii,Perciformes,Cichlidae,Oreochromis,Oreochromis mossambicus,Oreochromis mossambicus,4.02E-02,0.08,25.3,0,Mironova 1975,,0
Animalia,Chordata,Actinopterygii,Perciformes,Cichlidae,Oreochromis,Oreochromis mossambicus,Oreochromis mossambicus,3.74E-02,0.11,25.3,0,Mironova 1975,,0
Animalia,Chordata,Actinopterygii,Perciformes,Cichlidae,Oreochromis,Oreochromis mossambicus,Oreochromis mossambicus,5.54E-02,0.11,25.3,0,Mironova 1975,,0
Animalia,Chordata,Actinopterygii,Perciformes,Cichlidae,Oreochromis,Oreochromis mossambicus,Oreochromis mossambicus,7.95E-02,0.15,25.3,0,Mironova 1975,,0
Animalia,Chordata,Actinopterygii,Perciformes,Cichlidae,Oreochromis,Oreochromis mossambicus,Oreochromis mossambicus,1.05E-01,0.24,25.3,0,Mironova 1975,,0
Animalia,Chordata,Actinopterygii,Perciformes,Cichlidae,Oreochromis,Oreochromis mossambicus,Oreochromis mossambicus,8.04E-02,0.26,25.3,0,Mironova 1975,,0
Animalia,Chordata,Actinopterygii,Perciformes,Cichlidae,Oreochromis,Oreochromis mossambicus,Oreochromis mossambicus,1.06E-01,0.46,25.3,0,Mironova 1975,,0
Animalia,Chordata,Actinopterygii,Perciformes,Cichlidae,Oreochromis,Oreochromis mossambicus,Oreochromis mossambicus,1.66E-01,0.51,25.3,0,Mironova 1975,,0
Animalia,Chordata,Actinopterygii,Perciformes,Cichlidae,Oreochromis,Oreochromis mossambicus,Oreochromis mossambicus,2.15E-01,0.69,25.3,0,Mironova 1975,,0
Animalia,Chordata,Actinopterygii,Perciformes,Cichlidae,Oreochromis,Oreochromis mossambicus,Oreochromis mossambicus,2.61E-01,0.76,25.3,0,Mironova 1975,,0
Animalia,Chordata,Actinopterygii,Perciformes,Cichlidae,Oreochromis,Oreochromis mossambicus,Oreochromis mossambicus,3.66E-01,0.92,25.3,0,Mironova 1975,,0
Animalia,Chordata,Actinopterygii,Perciformes,Cichlidae,Oreochromis,Oreochromis mossambicus,Oreochromis mossambicus,1.93E-01,0.92,25.3,0,Mironova 1975,,0
Animalia,Chordata,Actinopterygii,Perciformes,Cichlidae,Oreochromis,Oreochromis mossambicus,Oreochromis mossambicus,3.66E-01,1.12,25.3,0,Mironova 1975,,0
Animalia,Chordata,Actinopterygii,Perciformes,Cichlidae,Oreochromis,Oreochromis mossambicus,Oreochromis mossambicus,1.51E-01,1.12,25.3,0,Mironova 1975,,0
Animalia,Chordata,Actinopterygii,Perciformes,Cichlidae,Oreochromis,Oreochromis mossambicus,Oreochromis mossambicus,2.04E-01,1.5,25.3,0,Mironova 1975,,0
Animalia,Chordata,Actinopterygii,Perciformes,Cichlidae,Oreochromis,Oreochromis mossambicus,Oreochromis mossambicus,2.87E-01,2.01,25.3,0,Mironova 1975,,0
Animalia,Chordata,Actinopterygii,Perciformes,Cichlidae,Oreochromis,Oreochromis mossambicus,Oreochromis mossambicus,6.95E-01,2.7,25.3,0,Mironova 1975,,0
Animalia,Chordata,Actinopterygii,Perciformes,Cichlidae,Oreochromis,Oreochromis mossambicus,Oreochromis mossambicus,5.99E-01,2.7,25.3,0,Mironova 1975,,0
Animalia,Chordata,Actinopterygii,Perciformes,Cichlidae,Oreochromis,Oreochromis mossambicus,Oreochromis mossambicus,2.88E-01,2.98,25.3,0,Mironova 1975,,0
Animalia,Chordata,Actinopterygii,Perciformes,Cichlidae,Oreochromis,Oreochromis mossambicus,Oreochromis mossambicus,6.94E-01,3.28,25.3,0,Mironova 1975,,0
Animalia,Chordata,Actinopterygii,Perciformes,Cichlidae,Oreochromis,Oreochromis mossambicus,Oreochromis mossambicus,4.68E-01,3.28,25.3,0,Mironova 1975,,0
Animalia,Chordata,Actinopterygii,Perciformes,Cichlidae,Oreochromis,Oreochromis mossambicus,Oreochromis mossambicus,3.86E-01,3.99,25.3,0,Mironova 1975,,0
Animalia,Chordata,Actinopterygii,Perciformes,Cichlidae,Oreochromis,Oreochromis mossambicus,Oreochromis mossambicus,5.71E-01,5.1,25.3,0,Mironova 1975,,0
Animalia,Chordata,Actinopterygii,Perciformes,Cichlidae,Oreochromis,Oreochromis mossambicus,Oreochromis mossambicus,6.31E-01,8.72,25.3,0,Mironova 1975,,0
Animalia,Chordata,Actinopterygii,Perciformes,Cichlidae,Oreochromis,Oreochromis mossambicus,Oreochromis mossambicus,1.03E+00,10.6,25.3,0,Mironova 1975,,0
Animalia,Chordata,Actinopterygii,Perciformes,Cichlidae,Oreochromis,Oreochromis mossambicus,Oreochromis mossambicus,1.14E+00,12.9,25.3,0,Mironova 1975,,0
Animalia,Chordata,Actinopterygii,Perciformes,Cichlidae,Oreochromis,Oreochromis mossambicus,Oreochromis mossambicus,2.05E+00,17.3,25.3,0,Mironova 1975,,0
Animalia,Chordata,Actinopterygii,Perciformes,Cichlidae,Oreochromis,Oreochromis mossambicus,Oreochromis mossambicus,1.52E+00,17.3,25.3,0,Mironova 1975,,0
Animalia,Chordata,Actinopterygii,Perciformes,Cichlidae,Oreochromis,Oreochromis mossambicus,Oreochromis mossambicus,2.04E+00,25.5,25.3,0,Mironova 1975,,0
Animalia,Chordata,Actinopterygii,Perciformes,Cichlidae,Oreochromis,Oreochromis mossambicus,Oreochromis mossambicus,4.27E+00,39.6,25.3,0,Mironova 1975,,0
Animalia,Chordata,Actinopterygii,Perciformes,Cichlidae,Oreochromis,Oreochromis mossambicus,Oreochromis mossambicus,5.43E+00,48.1,25.3,0,Mironova 1975,,0
Animalia,Chordata,Actinopterygii,Perciformes,Cichlidae,Oreochromis,Oreochromis mossambicus,Oreochromis mossambicus,6.01E+00,74.6,25.3,0,Mironova 1975,,0
Animalia,Chordata,Actinopterygii,Perciformes,Cichlidae,Oreochromis,Oreochromis mossambicus,Oreochromis mossambicus,4.95E+00,74.6,25.3,0,Mironova 1975,,0
Animalia,Chordata,Actinopterygii,Perciformes,Anabantidae,Anabas,Anabas testudineus,Anabas testudineus,6.47E-03,0.01,28,0,"Mishra, Singh 1979 b",,0
Animalia,Chordata,Actinopterygii,Perciformes,Anabantidae,Anabas,Anabas testudineus,Anabas testudineus,6.47E-03,0.01,28,0,"Mishra, Singh 1979 b",,0
Animalia,Chordata,Actinopterygii,Perciformes,Anabantidae,Anabas,Anabas testudineus,Anabas testudineus,6.48E-03,0.01,28,0,"Mishra, Singh 1979 b",,0
Animalia,Chordata,Actinopterygii,Perciformes,Anabantidae,Anabas,Anabas testudineus,Anabas testudineus,6.48E-03,0.01,28,0,"Mishra, Singh 1979 b",,0
Animalia,Chordata,Actinopterygii,Perciformes,Anabantidae,Anabas,Anabas testudineus,Anabas testudineus,6.11E-03,0.01,28,0,"Mishra, Singh 1979 b",,0
Animalia,Chordata,Actinopterygii,Perciformes,Anabantidae,Anabas,Anabas testudineus,Anabas testudineus,7.08E-03,0.01,28,0,"Mishra, Singh 1979 b",,0
Animalia,Chordata,Actinopterygii,Perciformes,Anabantidae,Anabas,Anabas testudineus,Anabas testudineus,1.30E-02,0.02,28,0,"Mishra, Singh 1979 b",,0
Animalia,Chordata,Actinopterygii,Perciformes,Anabantidae,Anabas,Anabas testudineus,Anabas testudineus,1.15E-02,0.02,28,0,"Mishra, Singh 1979 b",,0
Animalia,Chordata,Actinopterygii,Perciformes,Anabantidae,Anabas,Anabas testudineus,Anabas testudineus,1.30E-02,0.02,28,0,"Mishra, Singh 1979 b",,0
Animalia,Chordata,Actinopterygii,Perciformes,Anabantidae,Anabas,Anabas testudineus,Anabas testudineus,2.20E-02,0.03,28,0,"Mishra, Singh 1979 b",,0
Animalia,Chordata,Actinopterygii,Perciformes,Anabantidae,Anabas,Anabas testudineus,Anabas testudineus,1.89E-02,0.03,28,0,"Mishra, Singh 1979 b",,0
Animalia,Chordata,Actinopterygii,Perciformes,Anabantidae,Anabas,Anabas testudineus,Anabas testudineus,2.68E-02,0.04,28,0,"Mishra, Singh 1979 b",,0
Animalia,Chordata,Actinopterygii,Cypriniformes,Cyprinidae,Cyprinus,Cyprinus carpio,Cyprinus carpio,1.93E-02,0.95,12.9,0,"Moffit, Crawshaw 1983",,0
Animalia,Chordata,Actinopterygii,Cypriniformes,Cyprinidae,Cyprinus,Cyprinus carpio,Cyprinus carpio,3.34E-02,0.95,14.9,0,"Moffit, Crawshaw 1983",,0
Animalia,Chordata,Actinopterygii,Cypriniformes,Cyprinidae,Cyprinus,Cyprinus carpio,Cyprinus carpio,4.27E-02,0.95,17,0,"Moffit, Crawshaw 1983",,0
Animalia,Chordata,Actinopterygii,Cypriniformes,Cyprinidae,Cyprinus,Cyprinus carpio,Cyprinus carpio,5.05E-02,0.95,19,0,"Moffit, Crawshaw 1983",,0
Animalia,Chordata,Actinopterygii,Cypriniformes,Cyprinidae,Cyprinus,Cyprinus carpio,Cyprinus carpio,6.01E-02,0.95,21.1,0,"Moffit, Crawshaw 1983",,0
Animalia,Chordata,Actinopterygii,Cypriniformes,Cyprinidae,Cyprinus,Cyprinus carpio,Cyprinus carpio,7.94E-02,0.95,23.1,0,"Moffit, Crawshaw 1983",,0
Animalia,Chordata,Actinopterygii,Cypriniformes,Cyprinidae,Cyprinus,Cyprinus carpio,Cyprinus carpio,9.43E-02,0.95,25,0,"Moffit, Crawshaw 1983",,0
Animalia,Chordata,Actinopterygii,Perciformes,Cichlidae,Cichlasoma,Aequidens portlegrensis,Cichlasoma portalegrense,2.56E-02,0.55,20,0,Morris 1967,,0
Animalia,Chordata,Actinopterygii,Perciformes,Cichlidae,Cichlasoma,Aequidens portlegrensis,Cichlasoma portalegrense,4.48E-02,0.68,20,0,Morris 1967,,0
Animalia,Chordata,Actinopterygii,Perciformes,Cichlidae,Cichlasoma,Aequidens portlegrensis,Cichlasoma portalegrense,4.72E-02,0.79,20,0,Morris 1967,,0
Animalia,Chordata,Actinopterygii,Perciformes,Cichlidae,Cichlasoma,Aequidens portlegrensis,Cichlasoma portalegrense,2.71E-02,1.37,20,0,Morris 1967,,0
Animalia,Chordata,Actinopterygii,Perciformes,Cichlidae,Cichlasoma,Aequidens portlegrensis,Cichlasoma portalegrense,4.76E-02,1.74,20,0,Morris 1967,,0
Animalia,Chordata,Actinopterygii,Perciformes,Cichlidae,Cichlasoma,Aequidens portlegrensis,Cichlasoma portalegrense,8.52E-02,2.63,20,0,Morris 1967,,0
Animalia,Chordata,Actinopterygii,Perciformes,Cichlidae,Cichlasoma,Aequidens portlegrensis,Cichlasoma portalegrense,1.39E-01,3.3,20,0,Morris 1967,,0
Animalia,Chordata,Actinopterygii,Perciformes,Cichlidae,Cichlasoma,Aequidens portlegrensis,Cichlasoma portalegrense,8.29E-02,3.41,20,0,Morris 1967,,0
Animalia,Chordata,Actinopterygii,Perciformes,Cichlidae,Cichlasoma,Aequidens portlegrensis,Cichlasoma portalegrense,9.90E-02,3.69,20,0,Morris 1967,,0
Animalia,Chordata,Actinopterygii,Perciformes,Cichlidae,Cichlasoma,Aequidens portlegrensis,Cichlasoma portalegrense,1.02E-01,4.59,20,0,Morris 1967,,0
Animalia,Chordata,Actinopterygii,Perciformes,Cichlidae,Cichlasoma,Aequidens portlegrensis,Cichlasoma portalegrense,9.20E-02,4.43,20,0,Morris 1967,,0
Animalia,Chordata,Actinopterygii,Perciformes,Cichlidae,Cichlasoma,Aequidens portlegrensis,Cichlasoma portalegrense,2.79E-01,7.25,20,0,Morris 1967,,0
Animalia,Chordata,Actinopterygii,Perciformes,Cichlidae,Cichlasoma,Aequidens portlegrensis,Cichlasoma portalegrense,4.29E-01,7.64,20,0,Morris 1967,,0
Animalia,Chordata,Actinopterygii,Perciformes,Cichlidae,Cichlasoma,Aequidens portlegrensis,Cichlasoma portalegrense,2.06E-01,10.17,20,0,Morris 1967,,0
Animalia,Chordata,Actinopterygii,Perciformes,Cichlidae,Cichlasoma,Aequidens portlegrensis,Cichlasoma portalegrense,3.74E-01,10.71,20,0,Morris 1967,,0
Animalia,Chordata,Actinopterygii,Perciformes,Cichlidae,Cichlasoma,Aequidens portlegrensis,Cichlasoma portalegrense,3.75E-01,11.58,20,0,Morris 1967,,0
Animalia,Chordata,Actinopterygii,Perciformes,Cichlidae,Cichlasoma,Aequidens portlegrensis,Cichlasoma portalegrense,3.01E-01,11.89,20,0,Morris 1967,,0
Animalia,Chordata,Actinopterygii,Perciformes,Cichlidae,Cichlasoma,Aequidens portlegrensis,Cichlasoma portalegrense,1.79E-01,12.2,20,0,Morris 1967,,0
Animalia,Chordata,Actinopterygii,Perciformes,Cichlidae,Cichlasoma,Aequidens portlegrensis,Cichlasoma portalegrense,2.46E-01,13.89,20,0,Morris 1967,,0
Animalia,Chordata,Actinopterygii,Perciformes,Cichlidae,Cichlasoma,Aequidens portlegrensis,Cichlasoma portalegrense,4.04E-01,14.26,20,0,Morris 1967,,0
Animalia,Chordata,Actinopterygii,Perciformes,Cichlidae,Cichlasoma,Aequidens portlegrensis,Cichlasoma portalegrense,3.03E-01,14.26,20,0,Morris 1967,,0
Animalia,Chordata,Actinopterygii,Perciformes,Cichlidae,Cichlasoma,Aequidens portlegrensis,Cichlasoma portalegrense,3.59E-01,15.41,20,0,Morris 1967,,0
Animalia,Chordata,Actinopterygii,Perciformes,Cichlidae,Cichlasoma,Aequidens portlegrensis,Cichlasoma portalegrense,3.69E-01,15.82,20,0,Morris 1967,,0
Animalia,Chordata,Actinopterygii,Perciformes,Cichlidae,Cichlasoma,Aequidens portlegrensis,Cichlasoma portalegrense,3.55E-01,17.1,20,0,Morris 1967,,0
Animalia,Chordata,Actinopterygii,Perciformes,Cichlidae,Cichlasoma,Aequidens portlegrensis,Cichlasoma portalegrense,3.65E-01,18.01,20,0,Morris 1967,,0
Animalia,Chordata,Actinopterygii,Perciformes,Cichlidae,Cichlasoma,Aequidens portlegrensis,Cichlasoma portalegrense,4.38E-01,21.6,20,0,Morris 1967,,0
Animalia,Chordata,Actinopterygii,Perciformes,Cichlidae,Cichlasoma,Aequidens portlegrensis,Cichlasoma portalegrense,3.93E-01,22.17,20,0,Morris 1967,,0
Animalia,Chordata,Actinopterygii,Perciformes,Cichlidae,Cichlasoma,Aequidens portlegrensis,Cichlasoma portalegrense,1.01E+00,34.48,20,0,Morris 1967,,0
Animalia,Chordata,Actinopterygii,Perciformes,Nototheniidae,Notothenia,Notothenia rossi,Notothenia rossii,2.08E+00,159.7,3,0,"Morris, North 1984",,0
Animalia,Chordata,Actinopterygii,Perciformes,Nototheniidae,Notothenia,Notothenia rossi,Notothenia rossii,3.41E+00,159.7,3,0,"Morris, North 1984",,0
Animalia,Chordata,Actinopterygii,Perciformes,Nototheniidae,Notothenia,Notothenia rossi,Notothenia rossii,3.24E+00,159.7,3,0,"Morris, North 1984",,0
Animalia,Chordata,Actinopterygii,Perciformes,Nototheniidae,Notothenia,Notothenia rossi,Notothenia rossii,6.41E+00,159.7,3,0,"Morris, North 1984",,0
Animalia,Chordata,Actinopterygii,Perciformes,Nototheniidae,Notothenia,Notothenia rossi,Notothenia rossii,2.58E-01,2.7,3,0,"Morris, North 1984",,0
Animalia,Chordata,Actinopterygii,Perciformes,Nototheniidae,Notothenia,Notothenia rossi,Notothenia rossii,2.99E-01,2.7,3,0,"Morris, North 1984",,1
Animalia,Chordata,Actinopterygii,Perciformes,Nototheniidae,Notothenia,Notothenia rossi,Notothenia rossii,2.83E-01,2.7,3,0,"Morris, North 1984",,1
Animalia,Chordata,Actinopterygii,Perciformes,Nototheniidae,Notothenia,Notothenia rossi,Notothenia rossii,1.83E-01,2.7,3,0,"Morris, North 1984",,0
Animalia,Chordata,Actinopterygii,Perciformes,Centrarchidae,Lepomis,Lepomis macrochirus,Lepomis macrochirus,4.55E-01,7.3,25,0,"Moss, Scott 1961",,0
Animalia,Chordata,Actinopterygii,Perciformes,Centrarchidae,Lepomis,Lepomis macrochirus,Lepomis macrochirus,6.13E-01,12.1,25,0,"Moss, Scott 1961",,0
Animalia,Chordata,Actinopterygii,Perciformes,Centrarchidae,Lepomis,Lepomis macrochirus,Lepomis macrochirus,1.21E+00,45.1,25,0,"Moss, Scott 1961",,0
Animalia,Chordata,Actinopterygii,Perciformes,Centrarchidae,Lepomis,Lepomis macrochirus,Lepomis macrochirus,5.58E-01,10.4,30,0,"Moss, Scott 1961",,0
Animalia,Chordata,Actinopterygii,Perciformes,Centrarchidae,Lepomis,Lepomis macrochirus,Lepomis macrochirus,5.36E-01,6.7,35,0,"Moss, Scott 1961",,0
Animalia,Chordata,Actinopterygii,Perciformes,Centrarchidae,Lepomis,Lepomis macrochirus,Lepomis macrochirus,7.01E-01,7.1,35,0,"Moss, Scott 1961",,0
Animalia,Chordata,Actinopterygii,Perciformes,Centrarchidae,Micropterus,Micropterus salmoides,Micropterus salmoides,6.13E-01,12.1,25,0,"Moss, Scott 1961",,0
Animalia,Chordata,Actinopterygii,Perciformes,Centrarchidae,Micropterus,Micropterus salmoides,Micropterus salmoides,6.24E-01,12.2,30,0,"Moss, Scott 1961",,0
Animalia,Chordata,Actinopterygii,Perciformes,Centrarchidae,Micropterus,Micropterus salmoides,Micropterus salmoides,5.63E+00,97.6,35,0,"Moss, Scott 1961",,0
Animalia,Chordata,Actinopterygii,Perciformes,Centrarchidae,Micropterus,Micropterus salmoides,Micropterus salmoides,4.34E+00,72,35,0,"Moss, Scott 1961",,0
Animalia,Chordata,Actinopterygii,Siluriformes,Ictaluridae,Ameiurus,Ictalurus nebulosus,Ameiurus nebulosus,4.50E+00,74,25,0,"Moss, Scott 1961",,0
Animalia,Chordata,Actinopterygii,Siluriformes,Ictaluridae,Ameiurus,Ictalurus nebulosus,Ameiurus nebulosus,2.42E+00,54.4,25,0,"Moss, Scott 1961",,0
Animalia,Chordata,Actinopterygii,Siluriformes,Ictaluridae,Ameiurus,Ictalurus nebulosus,Ameiurus nebulosus,1.03E+00,24.4,25,0,"Moss, Scott 1961",,0
Animalia,Chordata,Actinopterygii,Siluriformes,Ictaluridae,Ameiurus,Ictalurus nebulosus,Ameiurus nebulosus,1.76E+00,25.5,30,0,"Moss, Scott 1961",,0
Animalia,Chordata,Actinopterygii,Siluriformes,Ictaluridae,Ameiurus,Ictalurus nebulosus,Ameiurus nebulosus,4.98E+00,57.5,35,0,"Moss, Scott 1961",,0
Animalia,Chordata,Actinopterygii,Siluriformes,Ictaluridae,Ameiurus,Ictalurus nebulosus,Ameiurus nebulosus,3.49E+00,57,35,0,"Moss, Scott 1961",,0
Animalia,Chordata,Actinopterygii,Siluriformes,Ictaluridae,Ameiurus,Ictalurus nebulosus,Ameiurus nebulosus,1.44E+00,22.6,35,0,"Moss, Scott 1961",,0
Animalia,Chordata,Actinopterygii,Perciformes,Kuhliidae,Kuhlia,Kuhlia sandvicensis,Kuhlia sandvicensis,3.11E+00,58,23,0,"Muir, Nimi 1972",,0
Animalia,Chordata,Actinopterygii,Perciformes,Kuhliidae,Kuhlia,Kuhlia sandvicensis,Kuhlia sandvicensis,3.23E+00,58,23,0,"Muir, Nimi 1972",,0
Animalia,Chordata,Actinopterygii,Perciformes,Kuhliidae,Kuhlia,Kuhlia sandvicensis,Kuhlia sandvicensis,4.14E+00,58,23,0,"Muir, Nimi 1972",,0
Animalia,Chordata,Actinopterygii,Perciformes,Kuhliidae,Kuhlia,Kuhlia sandvicensis,Kuhlia sandvicensis,4.30E+00,58,23,0,"Muir, Nimi 1972",,0
Animalia,Chordata,Actinopterygii,Perciformes,Kuhliidae,Kuhlia,Kuhlia sandvicensis,Kuhlia sandvicensis,4.64E+00,58,23,0,"Muir, Nimi 1972",,0
Animalia,Chordata,Actinopterygii,Perciformes,Kuhliidae,Kuhlia,Kuhlia sandvicensis,Kuhlia sandvicensis,4.83E+00,58,23,0,"Muir, Nimi 1972",,0
Animalia,Chordata,Actinopterygii,Perciformes,Kuhliidae,Kuhlia,Kuhlia sandvicensis,Kuhlia sandvicensis,5.21E+00,58,23,0,"Muir, Nimi 1972",,0
Animalia,Chordata,Actinopterygii,Perciformes,Kuhliidae,Kuhlia,Kuhlia sandvicensis,Kuhlia sandvicensis,5.31E+00,58,23,0,"Muir, Nimi 1972",,0
Animalia,Chordata,Actinopterygii,Perciformes,Channidae,Channa,Channa marulius,Channa marulius,3.09E+00,93,30,0,"Munshi, Patra, Biswas, Ojha 1979",,0
Animalia,Chordata,Actinopterygii,Perciformes,Channidae,Channa,Channa marulius,Channa marulius,2.84E+00,93,30,0,"Munshi, Patra, Biswas, Ojha 1979",,0
Animalia,Chordata,Actinopterygii,Perciformes,Channidae,Channa,Channa marulius,Channa marulius,1.86E+00,93,30,0,"Munshi, Patra, Biswas, Ojha 1979",,0
Animalia,Chordata,Actinopterygii,Perciformes,Channidae,Channa,Channa marulius,Channa marulius,3.28E+00,93,30,0,"Munshi, Patra, Biswas, Ojha 1979",,0
Animalia,Chordata,Actinopterygii,Perciformes,Channidae,Channa,Channa marulius,Channa marulius,3.19E+00,93,30,0,"Munshi, Patra, Biswas, Ojha 1979",,0
Animalia,Chordata,Actinopterygii,Perciformes,Channidae,Channa,Channa marulius,Channa marulius,4.03E+00,93,30,0,"Munshi, Patra, Biswas, Ojha 1979",,0
Animalia,Chordata,Actinopterygii,Perciformes,Channidae,Channa,Channa striatus,Channa striata,3.83E+00,82,30,0,"Munshi, Patra, Biswas, Ojha 1979",,0
Animalia,Chordata,Actinopterygii,Perciformes,Channidae,Channa,Channa striatus,Channa striata,1.76E+00,82,30,0,"Munshi, Patra, Biswas, Ojha 1979",,0
Animalia,Chordata,Actinopterygii,Perciformes,Channidae,Channa,Channa striatus,Channa striata,1.84E+00,82,30,0,"Munshi, Patra, Biswas, Ojha 1979",,0
Animalia,Chordata,Actinopterygii,Perciformes,Channidae,Channa,Channa striatus,Channa striata,2.37E+00,82,30,0,"Munshi, Patra, Biswas, Ojha 1979",,0
Animalia,Chordata,Actinopterygii,Perciformes,Channidae,Channa,Channa striatus,Channa striata,4.19E+00,82,30,0,"Munshi, Patra, Biswas, Ojha 1979",,0
Animalia,Chordata,Actinopterygii,Perciformes,Channidae,Channa,Channa striatus,Channa striata,3.56E+00,82,30,0,"Munshi, Patra, Biswas, Ojha 1979",,0
Animalia,Chordata,Actinopterygii,Perciformes,Channidae,Channa,Channa gachua,Channa gachua,1.52E+00,30,30,0,"Munshi, Patra, Biswas, Ojha 1979",,0
Animalia,Chordata,Actinopterygii,Perciformes,Channidae,Channa,Channa gachua,Channa gachua,1.43E+00,30,30,0,"Munshi, Patra, Biswas, Ojha 1979",,0
Animalia,Chordata,Actinopterygii,Perciformes,Channidae,Channa,Channa gachua,Channa gachua,8.08E-01,30,30,0,"Munshi, Patra, Biswas, Ojha 1979",,0
Animalia,Chordata,Actinopterygii,Perciformes,Channidae,Channa,Channa gachua,Channa gachua,1.09E+00,30,30,0,"Munshi, Patra, Biswas, Ojha 1979",,0
Animalia,Chordata,Actinopterygii,Perciformes,Channidae,Channa,Channa gachua,Channa gachua,1.87E+00,30,30,0,"Munshi, Patra, Biswas, Ojha 1979",,0
Animalia,Chordata,Actinopterygii,Perciformes,Channidae,Channa,Channa gachua,Channa gachua,1.63E+00,30,30,0,"Munshi, Patra, Biswas, Ojha 1979",,0
Animalia,Chordata,Actinopterygii,Perciformes,Channidae,Channa,Channa punctatus,Channa punctata,3.13E+00,93,30,0,"Munshi, Patra, Biswas, Ojha 1979",,0
Animalia,Chordata,Actinopterygii,Perciformes,Channidae,Channa,Channa punctatus,Channa punctata,2.79E+00,93,30,0,"Munshi, Patra, Biswas, Ojha 1979",,0
Animalia,Chordata,Actinopterygii,Perciformes,Channidae,Channa,Channa punctatus,Channa punctata,2.67E+00,93,30,0,"Munshi, Patra, Biswas, Ojha 1979",,0
Animalia,Chordata,Actinopterygii,Perciformes,Channidae,Channa,Channa punctatus,Channa punctata,3.49E+00,93,30,0,"Munshi, Patra, Biswas, Ojha 1979",,0
Animalia,Chordata,Actinopterygii,Perciformes,Channidae,Channa,Channa punctatus,Channa punctata,3.16E+00,93,30,0,"Munshi, Patra, Biswas, Ojha 1979",,0
Animalia,Chordata,Actinopterygii,Perciformes,Channidae,Channa,Channa punctatus,Channa punctata,2.79E+00,93,30,0,"Munshi, Patra, Biswas, Ojha 1979",,0
Animalia,Chordata,Actinopterygii,Cypriniformes,Cyprinidae,Ctenopharyngodon,Ctenopharyngodon idella,Ctenopharyngodon idella,3.85E-02,0.1,22,0,"Negonovskaya, Rudenko 1975",,0
Animalia,Chordata,Actinopterygii,Cypriniformes,Cyprinidae,Ctenopharyngodon,Ctenopharyngodon idella,Ctenopharyngodon idella,3.80E-02,0.1,22,0,"Negonovskaya, Rudenko 1975",,0
Animalia,Chordata,Actinopterygii,Cypriniformes,Cyprinidae,Ctenopharyngodon,Ctenopharyngodon idella,Ctenopharyngodon idella,1.27E-02,0.1,22,0,"Negonovskaya, Rudenko 1975",,0
Animalia,Chordata,Actinopterygii,Cypriniformes,Cyprinidae,Ctenopharyngodon,Ctenopharyngodon idella,Ctenopharyngodon idella,1.07E-02,0.04,22,0,"Negonovskaya, Rudenko 1975",,0
Animalia,Chordata,Actinopterygii,Perciformes,Ambassidae,Ambassis,Ambassis interrupta,Ambassis interrupta,9.36E-02,1.2,25,0,Nordlie 1978,,0
Animalia,Chordata,Actinopterygii,Perciformes,Ambassidae,Ambassis,Ambassis interrupta,Ambassis interrupta,7.90E-02,1.2,25,0,Nordlie 1978,,0
Animalia,Chordata,Actinopterygii,Perciformes,Ambassidae,Ambassis,Ambassis interrupta,Ambassis interrupta,7.29E-02,1.2,25,0,Nordlie 1978,,0
Animalia,Chordata,Actinopterygii,Perciformes,Ambassidae,Ambassis,Ambassis interrupta,Ambassis interrupta,1.48E-01,1.2,25,0,Nordlie 1978,,0
Animalia,Chordata,Actinopterygii,Perciformes,Ambassidae,Ambassis,Ambassis interrupta,Ambassis interrupta,1.06E-01,1.2,25,0,Nordlie 1978,,0
Animalia,Chordata,Actinopterygii,Perciformes,Ambassidae,Ambassis,Ambassis interrupta,Ambassis interrupta,2.86E-01,5,25,0,Nordlie 1978,,0
Animalia,Chordata,Actinopterygii,Perciformes,Ambassidae,Ambassis,Ambassis interrupta,Ambassis interrupta,2.61E-01,5,25,0,Nordlie 1978,,0
Animalia,Chordata,Actinopterygii,Perciformes,Ambassidae,Ambassis,Ambassis interrupta,Ambassis interrupta,2.05E-01,5,25,0,Nordlie 1978,,0
Animalia,Chordata,Actinopterygii,Perciformes,Ambassidae,Ambassis,Ambassis interrupta,Ambassis interrupta,2.25E-01,5,25,0,Nordlie 1978,,0
Animalia,Chordata,Actinopterygii,Perciformes,Ambassidae,Ambassis,Ambassis interrupta,Ambassis interrupta,2.33E-01,5,25,0,Nordlie 1978,,0
Animalia,Chordata,Actinopterygii,Perciformes,Centrarchidae,Lepomis,Lepomis macrochirus,Lepomis macrochirus,1.27E+00,6.1,25,0,O'Hara 1971,,0
Animalia,Chordata,Actinopterygii,Perciformes,Centrarchidae,Lepomis,Lepomis macrochirus,Lepomis macrochirus,9.12E-01,8,25,0,O'Hara 1971,,0
Animalia,Chordata,Actinopterygii,Perciformes,Centrarchidae,Lepomis,Lepomis macrochirus,Lepomis macrochirus,1.37E+00,6.21,25,0,O'Hara 1971,,0
Animalia,Chordata,Actinopterygii,Perciformes,Centrarchidae,Lepomis,Lepomis macrochirus,Lepomis macrochirus,1.26E+00,7.3,25,0,O'Hara 1971,,0
Animalia,Chordata,Actinopterygii,Perciformes,Centrarchidae,Lepomis,Lepomis macrochirus,Lepomis macrochirus,1.16E+00,6,25,0,O'Hara 1971,,0
Animalia,Chordata,Actinopterygii,Perciformes,Centrarchidae,Lepomis,Lepomis macrochirus,Lepomis macrochirus,7.59E-01,5.9,25,0,O'Hara 1971,,0
Animalia,Chordata,Actinopterygii,Perciformes,Centrarchidae,Lepomis,Lepomis macrochirus,Lepomis macrochirus,1.22E+00,7.1,25,0,O'Hara 1971,,0
Animalia,Chordata,Actinopterygii,Perciformes,Centrarchidae,Lepomis,Lepomis macrochirus,Lepomis macrochirus,7.60E-01,5,25,0,O'Hara 1971,,0
Animalia,Chordata,Actinopterygii,Perciformes,Centrarchidae,Lepomis,Lepomis macrochirus,Lepomis macrochirus,1.22E+00,6.8,25,0,O'Hara 1971,,0
Animalia,Chordata,Actinopterygii,Perciformes,Centrarchidae,Lepomis,Lepomis macrochirus,Lepomis macrochirus,1.22E+00,7.1,25,0,O'Hara 1971,,0
Animalia,Chordata,Actinopterygii,Perciformes,Osphronemidae,Trichogaster,Colisa fasciata,Trichogaster fasciata,8.20E-01,2,29,0,"Ojha, Dandotia, Munshi 1977",,0
Animalia,Chordata,Actinopterygii,Perciformes,Osphronemidae,Trichogaster,Colisa fasciata,Trichogaster fasciata,6.34E-01,3,29,0,"Ojha, Dandotia, Munshi 1977",,0
Animalia,Chordata,Actinopterygii,Perciformes,Osphronemidae,Trichogaster,Colisa fasciata,Trichogaster fasciata,1.10E+00,6.25,29,0,"Ojha, Dandotia, Munshi 1977",,0
Animalia,Chordata,Actinopterygii,Perciformes,Osphronemidae,Trichogaster,Colisa fasciata,Trichogaster fasciata,1.60E+00,7,29,0,"Ojha, Dandotia, Munshi 1977",,0
Animalia,Chordata,Actinopterygii,Perciformes,Osphronemidae,Trichogaster,Colisa fasciata,Trichogaster fasciata,1.39E+00,8.15,29,0,"Ojha, Dandotia, Munshi 1977",,0
Animalia,Chordata,Actinopterygii,Perciformes,Osphronemidae,Trichogaster,Colisa fasciata,Trichogaster fasciata,1.47E+00,9.3,29,0,"Ojha, Dandotia, Munshi 1977",,0
Animalia,Chordata,Actinopterygii,Perciformes,Osphronemidae,Trichogaster,Colisa fasciata,Trichogaster fasciata,1.87E+00,10,29,0,"Ojha, Dandotia, Munshi 1977",,0
Animalia,Chordata,Actinopterygii,Perciformes,Osphronemidae,Trichogaster,Colisa fasciata,Trichogaster fasciata,1.82E+00,11,29,0,"Ojha, Dandotia, Munshi 1977",,0
Animalia,Chordata,Actinopterygii,Perciformes,Osphronemidae,Trichogaster,Colisa fasciata,Trichogaster fasciata,2.05E+00,12,29,0,"Ojha, Dandotia, Munshi 1977",,0
Animalia,Chordata,Actinopterygii,Perciformes,Channidae,Channa,Channa marulius,Channa marulius,5.30E-01,11,30,0,"Ojha, Mishra, Saha, Munshi 1979",,0
Animalia,Chordata,Actinopterygii,Perciformes,Channidae,Channa,Channa marulius,Channa marulius,5.31E-01,12.5,30,0,"Ojha, Mishra, Saha, Munshi 1979",,0
Animalia,Chordata,Actinopterygii,Perciformes,Channidae,Channa,Channa marulius,Channa marulius,3.79E-01,13,30,0,"Ojha, Mishra, Saha, Munshi 1979",,0
Animalia,Chordata,Actinopterygii,Perciformes,Channidae,Channa,Channa marulius,Channa marulius,6.07E-01,14.5,30,0,"Ojha, Mishra, Saha, Munshi 1979",,0
Animalia,Chordata,Actinopterygii,Perciformes,Channidae,Channa,Channa marulius,Channa marulius,3.79E-01,15,30,0,"Ojha, Mishra, Saha, Munshi 1979",,0
Animalia,Chordata,Actinopterygii,Perciformes,Channidae,Channa,Channa marulius,Channa marulius,7.92E-01,16,30,0,"Ojha, Mishra, Saha, Munshi 1979",,0
Animalia,Chordata,Actinopterygii,Perciformes,Channidae,Channa,Channa marulius,Channa marulius,6.52E-01,16.5,30,0,"Ojha, Mishra, Saha, Munshi 1979",,0
Animalia,Chordata,Actinopterygii,Perciformes,Channidae,Channa,Channa marulius,Channa marulius,7.13E-01,17,30,0,"Ojha, Mishra, Saha, Munshi 1979",,0
Animalia,Chordata,Actinopterygii,Perciformes,Channidae,Channa,Channa marulius,Channa marulius,4.86E-01,17.5,30,0,"Ojha, Mishra, Saha, Munshi 1979",,0
Animalia,Chordata,Actinopterygii,Perciformes,Channidae,Channa,Channa marulius,Channa marulius,6.06E-01,19,30,0,"Ojha, Mishra, Saha, Munshi 1979",,0
Animalia,Chordata,Actinopterygii,Synbranchiformes,Mastacembelidae,Macrognathus,Macrognathus aculeatus,Macrognathus aculeatus,2.94E-01,5,21,0,"Ojha, Munshi, Choubey, Saha 1974",,0
Animalia,Chordata,Actinopterygii,Synbranchiformes,Mastacembelidae,Macrognathus,Macrognathus aculeatus,Macrognathus aculeatus,6.67E-01,16,21,0,"Ojha, Munshi, Choubey, Saha 1974",,0
Animalia,Chordata,Actinopterygii,Synbranchiformes,Mastacembelidae,Macrognathus,Macrognathus aculeatus,Macrognathus aculeatus,8.92E-01,24,21,0,"Ojha, Munshi, Choubey, Saha 1974",,0
Animalia,Chordata,Actinopterygii,Synbranchiformes,Mastacembelidae,Macrognathus,Macrognathus aculeatus,Macrognathus aculeatus,1.13E+00,33,21,0,"Ojha, Munshi, Choubey, Saha 1974",,0
Animalia,Chordata,Actinopterygii,Synbranchiformes,Mastacembelidae,Macrognathus,Macrognathus aculeatus,Macrognathus aculeatus,1.35E+00,44,21,0,"Ojha, Munshi, Choubey, Saha 1974",,0
Animalia,Chordata,Actinopterygii,Synbranchiformes,Mastacembelidae,Macrognathus,Macrognathus aculeatus,Macrognathus aculeatus,1.68E+00,58,21,0,"Ojha, Munshi, Choubey, Saha 1974",,0
Animalia,Chordata,Actinopterygii,Synbranchiformes,Mastacembelidae,Macrognathus,Macrognathus aculeatus,Macrognathus aculeatus,1.87E+00,68,21,0,"Ojha, Munshi, Choubey, Saha 1974",,0
Animalia,Chordata,Actinopterygii,Synbranchiformes,Mastacembelidae,Macrognathus,Macrognathus aculeatus,Macrognathus aculeatus,1.95E+00,72.4,21,0,"Ojha, Munshi, Choubey, Saha 1974",,0
Animalia,Chordata,Actinopterygii,Synbranchiformes,Mastacembelidae,Macrognathus,Macrognathus aculeatus,Macrognathus aculeatus,2.16E+00,83.5,21,0,"Ojha, Munshi, Choubey, Saha 1974",,0
Animalia,Chordata,Actinopterygii,Synbranchiformes,Mastacembelidae,Macrognathus,Macrognathus aculeatus,Macrognathus aculeatus,4.51E-01,5,30,0,"Ojha, Munshi, Choubey, Saha 1974",,0
Animalia,Chordata,Actinopterygii,Synbranchiformes,Mastacembelidae,Macrognathus,Macrognathus aculeatus,Macrognathus aculeatus,1.04E+00,16,30,0,"Ojha, Munshi, Choubey, Saha 1974",,0
Animalia,Chordata,Actinopterygii,Synbranchiformes,Mastacembelidae,Macrognathus,Macrognathus aculeatus,Macrognathus aculeatus,1.38E+00,24,30,0,"Ojha, Munshi, Choubey, Saha 1974",,0
Animalia,Chordata,Actinopterygii,Synbranchiformes,Mastacembelidae,Macrognathus,Macrognathus aculeatus,Macrognathus aculeatus,1.76E+00,33,30,0,"Ojha, Munshi, Choubey, Saha 1974",,0
Animalia,Chordata,Actinopterygii,Synbranchiformes,Mastacembelidae,Macrognathus,Macrognathus aculeatus,Macrognathus aculeatus,2.10E+00,44,30,0,"Ojha, Munshi, Choubey, Saha 1974",,0
Animalia,Chordata,Actinopterygii,Synbranchiformes,Mastacembelidae,Macrognathus,Macrognathus aculeatus,Macrognathus aculeatus,2.61E+00,58,30,0,"Ojha, Munshi, Choubey, Saha 1974",,0
Animalia,Chordata,Actinopterygii,Synbranchiformes,Mastacembelidae,Macrognathus,Macrognathus aculeatus,Macrognathus aculeatus,2.91E+00,68,30,0,"Ojha, Munshi, Choubey, Saha 1974",,0
Animalia,Chordata,Actinopterygii,Synbranchiformes,Mastacembelidae,Macrognathus,Macrognathus aculeatus,Macrognathus aculeatus,3.05E+00,72.4,30,0,"Ojha, Munshi, Choubey, Saha 1974",,0
Animalia,Chordata,Actinopterygii,Synbranchiformes,Mastacembelidae,Macrognathus,Macrognathus aculeatus,Macrognathus aculeatus,3.37E+00,83.5,30,0,"Ojha, Munshi, Choubey, Saha 1974",,0
Animalia,Chordata,Actinopterygii,Siluriformes,Bagridae,Mystus,Mystus vittatus,Mystus vittatus,9.22E-01,4,29,0,"Ojha, Singh 1984",,0
Animalia,Chordata,Actinopterygii,Siluriformes,Bagridae,Mystus,Mystus vittatus,Mystus vittatus,5.72E-01,4.5,29,0,"Ojha, Singh 1984",,0
Animalia,Chordata,Actinopterygii,Siluriformes,Bagridae,Mystus,Mystus vittatus,Mystus vittatus,1.10E+00,5,29,0,"Ojha, Singh 1984",,0
Animalia,Chordata,Actinopterygii,Siluriformes,Bagridae,Mystus,Mystus vittatus,Mystus vittatus,9.84E-01,8,29,0,"Ojha, Singh 1984",,0
Animalia,Chordata,Actinopterygii,Siluriformes,Bagridae,Mystus,Mystus vittatus,Mystus vittatus,1.30E+00,9,29,0,"Ojha, Singh 1984",,0
Animalia,Chordata,Actinopterygii,Siluriformes,Bagridae,Mystus,Mystus vittatus,Mystus vittatus,1.18E+00,11,29,0,"Ojha, Singh 1984",,0
Animalia,Chordata,Actinopterygii,Siluriformes,Bagridae,Mystus,Mystus vittatus,Mystus vittatus,1.31E+00,12,29,0,"Ojha, Singh 1984",,0
Animalia,Chordata,Actinopterygii,Siluriformes,Bagridae,Mystus,Mystus vittatus,Mystus vittatus,1.32E+00,13,29,0,"Ojha, Singh 1984",,0
Animalia,Chordata,Actinopterygii,Siluriformes,Bagridae,Mystus,Mystus vittatus,Mystus vittatus,1.03E+00,15,29,0,"Ojha, Singh 1984",,0
Animalia,Chordata,Actinopterygii,Siluriformes,Bagridae,Mystus,Mystus vittatus,Mystus vittatus,1.13E+00,16,29,0,"Ojha, Singh 1984",,0
Animalia,Chordata,Actinopterygii,Siluriformes,Bagridae,Mystus,Mystus vittatus,Mystus vittatus,1.85E+00,18,29,0,"Ojha, Singh 1984",,0
Animalia,Chordata,Actinopterygii,Siluriformes,Bagridae,Mystus,Mystus vittatus,Mystus vittatus,2.93E+00,22,29,0,"Ojha, Singh 1984",,0
Animalia,Chordata,Actinopterygii,Siluriformes,Bagridae,Mystus,Mystus vittatus,Mystus vittatus,3.20E+00,23,29,0,"Ojha, Singh 1984",,0
Animalia,Chordata,Actinopterygii,Siluriformes,Bagridae,Mystus,Mystus vittatus,Mystus vittatus,3.21E+00,26,29,0,"Ojha, Singh 1984",,0
Animalia,Chordata,Actinopterygii,Siluriformes,Bagridae,Mystus,Mystus vittatus,Mystus vittatus,3.25E+00,28,29,0,"Ojha, Singh 1984",,0
Animalia,Chordata,Actinopterygii,Perciformes,Anabantidae,Anabas,Anabas scandens,Anabas testudineus,5.12E-01,8.5,28,0,"Panigrahi, Panigrahi, Misra 1984",,0
Animalia,Chordata,Actinopterygii,Perciformes,Anabantidae,Anabas,Anabas scandens,Anabas testudineus,4.75E-01,9.81,28,0,"Panigrahi, Panigrahi, Misra 1984",,0
Animalia,Chordata,Actinopterygii,Perciformes,Anabantidae,Anabas,Anabas scandens,Anabas testudineus,3.54E-01,9.81,28,0,"Panigrahi, Panigrahi, Misra 1984",,0
Animalia,Chordata,Actinopterygii,Perciformes,Anabantidae,Anabas,Anabas scandens,Anabas testudineus,5.49E-01,9.86,28,0,"Panigrahi, Panigrahi, Misra 1984",,0
Animalia,Chordata,Actinopterygii,Perciformes,Anabantidae,Anabas,Anabas scandens,Anabas testudineus,6.25E-01,11.12,28,0,"Panigrahi, Panigrahi, Misra 1984",,0
Animalia,Chordata,Actinopterygii,Perciformes,Anabantidae,Anabas,Anabas scandens,Anabas testudineus,5.31E-01,11.32,28,0,"Panigrahi, Panigrahi, Misra 1984",,0
Animalia,Chordata,Actinopterygii,Perciformes,Anabantidae,Anabas,Anabas scandens,Anabas testudineus,1.13E-01,10.35,28,0,"Panigrahi, Panigrahi, Misra 1984",,0
Animalia,Chordata,Actinopterygii,Perciformes,Anabantidae,Anabas,Anabas scandens,Anabas testudineus,1.92E-01,11.44,28,0,"Panigrahi, Panigrahi, Misra 1984",,0
Animalia,Chordata,Actinopterygii,Perciformes,Anabantidae,Anabas,Anabas scandens,Anabas testudineus,6.40E-01,11.81,28,0,"Panigrahi, Panigrahi, Misra 1984",,0
Animalia,Chordata,Actinopterygii,Perciformes,Anabantidae,Anabas,Anabas scandens,Anabas testudineus,7.59E-01,12.29,28,0,"Panigrahi, Panigrahi, Misra 1984",,0
Animalia,Chordata,Actinopterygii,Perciformes,Anabantidae,Anabas,Anabas scandens,Anabas testudineus,1.12E-01,12.54,28,0,"Panigrahi, Panigrahi, Misra 1984",,0
Animalia,Chordata,Actinopterygii,Perciformes,Anabantidae,Anabas,Anabas scandens,Anabas testudineus,4.40E-01,12.54,28,0,"Panigrahi, Panigrahi, Misra 1984",,0
Animalia,Chordata,Actinopterygii,Perciformes,Anabantidae,Anabas,Anabas scandens,Anabas testudineus,6.79E-01,12.54,28,0,"Panigrahi, Panigrahi, Misra 1984",,0
Animalia,Chordata,Actinopterygii,Perciformes,Anabantidae,Anabas,Anabas scandens,Anabas testudineus,4.19E-01,12.66,28,0,"Panigrahi, Panigrahi, Misra 1984",,0
Animalia,Chordata,Actinopterygii,Perciformes,Anabantidae,Anabas,Anabas scandens,Anabas testudineus,3.92E-01,12.78,28,0,"Panigrahi, Panigrahi, Misra 1984",,0
Animalia,Chordata,Actinopterygii,Perciformes,Anabantidae,Anabas,Anabas scandens,Anabas testudineus,1.54E-01,13.02,28,0,"Panigrahi, Panigrahi, Misra 1984",,0
Animalia,Chordata,Actinopterygii,Perciformes,Anabantidae,Anabas,Anabas scandens,Anabas testudineus,2.69E-01,13.27,28,0,"Panigrahi, Panigrahi, Misra 1984",,0
Animalia,Chordata,Actinopterygii,Perciformes,Anabantidae,Anabas,Anabas scandens,Anabas testudineus,1.37E-01,13.51,28,0,"Panigrahi, Panigrahi, Misra 1984",,0
Animalia,Chordata,Actinopterygii,Perciformes,Anabantidae,Anabas,Anabas scandens,Anabas testudineus,2.88E-01,14.24,28,0,"Panigrahi, Panigrahi, Misra 1984",,0
Animalia,Chordata,Actinopterygii,Perciformes,Anabantidae,Anabas,Anabas scandens,Anabas testudineus,3.13E-01,14.24,28,0,"Panigrahi, Panigrahi, Misra 1984",,0
Animalia,Chordata,Actinopterygii,Perciformes,Anabantidae,Anabas,Anabas scandens,Anabas testudineus,3.08E-01,14.48,28,0,"Panigrahi, Panigrahi, Misra 1984",,0
Animalia,Chordata,Actinopterygii,Perciformes,Anabantidae,Anabas,Anabas scandens,Anabas testudineus,5.32E-01,14.97,28,0,"Panigrahi, Panigrahi, Misra 1984",,0
Animalia,Chordata,Actinopterygii,Perciformes,Anabantidae,Anabas,Anabas scandens,Anabas testudineus,6.26E-01,15.45,28,0,"Panigrahi, Panigrahi, Misra 1984",,0
Animalia,Chordata,Actinopterygii,Perciformes,Anabantidae,Anabas,Anabas scandens,Anabas testudineus,2.47E-01,16.18,28,0,"Panigrahi, Panigrahi, Misra 1984",,0
Animalia,Chordata,Actinopterygii,Perciformes,Anabantidae,Anabas,Anabas scandens,Anabas testudineus,5.51E-01,16.18,28,0,"Panigrahi, Panigrahi, Misra 1984",,0
Animalia,Chordata,Actinopterygii,Perciformes,Anabantidae,Anabas,Anabas scandens,Anabas testudineus,1.11E+00,16.18,28,0,"Panigrahi, Panigrahi, Misra 1984",,0
Animalia,Chordata,Actinopterygii,Perciformes,Anabantidae,Anabas,Anabas scandens,Anabas testudineus,2.03E-01,19.59,28,0,"Panigrahi, Panigrahi, Misra 1984",,0
Animalia,Chordata,Actinopterygii,Perciformes,Anabantidae,Anabas,Anabas scandens,Anabas testudineus,8.97E-01,19.1,28,0,"Panigrahi, Panigrahi, Misra 1984",,0
Animalia,Chordata,Actinopterygii,Perciformes,Anabantidae,Anabas,Anabas scandens,Anabas testudineus,7.75E-01,21.05,28,0,"Panigrahi, Panigrahi, Misra 1984",,0
Animalia,Chordata,Actinopterygii,Perciformes,Anabantidae,Anabas,Anabas scandens,Anabas testudineus,7.77E-01,21.54,28,0,"Panigrahi, Panigrahi, Misra 1984",,0
Animalia,Chordata,Actinopterygii,Perciformes,Anabantidae,Anabas,Anabas scandens,Anabas testudineus,2.50E-01,22.02,28,0,"Panigrahi, Panigrahi, Misra 1984",,0
Animalia,Chordata,Actinopterygii,Perciformes,Anabantidae,Anabas,Anabas scandens,Anabas testudineus,1.11E-01,22.51,28,0,"Panigrahi, Panigrahi, Misra 1984",,0
Animalia,Chordata,Actinopterygii,Perciformes,Anabantidae,Anabas,Anabas scandens,Anabas testudineus,1.48E-01,23,28,0,"Panigrahi, Panigrahi, Misra 1984",,0
Animalia,Chordata,Actinopterygii,Perciformes,Anabantidae,Anabas,Anabas scandens,Anabas testudineus,1.15E-01,23.24,28,0,"Panigrahi, Panigrahi, Misra 1984",,0
Animalia,Chordata,Actinopterygii,Perciformes,Anabantidae,Anabas,Anabas scandens,Anabas testudineus,2.55E-01,24.58,28,0,"Panigrahi, Panigrahi, Misra 1984",,0
Animalia,Chordata,Actinopterygii,Perciformes,Anabantidae,Anabas,Anabas scandens,Anabas testudineus,6.28E-01,25.43,28,0,"Panigrahi, Panigrahi, Misra 1984",,0
Animalia,Chordata,Actinopterygii,Perciformes,Anabantidae,Anabas,Anabas scandens,Anabas testudineus,4.52E-01,26.16,28,0,"Panigrahi, Panigrahi, Misra 1984",,0
Animalia,Chordata,Actinopterygii,Perciformes,Anabantidae,Anabas,Anabas scandens,Anabas testudineus,3.29E-01,26.64,28,0,"Panigrahi, Panigrahi, Misra 1984",,0
Animalia,Chordata,Actinopterygii,Perciformes,Anabantidae,Anabas,Anabas scandens,Anabas testudineus,6.81E-02,27.62,28,0,"Panigrahi, Panigrahi, Misra 1984",,0
Animalia,Chordata,Actinopterygii,Perciformes,Anabantidae,Anabas,Anabas scandens,Anabas testudineus,1.23E-01,27.62,28,0,"Panigrahi, Panigrahi, Misra 1984",,0
Animalia,Chordata,Actinopterygii,Perciformes,Anabantidae,Anabas,Anabas scandens,Anabas testudineus,4.10E-01,27.62,28,0,"Panigrahi, Panigrahi, Misra 1984",,0
Animalia,Chordata,Actinopterygii,Perciformes,Anabantidae,Anabas,Anabas scandens,Anabas testudineus,3.49E-01,28.1,28,0,"Panigrahi, Panigrahi, Misra 1984",,0
Animalia,Chordata,Actinopterygii,Perciformes,Anabantidae,Anabas,Anabas scandens,Anabas testudineus,4.44E-01,28.1,28,0,"Panigrahi, Panigrahi, Misra 1984",,0
Animalia,Chordata,Actinopterygii,Perciformes,Anabantidae,Anabas,Anabas scandens,Anabas testudineus,2.68E-01,28.59,28,0,"Panigrahi, Panigrahi, Misra 1984",,0
Animalia,Chordata,Actinopterygii,Perciformes,Anabantidae,Anabas,Anabas scandens,Anabas testudineus,5.08E-01,28.59,28,0,"Panigrahi, Panigrahi, Misra 1984",,0
Animalia,Chordata,Actinopterygii,Perciformes,Anabantidae,Anabas,Anabas scandens,Anabas testudineus,4.08E-01,28.95,28,0,"Panigrahi, Panigrahi, Misra 1984",,0
Animalia,Chordata,Actinopterygii,Perciformes,Anabantidae,Anabas,Anabas scandens,Anabas testudineus,1.30E-01,29.2,28,0,"Panigrahi, Panigrahi, Misra 1984",,0
Animalia,Chordata,Actinopterygii,Perciformes,Anabantidae,Anabas,Anabas scandens,Anabas testudineus,1.19E-01,30.05,28,0,"Panigrahi, Panigrahi, Misra 1984",,0
Animalia,Chordata,Actinopterygii,Perciformes,Anabantidae,Anabas,Anabas scandens,Anabas testudineus,4.78E-01,31.27,28,0,"Panigrahi, Panigrahi, Misra 1984",,0
Animalia,Chordata,Actinopterygii,Perciformes,Anabantidae,Anabas,Anabas scandens,Anabas testudineus,2.61E-01,32,28,0,"Panigrahi, Panigrahi, Misra 1984",,0
Animalia,Chordata,Actinopterygii,Perciformes,Anabantidae,Anabas,Anabas scandens,Anabas testudineus,3.35E-01,32.24,28,0,"Panigrahi, Panigrahi, Misra 1984",,0
Animalia,Chordata,Actinopterygii,Perciformes,Anabantidae,Anabas,Anabas scandens,Anabas testudineus,4.89E-01,32,28,0,"Panigrahi, Panigrahi, Misra 1984",,0
Animalia,Chordata,Actinopterygii,Perciformes,Anabantidae,Anabas,Anabas scandens,Anabas testudineus,2.57E-01,32.48,28,0,"Panigrahi, Panigrahi, Misra 1984",,0
Animalia,Chordata,Actinopterygii,Perciformes,Anabantidae,Anabas,Anabas scandens,Anabas testudineus,2.29E-01,32.97,28,0,"Panigrahi, Panigrahi, Misra 1984",,0
Animalia,Chordata,Actinopterygii,Perciformes,Anabantidae,Anabas,Anabas scandens,Anabas testudineus,2.96E-01,33.21,28,0,"Panigrahi, Panigrahi, Misra 1984",,0
Animalia,Chordata,Actinopterygii,Perciformes,Anabantidae,Anabas,Anabas scandens,Anabas testudineus,3.77E-01,33.2,28,0,"Panigrahi, Panigrahi, Misra 1984",,0
Animalia,Chordata,Actinopterygii,Perciformes,Anabantidae,Anabas,Anabas scandens,Anabas testudineus,4.22E-01,34.18,28,0,"Panigrahi, Panigrahi, Misra 1984",,0
Animalia,Chordata,Actinopterygii,Perciformes,Anabantidae,Anabas,Anabas scandens,Anabas testudineus,5.23E-01,34.18,28,0,"Panigrahi, Panigrahi, Misra 1984",,0
Animalia,Chordata,Actinopterygii,Perciformes,Anabantidae,Anabas,Anabas scandens,Anabas testudineus,3.93E-01,34.67,28,0,"Panigrahi, Panigrahi, Misra 1984",,0
Animalia,Chordata,Actinopterygii,Perciformes,Anabantidae,Anabas,Anabas scandens,Anabas testudineus,5.78E-01,34.91,28,0,"Panigrahi, Panigrahi, Misra 1984",,0
Animalia,Chordata,Actinopterygii,Perciformes,Anabantidae,Anabas,Anabas scandens,Anabas testudineus,5.31E-01,35.16,28,0,"Panigrahi, Panigrahi, Misra 1984",,0
Animalia,Chordata,Actinopterygii,Perciformes,Anabantidae,Anabas,Anabas scandens,Anabas testudineus,5.31E-01,35.77,28,0,"Panigrahi, Panigrahi, Misra 1984",,0
Animalia,Chordata,Actinopterygii,Perciformes,Anabantidae,Anabas,Anabas scandens,Anabas testudineus,5.71E-01,36.13,28,0,"Panigrahi, Panigrahi, Misra 1984",,0
Animalia,Chordata,Actinopterygii,Perciformes,Anabantidae,Anabas,Anabas scandens,Anabas testudineus,4.83E-01,39.05,28,0,"Panigrahi, Panigrahi, Misra 1984",,0
Animalia,Chordata,Actinopterygii,Perciformes,Anabantidae,Anabas,Anabas scandens,Anabas testudineus,2.57E-01,40.02,28,0,"Panigrahi, Panigrahi, Misra 1984",,0
Animalia,Chordata,Actinopterygii,Perciformes,Anabantidae,Anabas,Anabas scandens,Anabas testudineus,5.34E-01,41.48,28,0,"Panigrahi, Panigrahi, Misra 1984",,0
Animalia,Chordata,Actinopterygii,Perciformes,Anabantidae,Anabas,Anabas scandens,Anabas testudineus,5.76E-01,42.45,28,0,"Panigrahi, Panigrahi, Misra 1984",,0
Animalia,Chordata,Actinopterygii,Perciformes,Anabantidae,Anabas,Anabas scandens,Anabas testudineus,1.29E-01,43.67,28,0,"Panigrahi, Panigrahi, Misra 1984",,0
Animalia,Chordata,Actinopterygii,Perciformes,Anabantidae,Anabas,Anabas scandens,Anabas testudineus,2.67E-01,60,28,0,"Panigrahi, Panigrahi, Misra 1984",,0
Animalia,Chordata,Actinopterygii,Gadiformes,Gadidae,Gadus,Theragra chalcogramma,Gadus chalcogrammus,4.67E-01,7.5,5.5,0,Paul 1986,,0
Animalia,Chordata,Actinopterygii,Gadiformes,Gadidae,Gadus,Theragra chalcogramma,Gadus chalcogrammus,9.24E-01,12,5.5,0,Paul 1986,,0
Animalia,Chordata,Actinopterygii,Gadiformes,Gadidae,Gadus,Theragra chalcogramma,Gadus chalcogrammus,8.53E-01,13.8,5.5,0,Paul 1986,,0
Animalia,Chordata,Actinopterygii,Gadiformes,Gadidae,Gadus,Theragra chalcogramma,Gadus chalcogrammus,9.85E-01,21,5.5,0,Paul 1986,,0
Animalia,Chordata,Actinopterygii,Gadiformes,Gadidae,Gadus,Theragra chalcogramma,Gadus chalcogrammus,1.05E+00,24,5.5,0,Paul 1986,,0
Animalia,Chordata,Actinopterygii,Gadiformes,Gadidae,Gadus,Theragra chalcogramma,Gadus chalcogrammus,2.60E+00,69,5.5,0,Paul 1986,,0
Animalia,Chordata,Actinopterygii,Gadiformes,Gadidae,Gadus,Theragra chalcogramma,Gadus chalcogrammus,2.48E+00,74.4,5.5,0,Paul 1986,,0
Animalia,Chordata,Actinopterygii,Gadiformes,Gadidae,Gadus,Theragra chalcogramma,Gadus chalcogrammus,3.07E+00,78,5.5,0,Paul 1986,,0
Animalia,Chordata,Actinopterygii,Gadiformes,Gadidae,Gadus,Theragra chalcogramma,Gadus chalcogrammus,2.86E+00,81,5.5,0,Paul 1986,,0
Animalia,Chordata,Actinopterygii,Gadiformes,Gadidae,Gadus,Theragra chalcogramma,Gadus chalcogrammus,4.94E+00,135,5.5,0,Paul 1986,,0
Animalia,Chordata,Actinopterygii,Gadiformes,Gadidae,Gadus,Theragra chalcogramma,Gadus chalcogrammus,7.79E+00,204,5.5,0,Paul 1986,,0
Animalia,Chordata,Actinopterygii,Gadiformes,Gadidae,Gadus,Theragra chalcogramma,Gadus chalcogrammus,7.58E+00,217.2,5.5,0,Paul 1986,,0
Animalia,Chordata,Actinopterygii,Gadiformes,Gadidae,Gadus,Theragra chalcogramma,Gadus chalcogrammus,6.87E+00,225,5.5,0,Paul 1986,,0
Animalia,Chordata,Actinopterygii,Gadiformes,Gadidae,Gadus,Theragra chalcogramma,Gadus chalcogrammus,7.78E+00,297,5.5,0,Paul 1986,,0
Animalia,Chordata,Actinopterygii,Gadiformes,Gadidae,Gadus,Theragra chalcogramma,Gadus chalcogrammus,8.51E+00,300,5.5,0,Paul 1986,,0
Animalia,Chordata,Actinopterygii,Gadiformes,Gadidae,Gadus,Theragra chalcogramma,Gadus chalcogrammus,1.16E+00,70,1,0,Paul 1986,,0
Animalia,Chordata,Actinopterygii,Gadiformes,Gadidae,Gadus,Theragra chalcogramma,Gadus chalcogrammus,1.62E+00,70,2.8,0,Paul 1986,,0
Animalia,Chordata,Actinopterygii,Gadiformes,Gadidae,Gadus,Theragra chalcogramma,Gadus chalcogrammus,2.60E+00,70,5.3,0,Paul 1986,,0
Animalia,Chordata,Actinopterygii,Gadiformes,Gadidae,Gadus,Theragra chalcogramma,Gadus chalcogrammus,3.04E+00,70,6.5,0,Paul 1986,,0
Animalia,Chordata,Actinopterygii,Gadiformes,Gadidae,Gadus,Theragra chalcogramma,Gadus chalcogrammus,3.69E+00,70,7.5,0,Paul 1986,,0
Animalia,Chordata,Actinopterygii,Gadiformes,Gadidae,Gadus,Theragra chalcogramma,Gadus chalcogrammus,3.25E+00,70,8.4,0,Paul 1986,,0
Animalia,Chordata,Actinopterygii,Gadiformes,Gadidae,Gadus,Theragra chalcogramma,Gadus chalcogrammus,3.69E+00,70,9.5,0,Paul 1986,,0
Animalia,Chordata,Actinopterygii,Gadiformes,Gadidae,Gadus,Theragra chalcogramma,Gadus chalcogrammus,3.21E+00,70,12,0,Paul 1986,,0
Animalia,Chordata,Actinopterygii,Perciformes,Cichlidae,Oreochromis,Oreochromis mossambicus,Oreochromis mossambicus,2.02E+00,35.3,30,0,"Peer Mohamed, Kutty 1981",,0
Animalia,Chordata,Actinopterygii,Perciformes,Cichlidae,Oreochromis,Oreochromis mossambicus,Oreochromis mossambicus,1.91E+00,35.3,30,0,"Peer Mohamed, Kutty 1981",,0
Animalia,Chordata,Actinopterygii,Perciformes,Cichlidae,Oreochromis,Oreochromis mossambicus,Oreochromis mossambicus,1.53E+00,35.3,30,0,"Peer Mohamed, Kutty 1981",,0
Animalia,Chordata,Actinopterygii,Perciformes,Cichlidae,Oreochromis,Oreochromis mossambicus,Oreochromis mossambicus,1.38E+00,35.3,30,0,"Peer Mohamed, Kutty 1981",,0
Animalia,Chordata,Actinopterygii,Perciformes,Cichlidae,Oreochromis,Oreochromis mossambicus,Oreochromis mossambicus,3.07E+00,35.3,30,0,"Peer Mohamed, Kutty 1981",,0
Animalia,Chordata,Actinopterygii,Perciformes,Cichlidae,Oreochromis,Oreochromis mossambicus,Oreochromis mossambicus,1.95E+00,35.3,30,0,"Peer Mohamed, Kutty 1981",,0
Animalia,Chordata,Actinopterygii,Perciformes,Cichlidae,Oreochromis,Oreochromis mossambicus,Oreochromis mossambicus,1.88E+00,35.3,30,0,"Peer Mohamed, Kutty 1981",,0
Animalia,Chordata,Actinopterygii,Perciformes,Cichlidae,Oreochromis,Oreochromis mossambicus,Oreochromis mossambicus,2.68E+00,35.3,35,0,"Peer Mohamed, Kutty 1981",,0
Animalia,Chordata,Actinopterygii,Perciformes,Cichlidae,Oreochromis,Oreochromis mossambicus,Oreochromis mossambicus,2.15E+00,35.3,35,0,"Peer Mohamed, Kutty 1981",,0
Animalia,Chordata,Actinopterygii,Perciformes,Cichlidae,Oreochromis,Oreochromis mossambicus,Oreochromis mossambicus,1.97E+00,35.3,35,0,"Peer Mohamed, Kutty 1981",,0
Animalia,Chordata,Actinopterygii,Perciformes,Cichlidae,Oreochromis,Oreochromis mossambicus,Oreochromis mossambicus,1.24E+00,35.3,35,0,"Peer Mohamed, Kutty 1981",,1
Animalia,Chordata,Actinopterygii,Perciformes,Cichlidae,Oreochromis,Oreochromis mossambicus,Oreochromis mossambicus,2.82E+00,35.3,35,0,"Peer Mohamed, Kutty 1981",,0
Animalia,Chordata,Actinopterygii,Perciformes,Cichlidae,Oreochromis,Oreochromis mossambicus,Oreochromis mossambicus,2.75E+00,35.3,35,0,"Peer Mohamed, Kutty 1981",,0
Animalia,Chordata,Actinopterygii,Perciformes,Cichlidae,Oreochromis,Oreochromis mossambicus,Oreochromis mossambicus,2.63E+00,35.3,35,0,"Peer Mohamed, Kutty 1981",,0
Animalia,Chordata,Actinopterygii,Perciformes,Cichlidae,Oreochromis,Oreochromis mossambicus,Oreochromis mossambicus,2.65E+00,35.3,35,0,"Peer Mohamed, Kutty 1981",,0
Animalia,Chordata,Actinopterygii,Perciformes,Cichlidae,Oreochromis,Oreochromis mossambicus,Oreochromis mossambicus,2.59E+00,35.3,35,0,"Peer Mohamed, Kutty 1981",,0
Animalia,Chordata,Actinopterygii,Cypriniformes,Cyprinidae,Carassius,Carassius auratus,Carassius auratus,9.42E-01,15.5,30,0,"Peer Mohamed, Kutty 1983",,0
Animalia,Chordata,Actinopterygii,Cypriniformes,Cyprinidae,Carassius,Carassius auratus,Carassius auratus,2.98E-01,15.5,30,0,"Peer Mohamed, Kutty 1983",,0
Animalia,Chordata,Actinopterygii,Cypriniformes,Cyprinidae,Carassius,Carassius auratus,Carassius auratus,9.34E-01,15.5,35,0,"Peer Mohamed, Kutty 1983",,0
Animalia,Chordata,Actinopterygii,Cypriniformes,Cyprinidae,Carassius,Carassius auratus,Carassius auratus,3.14E-01,15.5,35,0,"Peer Mohamed, Kutty 1983",,1
Animalia,Chordata,Actinopterygii,Salmoniformes,Salmonidae,Oncorhynchus,Salmo gairdneri,Oncorhynchus mykiss,1.19E+00,9.5,10,0,"Penaz, Prokes 1973",,0
Animalia,Chordata,Actinopterygii,Salmoniformes,Salmonidae,Oncorhynchus,Salmo gairdneri,Oncorhynchus mykiss,1.36E+00,8,12,0,"Penaz, Prokes 1973",,0
Animalia,Chordata,Actinopterygii,Salmoniformes,Salmonidae,Oncorhynchus,Salmo gairdneri,Oncorhynchus mykiss,1.85E+00,8,14,0,"Penaz, Prokes 1973",,0
Animalia,Chordata,Actinopterygii,Salmoniformes,Salmonidae,Oncorhynchus,Salmo gairdneri,Oncorhynchus mykiss,1.90E+00,8,16,0,"Penaz, Prokes 1973",,0
Animalia,Chordata,Actinopterygii,Salmoniformes,Salmonidae,Oncorhynchus,Salmo gairdneri,Oncorhynchus mykiss,2.32E+00,9.5,18,0,"Penaz, Prokes 1973",,0
Animalia,Chordata,Actinopterygii,Salmoniformes,Salmonidae,Oncorhynchus,Salmo gairdneri,Oncorhynchus mykiss,2.55E+00,11,20,0,"Penaz, Prokes 1973",,0
Animalia,Chordata,Actinopterygii,Salmoniformes,Salmonidae,Oncorhynchus,Salmo gairdneri,Oncorhynchus mykiss,9.57E+00,150,10,0,"Penaz, Prokes 1973",,0
Animalia,Chordata,Actinopterygii,Salmoniformes,Salmonidae,Oncorhynchus,Salmo gairdneri,Oncorhynchus mykiss,5.85E+00,85,12,0,"Penaz, Prokes 1973",,0
Animalia,Chordata,Actinopterygii,Salmoniformes,Salmonidae,Oncorhynchus,Salmo gairdneri,Oncorhynchus mykiss,1.83E+01,140.5,14,0,"Penaz, Prokes 1973",,0
Animalia,Chordata,Actinopterygii,Salmoniformes,Salmonidae,Oncorhynchus,Salmo gairdneri,Oncorhynchus mykiss,1.22E+01,110.5,16,0,"Penaz, Prokes 1973",,0
Animalia,Chordata,Actinopterygii,Salmoniformes,Salmonidae,Oncorhynchus,Salmo gairdneri,Oncorhynchus mykiss,1.78E+01,132.5,18,0,"Penaz, Prokes 1973",,0
Animalia,Chordata,Actinopterygii,Salmoniformes,Salmonidae,Oncorhynchus,Salmo gairdneri,Oncorhynchus mykiss,1.28E+01,85,20,0,"Penaz, Prokes 1973",,0
Animalia,Chordata,Actinopterygii,Clupeiformes,Clupeidae,Dorosoma,Dorosoma cepedianum,Dorosoma cepedianum,1.01E+00,5,9.1,0,"Pierce, Wissing, Megrey 1981",,0
Animalia,Chordata,Actinopterygii,Clupeiformes,Clupeidae,Dorosoma,Dorosoma cepedianum,Dorosoma cepedianum,8.27E-01,5.4,9.4,0,"Pierce, Wissing, Megrey 1981",,0
Animalia,Chordata,Actinopterygii,Clupeiformes,Clupeidae,Dorosoma,Dorosoma cepedianum,Dorosoma cepedianum,6.77E-01,5,9.8,0,"Pierce, Wissing, Megrey 1981",,0
Animalia,Chordata,Actinopterygii,Clupeiformes,Clupeidae,Dorosoma,Dorosoma cepedianum,Dorosoma cepedianum,1.28E+00,28.6,10,0,"Pierce, Wissing, Megrey 1981",,0
Animalia,Chordata,Actinopterygii,Clupeiformes,Clupeidae,Dorosoma,Dorosoma cepedianum,Dorosoma cepedianum,1.52E+01,68.5,10.4,0,"Pierce, Wissing, Megrey 1981",,0
Animalia,Chordata,Actinopterygii,Clupeiformes,Clupeidae,Dorosoma,Dorosoma cepedianum,Dorosoma cepedianum,1.07E+00,17.2,11.5,0,"Pierce, Wissing, Megrey 1981",,0
Animalia,Chordata,Actinopterygii,Clupeiformes,Clupeidae,Dorosoma,Dorosoma cepedianum,Dorosoma cepedianum,4.77E+00,32.7,11.7,0,"Pierce, Wissing, Megrey 1981",,0
Animalia,Chordata,Actinopterygii,Clupeiformes,Clupeidae,Dorosoma,Dorosoma cepedianum,Dorosoma cepedianum,1.22E+00,15.2,12,0,"Pierce, Wissing, Megrey 1981",,0
Animalia,Chordata,Actinopterygii,Clupeiformes,Clupeidae,Dorosoma,Dorosoma cepedianum,Dorosoma cepedianum,6.41E+00,81.5,12.2,0,"Pierce, Wissing, Megrey 1981",,0
Animalia,Chordata,Actinopterygii,Clupeiformes,Clupeidae,Dorosoma,Dorosoma cepedianum,Dorosoma cepedianum,1.15E+00,1.7,12.4,0,"Pierce, Wissing, Megrey 1981",,0
Animalia,Chordata,Actinopterygii,Clupeiformes,Clupeidae,Dorosoma,Dorosoma cepedianum,Dorosoma cepedianum,1.13E+00,17.5,12.8,0,"Pierce, Wissing, Megrey 1981",,0
Animalia,Chordata,Actinopterygii,Clupeiformes,Clupeidae,Dorosoma,Dorosoma cepedianum,Dorosoma cepedianum,1.62E+00,4.6,13,0,"Pierce, Wissing, Megrey 1981",,0
Animalia,Chordata,Actinopterygii,Clupeiformes,Clupeidae,Dorosoma,Dorosoma cepedianum,Dorosoma cepedianum,2.18E+00,32.3,13.2,0,"Pierce, Wissing, Megrey 1981",,0
Animalia,Chordata,Actinopterygii,Clupeiformes,Clupeidae,Dorosoma,Dorosoma cepedianum,Dorosoma cepedianum,2.63E+00,87.7,13.4,0,"Pierce, Wissing, Megrey 1981",,0
Animalia,Chordata,Actinopterygii,Clupeiformes,Clupeidae,Dorosoma,Dorosoma cepedianum,Dorosoma cepedianum,1.42E+00,4.6,13.4,0,"Pierce, Wissing, Megrey 1981",,0
Animalia,Chordata,Actinopterygii,Clupeiformes,Clupeidae,Dorosoma,Dorosoma cepedianum,Dorosoma cepedianum,1.59E+00,1.7,13.4,0,"Pierce, Wissing, Megrey 1981",,0
Animalia,Chordata,Actinopterygii,Clupeiformes,Clupeidae,Dorosoma,Dorosoma cepedianum,Dorosoma cepedianum,1.08E+01,81,13.5,0,"Pierce, Wissing, Megrey 1981",,0
Animalia,Chordata,Actinopterygii,Clupeiformes,Clupeidae,Dorosoma,Dorosoma cepedianum,Dorosoma cepedianum,1.64E+00,29.1,13.5,0,"Pierce, Wissing, Megrey 1981",,0
Animalia,Chordata,Actinopterygii,Clupeiformes,Clupeidae,Dorosoma,Dorosoma cepedianum,Dorosoma cepedianum,4.21E+00,10,13.9,0,"Pierce, Wissing, Megrey 1981",,0
Animalia,Chordata,Actinopterygii,Clupeiformes,Clupeidae,Dorosoma,Dorosoma cepedianum,Dorosoma cepedianum,3.93E+00,29.9,14.2,0,"Pierce, Wissing, Megrey 1981",,0
Animalia,Chordata,Actinopterygii,Clupeiformes,Clupeidae,Dorosoma,Dorosoma cepedianum,Dorosoma cepedianum,2.04E+00,3.9,14.4,0,"Pierce, Wissing, Megrey 1981",,0
Animalia,Chordata,Actinopterygii,Clupeiformes,Clupeidae,Dorosoma,Dorosoma cepedianum,Dorosoma cepedianum,1.75E+01,60,14.6,0,"Pierce, Wissing, Megrey 1981",,0
Animalia,Chordata,Actinopterygii,Clupeiformes,Clupeidae,Dorosoma,Dorosoma cepedianum,Dorosoma cepedianum,1.51E+01,53.9,15,0,"Pierce, Wissing, Megrey 1981",,0
Animalia,Chordata,Actinopterygii,Clupeiformes,Clupeidae,Dorosoma,Dorosoma cepedianum,Dorosoma cepedianum,4.22E+00,29.9,15.2,0,"Pierce, Wissing, Megrey 1981",,0
Animalia,Chordata,Actinopterygii,Clupeiformes,Clupeidae,Dorosoma,Dorosoma cepedianum,Dorosoma cepedianum,4.38E+00,36,16,0,"Pierce, Wissing, Megrey 1981",,0
Animalia,Chordata,Actinopterygii,Clupeiformes,Clupeidae,Dorosoma,Dorosoma cepedianum,Dorosoma cepedianum,2.12E+00,27.6,16,0,"Pierce, Wissing, Megrey 1981",,0
Animalia,Chordata,Actinopterygii,Clupeiformes,Clupeidae,Dorosoma,Dorosoma cepedianum,Dorosoma cepedianum,2.67E+01,256.9,16.7,0,"Pierce, Wissing, Megrey 1981",,0
Animalia,Chordata,Actinopterygii,Clupeiformes,Clupeidae,Dorosoma,Dorosoma cepedianum,Dorosoma cepedianum,2.34E+00,27,16.8,0,"Pierce, Wissing, Megrey 1981",,0
Animalia,Chordata,Actinopterygii,Clupeiformes,Clupeidae,Dorosoma,Dorosoma cepedianum,Dorosoma cepedianum,3.00E+00,0.7,16.8,0,"Pierce, Wissing, Megrey 1981",,0
Animalia,Chordata,Actinopterygii,Clupeiformes,Clupeidae,Dorosoma,Dorosoma cepedianum,Dorosoma cepedianum,7.33E+00,36.5,17,0,"Pierce, Wissing, Megrey 1981",,0
Animalia,Chordata,Actinopterygii,Clupeiformes,Clupeidae,Dorosoma,Dorosoma cepedianum,Dorosoma cepedianum,4.92E+00,13.7,17.2,0,"Pierce, Wissing, Megrey 1981",,0
Animalia,Chordata,Actinopterygii,Clupeiformes,Clupeidae,Dorosoma,Dorosoma cepedianum,Dorosoma cepedianum,9.32E-01,14.6,17.2,0,"Pierce, Wissing, Megrey 1981",,0
Animalia,Chordata,Actinopterygii,Clupeiformes,Clupeidae,Dorosoma,Dorosoma cepedianum,Dorosoma cepedianum,1.03E+01,49.9,17.8,0,"Pierce, Wissing, Megrey 1981",,0
Animalia,Chordata,Actinopterygii,Clupeiformes,Clupeidae,Dorosoma,Dorosoma cepedianum,Dorosoma cepedianum,2.74E+00,3.1,18.8,0,"Pierce, Wissing, Megrey 1981",,0
Animalia,Chordata,Actinopterygii,Clupeiformes,Clupeidae,Dorosoma,Dorosoma cepedianum,Dorosoma cepedianum,3.01E+00,3.3,19.3,0,"Pierce, Wissing, Megrey 1981",,0
Animalia,Chordata,Actinopterygii,Clupeiformes,Clupeidae,Dorosoma,Dorosoma cepedianum,Dorosoma cepedianum,2.83E+00,15.1,20,0,"Pierce, Wissing, Megrey 1981",,0
Animalia,Chordata,Actinopterygii,Clupeiformes,Clupeidae,Dorosoma,Dorosoma cepedianum,Dorosoma cepedianum,9.31E+00,47.1,20.2,0,"Pierce, Wissing, Megrey 1981",,0
Animalia,Chordata,Actinopterygii,Clupeiformes,Clupeidae,Dorosoma,Dorosoma cepedianum,Dorosoma cepedianum,1.39E+00,11.2,20.3,0,"Pierce, Wissing, Megrey 1981",,0
Animalia,Chordata,Actinopterygii,Clupeiformes,Clupeidae,Dorosoma,Dorosoma cepedianum,Dorosoma cepedianum,1.00E+01,33.3,21,0,"Pierce, Wissing, Megrey 1981",,0
Animalia,Chordata,Actinopterygii,Clupeiformes,Clupeidae,Dorosoma,Dorosoma cepedianum,Dorosoma cepedianum,9.68E+00,32,21.2,0,"Pierce, Wissing, Megrey 1981",,0
Animalia,Chordata,Actinopterygii,Clupeiformes,Clupeidae,Dorosoma,Dorosoma cepedianum,Dorosoma cepedianum,4.32E+00,25,22,0,"Pierce, Wissing, Megrey 1981",,0
Animalia,Chordata,Actinopterygii,Clupeiformes,Clupeidae,Dorosoma,Dorosoma cepedianum,Dorosoma cepedianum,4.07E+01,62,22.7,0,"Pierce, Wissing, Megrey 1981",,0
Animalia,Chordata,Actinopterygii,Clupeiformes,Clupeidae,Dorosoma,Dorosoma cepedianum,Dorosoma cepedianum,7.29E+00,19,23,0,"Pierce, Wissing, Megrey 1981",,0
Animalia,Chordata,Actinopterygii,Clupeiformes,Clupeidae,Dorosoma,Dorosoma cepedianum,Dorosoma cepedianum,4.59E+00,25.7,23.8,0,"Pierce, Wissing, Megrey 1981",,0
Animalia,Chordata,Actinopterygii,Clupeiformes,Clupeidae,Dorosoma,Dorosoma cepedianum,Dorosoma cepedianum,1.24E+01,63.3,23.9,0,"Pierce, Wissing, Megrey 1981",,0
Animalia,Chordata,Actinopterygii,Clupeiformes,Clupeidae,Dorosoma,Dorosoma cepedianum,Dorosoma cepedianum,2.22E+01,74.1,23.9,0,"Pierce, Wissing, Megrey 1981",,0
Animalia,Chordata,Actinopterygii,Clupeiformes,Clupeidae,Dorosoma,Dorosoma cepedianum,Dorosoma cepedianum,1.75E+01,86,24.2,0,"Pierce, Wissing, Megrey 1981",,0
Animalia,Chordata,Actinopterygii,Clupeiformes,Clupeidae,Dorosoma,Dorosoma cepedianum,Dorosoma cepedianum,8.57E+00,24.2,24.5,0,"Pierce, Wissing, Megrey 1981",,0
Animalia,Chordata,Elasmobranchii,Carcharhiniformes,Scyliorhinidae,Scyliorhinus,Scyliorhinus stellaris,Scyliorhinus stellaris,8.85E+00,2530,18.3,0,"Piiper, Meyer, Worth, Willmer 1977",,0
Animalia,Chordata,Elasmobranchii,Carcharhiniformes,Scyliorhinidae,Scyliorhinus,Scyliorhinus stellaris,Scyliorhinus stellaris,9.66E+00,2800,19,0,"Piiper, Meyer, Worth, Willmer 1977",,0
Animalia,Chordata,Actinopterygii,Cypriniformes,Cyprinidae,Esomus,Esomus danrica,Esomus danrica,1.50E-02,0.01,27.5,0,Prasad 1986,,0
Animalia,Chordata,Actinopterygii,Cypriniformes,Cyprinidae,Esomus,Esomus danrica,Esomus danrica,1.72E-02,0.01,27.5,0,Prasad 1986,,0
Animalia,Chordata,Actinopterygii,Cypriniformes,Cyprinidae,Esomus,Esomus danrica,Esomus danrica,1.81E-02,0.01,27.5,0,Prasad 1986,,0
Animalia,Chordata,Actinopterygii,Cypriniformes,Cyprinidae,Esomus,Esomus danrica,Esomus danrica,1.81E-02,0.01,27.5,0,Prasad 1986,,0
Animalia,Chordata,Actinopterygii,Cypriniformes,Cyprinidae,Esomus,Esomus danrica,Esomus danrica,1.75E-02,0.01,27.5,0,Prasad 1986,,0
Animalia,Chordata,Actinopterygii,Cypriniformes,Cyprinidae,Esomus,Esomus danrica,Esomus danrica,3.43E-02,0.02,27.5,0,Prasad 1986,,0
Animalia,Chordata,Actinopterygii,Cypriniformes,Cyprinidae,Esomus,Esomus danrica,Esomus danrica,4.42E-02,0.03,27.5,0,Prasad 1986,,0
Animalia,Chordata,Actinopterygii,Cypriniformes,Cyprinidae,Esomus,Esomus danrica,Esomus danrica,4.27E-02,0.03,27.5,0,Prasad 1986,,0
Animalia,Chordata,Actinopterygii,Cypriniformes,Cyprinidae,Esomus,Esomus danrica,Esomus danrica,4.96E-02,0.04,27.5,0,Prasad 1986,,0
Animalia,Chordata,Actinopterygii,Cypriniformes,Cyprinidae,Esomus,Esomus danrica,Esomus danrica,5.15E-02,0.05,27.5,0,Prasad 1986,,0
Animalia,Chordata,Actinopterygii,Cypriniformes,Cyprinidae,Esomus,Esomus danrica,Esomus danrica,5.08E-02,0.07,27.5,0,Prasad 1986,,0
Animalia,Chordata,Actinopterygii,Cypriniformes,Cyprinidae,Esomus,Esomus danrica,Esomus danrica,5.71E-02,0.08,27.5,0,Prasad 1986,,0
Animalia,Chordata,Actinopterygii,Cypriniformes,Cyprinidae,Esomus,Esomus danrica,Esomus danrica,6.66E-02,0.1,27.5,0,Prasad 1986,,0
Animalia,Chordata,Actinopterygii,Cypriniformes,Cyprinidae,Esomus,Esomus danrica,Esomus danrica,8.37E-02,0.13,27.5,0,Prasad 1986,,0
Animalia,Chordata,Actinopterygii,Cypriniformes,Cyprinidae,Esomus,Esomus danrica,Esomus danrica,8.20E-02,0.18,27.5,0,Prasad 1986,,0
Animalia,Chordata,Actinopterygii,Cypriniformes,Cyprinidae,Esomus,Esomus danrica,Esomus danrica,9.78E-02,0.23,27.5,0,Prasad 1986,,0
Animalia,Chordata,Actinopterygii,Cypriniformes,Cyprinidae,Esomus,Esomus danrica,Esomus danrica,1.27E-01,0.31,27.5,0,Prasad 1986,,0
Animalia,Chordata,Actinopterygii,Cypriniformes,Cyprinidae,Esomus,Esomus danrica,Esomus danrica,1.31E-01,0.38,27.5,0,Prasad 1986,,0
Animalia,Chordata,Actinopterygii,Cypriniformes,Cyprinidae,Esomus,Esomus danrica,Esomus danrica,1.40E-01,0.44,27.5,0,Prasad 1986,,0
Animalia,Chordata,Actinopterygii,Cypriniformes,Cyprinidae,Esomus,Esomus danrica,Esomus danrica,1.52E-01,0.62,27.5,0,Prasad 1986,,0
Animalia,Chordata,Actinopterygii,Synbranchiformes,Mastacembelidae,Macrognathus,Macrognathus aculeatus,Macrognathus aculeatus,1.22E+00,27.2,22.5,0,"Prasad, Pandey, Sinha 1983",,0
Animalia,Chordata,Actinopterygii,Synbranchiformes,Mastacembelidae,Macrognathus,Macrognathus aculeatus,Macrognathus aculeatus,1.54E+00,31.5,26.1,0,"Prasad, Pandey, Sinha 1983",,0
Animalia,Chordata,Actinopterygii,Synbranchiformes,Mastacembelidae,Macrognathus,Macrognathus aculeatus,Macrognathus aculeatus,1.78E+00,32.6,29.2,0,"Prasad, Pandey, Sinha 1983",,0
Animalia,Chordata,Actinopterygii,Synbranchiformes,Mastacembelidae,Macrognathus,Macrognathus aculeatus,Macrognathus aculeatus,1.63E+00,29.2,29.5,0,"Prasad, Pandey, Sinha 1983",,0
Animalia,Chordata,Actinopterygii,Synbranchiformes,Mastacembelidae,Macrognathus,Macrognathus aculeatus,Macrognathus aculeatus,1.83E+00,28.3,31.2,0,"Prasad, Pandey, Sinha 1983",,0
Animalia,Chordata,Actinopterygii,Synbranchiformes,Mastacembelidae,Macrognathus,Macrognathus aculeatus,Macrognathus aculeatus,2.06E+00,30.3,31.5,0,"Prasad, Pandey, Sinha 1983",,0
Animalia,Chordata,Actinopterygii,Synbranchiformes,Mastacembelidae,Macrognathus,Macrognathus aculeatus,Macrognathus aculeatus,1.72E+00,27.9,30.5,0,"Prasad, Pandey, Sinha 1983",,0
Animalia,Chordata,Actinopterygii,Synbranchiformes,Mastacembelidae,Macrognathus,Macrognathus aculeatus,Macrognathus aculeatus,1.87E+00,31.8,30.5,0,"Prasad, Pandey, Sinha 1983",,0
Animalia,Chordata,Actinopterygii,Synbranchiformes,Mastacembelidae,Macrognathus,Macrognathus aculeatus,Macrognathus aculeatus,1.90E+00,32.4,30,0,"Prasad, Pandey, Sinha 1983",,0
Animalia,Chordata,Actinopterygii,Synbranchiformes,Mastacembelidae,Macrognathus,Macrognathus aculeatus,Macrognathus aculeatus,1.46E+00,28.6,28.5,0,"Prasad, Pandey, Sinha 1983",,0
Animalia,Chordata,Actinopterygii,Synbranchiformes,Mastacembelidae,Macrognathus,Macrognathus aculeatus,Macrognathus aculeatus,1.55E+00,31.8,26,0,"Prasad, Pandey, Sinha 1983",,0
Animalia,Chordata,Actinopterygii,Synbranchiformes,Mastacembelidae,Macrognathus,Macrognathus aculeatus,Macrognathus aculeatus,1.16E+00,27.1,21.5,0,"Prasad, Pandey, Sinha 1983",,0
Animalia,Chordata,Actinopterygii,Synbranchiformes,Mastacembelidae,Macrognathus,Macrognathus aculeatus,Macrognathus aculeatus,1.17E+00,28.1,20.8,0,"Prasad, Pandey, Sinha 1983",,0
Animalia,Chordata,Actinopterygii,Cypriniformes,Cyprinidae,Cirrhinus,Cirrhinus mrigala,Cirrhinus mrigala,3.80E-01,5,21.5,0,"Roy, Munshi 1984",,0
Animalia,Chordata,Actinopterygii,Cypriniformes,Cyprinidae,Cirrhinus,Cirrhinus mrigala,Cirrhinus mrigala,6.06E-01,9,21.5,0,"Roy, Munshi 1984",,0
Animalia,Chordata,Actinopterygii,Cypriniformes,Cyprinidae,Cirrhinus,Cirrhinus mrigala,Cirrhinus mrigala,7.13E-01,11,21.5,0,"Roy, Munshi 1984",,0
Animalia,Chordata,Actinopterygii,Cypriniformes,Cyprinidae,Cirrhinus,Cirrhinus mrigala,Cirrhinus mrigala,1.34E+00,24,21.5,0,"Roy, Munshi 1984",,0
Animalia,Chordata,Actinopterygii,Cypriniformes,Cyprinidae,Cirrhinus,Cirrhinus mrigala,Cirrhinus mrigala,1.63E+00,31,21.5,0,"Roy, Munshi 1984",,0
Animalia,Chordata,Actinopterygii,Cypriniformes,Cyprinidae,Cirrhinus,Cirrhinus mrigala,Cirrhinus mrigala,2.30E+00,48,21.5,0,"Roy, Munshi 1984",,0
Animalia,Chordata,Actinopterygii,Cypriniformes,Cyprinidae,Cirrhinus,Cirrhinus mrigala,Cirrhinus mrigala,2.72E+00,59,21.5,0,"Roy, Munshi 1984",,0
Animalia,Chordata,Actinopterygii,Cypriniformes,Cyprinidae,Cirrhinus,Cirrhinus mrigala,Cirrhinus mrigala,3.01E+00,67,21.5,0,"Roy, Munshi 1984",,0
Animalia,Chordata,Actinopterygii,Cypriniformes,Cyprinidae,Cirrhinus,Cirrhinus mrigala,Cirrhinus mrigala,4.04E+00,97,21.5,0,"Roy, Munshi 1984",,0
Animalia,Chordata,Actinopterygii,Cypriniformes,Cyprinidae,Cirrhinus,Cirrhinus mrigala,Cirrhinus mrigala,4.94E+00,125,21.5,0,"Roy, Munshi 1984",,0
Animalia,Chordata,Actinopterygii,Cypriniformes,Cyprinidae,Cirrhinus,Cirrhinus mrigala,Cirrhinus mrigala,6.01E+00,160,21.5,0,"Roy, Munshi 1984",,0
Animalia,Chordata,Actinopterygii,Cypriniformes,Cyprinidae,Cirrhinus,Cirrhinus mrigala,Cirrhinus mrigala,7.13E+00,198,21.5,0,"Roy, Munshi 1984",,0
Animalia,Chordata,Actinopterygii,Cypriniformes,Cyprinidae,Cirrhinus,Cirrhinus mrigala,Cirrhinus mrigala,6.30E-01,5.25,30.5,0,"Roy, Munshi 1984",,0
Animalia,Chordata,Actinopterygii,Cypriniformes,Cyprinidae,Cirrhinus,Cirrhinus mrigala,Cirrhinus mrigala,8.79E-01,8,30.5,0,"Roy, Munshi 1984",,0
Animalia,Chordata,Actinopterygii,Cypriniformes,Cyprinidae,Cirrhinus,Cirrhinus mrigala,Cirrhinus mrigala,1.23E+00,12,30.5,0,"Roy, Munshi 1984",,0
Animalia,Chordata,Actinopterygii,Cypriniformes,Cyprinidae,Cirrhinus,Cirrhinus mrigala,Cirrhinus mrigala,1.86E+00,20,30.5,0,"Roy, Munshi 1984",,0
Animalia,Chordata,Actinopterygii,Cypriniformes,Cyprinidae,Cirrhinus,Cirrhinus mrigala,Cirrhinus mrigala,2.14E+00,24,30.5,0,"Roy, Munshi 1984",,0
Animalia,Chordata,Actinopterygii,Cypriniformes,Cyprinidae,Cirrhinus,Cirrhinus mrigala,Cirrhinus mrigala,2.69E+00,32,30.5,0,"Roy, Munshi 1984",,0
Animalia,Chordata,Actinopterygii,Cypriniformes,Cyprinidae,Cirrhinus,Cirrhinus mrigala,Cirrhinus mrigala,3.87E+00,50,30.5,0,"Roy, Munshi 1984",,0
Animalia,Chordata,Actinopterygii,Cypriniformes,Cyprinidae,Cirrhinus,Cirrhinus mrigala,Cirrhinus mrigala,4.84E+00,65,30.5,0,"Roy, Munshi 1984",,0
Animalia,Chordata,Actinopterygii,Cypriniformes,Cyprinidae,Cirrhinus,Cirrhinus mrigala,Cirrhinus mrigala,6.54E+00,95,30.5,0,"Roy, Munshi 1984",,0
Animalia,Chordata,Actinopterygii,Cypriniformes,Cyprinidae,Cirrhinus,Cirrhinus mrigala,Cirrhinus mrigala,8.03E+00,122,30.5,0,"Roy, Munshi 1984",,0
Animalia,Chordata,Actinopterygii,Cypriniformes,Cyprinidae,Cirrhinus,Cirrhinus mrigala,Cirrhinus mrigala,9.73E+00,155,30.5,0,"Roy, Munshi 1984",,0
Animalia,Chordata,Actinopterygii,Cypriniformes,Cyprinidae,Cirrhinus,Cirrhinus mrigala,Cirrhinus mrigala,1.12E+01,180,30.5,0,"Roy, Munshi 1984",,0
Animalia,Chordata,Actinopterygii,Cypriniformes,Cyprinidae,Cirrhinus,Cirrhinus mrigala,Cirrhinus mrigala,6.03E-01,5,30.5,0,"Roy, Munshi 1984",,0
Animalia,Chordata,Actinopterygii,Cypriniformes,Cyprinidae,Cirrhinus,Cirrhinus mrigala,Cirrhinus mrigala,1.18E+00,11.5,30.5,0,"Roy, Munshi 1984",,0
Animalia,Chordata,Actinopterygii,Cypriniformes,Cyprinidae,Cirrhinus,Cirrhinus mrigala,Cirrhinus mrigala,1.59E+00,16.5,30.5,0,"Roy, Munshi 1984",,0
Animalia,Chordata,Actinopterygii,Cypriniformes,Cyprinidae,Cirrhinus,Cirrhinus mrigala,Cirrhinus mrigala,2.15E+00,24,30.5,0,"Roy, Munshi 1984",,0
Animalia,Chordata,Actinopterygii,Cypriniformes,Cyprinidae,Cirrhinus,Cirrhinus mrigala,Cirrhinus mrigala,2.75E+00,32.5,30.5,0,"Roy, Munshi 1984",,0
Animalia,Chordata,Actinopterygii,Cypriniformes,Cyprinidae,Cirrhinus,Cirrhinus mrigala,Cirrhinus mrigala,3.38E+00,42,30.5,0,"Roy, Munshi 1984",,0
Animalia,Chordata,Actinopterygii,Cypriniformes,Cyprinidae,Cirrhinus,Cirrhinus mrigala,Cirrhinus mrigala,4.03E+00,52,30.5,0,"Roy, Munshi 1984",,0
Animalia,Chordata,Actinopterygii,Cypriniformes,Cyprinidae,Cirrhinus,Cirrhinus mrigala,Cirrhinus mrigala,5.18E+00,71,30.5,0,"Roy, Munshi 1984",,0
Animalia,Chordata,Actinopterygii,Cypriniformes,Cyprinidae,Cirrhinus,Cirrhinus mrigala,Cirrhinus mrigala,5.96E+00,84,30.5,0,"Roy, Munshi 1984",,0
Animalia,Chordata,Actinopterygii,Cypriniformes,Cyprinidae,Cirrhinus,Cirrhinus mrigala,Cirrhinus mrigala,6.68E+00,97,30.5,0,"Roy, Munshi 1984",,0
Animalia,Chordata,Actinopterygii,Cypriniformes,Cyprinidae,Cirrhinus,Cirrhinus mrigala,Cirrhinus mrigala,8.03E+00,121,30.5,0,"Roy, Munshi 1984",,0
Animalia,Chordata,Actinopterygii,Cypriniformes,Cyprinidae,Cirrhinus,Cirrhinus mrigala,Cirrhinus mrigala,8.75E+00,135,30.5,0,"Roy, Munshi 1984",,0
Animalia,Chordata,Actinopterygii,Cypriniformes,Cyprinidae,Cirrhinus,Cirrhinus mrigala,Cirrhinus mrigala,9.13E+00,142,30.5,0,"Roy, Munshi 1984",,0
Animalia,Chordata,Actinopterygii,Cypriniformes,Cyprinidae,Cirrhinus,Cirrhinus mrigala,Cirrhinus mrigala,9.43E+00,149,30.5,0,"Roy, Munshi 1984",,0
Animalia,Chordata,Actinopterygii,Cypriniformes,Cyprinidae,Cirrhinus,Cirrhinus mrigala,Cirrhinus mrigala,1.00E+01,160,30.5,0,"Roy, Munshi 1984",,0
Animalia,Chordata,Actinopterygii,Cypriniformes,Cyprinidae,Cirrhinus,Cirrhinus mrigala,Cirrhinus mrigala,1.10E+01,180,30.5,0,"Roy, Munshi 1984",,0
Animalia,Chordata,Actinopterygii,Cypriniformes,Cyprinidae,Cirrhinus,Cirrhinus mrigala,Cirrhinus mrigala,1.32E+01,224,30.5,0,"Roy, Munshi 1984",,0
Animalia,Chordata,Actinopterygii,Cypriniformes,Cyprinidae,Cirrhinus,Cirrhinus mrigala,Cirrhinus mrigala,1.42E+01,246,30.5,0,"Roy, Munshi 1984",,0
Animalia,Chordata,Actinopterygii,Cypriniformes,Cyprinidae,Cirrhinus,Cirrhinus mrigala,Cirrhinus mrigala,5.19E+01,1213,30.5,0,"Roy, Munshi 1984",,0
Animalia,Chordata,Actinopterygii,Cypriniformes,Cyprinidae,Cirrhinus,Cirrhinus mrigala,Cirrhinus mrigala,7.21E+01,1821,30.5,0,"Roy, Munshi 1984",,0
Animalia,Chordata,Actinopterygii,Cypriniformes,Cyprinidae,Cirrhinus,Cirrhinus mrigala,Cirrhinus mrigala,3.82E-01,5,21.5,0,"Roy, Munshi 1984",,0
Animalia,Chordata,Actinopterygii,Cypriniformes,Cyprinidae,Cirrhinus,Cirrhinus mrigala,Cirrhinus mrigala,7.40E-01,11.5,21.5,0,"Roy, Munshi 1984",,0
Animalia,Chordata,Actinopterygii,Cypriniformes,Cyprinidae,Cirrhinus,Cirrhinus mrigala,Cirrhinus mrigala,1.51E+00,16.5,21.5,0,"Roy, Munshi 1984",,0
Animalia,Chordata,Actinopterygii,Cypriniformes,Cyprinidae,Cirrhinus,Cirrhinus mrigala,Cirrhinus mrigala,1.32E+00,24,21.5,0,"Roy, Munshi 1984",,0
Animalia,Chordata,Actinopterygii,Cypriniformes,Cyprinidae,Cirrhinus,Cirrhinus mrigala,Cirrhinus mrigala,1.70E+00,32.5,21.5,0,"Roy, Munshi 1984",,0
Animalia,Chordata,Actinopterygii,Cypriniformes,Cyprinidae,Cirrhinus,Cirrhinus mrigala,Cirrhinus mrigala,2.08E+00,42,21.5,0,"Roy, Munshi 1984",,0
Animalia,Chordata,Actinopterygii,Cypriniformes,Cyprinidae,Cirrhinus,Cirrhinus mrigala,Cirrhinus mrigala,2.46E+00,52,21.5,0,"Roy, Munshi 1984",,0
Animalia,Chordata,Actinopterygii,Cypriniformes,Cyprinidae,Cirrhinus,Cirrhinus mrigala,Cirrhinus mrigala,3.15E+00,71,21.5,0,"Roy, Munshi 1984",,0
Animalia,Chordata,Actinopterygii,Cypriniformes,Cyprinidae,Cirrhinus,Cirrhinus mrigala,Cirrhinus mrigala,3.60E+00,84,21.5,0,"Roy, Munshi 1984",,0
Animalia,Chordata,Actinopterygii,Cypriniformes,Cyprinidae,Cirrhinus,Cirrhinus mrigala,Cirrhinus mrigala,4.04E+00,97,21.5,0,"Roy, Munshi 1984",,0
Animalia,Chordata,Actinopterygii,Cypriniformes,Cyprinidae,Cirrhinus,Cirrhinus mrigala,Cirrhinus mrigala,4.82E+00,121,21.5,0,"Roy, Munshi 1984",,0
Animalia,Chordata,Actinopterygii,Cypriniformes,Cyprinidae,Cirrhinus,Cirrhinus mrigala,Cirrhinus mrigala,5.26E+00,135,21.5,0,"Roy, Munshi 1984",,0
Animalia,Chordata,Actinopterygii,Cypriniformes,Cyprinidae,Cirrhinus,Cirrhinus mrigala,Cirrhinus mrigala,5.47E+00,142,21.5,0,"Roy, Munshi 1984",,0
Animalia,Chordata,Actinopterygii,Cypriniformes,Cyprinidae,Cirrhinus,Cirrhinus mrigala,Cirrhinus mrigala,5.69E+00,149,21.5,0,"Roy, Munshi 1984",,0
Animalia,Chordata,Actinopterygii,Cypriniformes,Cyprinidae,Cirrhinus,Cirrhinus mrigala,Cirrhinus mrigala,6.02E+00,160,21.5,0,"Roy, Munshi 1984",,0
Animalia,Chordata,Actinopterygii,Cypriniformes,Cyprinidae,Cirrhinus,Cirrhinus mrigala,Cirrhinus mrigala,6.62E+00,180,21.5,0,"Roy, Munshi 1984",,0
Animalia,Chordata,Actinopterygii,Cypriniformes,Cyprinidae,Cirrhinus,Cirrhinus mrigala,Cirrhinus mrigala,7.87E+00,224,21.5,0,"Roy, Munshi 1984",,0
Animalia,Chordata,Actinopterygii,Cypriniformes,Cyprinidae,Cirrhinus,Cirrhinus mrigala,Cirrhinus mrigala,8.48E+00,246,21.5,0,"Roy, Munshi 1984",,0
Animalia,Chordata,Actinopterygii,Cypriniformes,Cyprinidae,Cirrhinus,Cirrhinus mrigala,Cirrhinus mrigala,3.02E+01,1213,21.5,0,"Roy, Munshi 1984",,0
Animalia,Chordata,Actinopterygii,Cypriniformes,Cyprinidae,Cirrhinus,Cirrhinus mrigala,Cirrhinus mrigala,4.18E+01,1821,21.5,0,"Roy, Munshi 1984",,0
Animalia,Chordata,Actinopterygii,Characiformes,Serrasalmidae,Colossoma,Colossoma macropomum,Colossoma macropomum,5.96E-01,0.67,25,0,Saint-Paul 1983,,0
Animalia,Chordata,Actinopterygii,Characiformes,Serrasalmidae,Colossoma,Colossoma macropomum,Colossoma macropomum,5.37E-01,0.89,25,0,Saint-Paul 1983,,0
Animalia,Chordata,Actinopterygii,Characiformes,Serrasalmidae,Colossoma,Colossoma macropomum,Colossoma macropomum,8.25E-01,1,25,0,Saint-Paul 1983,,0
Animalia,Chordata,Actinopterygii,Characiformes,Serrasalmidae,Colossoma,Colossoma macropomum,Colossoma macropomum,5.21E-01,1.32,25,0,Saint-Paul 1983,,0
Animalia,Chordata,Actinopterygii,Characiformes,Serrasalmidae,Colossoma,Colossoma macropomum,Colossoma macropomum,8.84E-01,1.64,25,0,Saint-Paul 1983,,0
Animalia,Chordata,Actinopterygii,Characiformes,Serrasalmidae,Colossoma,Colossoma macropomum,Colossoma macropomum,1.25E+00,4.75,25,0,Saint-Paul 1983,,0
Animalia,Chordata,Actinopterygii,Characiformes,Serrasalmidae,Colossoma,Colossoma macropomum,Colossoma macropomum,1.49E+00,4.75,25,0,Saint-Paul 1983,,0
Animalia,Chordata,Actinopterygii,Characiformes,Serrasalmidae,Colossoma,Colossoma macropomum,Colossoma macropomum,9.49E-01,7.53,25,0,Saint-Paul 1983,,0
Animalia,Chordata,Actinopterygii,Characiformes,Serrasalmidae,Colossoma,Colossoma macropomum,Colossoma macropomum,1.34E+00,8.67,25,0,Saint-Paul 1983,,0
Animalia,Chordata,Actinopterygii,Characiformes,Serrasalmidae,Colossoma,Colossoma macropomum,Colossoma macropomum,1.78E+00,8.67,25,0,Saint-Paul 1983,,0
Animalia,Chordata,Actinopterygii,Characiformes,Serrasalmidae,Colossoma,Colossoma macropomum,Colossoma macropomum,1.49E+00,8.99,25,0,Saint-Paul 1983,,0
Animalia,Chordata,Actinopterygii,Characiformes,Serrasalmidae,Colossoma,Colossoma macropomum,Colossoma macropomum,3.33E+00,21.8,25,0,Saint-Paul 1983,,0
Animalia,Chordata,Actinopterygii,Characiformes,Serrasalmidae,Colossoma,Colossoma macropomum,Colossoma macropomum,1.54E+01,210,25,0,Saint-Paul 1983,,0
Animalia,Chordata,Actinopterygii,Characiformes,Serrasalmidae,Colossoma,Colossoma macropomum,Colossoma macropomum,2.11E+01,242,25,0,Saint-Paul 1983,,0
Animalia,Chordata,Actinopterygii,Characiformes,Serrasalmidae,Colossoma,Colossoma macropomum,Colossoma macropomum,2.19E+01,322,25,0,Saint-Paul 1983,,0
Animalia,Chordata,Actinopterygii,Characiformes,Serrasalmidae,Colossoma,Colossoma macropomum,Colossoma macropomum,2.52E+01,371,25,0,Saint-Paul 1983,,0
Animalia,Chordata,Actinopterygii,Characiformes,Serrasalmidae,Colossoma,Colossoma macropomum,Colossoma macropomum,2.79E+01,475,25,0,Saint-Paul 1983,,0
Animalia,Chordata,Actinopterygii,Characiformes,Serrasalmidae,Colossoma,Colossoma macropomum,Colossoma macropomum,2.43E+01,492,25,0,Saint-Paul 1983,,0
Animalia,Chordata,Actinopterygii,Characiformes,Serrasalmidae,Colossoma,Colossoma macropomum,Colossoma macropomum,2.79E+01,510,25,0,Saint-Paul 1983,,0
Animalia,Chordata,Actinopterygii,Characiformes,Serrasalmidae,Colossoma,Colossoma macropomum,Colossoma macropomum,3.11E+01,548,25,0,Saint-Paul 1983,,0
Animalia,Chordata,Actinopterygii,Characiformes,Serrasalmidae,Colossoma,Colossoma macropomum,Colossoma macropomum,2.27E+01,609,25,0,Saint-Paul 1983,,0
Animalia,Chordata,Actinopterygii,Characiformes,Serrasalmidae,Colossoma,Colossoma macropomum,Colossoma macropomum,2.90E+01,609,25,0,Saint-Paul 1983,,0
Animalia,Chordata,Actinopterygii,Characiformes,Serrasalmidae,Colossoma,Colossoma macropomum,Colossoma macropomum,2.90E+01,677,25,0,Saint-Paul 1983,,0
Animalia,Chordata,Actinopterygii,Characiformes,Serrasalmidae,Colossoma,Colossoma macropomum,Colossoma macropomum,2.70E+01,677,25,0,Saint-Paul 1983,,0
Animalia,Chordata,Actinopterygii,Characiformes,Serrasalmidae,Colossoma,Colossoma macropomum,Colossoma macropomum,4.38E+01,780,25,0,Saint-Paul 1983,,0
Animalia,Chordata,Actinopterygii,Characiformes,Serrasalmidae,Colossoma,Colossoma macropomum,Colossoma macropomum,3.22E+01,838,25,0,Saint-Paul 1983,,0
Animalia,Chordata,Actinopterygii,Characiformes,Serrasalmidae,Colossoma,Colossoma macropomum,Colossoma macropomum,3.57E+01,932,25,0,Saint-Paul 1983,,0
Animalia,Chordata,Actinopterygii,Characiformes,Serrasalmidae,Colossoma,Colossoma macropomum,Colossoma macropomum,6.27E+01,1040,25,0,Saint-Paul 1983,,0
Animalia,Chordata,Actinopterygii,Characiformes,Serrasalmidae,Colossoma,Colossoma macropomum,Colossoma macropomum,5.80E+01,1070,25,0,Saint-Paul 1983,,0
Animalia,Chordata,Actinopterygii,Characiformes,Serrasalmidae,Colossoma,Colossoma macropomum,Colossoma macropomum,3.56E+01,1110,25,0,Saint-Paul 1983,,0
Animalia,Chordata,Actinopterygii,Characiformes,Serrasalmidae,Colossoma,Colossoma macropomum,Colossoma macropomum,3.69E+01,1150,25,0,Saint-Paul 1983,,0
Animalia,Chordata,Actinopterygii,Characiformes,Serrasalmidae,Colossoma,Colossoma macropomum,Colossoma macropomum,3.82E+01,1280,25,0,Saint-Paul 1983,,0
Animalia,Chordata,Actinopterygii,Characiformes,Serrasalmidae,Colossoma,Colossoma macropomum,Colossoma macropomum,3.11E+01,1240,25,0,Saint-Paul 1983,,0
Animalia,Chordata,Actinopterygii,Characiformes,Serrasalmidae,Colossoma,Colossoma macropomum,Colossoma macropomum,5.07E+01,1330,25,0,Saint-Paul 1983,,0
Animalia,Chordata,Actinopterygii,Characiformes,Serrasalmidae,Colossoma,Colossoma macropomum,Colossoma macropomum,7.45E+01,1480,25,0,Saint-Paul 1983,,0
Animalia,Chordata,Actinopterygii,Characiformes,Serrasalmidae,Colossoma,Colossoma macropomum,Colossoma macropomum,7.15E+01,1580,25,0,Saint-Paul 1983,,0
Animalia,Chordata,Actinopterygii,Characiformes,Serrasalmidae,Colossoma,Colossoma macropomum,Colossoma macropomum,4.39E+01,1760,25,0,Saint-Paul 1983,,0
Animalia,Chordata,Actinopterygii,Characiformes,Serrasalmidae,Colossoma,Colossoma macropomum,Colossoma macropomum,8.84E+01,2100,25,0,Saint-Paul 1983,,0
Animalia,Chordata,Actinopterygii,Characiformes,Serrasalmidae,Colossoma,Colossoma macropomum,Colossoma macropomum,5.73E-01,0.34,30,0,Saint-Paul 1983,,0
Animalia,Chordata,Actinopterygii,Characiformes,Serrasalmidae,Colossoma,Colossoma macropomum,Colossoma macropomum,7.14E-01,0.49,30,0,Saint-Paul 1983,,0
Animalia,Chordata,Actinopterygii,Characiformes,Serrasalmidae,Colossoma,Colossoma macropomum,Colossoma macropomum,6.86E-01,0.8,30,0,Saint-Paul 1983,,0
Animalia,Chordata,Actinopterygii,Characiformes,Serrasalmidae,Colossoma,Colossoma macropomum,Colossoma macropomum,7.39E-01,0.96,30,0,Saint-Paul 1983,,0
Animalia,Chordata,Actinopterygii,Characiformes,Serrasalmidae,Colossoma,Colossoma macropomum,Colossoma macropomum,1.25E+00,1.07,30,0,Saint-Paul 1983,,0
Animalia,Chordata,Actinopterygii,Characiformes,Serrasalmidae,Colossoma,Colossoma macropomum,Colossoma macropomum,5.91E-01,1.11,30,0,Saint-Paul 1983,,0
Animalia,Chordata,Actinopterygii,Characiformes,Serrasalmidae,Colossoma,Colossoma macropomum,Colossoma macropomum,9.14E-01,1.19,30,0,Saint-Paul 1983,,0
Animalia,Chordata,Actinopterygii,Characiformes,Serrasalmidae,Colossoma,Colossoma macropomum,Colossoma macropomum,7.65E-01,1.32,30,0,Saint-Paul 1983,,0
Animalia,Chordata,Actinopterygii,Characiformes,Serrasalmidae,Colossoma,Colossoma macropomum,Colossoma macropomum,8.81E-01,1.37,30,0,Saint-Paul 1983,,0
Animalia,Chordata,Actinopterygii,Characiformes,Serrasalmidae,Colossoma,Colossoma macropomum,Colossoma macropomum,8.09E-01,1.99,30,0,Saint-Paul 1983,,0
Animalia,Chordata,Actinopterygii,Characiformes,Serrasalmidae,Colossoma,Colossoma macropomum,Colossoma macropomum,8.24E-01,2.74,30,0,Saint-Paul 1983,,0
Animalia,Chordata,Actinopterygii,Characiformes,Serrasalmidae,Colossoma,Colossoma macropomum,Colossoma macropomum,1.17E+00,3.1,30,0,Saint-Paul 1983,,0
Animalia,Chordata,Actinopterygii,Characiformes,Serrasalmidae,Colossoma,Colossoma macropomum,Colossoma macropomum,1.02E+01,21,30,0,Saint-Paul 1983,,0
Animalia,Chordata,Actinopterygii,Characiformes,Serrasalmidae,Colossoma,Colossoma macropomum,Colossoma macropomum,8.53E+00,24.2,30,0,Saint-Paul 1983,,0
Animalia,Chordata,Actinopterygii,Characiformes,Serrasalmidae,Colossoma,Colossoma macropomum,Colossoma macropomum,7.69E+00,26,30,0,Saint-Paul 1983,,0
Animalia,Chordata,Actinopterygii,Characiformes,Serrasalmidae,Colossoma,Colossoma macropomum,Colossoma macropomum,4.72E+00,24.2,30,0,Saint-Paul 1983,,0
Animalia,Chordata,Actinopterygii,Characiformes,Serrasalmidae,Colossoma,Colossoma macropomum,Colossoma macropomum,5.63E+00,28,30,0,Saint-Paul 1983,,0
Animalia,Chordata,Actinopterygii,Characiformes,Serrasalmidae,Colossoma,Colossoma macropomum,Colossoma macropomum,1.66E+01,49.2,30,0,Saint-Paul 1983,,0
Animalia,Chordata,Actinopterygii,Characiformes,Serrasalmidae,Colossoma,Colossoma macropomum,Colossoma macropomum,1.44E+01,111,30,0,Saint-Paul 1983,,0
Animalia,Chordata,Actinopterygii,Characiformes,Serrasalmidae,Colossoma,Colossoma macropomum,Colossoma macropomum,1.60E+01,196,30,0,Saint-Paul 1983,,0
Animalia,Chordata,Actinopterygii,Characiformes,Serrasalmidae,Colossoma,Colossoma macropomum,Colossoma macropomum,1.90E+01,210,30,0,Saint-Paul 1983,,0
Animalia,Chordata,Actinopterygii,Characiformes,Serrasalmidae,Colossoma,Colossoma macropomum,Colossoma macropomum,2.27E+01,210,30,0,Saint-Paul 1983,,0
Animalia,Chordata,Actinopterygii,Characiformes,Serrasalmidae,Colossoma,Colossoma macropomum,Colossoma macropomum,3.69E+01,289,30,0,Saint-Paul 1983,,0
Animalia,Chordata,Actinopterygii,Characiformes,Serrasalmidae,Colossoma,Colossoma macropomum,Colossoma macropomum,3.83E+01,358,30,0,Saint-Paul 1983,,0
Animalia,Chordata,Actinopterygii,Characiformes,Serrasalmidae,Colossoma,Colossoma macropomum,Colossoma macropomum,3.33E+01,384,30,0,Saint-Paul 1983,,0
Animalia,Chordata,Actinopterygii,Characiformes,Serrasalmidae,Colossoma,Colossoma macropomum,Colossoma macropomum,4.26E+01,412,30,0,Saint-Paul 1983,,0
Animalia,Chordata,Actinopterygii,Characiformes,Serrasalmidae,Colossoma,Colossoma macropomum,Colossoma macropomum,4.26E+01,475,30,0,Saint-Paul 1983,,0
Animalia,Chordata,Actinopterygii,Characiformes,Serrasalmidae,Colossoma,Colossoma macropomum,Colossoma macropomum,4.26E+01,510,30,0,Saint-Paul 1983,,0
Animalia,Chordata,Actinopterygii,Characiformes,Serrasalmidae,Colossoma,Colossoma macropomum,Colossoma macropomum,2.89E+01,529,30,0,Saint-Paul 1983,,0
Animalia,Chordata,Actinopterygii,Characiformes,Serrasalmidae,Colossoma,Colossoma macropomum,Colossoma macropomum,5.63E+01,548,30,0,Saint-Paul 1983,,0
Animalia,Chordata,Actinopterygii,Characiformes,Serrasalmidae,Colossoma,Colossoma macropomum,Colossoma macropomum,2.70E+01,609,30,0,Saint-Paul 1983,,0
Animalia,Chordata,Actinopterygii,Characiformes,Serrasalmidae,Colossoma,Colossoma macropomum,Colossoma macropomum,5.05E+01,631,30,0,Saint-Paul 1983,,0
Animalia,Chordata,Actinopterygii,Characiformes,Serrasalmidae,Colossoma,Colossoma macropomum,Colossoma macropomum,4.74E+01,654,30,0,Saint-Paul 1983,,0
Animalia,Chordata,Actinopterygii,Characiformes,Serrasalmidae,Colossoma,Colossoma macropomum,Colossoma macropomum,4.74E+01,780,30,0,Saint-Paul 1983,,0
Animalia,Chordata,Actinopterygii,Characiformes,Serrasalmidae,Colossoma,Colossoma macropomum,Colossoma macropomum,6.04E+01,780,30,0,Saint-Paul 1983,,0
Animalia,Chordata,Actinopterygii,Characiformes,Serrasalmidae,Colossoma,Colossoma macropomum,Colossoma macropomum,5.83E+01,899,30,0,Saint-Paul 1983,,0
Animalia,Chordata,Actinopterygii,Characiformes,Serrasalmidae,Colossoma,Colossoma macropomum,Colossoma macropomum,5.62E+01,932,30,0,Saint-Paul 1983,,0
Animalia,Chordata,Actinopterygii,Characiformes,Serrasalmidae,Colossoma,Colossoma macropomum,Colossoma macropomum,4.41E+01,932,30,0,Saint-Paul 1983,,0
Animalia,Chordata,Actinopterygii,Characiformes,Serrasalmidae,Colossoma,Colossoma macropomum,Colossoma macropomum,7.15E+01,1580,30,0,Saint-Paul 1983,,0
Animalia,Chordata,Actinopterygii,Characiformes,Serrasalmidae,Colossoma,Colossoma macropomum,Colossoma macropomum,1.21E+02,1830,30,0,Saint-Paul 1983,,0
Animalia,Chordata,Actinopterygii,Characiformes,Serrasalmidae,Colossoma,Colossoma macropomum,Colossoma macropomum,9.16E+01,2030,30,0,Saint-Paul 1983,,0
Animalia,Chordata,Actinopterygii,Characiformes,Serrasalmidae,Colossoma,Colossoma macropomum,Colossoma macropomum,7.17E+01,2100,30,0,Saint-Paul 1983,,0
Animalia,Chordata,Actinopterygii,Characiformes,Serrasalmidae,Colossoma,Colossoma macropomum,Colossoma macropomum,1.49E+00,5.47,35,0,Saint-Paul 1983,,0
Animalia,Chordata,Actinopterygii,Characiformes,Serrasalmidae,Colossoma,Colossoma macropomum,Colossoma macropomum,2.43E+00,12.8,35,0,Saint-Paul 1983,,0
Animalia,Chordata,Actinopterygii,Characiformes,Serrasalmidae,Colossoma,Colossoma macropomum,Colossoma macropomum,2.19E+00,16.4,35,0,Saint-Paul 1983,,0
Animalia,Chordata,Actinopterygii,Characiformes,Serrasalmidae,Colossoma,Colossoma macropomum,Colossoma macropomum,2.70E+00,17,35,0,Saint-Paul 1983,,0
Animalia,Chordata,Actinopterygii,Characiformes,Serrasalmidae,Colossoma,Colossoma macropomum,Colossoma macropomum,5.28E+00,39.8,35,0,Saint-Paul 1983,,0
Animalia,Chordata,Actinopterygii,Characiformes,Serrasalmidae,Colossoma,Colossoma macropomum,Colossoma macropomum,9.43E+00,67.2,35,0,Saint-Paul 1983,,0
Animalia,Chordata,Actinopterygii,Characiformes,Serrasalmidae,Colossoma,Colossoma macropomum,Colossoma macropomum,7.56E+00,89.9,35,0,Saint-Paul 1983,,0
Animalia,Chordata,Actinopterygii,Characiformes,Serrasalmidae,Colossoma,Colossoma macropomum,Colossoma macropomum,9.82E+00,100,35,0,Saint-Paul 1983,,0
Animalia,Chordata,Actinopterygii,Characiformes,Serrasalmidae,Colossoma,Colossoma macropomum,Colossoma macropomum,7.70E+00,111,35,0,Saint-Paul 1983,,0
Animalia,Chordata,Actinopterygii,Characiformes,Serrasalmidae,Colossoma,Colossoma macropomum,Colossoma macropomum,1.01E+01,119,35,0,Saint-Paul 1983,,0
Animalia,Chordata,Actinopterygii,Characiformes,Serrasalmidae,Colossoma,Colossoma macropomum,Colossoma macropomum,1.25E+01,128,35,0,Saint-Paul 1983,,0
Animalia,Chordata,Actinopterygii,Characiformes,Serrasalmidae,Colossoma,Colossoma macropomum,Colossoma macropomum,8.89E+00,133,35,0,Saint-Paul 1983,,0
Animalia,Chordata,Actinopterygii,Characiformes,Serrasalmidae,Colossoma,Colossoma macropomum,Colossoma macropomum,1.78E+01,153,35,0,Saint-Paul 1983,,0
Animalia,Chordata,Actinopterygii,Characiformes,Serrasalmidae,Colossoma,Colossoma macropomum,Colossoma macropomum,3.23E+01,459,35,0,Saint-Paul 1983,,0
Animalia,Chordata,Actinopterygii,Characiformes,Serrasalmidae,Colossoma,Colossoma macropomum,Colossoma macropomum,3.84E+01,459,35,0,Saint-Paul 1983,,0
Animalia,Chordata,Actinopterygii,Characiformes,Serrasalmidae,Colossoma,Colossoma macropomum,Colossoma macropomum,4.11E+01,492,35,0,Saint-Paul 1983,,0
Animalia,Chordata,Actinopterygii,Characiformes,Serrasalmidae,Colossoma,Colossoma macropomum,Colossoma macropomum,4.11E+01,588,35,0,Saint-Paul 1983,,0
Animalia,Chordata,Actinopterygii,Characiformes,Serrasalmidae,Colossoma,Colossoma macropomum,Colossoma macropomum,4.12E+01,631,35,0,Saint-Paul 1983,,0
Animalia,Chordata,Actinopterygii,Characiformes,Serrasalmidae,Colossoma,Colossoma macropomum,Colossoma macropomum,5.44E+01,702,35,0,Saint-Paul 1983,,0
Animalia,Chordata,Actinopterygii,Characiformes,Serrasalmidae,Colossoma,Colossoma macropomum,Colossoma macropomum,6.48E+01,780,35,0,Saint-Paul 1983,,0
Animalia,Chordata,Actinopterygii,Characiformes,Serrasalmidae,Colossoma,Colossoma macropomum,Colossoma macropomum,6.72E+01,809,35,0,Saint-Paul 1983,,0
Animalia,Chordata,Actinopterygii,Characiformes,Serrasalmidae,Colossoma,Colossoma macropomum,Colossoma macropomum,5.05E+01,899,35,0,Saint-Paul 1983,,0
Animalia,Chordata,Actinopterygii,Characiformes,Serrasalmidae,Colossoma,Colossoma macropomum,Colossoma macropomum,5.82E+01,965,35,0,Saint-Paul 1983,,0
Animalia,Chordata,Actinopterygii,Characiformes,Serrasalmidae,Colossoma,Colossoma macropomum,Colossoma macropomum,6.26E+01,965,35,0,Saint-Paul 1983,,0
Animalia,Chordata,Actinopterygii,Characiformes,Serrasalmidae,Colossoma,Colossoma macropomum,Colossoma macropomum,6.16E+01,1040,35,0,Saint-Paul 1983,,0
Animalia,Chordata,Actinopterygii,Characiformes,Serrasalmidae,Colossoma,Colossoma macropomum,Colossoma macropomum,5.53E+01,1040,35,0,Saint-Paul 1983,,0
Animalia,Chordata,Actinopterygii,Characiformes,Serrasalmidae,Colossoma,Colossoma macropomum,Colossoma macropomum,5.80E+01,1090,35,0,Saint-Paul 1983,,0
Animalia,Chordata,Actinopterygii,Characiformes,Serrasalmidae,Colossoma,Colossoma macropomum,Colossoma macropomum,7.42E+01,1110,35,0,Saint-Paul 1983,,0
Animalia,Chordata,Actinopterygii,Characiformes,Serrasalmidae,Colossoma,Colossoma macropomum,Colossoma macropomum,5.80E+01,1190,35,0,Saint-Paul 1983,,0
Animalia,Chordata,Actinopterygii,Characiformes,Serrasalmidae,Colossoma,Colossoma macropomum,Colossoma macropomum,6.94E+01,1330,35,0,Saint-Paul 1983,,0
Animalia,Chordata,Actinopterygii,Characiformes,Serrasalmidae,Colossoma,Colossoma macropomum,Colossoma macropomum,7.21E+01,1430,35,0,Saint-Paul 1983,,0
Animalia,Chordata,Actinopterygii,Characiformes,Serrasalmidae,Colossoma,Colossoma macropomum,Colossoma macropomum,6.72E+01,1430,35,0,Saint-Paul 1983,,0
Animalia,Chordata,Actinopterygii,Characiformes,Serrasalmidae,Colossoma,Colossoma macropomum,Colossoma macropomum,7.15E+01,1580,35,0,Saint-Paul 1983,,0
Animalia,Chordata,Actinopterygii,Characiformes,Serrasalmidae,Colossoma,Colossoma macropomum,Colossoma macropomum,7.98E+01,2260,35,0,Saint-Paul 1983,,0
Animalia,Chordata,Actinopterygii,Gadiformes,Gadidae,Gadus,Gadus morhua,Gadus morhua,1.09E+01,430,3,0,Saunders 1963,,0
Animalia,Chordata,Actinopterygii,Gadiformes,Gadidae,Gadus,Gadus morhua,Gadus morhua,2.00E+01,1040,3,0,Saunders 1963,,0
Animalia,Chordata,Actinopterygii,Gadiformes,Gadidae,Gadus,Gadus morhua,Gadus morhua,2.50E+01,1120,3,0,Saunders 1963,,0
Animalia,Chordata,Actinopterygii,Gadiformes,Gadidae,Gadus,Gadus morhua,Gadus morhua,3.32E+01,1640,3,0,Saunders 1963,,0
Animalia,Chordata,Actinopterygii,Gadiformes,Gadidae,Gadus,Gadus morhua,Gadus morhua,3.16E+01,1450,3,0,Saunders 1963,,0
Animalia,Chordata,Actinopterygii,Gadiformes,Gadidae,Gadus,Gadus morhua,Gadus morhua,5.12E+01,2810,3,0,Saunders 1963,,0
Animalia,Chordata,Actinopterygii,Gadiformes,Gadidae,Gadus,Gadus morhua,Gadus morhua,9.43E+01,6650,3,0,Saunders 1963,,0
Animalia,Chordata,Actinopterygii,Gadiformes,Gadidae,Gadus,Gadus morhua,Gadus morhua,1.20E+01,320,10,0,Saunders 1963,,0
Animalia,Chordata,Actinopterygii,Gadiformes,Gadidae,Gadus,Gadus morhua,Gadus morhua,2.17E+01,640,10,0,Saunders 1963,,0
Animalia,Chordata,Actinopterygii,Gadiformes,Gadidae,Gadus,Gadus morhua,Gadus morhua,3.90E+01,1070,10,0,Saunders 1963,,0
Animalia,Chordata,Actinopterygii,Gadiformes,Gadidae,Gadus,Gadus morhua,Gadus morhua,3.70E+01,1000,10,0,Saunders 1963,,0
Animalia,Chordata,Actinopterygii,Gadiformes,Gadidae,Gadus,Gadus morhua,Gadus morhua,6.32E+01,1980,10,0,Saunders 1963,,0
Animalia,Chordata,Actinopterygii,Gadiformes,Gadidae,Gadus,Gadus morhua,Gadus morhua,9.89E+01,2960,10,0,Saunders 1963,,0
Animalia,Chordata,Actinopterygii,Gadiformes,Gadidae,Gadus,Gadus morhua,Gadus morhua,1.80E+02,7100,10,0,Saunders 1963,,0
Animalia,Chordata,Actinopterygii,Gadiformes,Gadidae,Gadus,Gadus morhua,Gadus morhua,1.16E+01,150,15,0,Saunders 1963,,0
Animalia,Chordata,Actinopterygii,Gadiformes,Gadidae,Gadus,Gadus morhua,Gadus morhua,2.00E+01,430,15,0,Saunders 1963,,0
Animalia,Chordata,Actinopterygii,Gadiformes,Gadidae,Gadus,Gadus morhua,Gadus morhua,1.82E+01,460,15,0,Saunders 1963,,0
Animalia,Chordata,Actinopterygii,Gadiformes,Gadidae,Gadus,Gadus morhua,Gadus morhua,2.18E+01,490,15,0,Saunders 1963,,0
Animalia,Chordata,Actinopterygii,Gadiformes,Gadidae,Gadus,Gadus morhua,Gadus morhua,5.18E+01,1420,15,0,Saunders 1963,,0
Animalia,Chordata,Actinopterygii,Gadiformes,Gadidae,Gadus,Gadus morhua,Gadus morhua,6.04E+01,1340,15,0,Saunders 1963,,0
Animalia,Chordata,Actinopterygii,Gadiformes,Gadidae,Gadus,Gadus morhua,Gadus morhua,5.85E+01,1650,15,0,Saunders 1963,,0
Animalia,Chordata,Actinopterygii,Gadiformes,Gadidae,Gadus,Gadus morhua,Gadus morhua,9.42E+01,3050,15,0,Saunders 1963,,0
Animalia,Chordata,Actinopterygii,Perciformes,Cichlidae,Coptodon,Tilapia zillii,Coptodon zillii,2.83E-01,1.46,25,0,Schulze-Wiehenbrauck 1978,,0
Animalia,Chordata,Actinopterygii,Perciformes,Cichlidae,Coptodon,Tilapia zillii,Coptodon zillii,2.34E-01,1.46,25,0,Schulze-Wiehenbrauck 1978,,0
Animalia,Chordata,Actinopterygii,Perciformes,Cichlidae,Coptodon,Tilapia zillii,Coptodon zillii,1.98E-01,0.83,25,0,Schulze-Wiehenbrauck 1978,,0
Animalia,Chordata,Actinopterygii,Perciformes,Cichlidae,Coptodon,Tilapia zillii,Coptodon zillii,1.12E+00,6.05,25,0,Schulze-Wiehenbrauck 1978,,0
Animalia,Chordata,Actinopterygii,Perciformes,Cichlidae,Coptodon,Tilapia zillii,Coptodon zillii,8.64E-01,7.05,25,0,Schulze-Wiehenbrauck 1978,,0
Animalia,Chordata,Actinopterygii,Perciformes,Cichlidae,Coptodon,Tilapia zillii,Coptodon zillii,9.52E-01,7.26,25,0,Schulze-Wiehenbrauck 1978,,0
Animalia,Chordata,Actinopterygii,Perciformes,Cichlidae,Coptodon,Tilapia zillii,Coptodon zillii,9.71E-01,6.87,25,0,Schulze-Wiehenbrauck 1978,,0
Animalia,Chordata,Actinopterygii,Perciformes,Cichlidae,Coptodon,Tilapia zillii,Coptodon zillii,2.77E+00,24.77,25,0,Schulze-Wiehenbrauck 1978,,0
Animalia,Chordata,Actinopterygii,Perciformes,Cichlidae,Coptodon,Tilapia zillii,Coptodon zillii,2.25E-01,0.93,25,0,Schulze-Wiehenbrauck 1978,,0
Animalia,Chordata,Actinopterygii,Perciformes,Cichlidae,Coptodon,Tilapia zillii,Coptodon zillii,2.30E-01,0.9,25,0,Schulze-Wiehenbrauck 1978,,0
Animalia,Chordata,Actinopterygii,Perciformes,Cichlidae,Coptodon,Tilapia zillii,Coptodon zillii,2.81E-01,0.97,25,0,Schulze-Wiehenbrauck 1978,,0
Animalia,Chordata,Actinopterygii,Perciformes,Cichlidae,Coptodon,Tilapia zillii,Coptodon zillii,1.55E-01,0.83,25,0,Schulze-Wiehenbrauck 1978,,0
Animalia,Chordata,Actinopterygii,Perciformes,Cichlidae,Coptodon,Tilapia zillii,Coptodon zillii,1.78E-01,0.83,25,0,Schulze-Wiehenbrauck 1978,,0
Animalia,Chordata,Actinopterygii,Perciformes,Cichlidae,Coptodon,Tilapia zillii,Coptodon zillii,2.08E-01,0.8,25,0,Schulze-Wiehenbrauck 1978,,0
Animalia,Chordata,Actinopterygii,Perciformes,Cichlidae,Coptodon,Tilapia zillii,Coptodon zillii,2.52E-01,0.83,25,0,Schulze-Wiehenbrauck 1978,,0
Animalia,Chordata,Actinopterygii,Perciformes,Cichlidae,Coptodon,Tilapia zillii,Coptodon zillii,1.87E-01,0.77,25,0,Schulze-Wiehenbrauck 1978,,0
Animalia,Chordata,Actinopterygii,Perciformes,Cichlidae,Coptodon,Tilapia zillii,Coptodon zillii,2.24E-01,0.9,25,0,Schulze-Wiehenbrauck 1978,,0
Animalia,Chordata,Actinopterygii,Perciformes,Cichlidae,Coptodon,Tilapia zillii,Coptodon zillii,2.21E-01,0.9,25,0,Schulze-Wiehenbrauck 1978,,0
Animalia,Chordata,Actinopterygii,Perciformes,Cichlidae,Coptodon,Tilapia zillii,Coptodon zillii,1.75E-01,0.95,25,0,Schulze-Wiehenbrauck 1978,,0
Animalia,Chordata,Actinopterygii,Perciformes,Cichlidae,Coptodon,Tilapia zillii,Coptodon zillii,1.85E-01,1,25,0,Schulze-Wiehenbrauck 1978,,0
Animalia,Chordata,Actinopterygii,Perciformes,Cichlidae,Coptodon,Tilapia zillii,Coptodon zillii,1.84E-01,1.25,25,0,Schulze-Wiehenbrauck 1978,,0
Animalia,Chordata,Actinopterygii,Perciformes,Cichlidae,Coptodon,Tilapia zillii,Coptodon zillii,2.36E-01,1.05,25,0,Schulze-Wiehenbrauck 1978,,0
Animalia,Chordata,Actinopterygii,Perciformes,Cichlidae,Coptodon,Tilapia zillii,Coptodon zillii,1.70E-01,1.05,25,0,Schulze-Wiehenbrauck 1978,,0
Animalia,Chordata,Actinopterygii,Perciformes,Cichlidae,Coptodon,Tilapia zillii,Coptodon zillii,1.80E-01,1.1,25,0,Schulze-Wiehenbrauck 1978,,0
Animalia,Chordata,Actinopterygii,Salmoniformes,Salmonidae,Oncorhynchus,Salmo gairdneri,Oncorhynchus mykiss,2.03E+01,190,19,0,"Sebert, Barthelemy, Peyraud 1984",,0
Animalia,Chordata,Actinopterygii,Salmoniformes,Salmonidae,Oncorhynchus,Salmo gairdneri,Oncorhynchus mykiss,1.44E+01,190,14,0,"Sebert, Barthelemy, Peyraud 1984",,0
Animalia,Chordata,Actinopterygii,Siluriformes,Heteropneustidae,Heteropneustes,Heteropneustes fossilis,Heteropneustes fossilis,4.31E-03,0.01,28,0,"Sheel, Singh 1981",,0
Animalia,Chordata,Actinopterygii,Siluriformes,Heteropneustidae,Heteropneustes,Heteropneustes fossilis,Heteropneustes fossilis,5.60E-03,0.01,28,0,"Sheel, Singh 1981",,0
Animalia,Chordata,Actinopterygii,Siluriformes,Heteropneustidae,Heteropneustes,Heteropneustes fossilis,Heteropneustes fossilis,8.57E-03,0.02,28,0,"Sheel, Singh 1981",,0
Animalia,Chordata,Actinopterygii,Cypriniformes,Cobitidae,Lepidocephalichthys,Lepidocephalus guntea,Lepidocephalichthys guntea,3.54E-01,1.27,24,0,"Shivaraj, Patil 1985",,0
Animalia,Chordata,Actinopterygii,Cypriniformes,Cobitidae,Lepidocephalichthys,Lepidocephalus guntea,Lepidocephalichthys guntea,6.05E-01,1.27,24,0,"Shivaraj, Patil 1985",,0
Animalia,Chordata,Actinopterygii,Cypriniformes,Cobitidae,Lepidocephalichthys,Lepidocephalus guntea,Lepidocephalichthys guntea,3.92E-01,1.27,24,0,"Shivaraj, Patil 1985",,0
Animalia,Chordata,Actinopterygii,Cypriniformes,Cobitidae,Lepidocephalichthys,Lepidocephalus guntea,Lepidocephalichthys guntea,4.31E-01,1.27,24,0,"Shivaraj, Patil 1985",,0
Animalia,Chordata,Actinopterygii,Cypriniformes,Cobitidae,Lepidocephalichthys,Lepidocephalus guntea,Lepidocephalichthys guntea,4.57E-01,1.27,24,0,"Shivaraj, Patil 1985",,0
Animalia,Chordata,Actinopterygii,Cypriniformes,Cobitidae,Lepidocephalichthys,Lepidocephalus guntea,Lepidocephalichthys guntea,3.28E-01,1.27,24,0,"Shivaraj, Patil 1985",,0
Animalia,Chordata,Actinopterygii,Cypriniformes,Cobitidae,Lepidocephalichthys,Lepidocephalus guntea,Lepidocephalichthys guntea,2.25E-01,1.27,24,0,"Shivaraj, Patil 1985",,0
Animalia,Chordata,Actinopterygii,Cypriniformes,Cobitidae,Lepidocephalichthys,Lepidocephalus guntea,Lepidocephalichthys guntea,9.00E-02,1.27,24,0,"Shivaraj, Patil 1985",,0
Animalia,Chordata,Actinopterygii,Perciformes,Channidae,Channa,Channa striatus,Channa striata,6.63E-03,0.01,28,0,"Singh, Prasad, Mishra 1986",,0
Animalia,Chordata,Actinopterygii,Perciformes,Channidae,Channa,Channa striatus,Channa striata,7.56E-03,0.01,28,0,"Singh, Prasad, Mishra 1986",,0
Animalia,Chordata,Actinopterygii,Perciformes,Channidae,Channa,Channa striatus,Channa striata,4.97E-03,0.01,28,0,"Singh, Prasad, Mishra 1986",,0
Animalia,Chordata,Actinopterygii,Perciformes,Channidae,Channa,Channa punctatus,Channa punctata,4.35E-03,0.01,28,0,"Singh, Prasad, Mishra, Singh 1982",,0
Animalia,Chordata,Actinopterygii,Perciformes,Channidae,Channa,Channa punctatus,Channa punctata,5.10E-03,0.01,28,0,"Singh, Prasad, Mishra, Singh 1982",,0
Animalia,Chordata,Actinopterygii,Perciformes,Channidae,Channa,Channa punctatus,Channa punctata,7.15E-03,0.01,28,0,"Singh, Prasad, Mishra, Singh 1982",,0
Animalia,Chordata,Actinopterygii,Perciformes,Channidae,Channa,Channa punctatus,Channa punctata,7.10E-03,0.02,28,0,"Singh, Prasad, Mishra, Singh 1982",,0
Animalia,Chordata,Actinopterygii,Perciformes,Channidae,Channa,Channa punctatus,Channa punctata,8.40E-03,0.02,28,0,"Singh, Prasad, Mishra, Singh 1982",,0
Animalia,Chordata,Actinopterygii,Perciformes,Channidae,Channa,Channa punctatus,Channa punctata,1.02E-02,0.04,28,0,"Singh, Prasad, Mishra, Singh 1982",,0
Animalia,Chordata,Actinopterygii,Perciformes,Channidae,Channa,Channa punctatus,Channa punctata,1.38E-02,0.06,28,0,"Singh, Prasad, Mishra, Singh 1982",,0
Animalia,Chordata,Actinopterygii,Perciformes,Channidae,Channa,Channa punctatus,Channa punctata,1.75E-02,0.06,28,0,"Singh, Prasad, Mishra, Singh 1982",,0
Animalia,Chordata,Actinopterygii,Perciformes,Channidae,Channa,Channa punctatus,Channa punctata,3.00E-02,0.07,28,0,"Singh, Prasad, Mishra, Singh 1982",,0
Animalia,Chordata,Actinopterygii,Perciformes,Channidae,Channa,Channa punctatus,Channa punctata,3.39E-02,0.07,28,0,"Singh, Prasad, Mishra, Singh 1982",,0
Animalia,Chordata,Actinopterygii,Perciformes,Channidae,Channa,Channa punctatus,Channa punctata,2.59E-02,0.07,28,0,"Singh, Prasad, Mishra, Singh 1982",,0
Animalia,Chordata,Actinopterygii,Perciformes,Channidae,Channa,Channa punctatus,Channa punctata,2.03E-02,0.07,28,0,"Singh, Prasad, Mishra, Singh 1982",,0
Animalia,Chordata,Actinopterygii,Perciformes,Channidae,Channa,Channa punctatus,Channa punctata,2.00E-02,0.1,28,0,"Singh, Prasad, Mishra, Singh 1982",,0
Animalia,Chordata,Actinopterygii,Perciformes,Channidae,Channa,Channa punctatus,Channa punctata,2.04E-02,0.12,28,0,"Singh, Prasad, Mishra, Singh 1982",,0
Animalia,Chordata,Actinopterygii,Perciformes,Channidae,Channa,Channa punctatus,Channa punctata,2.80E-02,0.14,28,0,"Singh, Prasad, Mishra, Singh 1982",,0
Animalia,Chordata,Actinopterygii,Perciformes,Channidae,Channa,Channa punctatus,Channa punctata,3.88E-02,0.21,28,0,"Singh, Prasad, Mishra, Singh 1982",,0
Animalia,Chordata,Actinopterygii,Perciformes,Channidae,Channa,Channa punctatus,Channa punctata,3.38E-02,0.27,28,0,"Singh, Prasad, Mishra, Singh 1982",,0
Animalia,Chordata,Actinopterygii,Perciformes,Channidae,Channa,Channa punctatus,Channa punctata,4.25E-02,0.37,28,0,"Singh, Prasad, Mishra, Singh 1982",,0
Animalia,Chordata,Actinopterygii,Perciformes,Channidae,Channa,Channa punctatus,Channa punctata,4.99E-02,0.5,28,0,"Singh, Prasad, Mishra, Singh 1982",,0
Animalia,Chordata,Actinopterygii,Perciformes,Channidae,Channa,Channa punctatus,Channa punctata,4.87E-02,0.54,28,0,"Singh, Prasad, Mishra, Singh 1982",,0
Animalia,Chordata,Actinopterygii,Perciformes,Channidae,Channa,Channa punctatus,Channa punctata,5.81E-02,0.63,28,0,"Singh, Prasad, Mishra, Singh 1982",,0
Animalia,Chordata,Actinopterygii,Perciformes,Channidae,Channa,Channa punctatus,Channa punctata,7.34E-02,0.7,28,0,"Singh, Prasad, Mishra, Singh 1982",,0
Animalia,Chordata,Actinopterygii,Perciformes,Channidae,Channa,Channa punctatus,Channa punctata,7.41E-02,0.95,28,0,"Singh, Prasad, Mishra, Singh 1982",,0
Animalia,Chordata,Actinopterygii,Perciformes,Channidae,Channa,Channa punctatus,Channa punctata,9.23E-02,0.97,28,0,"Singh, Prasad, Mishra, Singh 1982",,0
Animalia,Chordata,Actinopterygii,Cyprinodontiformes,Cyprinodontidae,Aphanius,Aphanius dispar,Aphanius dispar,1.00E-01,0.43,20,0,"Skadhauge, Lotan 1974",,0
Animalia,Chordata,Actinopterygii,Cyprinodontiformes,Cyprinodontidae,Aphanius,Aphanius dispar,Aphanius dispar,1.42E-01,0.49,20,0,"Skadhauge, Lotan 1974",,0
Animalia,Chordata,Actinopterygii,Cyprinodontiformes,Cyprinodontidae,Aphanius,Aphanius dispar,Aphanius dispar,1.40E-01,0.6,20,0,"Skadhauge, Lotan 1974",,0
Animalia,Chordata,Actinopterygii,Cyprinodontiformes,Cyprinodontidae,Aphanius,Aphanius dispar,Aphanius dispar,9.47E-02,0.56,17,0,"Skadhauge, Lotan 1974",,0
Animalia,Chordata,Actinopterygii,Cyprinodontiformes,Cyprinodontidae,Aphanius,Aphanius dispar,Aphanius dispar,2.35E-01,0.79,24.5,0,"Skadhauge, Lotan 1974",,0
Animalia,Chordata,Actinopterygii,Gadiformes,Macrouridae,Coryphaenoides,Coryphaenoides armatus,Coryphaenoides armatus,1.32E+00,500,3,0,Smith 1978,,1
Animalia,Chordata,Actinopterygii,Gadiformes,Macrouridae,Coryphaenoides,Coryphaenoides armatus,Coryphaenoides armatus,1.55E+00,700,3,0,Smith 1978,,1
Animalia,Chordata,Actinopterygii,Gadiformes,Macrouridae,Coryphaenoides,Coryphaenoides armatus,Coryphaenoides armatus,2.32E+00,1200,3,0,Smith 1978,,1
Animalia,Chordata,Actinopterygii,Stomiiformes,Gonostomatidae,Cyclothone,Cyclothone acclinidens,Cyclothone acclinidens,2.14E-02,0.23,3,0,"Smith, Laver 1981",,0
Animalia,Chordata,Actinopterygii,Stomiiformes,Gonostomatidae,Cyclothone,Cyclothone acclinidens,Cyclothone acclinidens,3.61E-02,0.52,3,0,"Smith, Laver 1981",,0
Animalia,Chordata,Actinopterygii,Stomiiformes,Gonostomatidae,Cyclothone,Cyclothone acclinidens,Cyclothone acclinidens,5.24E-02,0.87,3,0,"Smith, Laver 1981",,0
Animalia,Chordata,Actinopterygii,Perciformes,Centrarchidae,Lepomis,Lepomis macrochirus,Lepomis macrochirus,8.79E+00,133.5,30,0,"Spitzer, Marvin, Heath 1969",,0
Animalia,Chordata,Actinopterygii,Perciformes,Centrarchidae,Lepomis,Lepomis macrochirus,Lepomis macrochirus,7.91E+00,133.5,30,0,"Spitzer, Marvin, Heath 1969",,0
Animalia,Chordata,Actinopterygii,Perciformes,Centrarchidae,Lepomis,Lepomis macrochirus,Lepomis macrochirus,6.68E+00,133.5,30,0,"Spitzer, Marvin, Heath 1969",,0
Animalia,Chordata,Actinopterygii,Perciformes,Centrarchidae,Lepomis,Lepomis macrochirus,Lepomis macrochirus,5.20E+00,133.5,30,0,"Spitzer, Marvin, Heath 1969",,0
Animalia,Chordata,Actinopterygii,Perciformes,Centrarchidae,Lepomis,Lepomis macrochirus,Lepomis macrochirus,3.43E+00,133.5,30,0,"Spitzer, Marvin, Heath 1969",,0
Animalia,Chordata,Actinopterygii,Perciformes,Centrarchidae,Lepomis,Lepomis macrochirus,Lepomis macrochirus,7.44E-01,133.5,30,0,"Spitzer, Marvin, Heath 1969",,0
Animalia,Chordata,Actinopterygii,Perciformes,Centrarchidae,Lepomis,Lepomis macrochirus,Lepomis macrochirus,6.76E+00,133.5,25,0,"Spitzer, Marvin, Heath 1969",,0
Animalia,Chordata,Actinopterygii,Perciformes,Centrarchidae,Lepomis,Lepomis macrochirus,Lepomis macrochirus,7.17E+00,133.5,25,0,"Spitzer, Marvin, Heath 1969",,0
Animalia,Chordata,Actinopterygii,Perciformes,Centrarchidae,Lepomis,Lepomis macrochirus,Lepomis macrochirus,7.10E+00,133.5,25,0,"Spitzer, Marvin, Heath 1969",,0
Animalia,Chordata,Actinopterygii,Perciformes,Centrarchidae,Lepomis,Lepomis macrochirus,Lepomis macrochirus,7.03E+00,133.5,25,0,"Spitzer, Marvin, Heath 1969",,0
Animalia,Chordata,Actinopterygii,Perciformes,Centrarchidae,Lepomis,Lepomis macrochirus,Lepomis macrochirus,6.96E+00,133.5,25,0,"Spitzer, Marvin, Heath 1969",,0
Animalia,Chordata,Actinopterygii,Perciformes,Centrarchidae,Lepomis,Lepomis macrochirus,Lepomis macrochirus,6.68E+00,133.5,25,0,"Spitzer, Marvin, Heath 1969",,0
Animalia,Chordata,Actinopterygii,Perciformes,Centrarchidae,Lepomis,Lepomis macrochirus,Lepomis macrochirus,6.26E+00,133.5,25,0,"Spitzer, Marvin, Heath 1969",,0
Animalia,Chordata,Actinopterygii,Perciformes,Centrarchidae,Lepomis,Lepomis macrochirus,Lepomis macrochirus,5.75E+00,133.5,25,0,"Spitzer, Marvin, Heath 1969",,0
Animalia,Chordata,Actinopterygii,Perciformes,Centrarchidae,Lepomis,Lepomis macrochirus,Lepomis macrochirus,5.20E+00,133.5,25,0,"Spitzer, Marvin, Heath 1969",,0
Animalia,Chordata,Actinopterygii,Perciformes,Centrarchidae,Lepomis,Lepomis macrochirus,Lepomis macrochirus,1.49E+00,133.5,25,0,"Spitzer, Marvin, Heath 1969",,0
Animalia,Chordata,Actinopterygii,Perciformes,Centrarchidae,Lepomis,Lepomis macrochirus,Lepomis macrochirus,4.64E-01,133.5,25,0,"Spitzer, Marvin, Heath 1969",,0
Animalia,Chordata,Actinopterygii,Perciformes,Centrarchidae,Lepomis,Lepomis macrochirus,Lepomis macrochirus,3.89E+00,133.5,13,0,"Spitzer, Marvin, Heath 1969",,0
Animalia,Chordata,Actinopterygii,Perciformes,Centrarchidae,Lepomis,Lepomis macrochirus,Lepomis macrochirus,3.53E+00,133.5,13,0,"Spitzer, Marvin, Heath 1969",,0
Animalia,Chordata,Actinopterygii,Perciformes,Centrarchidae,Lepomis,Lepomis macrochirus,Lepomis macrochirus,3.43E+00,133.5,13,0,"Spitzer, Marvin, Heath 1969",,0
Animalia,Chordata,Actinopterygii,Perciformes,Centrarchidae,Lepomis,Lepomis macrochirus,Lepomis macrochirus,3.53E+00,133.5,13,0,"Spitzer, Marvin, Heath 1969",,0
Animalia,Chordata,Actinopterygii,Perciformes,Centrarchidae,Lepomis,Lepomis macrochirus,Lepomis macrochirus,3.71E+00,133.5,13,0,"Spitzer, Marvin, Heath 1969",,0
Animalia,Chordata,Actinopterygii,Perciformes,Centrarchidae,Lepomis,Lepomis macrochirus,Lepomis macrochirus,3.66E+00,133.5,13,0,"Spitzer, Marvin, Heath 1969",,0
Animalia,Chordata,Actinopterygii,Perciformes,Centrarchidae,Lepomis,Lepomis macrochirus,Lepomis macrochirus,3.43E+00,133.5,13,0,"Spitzer, Marvin, Heath 1969",,0
Animalia,Chordata,Actinopterygii,Perciformes,Centrarchidae,Lepomis,Lepomis macrochirus,Lepomis macrochirus,2.87E+00,133.5,13,0,"Spitzer, Marvin, Heath 1969",,0
Animalia,Chordata,Actinopterygii,Perciformes,Centrarchidae,Lepomis,Lepomis macrochirus,Lepomis macrochirus,2.14E+00,133.5,13,0,"Spitzer, Marvin, Heath 1969",,0
Animalia,Chordata,Actinopterygii,Perciformes,Centrarchidae,Lepomis,Lepomis macrochirus,Lepomis macrochirus,1.35E+00,133.5,13,0,"Spitzer, Marvin, Heath 1969",,0
Animalia,Chordata,Actinopterygii,Perciformes,Centrarchidae,Lepomis,Lepomis macrochirus,Lepomis macrochirus,4.64E-01,133.5,13,0,"Spitzer, Marvin, Heath 1969",,0
Animalia,Chordata,Actinopterygii,Perciformes,Centrarchidae,Micropterus,Micropterus salmoides,Micropterus salmoides,6.08E-01,1.4,20,0,Spoor 1977,,0
Animalia,Chordata,Actinopterygii,Perciformes,Centrarchidae,Micropterus,Micropterus salmoides,Micropterus salmoides,7.29E-01,1.6,20,0,Spoor 1977,,0
Animalia,Chordata,Actinopterygii,Perciformes,Centrarchidae,Micropterus,Micropterus salmoides,Micropterus salmoides,8.20E-01,1.7,20,0,Spoor 1977,,0
Animalia,Chordata,Actinopterygii,Perciformes,Centrarchidae,Micropterus,Micropterus salmoides,Micropterus salmoides,1.03E+00,1.9,20,0,Spoor 1977,,0
Animalia,Chordata,Actinopterygii,Perciformes,Centrarchidae,Micropterus,Micropterus salmoides,Micropterus salmoides,1.16E+00,2.1,20,0,Spoor 1977,,0
Animalia,Chordata,Actinopterygii,Perciformes,Centrarchidae,Micropterus,Micropterus salmoides,Micropterus salmoides,1.42E+00,2.4,20,0,Spoor 1977,,0
Animalia,Chordata,Actinopterygii,Characiformes,Erythrinidae,Hoplerythrinus,Hoplerythrinus unitaenia,Hoplerythrinus unitaeniatus,6.56E+00,107,28.5,0,"Stevens, Holeton 1978",,0
Animalia,Chordata,Actinopterygii,Characiformes,Erythrinidae,Hoplerythrinus,Hoplerythrinus unitaenia,Hoplerythrinus unitaeniatus,1.14E+01,190,28.5,0,"Stevens, Holeton 1978",,0
Animalia,Chordata,Actinopterygii,Characiformes,Erythrinidae,Hoplerythrinus,Hoplerythrinus unitaenia,Hoplerythrinus unitaeniatus,1.39E+01,213,28.5,0,"Stevens, Holeton 1978",,0
Animalia,Chordata,Actinopterygii,Characiformes,Erythrinidae,Hoplerythrinus,Hoplerythrinus unitaenia,Hoplerythrinus unitaeniatus,1.16E+01,227,28.5,0,"Stevens, Holeton 1978",,0
Animalia,Chordata,Actinopterygii,Characiformes,Erythrinidae,Hoplerythrinus,Hoplerythrinus unitaenia,Hoplerythrinus unitaeniatus,1.55E+01,303,28.5,0,"Stevens, Holeton 1978",,0
Animalia,Chordata,Actinopterygii,Characiformes,Erythrinidae,Hoplerythrinus,Hoplerythrinus unitaenia,Hoplerythrinus unitaeniatus,1.76E+01,368,28.5,0,"Stevens, Holeton 1978",,0
Animalia,Chordata,Actinopterygii,Characiformes,Erythrinidae,Hoplerythrinus,Hoplerythrinus unitaenia,Hoplerythrinus unitaeniatus,1.93E+01,378,28.5,0,"Stevens, Holeton 1978",,0
Animalia,Chordata,Actinopterygii,Characiformes,Erythrinidae,Hoplerythrinus,Hoplerythrinus unitaenia,Hoplerythrinus unitaeniatus,1.48E+01,388,28.5,0,"Stevens, Holeton 1978",,0
Animalia,Chordata,Actinopterygii,Characiformes,Erythrinidae,Hoplerythrinus,Hoplerythrinus unitaenia,Hoplerythrinus unitaeniatus,2.59E+01,533,28.5,0,"Stevens, Holeton 1978",,0
Animalia,Chordata,Actinopterygii,Characiformes,Erythrinidae,Hoplerythrinus,Hoplerythrinus unitaenia,Hoplerythrinus unitaeniatus,1.98E+00,368,28.5,0,"Stevens, Holeton 1978",,0
Animalia,Chordata,Actinopterygii,Characiformes,Erythrinidae,Hoplerythrinus,Hoplerythrinus unitaenia,Hoplerythrinus unitaeniatus,1.49E+00,368,28.5,0,"Stevens, Holeton 1978",,0
Animalia,Chordata,Actinopterygii,Characiformes,Erythrinidae,Hoplerythrinus,Hoplerythrinus unitaenia,Hoplerythrinus unitaeniatus,9.24E+00,368,28.5,0,"Stevens, Holeton 1978",,0
Animalia,Chordata,Actinopterygii,Characiformes,Erythrinidae,Hoplerythrinus,Hoplerythrinus unitaenia,Hoplerythrinus unitaeniatus,5.29E+00,368,28.5,0,"Stevens, Holeton 1978",,0
Animalia,Chordata,Actinopterygii,Characiformes,Erythrinidae,Hoplerythrinus,Hoplerythrinus unitaenia,Hoplerythrinus unitaeniatus,2.65E+00,368,28.5,0,"Stevens, Holeton 1978",,0
Animalia,Chordata,Actinopterygii,Characiformes,Erythrinidae,Hoplerythrinus,Hoplerythrinus unitaenia,Hoplerythrinus unitaeniatus,3.30E+00,368,28.5,0,"Stevens, Holeton 1978",,0
Animalia,Chordata,Actinopterygii,Characiformes,Erythrinidae,Hoplerythrinus,Hoplerythrinus unitaenia,Hoplerythrinus unitaeniatus,1.65E+01,368,28.5,0,"Stevens, Holeton 1978",,0
Animalia,Chordata,Actinopterygii,Characiformes,Erythrinidae,Hoplerythrinus,Hoplerythrinus unitaenia,Hoplerythrinus unitaeniatus,1.59E+01,368,28.5,0,"Stevens, Holeton 1978",,0
Animalia,Chordata,Actinopterygii,Characiformes,Erythrinidae,Hoplerythrinus,Hoplerythrinus unitaenia,Hoplerythrinus unitaeniatus,1.39E+01,368,28.5,0,"Stevens, Holeton 1978",,0
Animalia,Chordata,Actinopterygii,Characiformes,Erythrinidae,Hoplerythrinus,Hoplerythrinus unitaenia,Hoplerythrinus unitaeniatus,1.55E+01,368,28.5,0,"Stevens, Holeton 1978",,0
Animalia,Chordata,Actinopterygii,Characiformes,Erythrinidae,Hoplerythrinus,Hoplerythrinus unitaenia,Hoplerythrinus unitaeniatus,1.70E+01,368,28.5,0,"Stevens, Holeton 1978",,0
Animalia,Chordata,Actinopterygii,Characiformes,Erythrinidae,Hoplerythrinus,Hoplerythrinus unitaenia,Hoplerythrinus unitaeniatus,1.99E+01,368,28.5,0,"Stevens, Holeton 1978",,0
Animalia,Chordata,Actinopterygii,Characiformes,Erythrinidae,Hoplerythrinus,Hoplerythrinus unitaenia,Hoplerythrinus unitaeniatus,2.72E+00,378,28.5,0,"Stevens, Holeton 1978",,0
Animalia,Chordata,Actinopterygii,Characiformes,Erythrinidae,Hoplerythrinus,Hoplerythrinus unitaenia,Hoplerythrinus unitaeniatus,1.19E+00,378,28.5,0,"Stevens, Holeton 1978",,0
Animalia,Chordata,Actinopterygii,Characiformes,Erythrinidae,Hoplerythrinus,Hoplerythrinus unitaenia,Hoplerythrinus unitaeniatus,4.08E+00,378,28.5,0,"Stevens, Holeton 1978",,0
Animalia,Chordata,Actinopterygii,Characiformes,Erythrinidae,Hoplerythrinus,Hoplerythrinus unitaenia,Hoplerythrinus unitaeniatus,7.81E+00,378,28.5,0,"Stevens, Holeton 1978",,0
Animalia,Chordata,Actinopterygii,Characiformes,Erythrinidae,Hoplerythrinus,Hoplerythrinus unitaenia,Hoplerythrinus unitaeniatus,1.36E+01,378,28.5,0,"Stevens, Holeton 1978",,0
Animalia,Chordata,Actinopterygii,Characiformes,Erythrinidae,Hoplerythrinus,Hoplerythrinus unitaenia,Hoplerythrinus unitaeniatus,7.12E+00,378,28.5,0,"Stevens, Holeton 1978",,0
Animalia,Chordata,Actinopterygii,Characiformes,Erythrinidae,Hoplerythrinus,Hoplerythrinus unitaenia,Hoplerythrinus unitaeniatus,1.19E+01,378,28.5,0,"Stevens, Holeton 1978",,0
Animalia,Chordata,Actinopterygii,Characiformes,Erythrinidae,Hoplerythrinus,Hoplerythrinus unitaenia,Hoplerythrinus unitaeniatus,1.48E+01,378,28.5,0,"Stevens, Holeton 1978",,0
Animalia,Chordata,Actinopterygii,Characiformes,Erythrinidae,Hoplerythrinus,Hoplerythrinus unitaenia,Hoplerythrinus unitaeniatus,1.80E+01,378,28.5,0,"Stevens, Holeton 1978",,0
Animalia,Chordata,Actinopterygii,Characiformes,Erythrinidae,Hoplerythrinus,Hoplerythrinus unitaenia,Hoplerythrinus unitaeniatus,2.16E+01,378,28.5,0,"Stevens, Holeton 1978",,0
Animalia,Chordata,Actinopterygii,Characiformes,Erythrinidae,Hoplerythrinus,Hoplerythrinus unitaenia,Hoplerythrinus unitaeniatus,2.15E+00,227,28.5,0,"Stevens, Holeton 1978",,0
Animalia,Chordata,Actinopterygii,Characiformes,Erythrinidae,Hoplerythrinus,Hoplerythrinus unitaenia,Hoplerythrinus unitaeniatus,2.03E+00,227,28.5,0,"Stevens, Holeton 1978",,0
Animalia,Chordata,Actinopterygii,Characiformes,Erythrinidae,Hoplerythrinus,Hoplerythrinus unitaenia,Hoplerythrinus unitaeniatus,3.26E+00,227,28.5,0,"Stevens, Holeton 1978",,0
Animalia,Chordata,Actinopterygii,Characiformes,Erythrinidae,Hoplerythrinus,Hoplerythrinus unitaenia,Hoplerythrinus unitaeniatus,5.09E+00,227,28.5,0,"Stevens, Holeton 1978",,0
Animalia,Chordata,Actinopterygii,Characiformes,Erythrinidae,Hoplerythrinus,Hoplerythrinus unitaenia,Hoplerythrinus unitaeniatus,5.70E+00,227,28.5,0,"Stevens, Holeton 1978",,0
Animalia,Chordata,Actinopterygii,Characiformes,Erythrinidae,Hoplerythrinus,Hoplerythrinus unitaenia,Hoplerythrinus unitaeniatus,1.24E+01,227,28.5,0,"Stevens, Holeton 1978",,0
Animalia,Chordata,Actinopterygii,Characiformes,Erythrinidae,Hoplerythrinus,Hoplerythrinus unitaenia,Hoplerythrinus unitaeniatus,1.22E+01,227,28.5,0,"Stevens, Holeton 1978",,0
Animalia,Chordata,Actinopterygii,Characiformes,Erythrinidae,Hoplerythrinus,Hoplerythrinus unitaenia,Hoplerythrinus unitaeniatus,1.06E+01,227,28.5,0,"Stevens, Holeton 1978",,0
Animalia,Chordata,Actinopterygii,Characiformes,Erythrinidae,Hoplerythrinus,Hoplerythrinus unitaenia,Hoplerythrinus unitaeniatus,1.63E+00,304,28.5,0,"Stevens, Holeton 1978",,0
Animalia,Chordata,Actinopterygii,Characiformes,Erythrinidae,Hoplerythrinus,Hoplerythrinus unitaenia,Hoplerythrinus unitaeniatus,1.05E+01,304,28.5,0,"Stevens, Holeton 1978",,0
Animalia,Chordata,Actinopterygii,Characiformes,Erythrinidae,Hoplerythrinus,Hoplerythrinus unitaenia,Hoplerythrinus unitaeniatus,6.33E+00,304,28.5,0,"Stevens, Holeton 1978",,0
Animalia,Chordata,Actinopterygii,Characiformes,Erythrinidae,Hoplerythrinus,Hoplerythrinus unitaenia,Hoplerythrinus unitaeniatus,1.53E+01,304,28.5,0,"Stevens, Holeton 1978",,0
Animalia,Chordata,Actinopterygii,Characiformes,Erythrinidae,Hoplerythrinus,Hoplerythrinus unitaenia,Hoplerythrinus unitaeniatus,1.63E+01,304,28.5,0,"Stevens, Holeton 1978",,0
Animalia,Chordata,Actinopterygii,Characiformes,Erythrinidae,Hoplerythrinus,Hoplerythrinus unitaenia,Hoplerythrinus unitaeniatus,9.93E+00,304,28.5,0,"Stevens, Holeton 1978",,0
Animalia,Chordata,Actinopterygii,Characiformes,Erythrinidae,Hoplerythrinus,Hoplerythrinus unitaenia,Hoplerythrinus unitaeniatus,8.10E+00,243,28.5,0,"Stevens, Holeton 1978",,0
Animalia,Chordata,Actinopterygii,Characiformes,Erythrinidae,Hoplerythrinus,Hoplerythrinus unitaenia,Hoplerythrinus unitaeniatus,3.49E+00,243,28.5,0,"Stevens, Holeton 1978",,0
Animalia,Chordata,Actinopterygii,Characiformes,Erythrinidae,Hoplerythrinus,Hoplerythrinus unitaenia,Hoplerythrinus unitaeniatus,6.33E+00,243,28.5,0,"Stevens, Holeton 1978",,0
Animalia,Chordata,Actinopterygii,Characiformes,Erythrinidae,Hoplerythrinus,Hoplerythrinus unitaenia,Hoplerythrinus unitaeniatus,7.85E+00,243,28.5,0,"Stevens, Holeton 1978",,0
Animalia,Chordata,Actinopterygii,Characiformes,Erythrinidae,Hoplerythrinus,Hoplerythrinus unitaenia,Hoplerythrinus unitaeniatus,7.20E+00,243,28.5,0,"Stevens, Holeton 1978",,0
Animalia,Chordata,Actinopterygii,Characiformes,Erythrinidae,Hoplerythrinus,Hoplerythrinus unitaenia,Hoplerythrinus unitaeniatus,9.72E+00,243,28.5,0,"Stevens, Holeton 1978",,0
Animalia,Chordata,Actinopterygii,Characiformes,Erythrinidae,Hoplerythrinus,Hoplerythrinus unitaenia,Hoplerythrinus unitaeniatus,6.55E+00,243,28.5,0,"Stevens, Holeton 1978",,0
Animalia,Chordata,Actinopterygii,Characiformes,Erythrinidae,Hoplerythrinus,Hoplerythrinus unitaenia,Hoplerythrinus unitaeniatus,1.18E+01,243,28.5,0,"Stevens, Holeton 1978",,0
Animalia,Chordata,Actinopterygii,Characiformes,Erythrinidae,Hoplerythrinus,Hoplerythrinus unitaenia,Hoplerythrinus unitaeniatus,9.38E+00,243,28.5,0,"Stevens, Holeton 1978",,0
Animalia,Chordata,Actinopterygii,Characiformes,Erythrinidae,Hoplerythrinus,Hoplerythrinus unitaenia,Hoplerythrinus unitaeniatus,4.80E+00,243,28.5,0,"Stevens, Holeton 1978",,0
Animalia,Chordata,Actinopterygii,Perciformes,Sciaenidae,Leiostomus,Leiostomus xanthurus,Leiostomus xanthurus,1.18E+00,18,25,0,Subrahmanyam 1980,,0
Animalia,Chordata,Actinopterygii,Perciformes,Sciaenidae,Leiostomus,Leiostomus xanthurus,Leiostomus xanthurus,1.19E+00,18,25,0,Subrahmanyam 1980,,0
Animalia,Chordata,Actinopterygii,Perciformes,Sciaenidae,Leiostomus,Leiostomus xanthurus,Leiostomus xanthurus,9.48E-01,18,25,0,Subrahmanyam 1980,,0
Animalia,Chordata,Actinopterygii,Perciformes,Sciaenidae,Leiostomus,Leiostomus xanthurus,Leiostomus xanthurus,7.20E-01,18,25,0,Subrahmanyam 1980,,0
Animalia,Chordata,Actinopterygii,Perciformes,Sciaenidae,Leiostomus,Leiostomus xanthurus,Leiostomus xanthurus,9.25E-01,14.5,25,0,Subrahmanyam 1980,,0
Animalia,Chordata,Actinopterygii,Perciformes,Sciaenidae,Leiostomus,Leiostomus xanthurus,Leiostomus xanthurus,6.58E-01,14.5,25,0,Subrahmanyam 1980,,0
Animalia,Chordata,Actinopterygii,Perciformes,Sciaenidae,Leiostomus,Leiostomus xanthurus,Leiostomus xanthurus,5.25E-01,14.5,25,0,Subrahmanyam 1980,,0
Animalia,Chordata,Actinopterygii,Perciformes,Sciaenidae,Leiostomus,Leiostomus xanthurus,Leiostomus xanthurus,4.69E-01,14.5,25,0,Subrahmanyam 1980,,0
Animalia,Chordata,Actinopterygii,Perciformes,Sciaenidae,Leiostomus,Leiostomus xanthurus,Leiostomus xanthurus,4.49E-01,14.5,25,0,Subrahmanyam 1980,,0
Animalia,Chordata,Actinopterygii,Perciformes,Sciaenidae,Leiostomus,Leiostomus xanthurus,Leiostomus xanthurus,7.19E-01,11.1,25,0,Subrahmanyam 1980,,0
Animalia,Chordata,Actinopterygii,Perciformes,Sciaenidae,Leiostomus,Leiostomus xanthurus,Leiostomus xanthurus,5.49E-01,11.1,25,0,Subrahmanyam 1980,,0
Animalia,Chordata,Actinopterygii,Perciformes,Sciaenidae,Leiostomus,Leiostomus xanthurus,Leiostomus xanthurus,3.91E-01,11.1,25,0,Subrahmanyam 1980,,0
Animalia,Chordata,Actinopterygii,Perciformes,Sciaenidae,Leiostomus,Leiostomus xanthurus,Leiostomus xanthurus,3.13E-01,11.1,25,0,Subrahmanyam 1980,,0
Animalia,Chordata,Actinopterygii,Perciformes,Sparidae,Lagodon,Lagodon rhomboides,Lagodon rhomboides,7.86E-01,13.5,25,0,Subrahmanyam 1980,,0
Animalia,Chordata,Actinopterygii,Perciformes,Sparidae,Lagodon,Lagodon rhomboides,Lagodon rhomboides,6.58E-01,13.5,25,0,Subrahmanyam 1980,,0
Animalia,Chordata,Actinopterygii,Perciformes,Sparidae,Lagodon,Lagodon rhomboides,Lagodon rhomboides,5.75E-01,13.5,25,0,Subrahmanyam 1980,,0
Animalia,Chordata,Actinopterygii,Perciformes,Sparidae,Lagodon,Lagodon rhomboides,Lagodon rhomboides,4.85E-01,13.5,25,0,Subrahmanyam 1980,,0
Animalia,Chordata,Actinopterygii,Perciformes,Sparidae,Lagodon,Lagodon rhomboides,Lagodon rhomboides,3.92E-01,13.5,25,0,Subrahmanyam 1980,,0
Animalia,Chordata,Actinopterygii,Perciformes,Sparidae,Lagodon,Lagodon rhomboides,Lagodon rhomboides,7.03E-01,7.8,25,0,Subrahmanyam 1980,,0
Animalia,Chordata,Actinopterygii,Perciformes,Sparidae,Lagodon,Lagodon rhomboides,Lagodon rhomboides,6.00E-01,7.8,25,0,Subrahmanyam 1980,,0
Animalia,Chordata,Actinopterygii,Perciformes,Sparidae,Lagodon,Lagodon rhomboides,Lagodon rhomboides,5.13E-01,7.8,25,0,Subrahmanyam 1980,,0
Animalia,Chordata,Actinopterygii,Perciformes,Sparidae,Lagodon,Lagodon rhomboides,Lagodon rhomboides,4.27E-01,7.8,25,0,Subrahmanyam 1980,,0
Animalia,Chordata,Actinopterygii,Perciformes,Sparidae,Lagodon,Lagodon rhomboides,Lagodon rhomboides,3.50E-01,7.8,25,0,Subrahmanyam 1980,,0
Animalia,Chordata,Actinopterygii,Cyprinodontiformes,Fundulidae,Fundulus,Fundulus similis,Fundulus similis,9.69E-01,21,25,0,Subrahmanyam 1980,,0
Animalia,Chordata,Actinopterygii,Cyprinodontiformes,Fundulidae,Fundulus,Fundulus similis,Fundulus similis,6.48E-01,21,25,0,Subrahmanyam 1980,,0
Animalia,Chordata,Actinopterygii,Cyprinodontiformes,Fundulidae,Fundulus,Fundulus similis,Fundulus similis,4.24E-01,21,25,0,Subrahmanyam 1980,,0
Animalia,Chordata,Actinopterygii,Cyprinodontiformes,Fundulidae,Fundulus,Fundulus similis,Fundulus similis,1.52E-01,21,25,0,Subrahmanyam 1980,,0
Animalia,Chordata,Actinopterygii,Cyprinodontiformes,Fundulidae,Fundulus,Fundulus similis,Fundulus similis,7.92E-02,21,25,0,Subrahmanyam 1980,,0
Animalia,Chordata,Actinopterygii,Cyprinodontiformes,Fundulidae,Fundulus,Fundulus similis,Fundulus similis,1.09E+00,13.4,25,0,Subrahmanyam 1980,,0
Animalia,Chordata,Actinopterygii,Cyprinodontiformes,Fundulidae,Fundulus,Fundulus similis,Fundulus similis,4.05E-01,13.4,25,0,Subrahmanyam 1980,,0
Animalia,Chordata,Actinopterygii,Cyprinodontiformes,Fundulidae,Fundulus,Fundulus similis,Fundulus similis,3.71E-01,13.4,25,0,Subrahmanyam 1980,,0
Animalia,Chordata,Actinopterygii,Cyprinodontiformes,Fundulidae,Fundulus,Fundulus similis,Fundulus similis,1.94E-01,13.4,25,0,Subrahmanyam 1980,,0
Animalia,Chordata,Actinopterygii,Cyprinodontiformes,Fundulidae,Fundulus,Fundulus similis,Fundulus similis,8.68E-01,11.5,25,0,Subrahmanyam 1980,,0
Animalia,Chordata,Actinopterygii,Cyprinodontiformes,Fundulidae,Fundulus,Fundulus similis,Fundulus similis,6.93E-01,11.5,25,0,Subrahmanyam 1980,,0
Animalia,Chordata,Actinopterygii,Cyprinodontiformes,Fundulidae,Fundulus,Fundulus similis,Fundulus similis,3.09E-01,11.5,25,0,Subrahmanyam 1980,,0
Animalia,Chordata,Actinopterygii,Cyprinodontiformes,Fundulidae,Fundulus,Fundulus similis,Fundulus similis,2.27E-01,11.5,25,0,Subrahmanyam 1980,,0
Animalia,Chordata,Actinopterygii,Cyprinodontiformes,Fundulidae,Fundulus,Fundulus similis,Fundulus similis,1.42E-01,11.5,25,0,Subrahmanyam 1980,,0
Animalia,Chordata,Actinopterygii,Cyprinodontiformes,Fundulidae,Fundulus,Fundulus similis,Fundulus similis,3.79E-01,9.5,25,0,Subrahmanyam 1980,,0
Animalia,Chordata,Actinopterygii,Cyprinodontiformes,Fundulidae,Fundulus,Fundulus similis,Fundulus similis,2.96E-01,9.5,25,0,Subrahmanyam 1980,,0
Animalia,Chordata,Actinopterygii,Cyprinodontiformes,Fundulidae,Fundulus,Fundulus similis,Fundulus similis,2.27E-01,9.5,25,0,Subrahmanyam 1980,,0
Animalia,Chordata,Actinopterygii,Cyprinodontiformes,Fundulidae,Fundulus,Fundulus similis,Fundulus similis,1.58E-01,9.5,25,0,Subrahmanyam 1980,,0
Animalia,Chordata,Actinopterygii,Cyprinodontiformes,Fundulidae,Fundulus,Fundulus grandis,Fundulus grandis,9.09E-01,12.3,25,0,Subrahmanyam 1980,,0
Animalia,Chordata,Actinopterygii,Cyprinodontiformes,Fundulidae,Fundulus,Fundulus grandis,Fundulus grandis,6.20E-01,12.3,25,0,Subrahmanyam 1980,,0
Animalia,Chordata,Actinopterygii,Cyprinodontiformes,Fundulidae,Fundulus,Fundulus grandis,Fundulus grandis,3.87E-01,12.3,25,0,Subrahmanyam 1980,,0
Animalia,Chordata,Actinopterygii,Cyprinodontiformes,Fundulidae,Fundulus,Fundulus grandis,Fundulus grandis,2.65E-01,12.3,25,0,Subrahmanyam 1980,,0
Animalia,Chordata,Actinopterygii,Cyprinodontiformes,Fundulidae,Fundulus,Fundulus grandis,Fundulus grandis,7.40E-01,8.6,25,0,Subrahmanyam 1980,,0
Animalia,Chordata,Actinopterygii,Cyprinodontiformes,Fundulidae,Fundulus,Fundulus grandis,Fundulus grandis,6.18E-01,8.6,25,0,Subrahmanyam 1980,,0
Animalia,Chordata,Actinopterygii,Cyprinodontiformes,Fundulidae,Fundulus,Fundulus grandis,Fundulus grandis,4.24E-01,8.6,25,0,Subrahmanyam 1980,,0
Animalia,Chordata,Actinopterygii,Cyprinodontiformes,Fundulidae,Fundulus,Fundulus grandis,Fundulus grandis,2.90E-01,8.6,25,0,Subrahmanyam 1980,,0
Animalia,Chordata,Actinopterygii,Cyprinodontiformes,Fundulidae,Fundulus,Fundulus grandis,Fundulus grandis,2.07E-01,8.6,25,0,Subrahmanyam 1980,,0
Animalia,Chordata,Actinopterygii,Cyprinodontiformes,Fundulidae,Fundulus,Fundulus grandis,Fundulus grandis,1.01E+00,31.5,25,0,Subrahmanyam 1980,,0
Animalia,Chordata,Actinopterygii,Cyprinodontiformes,Fundulidae,Fundulus,Fundulus grandis,Fundulus grandis,5.79E-01,31.5,25,0,Subrahmanyam 1980,,0
Animalia,Chordata,Actinopterygii,Cyprinodontiformes,Fundulidae,Fundulus,Fundulus grandis,Fundulus grandis,3.88E-01,31.5,25,0,Subrahmanyam 1980,,0
Animalia,Chordata,Actinopterygii,Cyprinodontiformes,Fundulidae,Fundulus,Fundulus grandis,Fundulus grandis,1.30E-01,31.5,25,0,Subrahmanyam 1980,,0
Animalia,Chordata,Actinopterygii,Cyprinodontiformes,Fundulidae,Fundulus,Fundulus grandis,Fundulus grandis,7.24E-01,3.1,25,0,Subrahmanyam 1980,,0
Animalia,Chordata,Actinopterygii,Cyprinodontiformes,Fundulidae,Fundulus,Fundulus grandis,Fundulus grandis,5.42E-01,3.1,25,0,Subrahmanyam 1980,,0
Animalia,Chordata,Actinopterygii,Cyprinodontiformes,Fundulidae,Fundulus,Fundulus grandis,Fundulus grandis,3.17E-01,3.1,25,0,Subrahmanyam 1980,,0
Animalia,Chordata,Actinopterygii,Cyprinodontiformes,Fundulidae,Fundulus,Fundulus grandis,Fundulus grandis,2.53E-01,3.1,25,0,Subrahmanyam 1980,,0
Animalia,Chordata,Actinopterygii,Cyprinodontiformes,Fundulidae,Fundulus,Fundulus grandis,Fundulus grandis,2.07E-01,3.1,25,0,Subrahmanyam 1980,,0
Animalia,Chordata,Actinopterygii,Cyprinodontiformes,Cyprinodontidae,Cyprinodon,Cyprinodon variegatus,Cyprinodon variegatus,4.50E-01,2.4,25,0,Subrahmanyam 1980,,0
Animalia,Chordata,Actinopterygii,Cyprinodontiformes,Cyprinodontidae,Cyprinodon,Cyprinodon variegatus,Cyprinodon variegatus,2.66E-01,2.4,25,0,Subrahmanyam 1980,,0
Animalia,Chordata,Actinopterygii,Cyprinodontiformes,Cyprinodontidae,Cyprinodon,Cyprinodon variegatus,Cyprinodon variegatus,2.98E-01,2.4,25,0,Subrahmanyam 1980,,0
Animalia,Chordata,Actinopterygii,Cyprinodontiformes,Cyprinodontidae,Cyprinodon,Cyprinodon variegatus,Cyprinodon variegatus,2.07E-01,2.4,25,0,Subrahmanyam 1980,,0
Animalia,Chordata,Actinopterygii,Cyprinodontiformes,Cyprinodontidae,Cyprinodon,Cyprinodon variegatus,Cyprinodon variegatus,4.20E-01,1.3,25,0,Subrahmanyam 1980,,0
Animalia,Chordata,Actinopterygii,Cyprinodontiformes,Cyprinodontidae,Cyprinodon,Cyprinodon variegatus,Cyprinodon variegatus,2.66E-01,1.3,25,0,Subrahmanyam 1980,,0
Animalia,Chordata,Actinopterygii,Cyprinodontiformes,Cyprinodontidae,Cyprinodon,Cyprinodon variegatus,Cyprinodon variegatus,2.17E-01,1.3,25,0,Subrahmanyam 1980,,0
Animalia,Chordata,Actinopterygii,Cyprinodontiformes,Cyprinodontidae,Cyprinodon,Cyprinodon variegatus,Cyprinodon variegatus,1.81E-01,1.3,25,0,Subrahmanyam 1980,,0
Animalia,Chordata,Actinopterygii,Cyprinodontiformes,Cyprinodontidae,Cyprinodon,Cyprinodon variegatus,Cyprinodon variegatus,4.40E-01,0.6,25,0,Subrahmanyam 1980,,0
Animalia,Chordata,Actinopterygii,Cyprinodontiformes,Cyprinodontidae,Cyprinodon,Cyprinodon variegatus,Cyprinodon variegatus,3.20E-01,0.6,25,0,Subrahmanyam 1980,,0
Animalia,Chordata,Actinopterygii,Cyprinodontiformes,Cyprinodontidae,Cyprinodon,Cyprinodon variegatus,Cyprinodon variegatus,1.73E-01,0.6,25,0,Subrahmanyam 1980,,0
Animalia,Chordata,Actinopterygii,Cyprinodontiformes,Cyprinodontidae,Cyprinodon,Cyprinodon variegatus,Cyprinodon variegatus,1.34E-01,0.6,25,0,Subrahmanyam 1980,,0
Animalia,Chordata,Actinopterygii,Cyprinodontiformes,Cyprinodontidae,Cyprinodon,Cyprinodon variegatus,Cyprinodon variegatus,9.33E-02,0.6,25,0,Subrahmanyam 1980,,0
Animalia,Chordata,Actinopterygii,Cyprinodontiformes,Poeciliidae,Poecilia,Poecilia latipinna,Poecilia latipinna,7.26E-01,5.6,25,0,Subrahmanyam 1980,,0
Animalia,Chordata,Actinopterygii,Cyprinodontiformes,Poeciliidae,Poecilia,Poecilia latipinna,Poecilia latipinna,4.59E-01,5.6,25,0,Subrahmanyam 1980,,0
Animalia,Chordata,Actinopterygii,Cyprinodontiformes,Poeciliidae,Poecilia,Poecilia latipinna,Poecilia latipinna,2.66E-01,5.6,25,0,Subrahmanyam 1980,,0
Animalia,Chordata,Actinopterygii,Cyprinodontiformes,Poeciliidae,Poecilia,Poecilia latipinna,Poecilia latipinna,9.56E-02,5.6,25,0,Subrahmanyam 1980,,0
Animalia,Chordata,Actinopterygii,Cyprinodontiformes,Poeciliidae,Poecilia,Poecilia latipinna,Poecilia latipinna,6.18E-01,3.7,25,0,Subrahmanyam 1980,,0
Animalia,Chordata,Actinopterygii,Cyprinodontiformes,Poeciliidae,Poecilia,Poecilia latipinna,Poecilia latipinna,3.67E-01,3.7,25,0,Subrahmanyam 1980,,0
Animalia,Chordata,Actinopterygii,Cyprinodontiformes,Poeciliidae,Poecilia,Poecilia latipinna,Poecilia latipinna,2.32E-01,3.7,25,0,Subrahmanyam 1980,,0
Animalia,Chordata,Actinopterygii,Cyprinodontiformes,Poeciliidae,Poecilia,Poecilia latipinna,Poecilia latipinna,1.44E-01,3.7,25,0,Subrahmanyam 1980,,0
Animalia,Chordata,Actinopterygii,Cyprinodontiformes,Poeciliidae,Poecilia,Poecilia latipinna,Poecilia latipinna,4.20E-01,1.4,25,0,Subrahmanyam 1980,,0
Animalia,Chordata,Actinopterygii,Cyprinodontiformes,Poeciliidae,Poecilia,Poecilia latipinna,Poecilia latipinna,3.20E-01,1.4,25,0,Subrahmanyam 1980,,0
Animalia,Chordata,Actinopterygii,Cyprinodontiformes,Poeciliidae,Poecilia,Poecilia latipinna,Poecilia latipinna,2.12E-01,1.4,25,0,Subrahmanyam 1980,,0
Animalia,Chordata,Actinopterygii,Cyprinodontiformes,Poeciliidae,Poecilia,Poecilia latipinna,Poecilia latipinna,1.50E-01,1.4,25,0,Subrahmanyam 1980,,0
Animalia,Chordata,Actinopterygii,Cyprinodontiformes,Poeciliidae,Poecilia,Poecilia latipinna,Poecilia latipinna,1.00E-01,1.4,25,0,Subrahmanyam 1980,,0
Animalia,Chordata,Actinopterygii,Siluriformes,Bagridae,Mystus,Mystus armatus,Mystus armatus,6.52E-01,5.8,30,0,"Sukumaran, Kutty 1977",,0
Animalia,Chordata,Actinopterygii,Siluriformes,Bagridae,Mystus,Mystus armatus,Mystus armatus,4.68E-01,6.2,30,0,"Sukumaran, Kutty 1977",,0
Animalia,Chordata,Actinopterygii,Siluriformes,Bagridae,Mystus,Mystus armatus,Mystus armatus,6.53E-01,6.2,30,0,"Sukumaran, Kutty 1977",,0
Animalia,Chordata,Actinopterygii,Siluriformes,Bagridae,Mystus,Mystus armatus,Mystus armatus,7.03E-01,6.2,30,0,"Sukumaran, Kutty 1977",,0
Animalia,Chordata,Actinopterygii,Siluriformes,Bagridae,Mystus,Mystus armatus,Mystus armatus,6.78E-01,6.2,30,0,"Sukumaran, Kutty 1977",,0
Animalia,Chordata,Actinopterygii,Siluriformes,Bagridae,Mystus,Mystus armatus,Mystus armatus,6.91E-01,6.2,30,0,"Sukumaran, Kutty 1977",,0
Animalia,Chordata,Actinopterygii,Siluriformes,Bagridae,Mystus,Mystus armatus,Mystus armatus,6.66E-01,6.2,30,0,"Sukumaran, Kutty 1977",,0
Animalia,Chordata,Actinopterygii,Perciformes,Percidae,Sander,Stizostedion vitreum,Sander vitreus,3.56E+00,74,20,0,Tarby 1981,,0
Animalia,Chordata,Actinopterygii,Perciformes,Percidae,Sander,Stizostedion vitreum,Sander vitreus,6.10E+00,170,20,0,Tarby 1981,,0
Animalia,Chordata,Actinopterygii,Perciformes,Percidae,Sander,Stizostedion vitreum,Sander vitreus,6.65E+00,181,20,0,Tarby 1981,,0
Animalia,Chordata,Actinopterygii,Perciformes,Percidae,Sander,Stizostedion vitreum,Sander vitreus,9.45E+00,291,20,0,Tarby 1981,,0
Animalia,Chordata,Actinopterygii,Perciformes,Percidae,Sander,Stizostedion vitreum,Sander vitreus,1.43E+01,364,20,0,Tarby 1981,,0
Animalia,Chordata,Actinopterygii,Perciformes,Percidae,Sander,Stizostedion vitreum,Sander vitreus,1.63E+01,493,20,0,Tarby 1981,,0
Animalia,Chordata,Actinopterygii,Perciformes,Percidae,Sander,Stizostedion vitreum,Sander vitreus,1.87E+01,539,20,0,Tarby 1981,,0
Animalia,Chordata,Actinopterygii,Perciformes,Percidae,Sander,Stizostedion vitreum,Sander vitreus,2.51E+01,674,20,0,Tarby 1981,,0
Animalia,Chordata,Actinopterygii,Perciformes,Percidae,Sander,Stizostedion vitreum,Sander vitreus,7.57E+00,170,23,0,Tarby 1981,,0
Animalia,Chordata,Actinopterygii,Perciformes,Percidae,Sander,Stizostedion vitreum,Sander vitreus,5.97E+00,170,20,0,Tarby 1981,,0
Animalia,Chordata,Actinopterygii,Perciformes,Percidae,Sander,Stizostedion vitreum,Sander vitreus,5.11E+00,170,17,0,Tarby 1981,,0
Animalia,Chordata,Actinopterygii,Perciformes,Percidae,Sander,Stizostedion vitreum,Sander vitreus,3.73E+00,170,14,0,Tarby 1981,,0
Animalia,Chordata,Actinopterygii,Perciformes,Percidae,Sander,Stizostedion vitreum,Sander vitreus,3.61E+00,170,14,0,Tarby 1981,,0
Animalia,Chordata,Actinopterygii,Perciformes,Percidae,Sander,Stizostedion vitreum,Sander vitreus,8.44E+00,181,23,0,Tarby 1981,,0
Animalia,Chordata,Actinopterygii,Perciformes,Percidae,Sander,Stizostedion vitreum,Sander vitreus,6.66E+00,181,20,0,Tarby 1981,,0
Animalia,Chordata,Actinopterygii,Perciformes,Percidae,Sander,Stizostedion vitreum,Sander vitreus,4.94E+00,181,17,0,Tarby 1981,,0
Animalia,Chordata,Actinopterygii,Perciformes,Percidae,Sander,Stizostedion vitreum,Sander vitreus,4.50E+00,181,14,0,Tarby 1981,,0
Animalia,Chordata,Actinopterygii,Perciformes,Percidae,Sander,Stizostedion vitreum,Sander vitreus,3.72E+00,181,14,0,Tarby 1981,,0
Animalia,Chordata,Actinopterygii,Cyprinodontiformes,Fundulidae,Fundulus,Fundulus heteroclitus,Fundulus heteroclitus,1.23E-01,0.2,5,0,Targett 1978,,1
Animalia,Chordata,Actinopterygii,Cyprinodontiformes,Fundulidae,Fundulus,Fundulus heteroclitus,Fundulus heteroclitus,4.44E-01,0.2,13,0,Targett 1978,,0
Animalia,Chordata,Actinopterygii,Cyprinodontiformes,Fundulidae,Fundulus,Fundulus heteroclitus,Fundulus heteroclitus,4.96E-01,0.2,21,0,Targett 1978,,0
Animalia,Chordata,Actinopterygii,Cyprinodontiformes,Fundulidae,Fundulus,Fundulus heteroclitus,Fundulus heteroclitus,5.18E-01,0.2,29,0,Targett 1978,,0
Animalia,Chordata,Actinopterygii,Cyprinodontiformes,Fundulidae,Fundulus,Fundulus heteroclitus,Fundulus heteroclitus,8.36E-02,1.3,5,0,Targett 1978,,0
Animalia,Chordata,Actinopterygii,Cyprinodontiformes,Fundulidae,Fundulus,Fundulus heteroclitus,Fundulus heteroclitus,2.61E-01,1.3,13,0,Targett 1978,,0
Animalia,Chordata,Actinopterygii,Cyprinodontiformes,Fundulidae,Fundulus,Fundulus heteroclitus,Fundulus heteroclitus,3.75E-01,1.3,21,0,Targett 1978,,0
Animalia,Chordata,Actinopterygii,Cyprinodontiformes,Fundulidae,Fundulus,Fundulus heteroclitus,Fundulus heteroclitus,3.73E-01,1.3,29,0,Targett 1978,,0
Animalia,Chordata,Actinopterygii,Cyprinodontiformes,Fundulidae,Fundulus,Fundulus heteroclitus,Fundulus heteroclitus,5.65E-02,9,5,0,Targett 1978,,1
Animalia,Chordata,Actinopterygii,Cyprinodontiformes,Fundulidae,Fundulus,Fundulus heteroclitus,Fundulus heteroclitus,1.51E-01,9,13,0,Targett 1978,,0
Animalia,Chordata,Actinopterygii,Cyprinodontiformes,Fundulidae,Fundulus,Fundulus heteroclitus,Fundulus heteroclitus,2.78E-01,9,21,0,Targett 1978,,0
Animalia,Chordata,Actinopterygii,Cyprinodontiformes,Fundulidae,Fundulus,Fundulus heteroclitus,Fundulus heteroclitus,2.65E-01,9,29,0,Targett 1978,,0
Animalia,Chordata,Actinopterygii,Cypriniformes,Cyprinidae,Abramis,Abramis brama,Abramis brama,1.89E+01,59.68,20,0,Tatrai 1980,,0
Animalia,Chordata,Actinopterygii,Cypriniformes,Cyprinidae,Abramis,Abramis brama,Abramis brama,2.85E+01,61.75,20,0,Tatrai 1980,,0
Animalia,Chordata,Actinopterygii,Cypriniformes,Cyprinidae,Abramis,Abramis brama,Abramis brama,2.87E+01,69.6,20,0,Tatrai 1980,,0
Animalia,Chordata,Actinopterygii,Cypriniformes,Cyprinidae,Abramis,Abramis brama,Abramis brama,2.14E+01,73.26,20,0,Tatrai 1980,,0
Animalia,Chordata,Actinopterygii,Cypriniformes,Cyprinidae,Abramis,Abramis brama,Abramis brama,2.33E+01,75.8,20,0,Tatrai 1980,,0
Animalia,Chordata,Actinopterygii,Cypriniformes,Cyprinidae,Abramis,Abramis brama,Abramis brama,3.00E+01,81.16,20,0,Tatrai 1980,,0
Animalia,Chordata,Actinopterygii,Cypriniformes,Cyprinidae,Abramis,Abramis brama,Abramis brama,2.76E+01,84,20,0,Tatrai 1980,,0
Animalia,Chordata,Actinopterygii,Cypriniformes,Cyprinidae,Abramis,Abramis brama,Abramis brama,2.10E+01,84,20,0,Tatrai 1980,,0
Animalia,Chordata,Actinopterygii,Cypriniformes,Cyprinidae,Abramis,Abramis brama,Abramis brama,2.58E+01,93.05,20,0,Tatrai 1980,,0
Animalia,Chordata,Actinopterygii,Cypriniformes,Cyprinidae,Abramis,Abramis brama,Abramis brama,3.50E+01,99.63,20,0,Tatrai 1980,,0
Animalia,Chordata,Actinopterygii,Cypriniformes,Cyprinidae,Abramis,Abramis brama,Abramis brama,3.88E+01,103.1,20,0,Tatrai 1980,,0
Animalia,Chordata,Actinopterygii,Cypriniformes,Cyprinidae,Abramis,Abramis brama,Abramis brama,3.75E+01,106.68,20,0,Tatrai 1980,,0
Animalia,Chordata,Actinopterygii,Cypriniformes,Cyprinidae,Abramis,Abramis brama,Abramis brama,3.88E+01,114.22,20,0,Tatrai 1980,,0
Animalia,Chordata,Actinopterygii,Cypriniformes,Cyprinidae,Abramis,Abramis brama,Abramis brama,2.96E+01,114.22,20,0,Tatrai 1980,,0
Animalia,Chordata,Actinopterygii,Cypriniformes,Cyprinidae,Abramis,Abramis brama,Abramis brama,4.01E+01,122.3,20,0,Tatrai 1980,,0
Animalia,Chordata,Actinopterygii,Cypriniformes,Cyprinidae,Abramis,Abramis brama,Abramis brama,4.37E+01,126.55,20,0,Tatrai 1980,,0
Animalia,Chordata,Actinopterygii,Cypriniformes,Cyprinidae,Abramis,Abramis brama,Abramis brama,4.60E+01,130.95,20,0,Tatrai 1980,,0
Animalia,Chordata,Actinopterygii,Cypriniformes,Cyprinidae,Abramis,Abramis brama,Abramis brama,5.10E+01,135.5,20,0,Tatrai 1980,,0
Animalia,Chordata,Actinopterygii,Cypriniformes,Cyprinidae,Abramis,Abramis brama,Abramis brama,2.33E+01,135.5,20,0,Tatrai 1980,,0
Animalia,Chordata,Actinopterygii,Cypriniformes,Cyprinidae,Abramis,Abramis brama,Abramis brama,5.65E+01,145.09,20,0,Tatrai 1980,,0
Animalia,Chordata,Actinopterygii,Cypriniformes,Cyprinidae,Abramis,Abramis brama,Abramis brama,2.76E+01,155.35,20,0,Tatrai 1980,,0
Animalia,Chordata,Actinopterygii,Cypriniformes,Cyprinidae,Abramis,Abramis brama,Abramis brama,3.83E+01,155.35,20,0,Tatrai 1980,,0
Animalia,Chordata,Actinopterygii,Cypriniformes,Cyprinidae,Abramis,Abramis brama,Abramis brama,5.65E+01,160.75,20,0,Tatrai 1980,,0
Animalia,Chordata,Actinopterygii,Cypriniformes,Cyprinidae,Abramis,Abramis brama,Abramis brama,4.93E+01,166.33,20,0,Tatrai 1980,,0
Animalia,Chordata,Actinopterygii,Cypriniformes,Cyprinidae,Abramis,Abramis brama,Abramis brama,5.65E+01,181.17,20,0,Tatrai 1980,,0
Animalia,Chordata,Actinopterygii,Cypriniformes,Cyprinidae,Abramis,Abramis brama,Abramis brama,5.62E+01,190.69,20,0,Tatrai 1980,,0
Animalia,Chordata,Actinopterygii,Cypriniformes,Cyprinidae,Abramis,Abramis brama,Abramis brama,6.70E+01,204.18,20,0,Tatrai 1980,,0
Animalia,Chordata,Actinopterygii,Cypriniformes,Cyprinidae,Abramis,Abramis brama,Abramis brama,6.26E+01,218.62,20,0,Tatrai 1980,,0
Animalia,Chordata,Actinopterygii,Cypriniformes,Cyprinidae,Abramis,Abramis brama,Abramis brama,7.05E+01,226.22,20,0,Tatrai 1980,,0
Animalia,Chordata,Actinopterygii,Cypriniformes,Cyprinidae,Abramis,Abramis brama,Abramis brama,6.05E+01,234.08,20,0,Tatrai 1980,,0
Animalia,Chordata,Actinopterygii,Cypriniformes,Cyprinidae,Abramis,Abramis brama,Abramis brama,7.05E+01,242.22,20,0,Tatrai 1980,,0
Animalia,Chordata,Actinopterygii,Cypriniformes,Cyprinidae,Abramis,Abramis brama,Abramis brama,7.43E+01,250.64,20,0,Tatrai 1980,,0
Animalia,Chordata,Actinopterygii,Cypriniformes,Cyprinidae,Abramis,Abramis brama,Abramis brama,6.47E+01,250.64,20,0,Tatrai 1980,,0
Animalia,Chordata,Actinopterygii,Cypriniformes,Cyprinidae,Abramis,Abramis brama,Abramis brama,5.64E+01,254.96,20,0,Tatrai 1980,,0
Animalia,Chordata,Actinopterygii,Cypriniformes,Cyprinidae,Abramis,Abramis brama,Abramis brama,7.55E+01,287.34,20,0,Tatrai 1980,,0
Animalia,Chordata,Actinopterygii,Cypriniformes,Cyprinidae,Abramis,Abramis brama,Abramis brama,7.95E+01,297.33,20,0,Tatrai 1980,,0
Animalia,Chordata,Actinopterygii,Cypriniformes,Cyprinidae,Abramis,Abramis brama,Abramis brama,6.93E+01,312.96,20,0,Tatrai 1980,,0
Animalia,Chordata,Actinopterygii,Osmeriformes,Alepocephalidae,Bajacalifornia,Bajacalifornia burragei,Bajacalifornia burragei,9.00E-02,24.9,5,0,"Torres, Belman, Childress 1979",,1
Animalia,Chordata,Actinopterygii,Beryciformes,Anoplogastridae,Anoplogaster,Anoplogaster cornuta,Anoplogaster cornuta,8.84E-01,50.9,5,0,"Torres, Belman, Childress 1979",,0
Animalia,Chordata,Actinopterygii,Stomiiformes,Stomiidae,Borostomias,Borostomias panamensis,Borostomias panamensis,1.36E+00,110.25,5,0,"Torres, Belman, Childress 1979",,0
Animalia,Chordata,Actinopterygii,Osmeriformes,Bathylagidae,Pseudobathylagus,Bathylagus milleri,Pseudobathylagus milleri,3.27E-01,41.1,5,0,"Torres, Belman, Childress 1979",,1
Animalia,Chordata,Actinopterygii,Osmeriformes,Bathylagidae,Leuroglossus,Leuroglossus stilbius,Leuroglossus stilbius,1.49E-01,8.55,5,0,"Torres, Belman, Childress 1979",,0
Animalia,Chordata,Actinopterygii,Stomiiformes,Stomiidae,Aristostomias,Aristostomias scintillan,Aristostomias scintillans,1.53E-01,21.1,5,0,"Torres, Belman, Childress 1979",,1
Animalia,Chordata,Actinopterygii,Stephanoberyciformes,Melamphaidae,Melamphaes,Melamphaes acanthomus,Melamphaes acanthomus,1.51E-01,17.4,5,0,"Torres, Belman, Childress 1979",,1
Animalia,Chordata,Actinopterygii,Stephanoberyciformes,Melamphaidae,Poromitra,Poromitra crassicepes,Poromitra crassiceps,1.36E-01,17.1,5,0,"Torres, Belman, Childress 1979",,1
Animalia,Chordata,Actinopterygii,Stephanoberyciformes,Melamphaidae,Scopelogadus,Scopelogadus mizolepis,Scopelogadus mizolepis,3.65E-02,3.6,5,0,"Torres, Belman, Childress 1979",,1
Animalia,Chordata,Actinopterygii,Gadiformes,Melanonidae,Melanonus,Melanonus zugmayeri,Melanonus zugmayeri,3.88E-01,31.5,5,0,"Torres, Belman, Childress 1979",,0
Animalia,Chordata,Actinopterygii,Myctophiformes,Myctophidae,Diaphus,Diaphus theta,Diaphus theta,2.05E-01,2.65,5,0,"Torres, Belman, Childress 1979",,0
Animalia,Chordata,Actinopterygii,Myctophiformes,Myctophidae,Nannobrachium,Lampanyctus regalis,Nannobrachium regale,2.31E-02,2.9,5,0,"Torres, Belman, Childress 1979",,1
Animalia,Chordata,Actinopterygii,Myctophiformes,Myctophidae,Nannobrachium,Lampanyctus ritteri,Nannobrachium ritteri,5.34E-02,1.8,5,0,"Torres, Belman, Childress 1979",,0
Animalia,Chordata,Actinopterygii,Myctophiformes,Myctophidae,Parvilux,Parvilux ingens,Parvilux ingens,8.14E-02,9.4,5,0,"Torres, Belman, Childress 1979",,1
Animalia,Chordata,Actinopterygii,Myctophiformes,Myctophidae,Stenobrachius,Stenobrachius leucopsaur,Stenobrachius leucopsarus,1.31E-01,4.3,5,0,"Torres, Belman, Childress 1979",,0
Animalia,Chordata,Actinopterygii,Myctophiformes,Myctophidae,Symbolophorus,Symbolophorus californie,,3.47E-02,0.8,5,0,"Torres, Belman, Childress 1979",,0
Animalia,Chordata,Actinopterygii,Myctophiformes,Myctophidae,Tarletonbeania,Tarletonbeania crenulari,Tarletonbeania crenularis,2.28E-01,3.29,8,0,"Torres, Belman, Childress 1979",,0
Animalia,Chordata,Actinopterygii,Myctophiformes,Myctophidae,Triphoturus,Triphoturus mexicanus,Triphoturus mexicanus,2.08E-02,1.15,5,0,"Torres, Belman, Childress 1979",,0
Animalia,Chordata,Actinopterygii,Myctophiformes,Neoscopelidae,Scopelengys,Scopelengys tristis,Scopelengys tristis,3.25E-01,49.8,5,0,"Torres, Belman, Childress 1979",,1
Animalia,Chordata,Actinopterygii,Lophiiformes,Oneirodidae,Oneirodes,Oneirodes acanthias,Oneirodes acanthias,2.42E-02,4.2,5,0,"Torres, Belman, Childress 1979",,1
Animalia,Chordata,Actinopterygii,Osmeriformes,Platytroctidae,Sagamichthys,Sagamichthys abei,Sagamichthys abei,6.61E-02,5.7,5,0,"Torres, Belman, Childress 1979",,0
Animalia,Chordata,Actinopterygii,Stomiiformes,Stomiidae,Borostomias,Borostomias panamensis,Borostomias panamensis,2.32E+00,97.45,10,0,"Torres, Belman, Childress 1979",,0
Animalia,Chordata,Actinopterygii,Osmeriformes,Bathylagidae,Lipolagus,Bathylagus ochotensis,Lipolagus ochotensis,2.07E-01,3.4,10,0,"Torres, Belman, Childress 1979",,0
Animalia,Chordata,Actinopterygii,Osmeriformes,Bathylagidae,Bathylagoides,Bathylagus wesethi,Bathylagoides wesethi,1.03E-01,1.5,10,0,"Torres, Belman, Childress 1979",,0
Animalia,Chordata,Actinopterygii,Stephanoberyciformes,Melamphaidae,Melamphaes,Melamphaes acanthomus,Melamphaes acanthomus,6.24E-01,22.7,10,0,"Torres, Belman, Childress 1979",,0
Animalia,Chordata,Actinopterygii,Myctophiformes,Myctophidae,Diaphus,Diaphus theta,Diaphus theta,3.16E-01,2.1,10,0,"Torres, Belman, Childress 1979",,0
Animalia,Chordata,Actinopterygii,Myctophiformes,Myctophidae,Nannobrachium,Lampanyctus ritteri,Nannobrachium ritteri,8.96E-02,2.1,10,0,"Torres, Belman, Childress 1979",,0
Animalia,Chordata,Actinopterygii,Myctophiformes,Myctophidae,Stenobrachius,Stenobrachius leucopsaur,Stenobrachius leucopsarus,2.23E-01,4.4,10,0,"Torres, Belman, Childress 1979",,0
Animalia,Chordata,Actinopterygii,Myctophiformes,Myctophidae,Tarletonbeania,Tarletonbeania crenulari,Tarletonbeania crenularis,1.89E-01,1.4,13,0,"Torres, Belman, Childress 1979",,0
Animalia,Chordata,Actinopterygii,Myctophiformes,Myctophidae,Triphoturus,Triphoturus mexicanus,Triphoturus mexicanus,4.51E-01,9.3,10,0,"Torres, Belman, Childress 1979",,0
Animalia,Chordata,Actinopterygii,Stomiiformes,Stomiidae,Stomias,Stomias atriventer,Stomias atriventer,2.69E-01,9.3,10,0,"Torres, Belman, Childress 1979",,0
Animalia,Chordata,Actinopterygii,Cypriniformes,Cyprinidae,Carassius,Carassius auratus,Carassius auratus,2.05E+00,30,19,0,Toryu 1927,,0
Animalia,Chordata,Actinopterygii,Perciformes,Percidae,Etheostoma,Etheostoma rufilineatum,Etheostoma rufilineatum,6.37E-02,3.4,10,0,"Ultsch, Boschung, Ross 1978",,0
Animalia,Chordata,Actinopterygii,Perciformes,Percidae,Etheostoma,Etheostoma rufilineatum,Etheostoma rufilineatum,1.70E-01,4.3,20,0,"Ultsch, Boschung, Ross 1978",,0
Animalia,Chordata,Actinopterygii,Perciformes,Percidae,Etheostoma,Etheostoma flabellare,Etheostoma flabellare,2.06E-02,1.4,10,0,"Ultsch, Boschung, Ross 1978",,0
Animalia,Chordata,Actinopterygii,Perciformes,Percidae,Etheostoma,Etheostoma flabellare,Etheostoma flabellare,4.57E-02,1.1,20,0,"Ultsch, Boschung, Ross 1978",,0
Animalia,Chordata,Actinopterygii,Perciformes,Percidae,Etheostoma,Etheostoma duryi,Etheostoma duryi,3.53E-02,1.7,10,0,"Ultsch, Boschung, Ross 1978",,0
Animalia,Chordata,Actinopterygii,Perciformes,Percidae,Etheostoma,Etheostoma duryi,Etheostoma duryi,9.32E-02,2,20,0,"Ultsch, Boschung, Ross 1978",,0
Animalia,Chordata,Actinopterygii,Perciformes,Percidae,Etheostoma,Etheostoma squamiceps,Etheostoma squamiceps,3.10E-02,1.7,10,0,"Ultsch, Boschung, Ross 1978",,0
Animalia,Chordata,Actinopterygii,Perciformes,Percidae,Etheostoma,Etheostoma squamiceps,Etheostoma squamiceps,7.02E-02,1.4,20,0,"Ultsch, Boschung, Ross 1978",,0
Animalia,Chordata,Actinopterygii,Perciformes,Percidae,Etheostoma,Etheostoma boschungi,Etheostoma boschungi,2.13E-02,1.2,10,0,"Ultsch, Boschung, Ross 1978",,0
Animalia,Chordata,Actinopterygii,Perciformes,Percidae,Etheostoma,Etheostoma boschungi,Etheostoma boschungi,6.07E-02,1.1,20,0,"Ultsch, Boschung, Ross 1978",,0
Animalia,Chordata,Actinopterygii,Perciformes,Percidae,Etheostoma,Etheostoma fusiforme,Etheostoma fusiforme,1.43E-02,0.6,10,0,"Ultsch, Boschung, Ross 1978",,0
Animalia,Chordata,Actinopterygii,Perciformes,Percidae,Etheostoma,Etheostoma fusiforme,Etheostoma fusiforme,1.35E-02,0.24,20,0,"Ultsch, Boschung, Ross 1978",,0
Animalia,Chordata,Actinopterygii,Perciformes,Cichlidae,Pterophyllum,Pterophyllum scalare,Pterophyllum scalare,4.79E-02,0.23,25,0,"Umezawa, Yokoyama, Taneda 1986",,0
Animalia,Chordata,Actinopterygii,Perciformes,Cichlidae,Pterophyllum,Pterophyllum scalare,Pterophyllum scalare,9.38E-02,0.41,25,0,"Umezawa, Yokoyama, Taneda 1986",,0
Animalia,Chordata,Actinopterygii,Perciformes,Cichlidae,Pterophyllum,Pterophyllum scalare,Pterophyllum scalare,1.03E-01,0.41,25,0,"Umezawa, Yokoyama, Taneda 1986",,0
Animalia,Chordata,Actinopterygii,Perciformes,Cichlidae,Pterophyllum,Pterophyllum scalare,Pterophyllum scalare,7.77E-02,0.55,25,0,"Umezawa, Yokoyama, Taneda 1986",,0
Animalia,Chordata,Actinopterygii,Perciformes,Cichlidae,Pterophyllum,Pterophyllum scalare,Pterophyllum scalare,6.84E-02,0.59,25,0,"Umezawa, Yokoyama, Taneda 1986",,0
Animalia,Chordata,Actinopterygii,Perciformes,Cichlidae,Pterophyllum,Pterophyllum scalare,Pterophyllum scalare,6.81E-02,0.64,25,0,"Umezawa, Yokoyama, Taneda 1986",,0
Animalia,Chordata,Actinopterygii,Perciformes,Cichlidae,Pterophyllum,Pterophyllum scalare,Pterophyllum scalare,6.29E-02,0.64,25,0,"Umezawa, Yokoyama, Taneda 1986",,0
Animalia,Chordata,Actinopterygii,Perciformes,Cichlidae,Pterophyllum,Pterophyllum scalare,Pterophyllum scalare,6.99E-02,0.66,25,0,"Umezawa, Yokoyama, Taneda 1986",,0
Animalia,Chordata,Actinopterygii,Perciformes,Cichlidae,Pterophyllum,Pterophyllum scalare,Pterophyllum scalare,7.37E-02,0.7,25,0,"Umezawa, Yokoyama, Taneda 1986",,0
Animalia,Chordata,Actinopterygii,Perciformes,Cichlidae,Pterophyllum,Pterophyllum scalare,Pterophyllum scalare,1.92E-01,1.24,25,0,"Umezawa, Yokoyama, Taneda 1986",,0
Animalia,Chordata,Actinopterygii,Perciformes,Cichlidae,Pterophyllum,Pterophyllum scalare,Pterophyllum scalare,2.08E-01,1.24,25,0,"Umezawa, Yokoyama, Taneda 1986",,0
Animalia,Chordata,Actinopterygii,Perciformes,Cichlidae,Pterophyllum,Pterophyllum scalare,Pterophyllum scalare,2.16E-01,1.28,25,0,"Umezawa, Yokoyama, Taneda 1986",,0
Animalia,Chordata,Actinopterygii,Perciformes,Cichlidae,Pterophyllum,Pterophyllum scalare,Pterophyllum scalare,1.46E-01,1.44,25,0,"Umezawa, Yokoyama, Taneda 1986",,0
Animalia,Chordata,Actinopterygii,Perciformes,Cichlidae,Pterophyllum,Pterophyllum scalare,Pterophyllum scalare,2.16E-01,1.81,25,0,"Umezawa, Yokoyama, Taneda 1986",,0
Animalia,Chordata,Actinopterygii,Perciformes,Cichlidae,Pterophyllum,Pterophyllum scalare,Pterophyllum scalare,2.25E-01,1.81,25,0,"Umezawa, Yokoyama, Taneda 1986",,0
Animalia,Chordata,Actinopterygii,Perciformes,Cichlidae,Pterophyllum,Pterophyllum scalare,Pterophyllum scalare,2.22E-01,2.21,25,0,"Umezawa, Yokoyama, Taneda 1986",,0
Animalia,Chordata,Actinopterygii,Perciformes,Cichlidae,Pterophyllum,Pterophyllum scalare,Pterophyllum scalare,4.08E-01,4.4,25,0,"Umezawa, Yokoyama, Taneda 1986",,0
Animalia,Chordata,Actinopterygii,Perciformes,Cichlidae,Pterophyllum,Pterophyllum scalare,Pterophyllum scalare,4.08E-01,4.66,25,0,"Umezawa, Yokoyama, Taneda 1986",,0
Animalia,Chordata,Actinopterygii,Perciformes,Cichlidae,Pterophyllum,Pterophyllum scalare,Pterophyllum scalare,3.78E-01,4.94,25,0,"Umezawa, Yokoyama, Taneda 1986",,0
Animalia,Chordata,Actinopterygii,Perciformes,Cichlidae,Pterophyllum,Pterophyllum scalare,Pterophyllum scalare,3.66E-01,5.05,25,0,"Umezawa, Yokoyama, Taneda 1986",,0
Animalia,Chordata,Actinopterygii,Perciformes,Cichlidae,Pterophyllum,Pterophyllum scalare,Pterophyllum scalare,3.28E-01,5.54,25,0,"Umezawa, Yokoyama, Taneda 1986",,0
Animalia,Chordata,Actinopterygii,Perciformes,Cichlidae,Pterophyllum,Pterophyllum scalare,Pterophyllum scalare,3.98E-01,5.87,25,0,"Umezawa, Yokoyama, Taneda 1986",,0
Animalia,Chordata,Actinopterygii,Perciformes,Cichlidae,Pterophyllum,Pterophyllum scalare,Pterophyllum scalare,4.31E-01,6.21,25,0,"Umezawa, Yokoyama, Taneda 1986",,0
Animalia,Chordata,Actinopterygii,Perciformes,Cichlidae,Pterophyllum,Pterophyllum scalare,Pterophyllum scalare,3.65E-01,6.43,25,0,"Umezawa, Yokoyama, Taneda 1986",,0
Animalia,Chordata,Actinopterygii,Perciformes,Cichlidae,Pterophyllum,Pterophyllum scalare,Pterophyllum scalare,3.48E-01,6.43,25,0,"Umezawa, Yokoyama, Taneda 1986",,0
Animalia,Chordata,Actinopterygii,Perciformes,Cichlidae,Pterophyllum,Pterophyllum scalare,Pterophyllum scalare,6.54E-01,11.03,25,0,"Umezawa, Yokoyama, Taneda 1986",,0
Animalia,Chordata,Actinopterygii,Perciformes,Cichlidae,Pterophyllum,Pterophyllum scalare,Pterophyllum scalare,7.68E-01,11.32,25,0,"Umezawa, Yokoyama, Taneda 1986",,0
Animalia,Chordata,Actinopterygii,Perciformes,Cichlidae,Pterophyllum,Pterophyllum scalare,Pterophyllum scalare,7.99E-01,12.73,25,0,"Umezawa, Yokoyama, Taneda 1986",,0
Animalia,Chordata,Actinopterygii,Perciformes,Cichlidae,Pterophyllum,Pterophyllum scalare,Pterophyllum scalare,7.80E-01,16.48,25,0,"Umezawa, Yokoyama, Taneda 1986",,0
Animalia,Chordata,Actinopterygii,Perciformes,Cichlidae,Pterophyllum,Pterophyllum scalare,Pterophyllum scalare,8.44E-01,18.49,25,0,"Umezawa, Yokoyama, Taneda 1986",,0
Animalia,Chordata,Actinopterygii,Perciformes,Cichlidae,Pterophyllum,Pterophyllum scalare,Pterophyllum scalare,7.55E-01,19.03,25,0,"Umezawa, Yokoyama, Taneda 1986",,0
Animalia,Chordata,Actinopterygii,Cypriniformes,Cyprinidae,Labeo,Labeo capensis,Labeo capensis,2.67E+00,17.94,23,0,"van Aardt, Frey 1986",,0
Animalia,Chordata,Actinopterygii,Cypriniformes,Cyprinidae,Labeo,Labeo capensis,Labeo capensis,4.01E+00,26.02,23,0,"van Aardt, Frey 1986",,0
Animalia,Chordata,Actinopterygii,Cypriniformes,Cyprinidae,Labeo,Labeo capensis,Labeo capensis,4.76E+00,33.34,23,0,"van Aardt, Frey 1986",,0
Animalia,Chordata,Actinopterygii,Cypriniformes,Cyprinidae,Labeo,Labeo capensis,Labeo capensis,8.65E+00,78.03,23,0,"van Aardt, Frey 1986",,0
Animalia,Chordata,Actinopterygii,Cypriniformes,Cyprinidae,Labeo,Labeo capensis,Labeo capensis,1.47E+01,142.51,23,0,"van Aardt, Frey 1986",,0
Animalia,Chordata,Actinopterygii,Cypriniformes,Cyprinidae,Labeo,Labeo capensis,Labeo capensis,2.24E+01,182.61,23,0,"van Aardt, Frey 1986",,0
Animalia,Chordata,Actinopterygii,Cypriniformes,Cyprinidae,Labeo,Labeo capensis,Labeo capensis,1.52E+01,185.87,23,0,"van Aardt, Frey 1986",,0
Animalia,Chordata,Actinopterygii,Cypriniformes,Cyprinidae,Labeo,Labeo capensis,Labeo capensis,2.32E+01,196.02,23,0,"van Aardt, Frey 1986",,0
Animalia,Chordata,Actinopterygii,Cypriniformes,Cyprinidae,Labeo,Labeo capensis,Labeo capensis,2.20E+01,206.72,23,0,"van Aardt, Frey 1986",,0
Animalia,Chordata,Actinopterygii,Cypriniformes,Cyprinidae,Labeo,Labeo capensis,Labeo capensis,2.40E+01,269.63,23,0,"van Aardt, Frey 1986",,0
Animalia,Chordata,Actinopterygii,Cypriniformes,Cyprinidae,Labeo,Labeo capensis,Labeo capensis,2.16E+01,279.35,23,0,"van Aardt, Frey 1986",,0
Animalia,Chordata,Actinopterygii,Cypriniformes,Cyprinidae,Labeo,Labeo capensis,Labeo capensis,2.49E+01,289.42,23,0,"van Aardt, Frey 1986",,0
Animalia,Chordata,Actinopterygii,Cypriniformes,Cyprinidae,Labeo,Labeo capensis,Labeo capensis,2.44E+01,299.86,23,0,"van Aardt, Frey 1986",,0
Animalia,Chordata,Actinopterygii,Cypriniformes,Cyprinidae,Labeo,Labeo capensis,Labeo capensis,1.87E+01,299.86,23,0,"van Aardt, Frey 1986",,0
Animalia,Chordata,Actinopterygii,Cypriniformes,Cyprinidae,Labeo,Labeo capensis,Labeo capensis,2.76E+01,299.86,23,0,"van Aardt, Frey 1986",,0
Animalia,Chordata,Actinopterygii,Cypriniformes,Cyprinidae,Labeo,Labeo capensis,Labeo capensis,2.01E+01,364.36,23,0,"van Aardt, Frey 1986",,0
Animalia,Chordata,Actinopterygii,Cypriniformes,Cyprinidae,Labeo,Labeo capensis,Labeo capensis,2.48E+01,370.87,23,0,"van Aardt, Frey 1986",,0
Animalia,Chordata,Actinopterygii,Cypriniformes,Cyprinidae,Labeo,Labeo capensis,Labeo capensis,2.09E+01,405.22,23,0,"van Aardt, Frey 1986",,0
Animalia,Chordata,Actinopterygii,Cypriniformes,Cyprinidae,Labeo,Labeo capensis,Labeo capensis,1.88E+01,412.46,23,0,"van Aardt, Frey 1986",,0
Animalia,Chordata,Actinopterygii,Cypriniformes,Cyprinidae,Labeo,Labeo capensis,Labeo capensis,1.02E+00,17.01,8,0,"van Aardt, Frey 1986",,0
Animalia,Chordata,Actinopterygii,Cypriniformes,Cyprinidae,Labeo,Labeo capensis,Labeo capensis,1.45E+00,31.06,8,0,"van Aardt, Frey 1986",,0
Animalia,Chordata,Actinopterygii,Cypriniformes,Cyprinidae,Labeo,Labeo capensis,Labeo capensis,2.14E+00,53.79,8,0,"van Aardt, Frey 1986",,0
Animalia,Chordata,Actinopterygii,Cypriniformes,Cyprinidae,Labeo,Labeo capensis,Labeo capensis,3.50E+00,67.72,8,0,"van Aardt, Frey 1986",,0
Animalia,Chordata,Actinopterygii,Cypriniformes,Cyprinidae,Labeo,Labeo capensis,Labeo capensis,4.47E+00,93.16,8,0,"van Aardt, Frey 1986",,0
Animalia,Chordata,Actinopterygii,Cypriniformes,Cyprinidae,Labeo,Labeo capensis,Labeo capensis,5.93E+00,158.48,8,0,"van Aardt, Frey 1986",,0
Animalia,Chordata,Actinopterygii,Cypriniformes,Cyprinidae,Labeo,Labeo capensis,Labeo capensis,7.58E+00,182.61,8,0,"van Aardt, Frey 1986",,0
Animalia,Chordata,Actinopterygii,Cypriniformes,Cyprinidae,Labeo,Labeo capensis,Labeo capensis,8.73E+00,189.2,8,0,"van Aardt, Frey 1986",,0
Animalia,Chordata,Actinopterygii,Cypriniformes,Cyprinidae,Labeo,Labeo capensis,Labeo capensis,7.59E+00,192.58,8,0,"van Aardt, Frey 1986",,0
Animalia,Chordata,Actinopterygii,Cypriniformes,Cyprinidae,Labeo,Labeo capensis,Labeo capensis,5.72E+00,214.17,8,0,"van Aardt, Frey 1986",,0
Animalia,Chordata,Actinopterygii,Cypriniformes,Cyprinidae,Labeo,Labeo capensis,Labeo capensis,6.47E+00,242.44,8,0,"van Aardt, Frey 1986",,0
Animalia,Chordata,Actinopterygii,Cypriniformes,Cyprinidae,Labeo,Labeo capensis,Labeo capensis,8.42E+00,251.18,8,0,"van Aardt, Frey 1986",,0
Animalia,Chordata,Actinopterygii,Cypriniformes,Cyprinidae,Labeo,Labeo capensis,Labeo capensis,1.08E+01,299.86,8,0,"van Aardt, Frey 1986",,0
Animalia,Chordata,Actinopterygii,Cypriniformes,Cyprinidae,Labeo,Labeo capensis,Labeo capensis,1.12E+01,305.22,8,0,"van Aardt, Frey 1986",,0
Animalia,Chordata,Actinopterygii,Cypriniformes,Cyprinidae,Labeo,Labeo capensis,Labeo capensis,1.08E+01,310.67,8,0,"van Aardt, Frey 1986",,0
Animalia,Chordata,Actinopterygii,Cypriniformes,Cyprinidae,Labeo,Labeo capensis,Labeo capensis,7.07E+00,321.87,8,0,"van Aardt, Frey 1986",,0
Animalia,Chordata,Actinopterygii,Cypriniformes,Cyprinidae,Labeo,Labeo capensis,Labeo capensis,7.84E+00,333.48,8,0,"van Aardt, Frey 1986",,0
Animalia,Chordata,Actinopterygii,Cypriniformes,Cyprinidae,Labeo,Labeo capensis,Labeo capensis,7.07E+00,357.96,8,0,"van Aardt, Frey 1986",,0
Animalia,Chordata,Actinopterygii,Cypriniformes,Cyprinidae,Labeo,Labeo capensis,Labeo capensis,9.69E+00,412.46,8,0,"van Aardt, Frey 1986",,0
Animalia,Chordata,Actinopterygii,Cypriniformes,Cyprinidae,Labeo,Labeo capensis,Labeo capensis,1.77E+01,230,23,0,"van Aardt, Frey 1986",,0
Animalia,Chordata,Actinopterygii,Cypriniformes,Cyprinidae,Labeo,Labeo capensis,Labeo capensis,1.77E+01,230,23,0,"van Aardt, Frey 1986",,0
Animalia,Chordata,Actinopterygii,Cypriniformes,Cyprinidae,Labeo,Labeo capensis,Labeo capensis,1.55E+01,230,23,0,"van Aardt, Frey 1986",,0
Animalia,Chordata,Actinopterygii,Cypriniformes,Cyprinidae,Labeo,Labeo capensis,Labeo capensis,1.65E+01,230,23,0,"van Aardt, Frey 1986",,0
Animalia,Chordata,Actinopterygii,Cypriniformes,Cyprinidae,Labeo,Labeo capensis,Labeo capensis,1.12E+01,230,23,0,"van Aardt, Frey 1986",,0
Animalia,Chordata,Actinopterygii,Cypriniformes,Cyprinidae,Labeo,Labeo capensis,Labeo capensis,4.24E+00,230,23,0,"van Aardt, Frey 1986",,0
Animalia,Chordata,Actinopterygii,Cypriniformes,Cyprinidae,Labeo,Labeo capensis,Labeo capensis,7.96E+00,230,8,0,"van Aardt, Frey 1986",,0
Animalia,Chordata,Actinopterygii,Cypriniformes,Cyprinidae,Labeo,Labeo capensis,Labeo capensis,8.15E+00,230,8,0,"van Aardt, Frey 1986",,0
Animalia,Chordata,Actinopterygii,Cypriniformes,Cyprinidae,Labeo,Labeo capensis,Labeo capensis,8.54E+00,230,8,0,"van Aardt, Frey 1986",,0
Animalia,Chordata,Actinopterygii,Cypriniformes,Cyprinidae,Labeo,Labeo capensis,Labeo capensis,7.37E+00,230,8,0,"van Aardt, Frey 1986",,0
Animalia,Chordata,Actinopterygii,Cypriniformes,Cyprinidae,Labeo,Labeo capensis,Labeo capensis,5.24E+00,230,8,0,"van Aardt, Frey 1986",,0
Animalia,Chordata,Actinopterygii,Cypriniformes,Cyprinidae,Labeo,Labeo capensis,Labeo capensis,3.39E+00,230,8,0,"van Aardt, Frey 1986",,0
Animalia,Chordata,Actinopterygii,Salmoniformes,Salmonidae,Oncorhynchus,Salmo gairdneri,Oncorhynchus mykiss,1.89E+01,330,10,0,van den Thillart 1986,,0
Animalia,Chordata,Actinopterygii,Perciformes,Cichlidae,Oreochromis,Sarotherodon niloticus,Oreochromis niloticus,3.63E+00,77,25,0,"Verheyen, Blust, Doumen 1985",,0
Animalia,Chordata,Actinopterygii,Pleuronectiformes,Pleuronectidae,Pseudopleuronectes,Pseudopleuronectes ameri,,6.77E-01,24.3,9.9,0,"Voyer, Morrison 1971",,0
Animalia,Chordata,Actinopterygii,Pleuronectiformes,Pleuronectidae,Pseudopleuronectes,Pseudopleuronectes ameri,,2.17E-01,13,9.9,0,"Voyer, Morrison 1971",,0
Animalia,Chordata,Actinopterygii,Pleuronectiformes,Pleuronectidae,Pseudopleuronectes,Pseudopleuronectes ameri,,4.74E-01,18,10.3,0,"Voyer, Morrison 1971",,0
Animalia,Chordata,Actinopterygii,Pleuronectiformes,Pleuronectidae,Pseudopleuronectes,Pseudopleuronectes ameri,,3.97E-01,21.2,10.3,0,"Voyer, Morrison 1971",,0
Animalia,Chordata,Actinopterygii,Pleuronectiformes,Pleuronectidae,Pseudopleuronectes,Pseudopleuronectes ameri,,6.50E-01,21.4,10.7,0,"Voyer, Morrison 1971",,0
Animalia,Chordata,Actinopterygii,Pleuronectiformes,Pleuronectidae,Pseudopleuronectes,Pseudopleuronectes ameri,,3.15E-01,17.3,10.7,0,"Voyer, Morrison 1971",,0
Animalia,Chordata,Actinopterygii,Pleuronectiformes,Pleuronectidae,Pseudopleuronectes,Pseudopleuronectes ameri,,8.84E-01,23.6,20,0,"Voyer, Morrison 1971",,0
Animalia,Chordata,Actinopterygii,Pleuronectiformes,Pleuronectidae,Pseudopleuronectes,Pseudopleuronectes ameri,,6.98E-01,22.6,20,0,"Voyer, Morrison 1971",,0
Animalia,Chordata,Actinopterygii,Pleuronectiformes,Pleuronectidae,Pseudopleuronectes,Pseudopleuronectes ameri,,1.56E+00,24.2,21,0,"Voyer, Morrison 1971",,0
Animalia,Chordata,Actinopterygii,Pleuronectiformes,Pleuronectidae,Pseudopleuronectes,Pseudopleuronectes ameri,,6.64E-01,16.8,21,0,"Voyer, Morrison 1971",,0
Animalia,Chordata,Actinopterygii,Pleuronectiformes,Pleuronectidae,Pseudopleuronectes,Pseudopleuronectes ameri,,7.28E-01,15.8,21.5,0,"Voyer, Morrison 1971",,0
Animalia,Chordata,Actinopterygii,Pleuronectiformes,Pleuronectidae,Pseudopleuronectes,Pseudopleuronectes ameri,,8.42E-01,23.1,21.5,0,"Voyer, Morrison 1971",,0
Animalia,Chordata,Actinopterygii,Cypriniformes,Catostomidae,Catostomus,Catostomus commersoni,Catostomus commersonii,7.06E-01,17,15,0,"Waiwood, Johansen 1974",,0
Animalia,Chordata,Actinopterygii,Perciformes,Zoarcidae,Lycodichthys,Rhigophila dearborni,Lycodichthys dearborni,1.85E-01,11.89,-1.5,0,Wells 1986,,0
Animalia,Chordata,Actinopterygii,Perciformes,Zoarcidae,Lycodichthys,Rhigophila dearborni,Lycodichthys dearborni,1.45E-01,14.14,-1.5,0,Wells 1986,,0
Animalia,Chordata,Actinopterygii,Perciformes,Zoarcidae,Lycodichthys,Rhigophila dearborni,Lycodichthys dearborni,1.86E-01,14.55,-1.5,0,Wells 1986,,0
Animalia,Chordata,Actinopterygii,Perciformes,Zoarcidae,Lycodichthys,Rhigophila dearborni,Lycodichthys dearborni,1.47E-01,16.7,-1.5,0,Wells 1986,,1
Animalia,Chordata,Actinopterygii,Perciformes,Zoarcidae,Lycodichthys,Rhigophila dearborni,Lycodichthys dearborni,2.65E-01,21.19,-1.5,0,Wells 1986,,0
Animalia,Chordata,Actinopterygii,Perciformes,Zoarcidae,Lycodichthys,Rhigophila dearborni,Lycodichthys dearborni,1.48E-01,23.45,-1.5,0,Wells 1986,,1
Animalia,Chordata,Actinopterygii,Perciformes,Zoarcidae,Lycodichthys,Rhigophila dearborni,Lycodichthys dearborni,2.51E-01,26.32,-1.5,0,Wells 1986,,0
Animalia,Chordata,Actinopterygii,Perciformes,Zoarcidae,Lycodichthys,Rhigophila dearborni,Lycodichthys dearborni,2.56E-01,27.49,-1.5,0,Wells 1986,,0
Animalia,Chordata,Actinopterygii,Perciformes,Zoarcidae,Lycodichthys,Rhigophila dearborni,Lycodichthys dearborni,1.92E-01,27.89,-1.5,0,Wells 1986,,1
Animalia,Chordata,Actinopterygii,Perciformes,Zoarcidae,Lycodichthys,Rhigophila dearborni,Lycodichthys dearborni,2.25E-01,32.93,-1.5,0,Wells 1986,,1
Animalia,Chordata,Actinopterygii,Perciformes,Zoarcidae,Lycodichthys,Rhigophila dearborni,Lycodichthys dearborni,1.90E-01,36.17,-1.5,0,Wells 1986,,1
Animalia,Chordata,Actinopterygii,Perciformes,Zoarcidae,Lycodichthys,Rhigophila dearborni,Lycodichthys dearborni,1.68E-01,44.61,-1.5,0,Wells 1986,,1
Animalia,Chordata,Actinopterygii,Perciformes,Zoarcidae,Lycodichthys,Rhigophila dearborni,Lycodichthys dearborni,4.41E-01,51.17,-1.5,0,Wells 1986,,0
Animalia,Chordata,Actinopterygii,Perciformes,Zoarcidae,Lycodichthys,Rhigophila dearborni,Lycodichthys dearborni,3.49E-01,53.44,-1.5,0,Wells 1986,,1
Animalia,Chordata,Actinopterygii,Perciformes,Zoarcidae,Lycodichthys,Rhigophila dearborni,Lycodichthys dearborni,3.62E-01,55,-1.5,0,Wells 1986,,1
Animalia,Chordata,Actinopterygii,Salmoniformes,Salmonidae,Oncorhynchus,Salmo gairdneri,Oncorhynchus mykiss,4.47E-03,0.07,4,0,Wieser 1985,,0
Animalia,Chordata,Actinopterygii,Salmoniformes,Salmonidae,Oncorhynchus,Salmo gairdneri,Oncorhynchus mykiss,3.65E-03,0.07,4,0,Wieser 1985,,0
Animalia,Chordata,Actinopterygii,Salmoniformes,Salmonidae,Oncorhynchus,Salmo gairdneri,Oncorhynchus mykiss,4.83E-03,0.09,4,0,Wieser 1985,,0
Animalia,Chordata,Actinopterygii,Salmoniformes,Salmonidae,Oncorhynchus,Salmo gairdneri,Oncorhynchus mykiss,3.85E-03,0.09,4,0,Wieser 1985,,0
Animalia,Chordata,Actinopterygii,Salmoniformes,Salmonidae,Oncorhynchus,Salmo gairdneri,Oncorhynchus mykiss,2.04E-02,0.28,4,0,Wieser 1985,,0
Animalia,Chordata,Actinopterygii,Salmoniformes,Salmonidae,Oncorhynchus,Salmo gairdneri,Oncorhynchus mykiss,2.75E-02,0.3,4,0,Wieser 1985,,0
Animalia,Chordata,Actinopterygii,Salmoniformes,Salmonidae,Oncorhynchus,Salmo gairdneri,Oncorhynchus mykiss,4.34E-02,0.39,4,0,Wieser 1985,,0
Animalia,Chordata,Actinopterygii,Salmoniformes,Salmonidae,Oncorhynchus,Salmo gairdneri,Oncorhynchus mykiss,4.37E-02,0.83,4,0,Wieser 1985,,0
Animalia,Chordata,Actinopterygii,Salmoniformes,Salmonidae,Oncorhynchus,Salmo gairdneri,Oncorhynchus mykiss,4.92E-02,0.83,4,0,Wieser 1985,,0
Animalia,Chordata,Actinopterygii,Salmoniformes,Salmonidae,Oncorhynchus,Salmo gairdneri,Oncorhynchus mykiss,4.15E-02,0.99,4,0,Wieser 1985,,0
Animalia,Chordata,Actinopterygii,Salmoniformes,Salmonidae,Oncorhynchus,Salmo gairdneri,Oncorhynchus mykiss,3.50E-02,1.05,4,0,Wieser 1985,,0
Animalia,Chordata,Actinopterygii,Salmoniformes,Salmonidae,Oncorhynchus,Salmo gairdneri,Oncorhynchus mykiss,3.94E-02,1.58,4,0,Wieser 1985,,0
Animalia,Chordata,Actinopterygii,Salmoniformes,Salmonidae,Oncorhynchus,Salmo gairdneri,Oncorhynchus mykiss,1.17E-01,2.65,4,0,Wieser 1985,,0
Animalia,Chordata,Actinopterygii,Salmoniformes,Salmonidae,Oncorhynchus,Salmo gairdneri,Oncorhynchus mykiss,1.41E-01,2.73,4,0,Wieser 1985,,0
Animalia,Chordata,Actinopterygii,Salmoniformes,Salmonidae,Oncorhynchus,Salmo gairdneri,Oncorhynchus mykiss,1.95E-01,4.21,4,0,Wieser 1985,,0
Animalia,Chordata,Actinopterygii,Salmoniformes,Salmonidae,Oncorhynchus,Salmo gairdneri,Oncorhynchus mykiss,2.32E-01,4.33,4,0,Wieser 1985,,0
Animalia,Chordata,Actinopterygii,Salmoniformes,Salmonidae,Oncorhynchus,Salmo gairdneri,Oncorhynchus mykiss,3.09E-01,4.46,4,0,Wieser 1985,,0
Animalia,Chordata,Actinopterygii,Salmoniformes,Salmonidae,Oncorhynchus,Salmo gairdneri,Oncorhynchus mykiss,2.97E-01,7.28,4,0,Wieser 1985,,0
Animalia,Chordata,Actinopterygii,Salmoniformes,Salmonidae,Oncorhynchus,Salmo gairdneri,Oncorhynchus mykiss,3.47E-01,7.28,4,0,Wieser 1985,,0
Animalia,Chordata,Actinopterygii,Salmoniformes,Salmonidae,Oncorhynchus,Salmo gairdneri,Oncorhynchus mykiss,5.18E-03,0.07,12,0,Wieser 1985,,0
Animalia,Chordata,Actinopterygii,Salmoniformes,Salmonidae,Oncorhynchus,Salmo gairdneri,Oncorhynchus mykiss,9.39E-03,0.07,12,0,Wieser 1985,,0
Animalia,Chordata,Actinopterygii,Salmoniformes,Salmonidae,Oncorhynchus,Salmo gairdneri,Oncorhynchus mykiss,1.56E-02,0.09,12,0,Wieser 1985,,0
Animalia,Chordata,Actinopterygii,Salmoniformes,Salmonidae,Oncorhynchus,Salmo gairdneri,Oncorhynchus mykiss,1.67E-02,0.14,12,0,Wieser 1985,,0
Animalia,Chordata,Actinopterygii,Salmoniformes,Salmonidae,Oncorhynchus,Salmo gairdneri,Oncorhynchus mykiss,2.10E-02,0.14,12,0,Wieser 1985,,0
Animalia,Chordata,Actinopterygii,Salmoniformes,Salmonidae,Oncorhynchus,Salmo gairdneri,Oncorhynchus mykiss,2.77E-02,0.17,12,0,Wieser 1985,,0
Animalia,Chordata,Actinopterygii,Salmoniformes,Salmonidae,Oncorhynchus,Salmo gairdneri,Oncorhynchus mykiss,2.85E-02,0.22,12,0,Wieser 1985,,0
Animalia,Chordata,Actinopterygii,Salmoniformes,Salmonidae,Oncorhynchus,Salmo gairdneri,Oncorhynchus mykiss,3.38E-02,0.22,12,0,Wieser 1985,,0
Animalia,Chordata,Actinopterygii,Salmoniformes,Salmonidae,Oncorhynchus,Salmo gairdneri,Oncorhynchus mykiss,7.72E-02,0.62,12,0,Wieser 1985,,0
Animalia,Chordata,Actinopterygii,Salmoniformes,Salmonidae,Oncorhynchus,Salmo gairdneri,Oncorhynchus mykiss,6.62E-02,0.94,12,0,Wieser 1985,,0
Animalia,Chordata,Actinopterygii,Salmoniformes,Salmonidae,Oncorhynchus,Salmo gairdneri,Oncorhynchus mykiss,8.28E-02,0.94,12,0,Wieser 1985,,0
Animalia,Chordata,Actinopterygii,Salmoniformes,Salmonidae,Oncorhynchus,Salmo gairdneri,Oncorhynchus mykiss,1.11E-01,1.12,12,0,Wieser 1985,,0
Animalia,Chordata,Actinopterygii,Salmoniformes,Salmonidae,Oncorhynchus,Salmo gairdneri,Oncorhynchus mykiss,1.56E-01,1.12,12,0,Wieser 1985,,0
Animalia,Chordata,Actinopterygii,Salmoniformes,Salmonidae,Oncorhynchus,Salmo gairdneri,Oncorhynchus mykiss,2.26E-01,2.98,12,0,Wieser 1985,,0
Animalia,Chordata,Actinopterygii,Salmoniformes,Salmonidae,Oncorhynchus,Salmo gairdneri,Oncorhynchus mykiss,3.09E-01,2.98,12,0,Wieser 1985,,0
Animalia,Chordata,Actinopterygii,Salmoniformes,Salmonidae,Oncorhynchus,Salmo gairdneri,Oncorhynchus mykiss,5.16E-01,4.72,12,0,Wieser 1985,,0
Animalia,Chordata,Actinopterygii,Salmoniformes,Salmonidae,Oncorhynchus,Salmo gairdneri,Oncorhynchus mykiss,6.12E-01,4.72,12,0,Wieser 1985,,0
Animalia,Chordata,Actinopterygii,Salmoniformes,Salmonidae,Oncorhynchus,Salmo gairdneri,Oncorhynchus mykiss,7.09E-01,5.62,12,0,Wieser 1985,,0
Animalia,Chordata,Actinopterygii,Salmoniformes,Salmonidae,Oncorhynchus,Salmo gairdneri,Oncorhynchus mykiss,5.48E-01,7.07,12,0,Wieser 1985,,0
Animalia,Chordata,Actinopterygii,Salmoniformes,Salmonidae,Oncorhynchus,Salmo gairdneri,Oncorhynchus mykiss,6.56E-01,7.28,12,0,Wieser 1985,,0
Animalia,Chordata,Actinopterygii,Cyprinodontiformes,Poeciliidae,Xiphophorus,Platypoecilus sp.,,4.24E-01,2.48,20,0,Winberg 1961,,0
Animalia,Chordata,Actinopterygii,Cyprinodontiformes,Poeciliidae,Xiphophorus,Platypoecilus sp.,,3.16E-01,2.62,20,0,Winberg 1961,,0
Animalia,Chordata,Actinopterygii,Cyprinodontiformes,Poeciliidae,Xiphophorus,Platypoecilus sp.,,2.99E-01,2.35,20,0,Winberg 1961,,0
Animalia,Chordata,Actinopterygii,Cyprinodontiformes,Poeciliidae,Xiphophorus,Platypoecilus sp.,,2.98E-01,3.07,20,0,Winberg 1961,,0
Animalia,Chordata,Actinopterygii,Cyprinodontiformes,Poeciliidae,Xiphophorus,Platypoecilus sp.,,2.76E-01,2.91,20,0,Winberg 1961,,0
Animalia,Chordata,Actinopterygii,Cyprinodontiformes,Poeciliidae,Xiphophorus,Platypoecilus sp.,,2.05E-01,2.29,20,0,Winberg 1961,,0
Animalia,Chordata,Actinopterygii,Cyprinodontiformes,Poeciliidae,Xiphophorus,Platypoecilus sp.,,2.54E-01,1.11,20,0,Winberg 1961,,0
Animalia,Chordata,Actinopterygii,Cyprinodontiformes,Poeciliidae,Xiphophorus,Platypoecilus sp.,,1.39E-01,0.94,20,0,Winberg 1961,,0
Animalia,Chordata,Actinopterygii,Cyprinodontiformes,Poeciliidae,Xiphophorus,Platypoecilus sp.,,7.13E-02,1.05,20,0,Winberg 1961,,0
Animalia,Chordata,Actinopterygii,Cyprinodontiformes,Poeciliidae,Xiphophorus,Platypoecilus sp.,,7.29E-02,0.8,20,0,Winberg 1961,,0
Animalia,Chordata,Actinopterygii,Cyprinodontiformes,Poeciliidae,Xiphophorus,Platypoecilus sp.,,6.93E-02,0.76,20,0,Winberg 1961,,0
Animalia,Chordata,Actinopterygii,Cyprinodontiformes,Poeciliidae,Xiphophorus,Platypoecilus sp.,,6.20E-02,0.78,20,0,Winberg 1961,,0
Animalia,Chordata,Actinopterygii,Cyprinodontiformes,Poeciliidae,Xiphophorus,Platypoecilus sp.,,5.56E-02,0.82,20,0,Winberg 1961,,0
Animalia,Chordata,Actinopterygii,Cyprinodontiformes,Poeciliidae,Xiphophorus,Xiphophorus helleri,Xiphophorus hellerii,1.70E-01,0.6,20,0,Winberg 1961,,0
Animalia,Chordata,Actinopterygii,Cyprinodontiformes,Poeciliidae,Xiphophorus,Xiphophorus helleri,Xiphophorus hellerii,1.33E-01,0.6,20,0,Winberg 1961,,0
Animalia,Chordata,Actinopterygii,Cyprinodontiformes,Poeciliidae,Xiphophorus,Xiphophorus helleri,Xiphophorus hellerii,6.78E-02,0.6,20,0,Winberg 1961,,0
Animalia,Chordata,Actinopterygii,Cyprinodontiformes,Poeciliidae,Xiphophorus,Xiphophorus helleri,Xiphophorus hellerii,6.53E-02,0.52,20,0,Winberg 1961,,0
Animalia,Chordata,Actinopterygii,Cyprinodontiformes,Poeciliidae,Xiphophorus,Xiphophorus helleri,Xiphophorus hellerii,6.53E-02,0.42,20,0,Winberg 1961,,0
Animalia,Chordata,Actinopterygii,Cyprinodontiformes,Poeciliidae,Poecilia,Poecilia reticulata,Poecilia reticulata,1.94E-01,1,20,0,Winberg 1961,,0
Animalia,Chordata,Actinopterygii,Cyprinodontiformes,Poeciliidae,Poecilia,Poecilia reticulata,Poecilia reticulata,1.74E-01,1.11,20,0,Winberg 1961,,0
Animalia,Chordata,Actinopterygii,Cyprinodontiformes,Poeciliidae,Poecilia,Poecilia reticulata,Poecilia reticulata,1.65E-01,1.05,20,0,Winberg 1961,,0
Animalia,Chordata,Actinopterygii,Cyprinodontiformes,Poeciliidae,Poecilia,Poecilia reticulata,Poecilia reticulata,1.26E-01,1.11,20,0,Winberg 1961,,0
Animalia,Chordata,Actinopterygii,Cyprinodontiformes,Poeciliidae,Poecilia,Poecilia reticulata,Poecilia reticulata,1.13E-01,1.14,20,0,Winberg 1961,,0
Animalia,Chordata,Actinopterygii,Cyprinodontiformes,Poeciliidae,Poecilia,Poecilia reticulata,Poecilia reticulata,1.07E-01,1.05,20,0,Winberg 1961,,0
Animalia,Chordata,Actinopterygii,Cyprinodontiformes,Poeciliidae,Poecilia,Poecilia reticulata,Poecilia reticulata,1.07E-01,0.97,20,0,Winberg 1961,,0
Animalia,Chordata,Actinopterygii,Cyprinodontiformes,Poeciliidae,Poecilia,Poecilia reticulata,Poecilia reticulata,1.18E-01,0.52,20,0,Winberg 1961,,0
Animalia,Chordata,Actinopterygii,Cyprinodontiformes,Poeciliidae,Poecilia,Poecilia reticulata,Poecilia reticulata,6.43E-02,0.1,20,0,Winberg 1961,,0
Animalia,Chordata,Actinopterygii,Cyprinodontiformes,Poeciliidae,Poecilia,Poecilia reticulata,Poecilia reticulata,4.22E-02,0.1,20,0,Winberg 1961,,0
Animalia,Chordata,Actinopterygii,Cyprinodontiformes,Poeciliidae,Poecilia,Poecilia reticulata,Poecilia reticulata,3.19E-02,0.1,20,0,Winberg 1961,,0
Animalia,Chordata,Actinopterygii,Cyprinodontiformes,Poeciliidae,Poecilia,Poecilia reticulata,Poecilia reticulata,3.41E-02,0.11,20,0,Winberg 1961,,0
Animalia,Chordata,Actinopterygii,Cyprinodontiformes,Poeciliidae,Poecilia,Poecilia reticulata,Poecilia reticulata,2.94E-02,0.1,20,0,Winberg 1961,,0
Animalia,Chordata,Actinopterygii,Cyprinodontiformes,Poeciliidae,Poecilia,Poecilia reticulata,Poecilia reticulata,3.10E-02,0.1,20,0,Winberg 1961,,0
Animalia,Chordata,Actinopterygii,Cyprinodontiformes,Poeciliidae,Poecilia,Poecilia reticulata,Poecilia reticulata,2.82E-02,0.11,20,0,Winberg 1961,,0
Animalia,Chordata,Actinopterygii,Cyprinodontiformes,Poeciliidae,Poecilia,Poecilia reticulata,Poecilia reticulata,2.63E-02,0.1,20,0,Winberg 1961,,0
Animalia,Chordata,Actinopterygii,Cyprinodontiformes,Poeciliidae,Poecilia,Poecilia reticulata,Poecilia reticulata,2.57E-02,0.09,20,0,Winberg 1961,,0
Animalia,Chordata,Actinopterygii,Cyprinodontiformes,Poeciliidae,Poecilia,Poecilia reticulata,Poecilia reticulata,2.60E-02,0.11,20,0,Winberg 1961,,0
Animalia,Chordata,Actinopterygii,Cyprinodontiformes,Poeciliidae,Poecilia,Poecilia reticulata,Poecilia reticulata,1.96E-02,0.1,20,0,Winberg 1961,,0
Animalia,Chordata,Actinopterygii,Cyprinodontiformes,Poeciliidae,Poecilia,Poecilia reticulata,Poecilia reticulata,1.76E-02,0.1,20,0,Winberg 1961,,0
Animalia,Chordata,Actinopterygii,Cyprinodontiformes,Poeciliidae,Poecilia,Poecilia reticulata,Poecilia reticulata,1.49E-02,0.1,20,0,Winberg 1961,,0
Animalia,Chordata,Actinopterygii,Cyprinodontiformes,Poeciliidae,Poecilia,Poecilia reticulata,Poecilia reticulata,1.29E-02,0.11,20,0,Winberg 1961,,0
Animalia,Chordata,Actinopterygii,Cyprinodontiformes,Poeciliidae,Poecilia,Poecilia reticulata,Poecilia reticulata,1.34E-02,0.1,20,0,Winberg 1961,,0
Animalia,Chordata,Actinopterygii,Cyprinodontiformes,Poeciliidae,Poecilia,Poecilia reticulata,Poecilia reticulata,1.85E-02,0.06,20,0,Winberg 1961,,0
Animalia,Chordata,Actinopterygii,Cyprinodontiformes,Poeciliidae,Poecilia,Poecilia reticulata,Poecilia reticulata,1.11E-02,0.06,20,0,Winberg 1961,,0
Animalia,Chordata,Actinopterygii,Cyprinodontiformes,Poeciliidae,Poecilia,Poecilia reticulata,Poecilia reticulata,2.06E-02,0.06,20,0,Winberg 1961,,0
Animalia,Chordata,Actinopterygii,Cyprinodontiformes,Poeciliidae,Poecilia,Poecilia reticulata,Poecilia reticulata,1.72E-02,0.05,20,0,Winberg 1961,,0
Animalia,Chordata,Actinopterygii,Cyprinodontiformes,Poeciliidae,Poecilia,Poecilia reticulata,Poecilia reticulata,1.46E-02,0.05,20,0,Winberg 1961,,0
Animalia,Chordata,Actinopterygii,Cyprinodontiformes,Poeciliidae,Poecilia,Poecilia reticulata,Poecilia reticulata,1.23E-02,0.04,20,0,Winberg 1961,,0
Animalia,Chordata,Actinopterygii,Cyprinodontiformes,Poeciliidae,Poecilia,Poecilia reticulata,Poecilia reticulata,1.37E-02,0.04,20,0,Winberg 1961,,0
Animalia,Chordata,Actinopterygii,Cyprinodontiformes,Poeciliidae,Poecilia,Poecilia reticulata,Poecilia reticulata,1.31E-02,0.03,20,0,Winberg 1961,,0
Animalia,Chordata,Actinopterygii,Cyprinodontiformes,Poeciliidae,Poecilia,Poecilia reticulata,Poecilia reticulata,6.79E-03,0.04,20,0,Winberg 1961,,0
Animalia,Chordata,Actinopterygii,Cyprinodontiformes,Poeciliidae,Poecilia,Poecilia reticulata,Poecilia reticulata,5.97E-03,0.03,20,0,Winberg 1961,,0
Animalia,Chordata,Actinopterygii,Cyprinodontiformes,Poeciliidae,Poecilia,Poecilia reticulata,Poecilia reticulata,7.41E-03,0.03,20,0,Winberg 1961,,0
Animalia,Chordata,Actinopterygii,Cyprinodontiformes,Poeciliidae,Poecilia,Poecilia reticulata,Poecilia reticulata,6.65E-03,0.03,20,0,Winberg 1961,,0
Animalia,Chordata,Actinopterygii,Cyprinodontiformes,Poeciliidae,Poecilia,Poecilia reticulata,Poecilia reticulata,8.25E-03,0.03,20,0,Winberg 1961,,0
Animalia,Chordata,Actinopterygii,Cyprinodontiformes,Poeciliidae,Poecilia,Poecilia reticulata,Poecilia reticulata,4.93E-03,0.02,20,0,Winberg 1961,,0
Animalia,Chordata,Actinopterygii,Cyprinodontiformes,Poeciliidae,Poecilia,Poecilia reticulata,Poecilia reticulata,4.55E-03,0.02,20,0,Winberg 1961,,0
Animalia,Chordata,Actinopterygii,Cyprinodontiformes,Poeciliidae,Poecilia,Poecilia reticulata,Poecilia reticulata,9.41E-03,0.02,20,0,Winberg 1961,,0
Animalia,Chordata,Actinopterygii,Cyprinodontiformes,Poeciliidae,Poecilia,Poecilia reticulata,Poecilia reticulata,6.81E-03,0.02,20,0,Winberg 1961,,0
Animalia,Chordata,Actinopterygii,Cyprinodontiformes,Poeciliidae,Poecilia,Poecilia reticulata,Poecilia reticulata,4.92E-03,0.02,20,0,Winberg 1961,,0
Animalia,Chordata,Actinopterygii,Cyprinodontiformes,Poeciliidae,Poecilia,Poecilia reticulata,Poecilia reticulata,3.79E-03,0.01,20,0,Winberg 1961,,0
Animalia,Chordata,Actinopterygii,Cyprinodontiformes,Poeciliidae,Poecilia,Poecilia reticulata,Poecilia reticulata,1.47E-03,0.01,20,0,Winberg 1961,,0
Animalia,Chordata,Actinopterygii,Cyprinodontiformes,Poeciliidae,Poecilia,Poecilia reticulata,Poecilia reticulata,5.99E-03,0.01,20,0,Winberg 1961,,0
Animalia,Chordata,Actinopterygii,Cyprinodontiformes,Poeciliidae,Poecilia,Poecilia reticulata,Poecilia reticulata,3.99E-03,0.01,20,0,Winberg 1961,,0
Animalia,Chordata,Actinopterygii,Cyprinodontiformes,Poeciliidae,Poecilia,Poecilia reticulata,Poecilia reticulata,6.29E-03,0.01,20,0,Winberg 1961,,0
Animalia,Chordata,Actinopterygii,Salmoniformes,Salmonidae,Coregonus,Coregonus sardinella,Coregonus sardinella,1.69E+01,143,9.4,0,Wohlschag 1957,,0
Animalia,Chordata,Actinopterygii,Salmoniformes,Salmonidae,Coregonus,Coregonus autumnalis,Coregonus autumnalis,1.87E+01,157,7.2,0,Wohlschag 1957,,1
Animalia,Chordata,Actinopterygii,Salmoniformes,Salmonidae,Coregonus,Coregonus autumnalis,Coregonus autumnalis,1.25E+01,130,6.7,0,Wohlschag 1957,,1
Animalia,Chordata,Actinopterygii,Perciformes,Serranidae,Epinephelus,Epinephelus akaara,Epinephelus akaara,4.55E+01,281,25,0,"Wu, Woo 1984",,0
Animalia,Chordata,Actinopterygii,Perciformes,Serranidae,Epinephelus,Epinephelus akaara,Epinephelus akaara,4.41E+01,281,25,0,"Wu, Woo 1984",,0
Animalia,Chordata,Actinopterygii,Perciformes,Serranidae,Epinephelus,Epinephelus akaara,Epinephelus akaara,3.70E+01,281,25,0,"Wu, Woo 1984",,0
Animalia,Chordata,Actinopterygii,Perciformes,Serranidae,Epinephelus,Epinephelus akaara,Epinephelus akaara,3.56E+01,281,25,0,"Wu, Woo 1984",,0
Animalia,Chordata,Actinopterygii,Perciformes,Serranidae,Epinephelus,Epinephelus akaara,Epinephelus akaara,4.48E+01,281,25,0,"Wu, Woo 1984",,0
Animalia,Chordata,Actinopterygii,Perciformes,Serranidae,Epinephelus,Epinephelus akaara,Epinephelus akaara,3.32E+01,281,25,0,"Wu, Woo 1984",,0
Animalia,Chordata,Actinopterygii,Perciformes,Serranidae,Epinephelus,Epinephelus akaara,Epinephelus akaara,4.41E+01,281,25,0,"Wu, Woo 1984",,0
Animalia,Chordata,Actinopterygii,Perciformes,Serranidae,Epinephelus,Epinephelus akaara,Epinephelus akaara,5.02E+01,281,25,0,"Wu, Woo 1984",,0
Animalia,Chordata,Actinopterygii,Perciformes,Serranidae,Epinephelus,Epinephelus akaara,Epinephelus akaara,4.13E+01,281,25,0,"Wu, Woo 1984",,0
Animalia,Chordata,Actinopterygii,Perciformes,Serranidae,Epinephelus,Epinephelus akaara,Epinephelus akaara,3.74E+01,281,25,0,"Wu, Woo 1984",,0
Animalia,Chordata,Actinopterygii,Perciformes,Serranidae,Epinephelus,Epinephelus akaara,Epinephelus akaara,3.84E+01,281,25,0,"Wu, Woo 1984",,0
Animalia,Chordata,Actinopterygii,Perciformes,Serranidae,Epinephelus,Epinephelus akaara,Epinephelus akaara,3.96E+01,281,25,0,"Wu, Woo 1984",,0
Animalia,Chordata,Actinopterygii,Perciformes,Serranidae,Epinephelus,Epinephelus akaara,Epinephelus akaara,3.69E+01,281,25,0,"Wu, Woo 1984",,0
Animalia,Chordata,Actinopterygii,Perciformes,Serranidae,Epinephelus,Epinephelus akaara,Epinephelus akaara,3.20E+01,281,25,0,"Wu, Woo 1984",,0
Animalia,Chordata,Actinopterygii,Perciformes,Serranidae,Epinephelus,Epinephelus akaara,Epinephelus akaara,2.85E+01,281,25,0,"Wu, Woo 1984",,0
Animalia,Chordata,Actinopterygii,Perciformes,Serranidae,Epinephelus,Epinephelus akaara,Epinephelus akaara,2.77E+01,281,25,0,"Wu, Woo 1984",,0
Animalia,Chordata,Actinopterygii,Perciformes,Serranidae,Epinephelus,Epinephelus akaara,Epinephelus akaara,3.27E+01,281,25,0,"Wu, Woo 1984",,0
Animalia,Chordata,Actinopterygii,Perciformes,Serranidae,Epinephelus,Epinephelus akaara,Epinephelus akaara,2.70E+01,281,25,0,"Wu, Woo 1984",,0
Animalia,Chordata,Actinopterygii,Perciformes,Serranidae,Epinephelus,Epinephelus akaara,Epinephelus akaara,1.39E+01,281,25,0,"Wu, Woo 1984",,0
Animalia,Chordata,Actinopterygii,Perciformes,Serranidae,Epinephelus,Epinephelus akaara,Epinephelus akaara,1.57E+01,281,25,0,"Wu, Woo 1984",,0
Animalia,Chordata,Actinopterygii,Perciformes,Serranidae,Epinephelus,Epinephelus akaara,Epinephelus akaara,1.71E+01,281,25,0,"Wu, Woo 1984",,0
Animalia,Chordata,Actinopterygii,Perciformes,Serranidae,Epinephelus,Epinephelus akaara,Epinephelus akaara,1.32E+01,281,25,0,"Wu, Woo 1984",,0
Animalia,Chordata,Actinopterygii,Perciformes,Serranidae,Epinephelus,Epinephelus akaara,Epinephelus akaara,2.06E+01,281,25,0,"Wu, Woo 1984",,0
Animalia,Chordata,Actinopterygii,Perciformes,Serranidae,Epinephelus,Epinephelus akaara,Epinephelus akaara,1.96E+01,281,25,0,"Wu, Woo 1984",,0
Animalia,Chordata,Actinopterygii,Perciformes,Serranidae,Epinephelus,Epinephelus akaara,Epinephelus akaara,1.75E+01,281,25,0,"Wu, Woo 1984",,0
Animalia,Chordata,Actinopterygii,Perciformes,Serranidae,Epinephelus,Epinephelus akaara,Epinephelus akaara,2.11E+01,281,25,0,"Wu, Woo 1984",,0
Animalia,Chordata,Actinopterygii,Perciformes,Serranidae,Epinephelus,Epinephelus akaara,Epinephelus akaara,1.92E+01,281,25,0,"Wu, Woo 1984",,0
Animalia,Chordata,Actinopterygii,Perciformes,Serranidae,Epinephelus,Epinephelus akaara,Epinephelus akaara,1.78E+01,281,25,0,"Wu, Woo 1984",,0
Animalia,Chordata,Actinopterygii,Perciformes,Serranidae,Epinephelus,Epinephelus akaara,Epinephelus akaara,1.07E+01,281,25,0,"Wu, Woo 1984",,0
Animalia,Chordata,Actinopterygii,Perciformes,Serranidae,Epinephelus,Epinephelus akaara,Epinephelus akaara,7.47E+00,281,25,0,"Wu, Woo 1984",,0
Animalia,Chordata,Actinopterygii,Perciformes,Serranidae,Epinephelus,Epinephelus akaara,Epinephelus akaara,6.40E+00,281,25,0,"Wu, Woo 1984",,0
Animalia,Chordata,Actinopterygii,Perciformes,Sparidae,Acanthopagrus,Mylio macrocephalus,Acanthopagrus schlegelii,4.76E+01,254,25,0,"Wu, Woo 1984",,0
Animalia,Chordata,Actinopterygii,Perciformes,Sparidae,Acanthopagrus,Mylio macrocephalus,Acanthopagrus schlegelii,5.08E+01,254,25,0,"Wu, Woo 1984",,0
Animalia,Chordata,Actinopterygii,Perciformes,Sparidae,Acanthopagrus,Mylio macrocephalus,Acanthopagrus schlegelii,5.31E+01,254,25,0,"Wu, Woo 1984",,0
Animalia,Chordata,Actinopterygii,Perciformes,Sparidae,Acanthopagrus,Mylio macrocephalus,Acanthopagrus schlegelii,4.41E+01,254,25,0,"Wu, Woo 1984",,0
Animalia,Chordata,Actinopterygii,Perciformes,Sparidae,Acanthopagrus,Mylio macrocephalus,Acanthopagrus schlegelii,4.44E+01,254,25,0,"Wu, Woo 1984",,0
Animalia,Chordata,Actinopterygii,Perciformes,Sparidae,Acanthopagrus,Mylio macrocephalus,Acanthopagrus schlegelii,4.15E+01,254,25,0,"Wu, Woo 1984",,0
Animalia,Chordata,Actinopterygii,Perciformes,Sparidae,Acanthopagrus,Mylio macrocephalus,Acanthopagrus schlegelii,3.99E+01,254,25,0,"Wu, Woo 1984",,0
Animalia,Chordata,Actinopterygii,Perciformes,Sparidae,Acanthopagrus,Mylio macrocephalus,Acanthopagrus schlegelii,2.42E+01,254,25,0,"Wu, Woo 1984",,0
Animalia,Chordata,Actinopterygii,Perciformes,Sparidae,Acanthopagrus,Mylio macrocephalus,Acanthopagrus schlegelii,2.32E+01,254,25,0,"Wu, Woo 1984",,0
Animalia,Chordata,Actinopterygii,Perciformes,Sparidae,Acanthopagrus,Mylio macrocephalus,Acanthopagrus schlegelii,2.34E+01,254,25,0,"Wu, Woo 1984",,0
Animalia,Chordata,Actinopterygii,Perciformes,Sparidae,Acanthopagrus,Mylio macrocephalus,Acanthopagrus schlegelii,2.25E+01,254,25,0,"Wu, Woo 1984",,0
Animalia,Chordata,Actinopterygii,Perciformes,Sparidae,Acanthopagrus,Mylio macrocephalus,Acanthopagrus schlegelii,2.12E+01,254,25,0,"Wu, Woo 1984",,0
Animalia,Chordata,Actinopterygii,Perciformes,Sparidae,Acanthopagrus,Mylio macrocephalus,Acanthopagrus schlegelii,2.19E+01,254,25,0,"Wu, Woo 1984",,0
Animalia,Chordata,Actinopterygii,Perciformes,Sparidae,Acanthopagrus,Mylio macrocephalus,Acanthopagrus schlegelii,2.42E+01,254,25,0,"Wu, Woo 1984",,0
Animalia,Chordata,Actinopterygii,Perciformes,Sparidae,Acanthopagrus,Mylio macrocephalus,Acanthopagrus schlegelii,2.23E+01,254,25,0,"Wu, Woo 1984",,0
Animalia,Chordata,Actinopterygii,Perciformes,Sparidae,Acanthopagrus,Mylio macrocephalus,Acanthopagrus schlegelii,1.52E+01,254,25,0,"Wu, Woo 1984",,0
Animalia,Chordata,Actinopterygii,Perciformes,Sparidae,Acanthopagrus,Mylio macrocephalus,Acanthopagrus schlegelii,9.65E+00,254,25,0,"Wu, Woo 1984",,0
Animalia,Chordata,Actinopterygii,Perciformes,Sparidae,Acanthopagrus,Mylio macrocephalus,Acanthopagrus schlegelii,8.36E+00,254,25,0,"Wu, Woo 1984",,0
Animalia,Chordata,Actinopterygii,Perciformes,Sparidae,Acanthopagrus,Mylio macrocephalus,Acanthopagrus schlegelii,5.47E+00,254,25,0,"Wu, Woo 1984",,0
Animalia,Chordata,Actinopterygii,Perciformes,Sparidae,Acanthopagrus,Mylio macrocephalus,Acanthopagrus schlegelii,3.86E+00,254,25,0,"Wu, Woo 1984",,0
Animalia,Chordata,Actinopterygii,Perciformes,Sparidae,Acanthopagrus,Mylio macrocephalus,Acanthopagrus schlegelii,6.43E+00,254,25,0,"Wu, Woo 1984",,0
Animalia,Chordata,Actinopterygii,Perciformes,Sparidae,Acanthopagrus,Mylio macrocephalus,Acanthopagrus schlegelii,5.27E+00,254,25,0,"Wu, Woo 1984",,0
Animalia,Chordata,Actinopterygii,Perciformes,Sparidae,Acanthopagrus,Mylio macrocephalus,Acanthopagrus schlegelii,6.43E+00,254,25,0,"Wu, Woo 1984",,0
Animalia,Chordata,Actinopterygii,Characiformes,Prochilodontidae,Prochilodus,Prochilodus scrofa,Prochilodus lineatus,3.75E+00,148,25,0,"Zuim, Macari 1985",,0
Animalia,Chordata,Actinopterygii,Characiformes,Prochilodontidae,Prochilodus,Prochilodus scrofa,Prochilodus lineatus,5.44E+00,166,30,0,"Zuim, Macari 1985",,0
Animalia,Chordata,Actinopterygii,Cypriniformes,Cyprinidae,Cyprinus,Cyprinus carpio,Cyprinus carpio,6.03E+00,148,25,0,"Zuim, Macari 1985",,0
Animalia,Chordata,Actinopterygii,Cypriniformes,Cyprinidae,Cyprinus,Cyprinus carpio,Cyprinus carpio,5.24E+00,157,30,0,"Zuim, Macari 1985",,0
Animalia,Arthropoda,Copepoda,Calanoida,Calanidae,Calanus,Calanus propinquus,Calanus propinquus,5.97E-04,4.17E-03,-1.00,0,"Ikeda, Shinada 2001",,
Animalia,Arthropoda,Copepoda,Calanoida,Calanidae,Calanoides,Calanoides acutus,Calanoides acutus,1.07E-04,1.58E-03,-0.20,0,"Ikeda, Shinada 2001",,
Animalia,Arthropoda,Copepoda,Calanoida,Calanidae,Calanoides,Calanoides acutus,Calanoides acutus,6.58E-05,8.72E-04,-0.50,0,"Ikeda, Shinada 2001",,
Animalia,Arthropoda,Copepoda,Calanoida,Rhincalanidae,Rhincalanus,Rhincalanus gigas,Rhincalanus gigas,2.22E-04,4.32E-03,-1.70,0,"Ikeda, Shinada 2001",,
Animalia,Arthropoda,Copepoda,Calanoida,Metridinidae,Metridia,Metridia gerlachei,Metridia gerlachei,1.62E-04,1.06E-03,-1.40,0,"Ikeda, Shinada 2001",,
Animalia,Arthropoda,Copepoda,Calanoida,Calanidae,Calanus,Calanus finmarchicus,Calanus finmarchicus,1.66E-04,1.55E-03,0.10,0,"Ikeda, Shinada 2001",,
Animalia,Arthropoda,Copepoda,Calanoida,Calanidae,Calanus,Calanus  glacialis,Calanus glacialis,3.12E-04,1.90E-03,2.30,0,"Ikeda, Shinada 2001",,
Animalia,Arthropoda,Copepoda,Calanoida,Calanidae,Calanus,Calanus hyperboreus,Calanus hyperboreus,7.52E-04,1.58E-02,1.30,0,"Ikeda, Shinada 2001",,
Animalia,Arthropoda,Copepoda,Calanoida,Calanidae,Calanus,Calanus hyperboreus,Calanus hyperboreus,5.21E-04,7.77E-03,0.90,0,"Ikeda, Shinada 2001",,
Animalia,Arthropoda,Insecta,Lepidoptera,Dalceridae,Calanus,Calanus hyperboreus,Calanus hyperboreus,5.34E-04,1.07E-02,-0.30,0,"Ikeda, Shinada 2001",,
Animalia,Arthropoda,Copepoda,Calanoida,Metridinidae,Metridia,Metridia  longa,Metridia longa,2.06E-04,1.41E-03,0.10,0,"Ikeda, Shinada 2001",,
Animalia,Arthropoda,Copepoda,Calanoida,Calanidae,Neocalanus,Neocalanus plumchrus,Neocalanus plumchrus,3.44E-04,3.14E-03,7.30,0,"Ikeda, Shinada 2001",,
Animalia,Arthropoda,Copepoda,Calanoida,Calanidae,Neocalanus,Neocalanus plumchrus,Neocalanus plumchrus,1.42E-04,1.05E-03,5.60,0,"Ikeda, Shinada 2001",,
Animalia,Arthropoda,Copepoda,Calanoida,Calanidae,Neocalanus,Neocalanus plumchrus,Neocalanus plumchrus,2.81E-04,1.18E-03,15.10,0,"Ikeda, Shinada 2001",,
Animalia,Arthropoda,Copepoda,Calanoida,Calanidae,Neocalanus,Neocalanus cristatus,Neocalanus cristatus,8.46E-04,6.35E-03,6.30,0,"Ikeda, Shinada 2001",,
Animalia,Arthropoda,Copepoda,Calanoida,Calanidae,Mesocalanus,Mesocalanus tenuicornis,Mesocalanus tenuicornis,1.11E-04,1.24E-04,15.80,0,"Ikeda, Shinada 2001",,
Animalia,Arthropoda,Copepoda,Calanoida,Eucalanidae,Eucalanus,Eucalanus  bungii,Eucalanus bungii,4.03E-04,4.04E-03,6.00,0,"Ikeda, Shinada 2001",,
Animalia,Arthropoda,Copepoda,Calanoida,Paracalanidae,Paracalanus,Paracalanus parvus,Paracalanus parvus,1.57E-05,1.52E-05,13.90,0,"Ikeda, Shinada 2001",,
Animalia,Arthropoda,Copepoda,Calanoida,Clausocalanidae,Pseudocalanus,Pseudocalanus elongatus,Pseudocalanus elongatus,2.03E-05,4.80E-05,8.60,0,"Ikeda, Shinada 2001",,
Animalia,Arthropoda,Copepoda,Calanoida,Centropagidae,Centropages,Centropages abdominaris,Centropages abdominalis,4.36E-05,6.80E-05,15.90,0,"Ikeda, Shinada 2001",,
Animalia,Arthropoda,Copepoda,Calanoida,Pseudodiaptomidae,Pseudodiaptomus,Pseudodiaptomus marinus,Pseudodiaptomus marinus,2.84E-05,5.60E-05,14.30,0,"Ikeda, Shinada 2001",,
Animalia,Arthropoda,Copepoda,Calanoida,Metridinidae,Metridia,Metridia  pacifica,Metridia pacifica,1.93E-04,5.92E-04,8.20,0,"Ikeda, Shinada 2001",,
Animalia,Arthropoda,Copepoda,Calanoida,Metridinidae,Metridia,Metridia  pacifica,Metridia pacifica,1.39E-04,3.76E-04,13.00,0,"Ikeda, Shinada 2001",,
Animalia,Arthropoda,Copepoda,Calanoida,Acartiidae,Acartia,Acartia  clausi,Acartia clausi,1.57E-05,3.40E-05,14.80,0,"Ikeda, Shinada 2001",,
Animalia,Arthropoda,Copepoda,Calanoida,Acartiidae,Acartia,Acartia longiremis,Acartia longiremis,1.42E-05,3.24E-05,9.60,0,"Ikeda, Shinada 2001",,
Animalia,Arthropoda,Copepoda,Calanoida,Tortanidae,Tortanus,Tortanus discaudatus,Tortanus discaudatus,6.08E-05,2.28E-04,7.00,0,"Ikeda, Shinada 2001",,
Animalia,Arthropoda,Copepoda,Calanoida,Calanidae,Neocalanus,Neocalanus gracilis,Neocalanus gracilis,8.30E-04,2.00E-03,19.70,0,"Ikeda, Shinada 2001",,
Animalia,Arthropoda,Copepoda,Calanoida,Calanidae,Undinula,Undinula vulgaris,Undinula vulgaris,4.89E-04,7.40E-04,23.50,0,"Ikeda, Shinada 2001",,
Animalia,Arthropoda,Copepoda,Calanoida,Paracalanidae,Acrocalanus,Acrocalanus gibber,Acrocalanus gibber,,8.40E-05,22.00,0,"Ikeda, Shinada 2001",,
Animalia,Arthropoda,Copepoda,Calanoida,Paracalanidae,Paracalanus,Paracalanus parvus,Paracalanus parvus,,1.36E-04,22.00,0,"Ikeda, Shinada 2001",,
Animalia,Arthropoda,Copepoda,Calanoida,Subeucalanidae,Subeucalanus,Eucalanus subcrassus,Eucalanus subcrassus,,4.12E-04,22.00,0,"Ikeda, Shinada 2001",,
Animalia,Arthropoda,Copepoda,Calanoida,Euchaetidae,Euchaeta,Euchaeta marina,Euchaeta marina,6.78E-04,1.16E-03,24.00,0,"Ikeda, Shinada 2001",,
Animalia,Arthropoda,Copepoda,Calanoida,Centropagidae,Centropages,Centropages furcatus,Centropages furcatus,,1.32E-04,22.00,0,"Ikeda, Shinada 2001",,
Animalia,Arthropoda,Copepoda,Calanoida,Centropagidae,Centropages,Centropages brachiatus,Centropages brachiatus,5.82E-05,8.00E-05,17.30,0,"Ikeda, Shinada 2001",,
Animalia,Arthropoda,Copepoda,Calanoida,Temoridae,Temora,Temora turbinata,Temora turbinata,,6.40E-05,22.00,0,"Ikeda, Shinada 2001",,
Animalia,Arthropoda,Copepoda,Calanoida,Pontellidae,Calanopia,Calanopia eliptica,Calanopia elliptica,,3.08E-04,22.00,0,"Ikeda, Shinada 2001",,
Animalia,Arthropoda,Copepoda,Calanoida,Pontellidae,Labidocera,Labidocera sp.,Labidocera sp.,,7.36E-04,22.00,0,"Ikeda, Shinada 2001",,
Animalia,Arthropoda,Copepoda,Calanoida,Tortanidae,Tortanus,Tortanus gracilis,Tortanus gracilis,,1.20E-04,22.80,0,"Ikeda, Shinada 2001",,
Animalia,Arthropoda,Copepoda,Calanoida,Acartiidae,Acartia,Acartia australis,Acartia australis,,4.80E-05,22.00,0,"Ikeda, Shinada 2001",,
Animalia,Arthropoda,Copepoda,Calanoida,Acartiidae,Acartia,Acartia tonsa,Acartia tonsa,2.84E-05,2.80E-05,22.00,0,"Ikeda, Shinada 2001",,
Animalia,Arthropoda,Copepoda,Cyclopoida,Corycaeidae,Corycaeus,Corycaeus sp.,Corycaeus,,1.28E-04,22.00,0,"Ikeda, Shinada 2001",,
Animalia,Arthropoda,Copepoda,Calanoida,Calanidae,Nannocalanus,Nannocalanus minor,Nannocalanus minor,1.06E-04,1.60E-04,26.90,0,"Ikeda, Shinada 2001",,
Animalia,Arthropoda,Copepoda,Calanoida,Calanidae,Undinula,Undinula vulgaris,Undinula vulgaris,7.08E-04,6.68E-04,27.60,0,"Ikeda, Shinada 2001",,
Animalia,Arthropoda,Copepoda,Calanoida,Subeucalanidae,Subeucalanus,Eucalanus subcrassus           ,Eucalanus subcrassus,,2.76E-04,27.70,0,"Ikeda, Shinada 2001",,
Animalia,Arthropoda,Copepoda,Calanoida,Subeucalanidae,Subeucalanus,Eucalanus subcrassus,Eucalanus subcrassus,3.32E-04,4.16E-04,24.00,0,"Ikeda, Shinada 2001",,
Animalia,Arthropoda,Copepoda,Calanoida,Eucalanidae,Pareucalanus,Eucalanus attenuatus,Eucalanus attenuatus,4.58E-04,5.48E-04,27.40,0,"Ikeda, Shinada 2001",,
Animalia,Arthropoda,Copepoda,Calanoida,Paracalanidae,Paracalanus,Paracalanus aculeatus,Paracalanus aculeatus,,6.80E-05,29.00,0,"Ikeda, Shinada 2001",,
Animalia,Arthropoda,Copepoda,Calanoida,Paracalanidae,Acrocalanus,Acrocalanus gibber       ,Acrocalanus gibber,,4.00E-05,28.70,0,"Ikeda, Shinada 2001",,
Animalia,Arthropoda,Copepoda,Calanoida,Temoridae,Temora,Temora turbinata,Temora turbinata,,2.20E-05,27.00,0,"Ikeda, Shinada 2001",,
Animalia,Arthropoda,Copepoda,Calanoida,Centropagidae,Centropages,Centropages furcatus      ,Centropages furcatus,,7.60E-05,27.80,0,"Ikeda, Shinada 2001",,
Animalia,Arthropoda,Copepoda,Calanoida,Pontellidae,Calanopia,Calanopia eliptica,Calanopia elliptica,,2.24E-04,26.00,0,"Ikeda, Shinada 2001",,
Animalia,Arthropoda,Copepoda,Calanoida,Pontellidae,Calanopia,Calanopia eliptica,Calanopia elliptica,1.42E-04,1.96E-04,27.40,0,"Ikeda, Shinada 2001",,
Animalia,Arthropoda,Copepoda,Calanoida,Pontellidae,Labidocera,Labidocera acuta,Labidocera acuta,9.57E-04,9.32E-04,24.00,0,"Ikeda, Shinada 2001",,
Animalia,Arthropoda,Copepoda,Calanoida,Pontellidae,Labidocera,Lahidocera acuta,Labidocera acuta,1.05E-03,9.12E-04,28.50,0,"Ikeda, Shinada 2001",,
Animalia,Arthropoda,Copepoda,Calanoida,Pontellidae,Labidocera,Labidocera nerii,Labidocera nerii,7.67E-04,8.84E-04,26.40,0,"Ikeda, Shinada 2001",,
Animalia,Arthropoda,Copepoda,Calanoida,Pontellidae,Labidocera,Labidocera sp.,Arthropoda,,9.60E-05,28.50,0,"Ikeda, Shinada 2001",,
Animalia,Arthropoda,Copepoda,Calanoida,Pontellidae,Pontella,Pontella danae,Pontella danae,1.74E-03,2.80E-03,26.40,0,"Ikeda, Shinada 2001",,
Animalia,Arthropoda,Copepoda,Calanoida,Acartiidae,Acartia,Acartia australis,Acartia australis,2.79E-05,3.64E-05,25.00,0,"Ikeda, Shinada 2001",,
Animalia,Arthropoda,Copepoda,Calanoida,Acartiidae,Acartia,Acartia australis,Acartia australis,,6.80E-05,27.00,0,"Ikeda, Shinada 2001",,
Animalia,Arthropoda,Copepoda,Calanoida,Acartiidae,Acartia,Acartia pacifica    ,Acartia pacifica,,7.20E-05,27.80,0,"Ikeda, Shinada 2001",,
Animalia,Arthropoda,Copepoda,Calanoida,Acartiidae,Acartia,Acartia pacifica,Acartia pacifica,2.33E-05,3.12E-05,26.00,0,"Ikeda, Shinada 2001",,
Animalia,Arthropoda,Copepoda,Calanoida,Tortanidae,Tortanus,Tortanus gracilis,Tortanus gracilis,7.24E-05,9.60E-05,26.00,0,"Ikeda, Shinada 2001",,
Animalia,Arthropoda,Copepoda,Calanoida,Tortanidae,Tortanus,Tortanus gracilis ,Tortanus gracilis,,5.20E-05,29.00,0,"Ikeda, Shinada 2001",,
Animalia,Cordata,Mammalia,Carnivora,Ursidae,Ailuropoda ,Ailuropoda melanoleuca,Ailuropoda melanoleuca,7143,58100,14,1,"Bi, Hou, Owens, et al. 2021","free-roaming, large enclosures , doubly labeled water method.",
Animalia,Cordata,Mammalia,Carnivora,Ursidae,Ailuropoda ,Ailuropoda melanoleuca,Ailuropoda melanoleuca,28045,68900,-2.4,1,"Bi, Hou, Owens, et al. 2022","free-roaming, large enclosures , doubly labeled water method.",
Animalia,Cordata,Mammalia,Carnivora,Ursidae,Ailuropoda ,Ailuropoda melanoleuca,Ailuropoda melanoleuca,19417,102400,18.2,1,"Bi, Hou, Owens, et al. 2023","free-roaming, large enclosures , doubly labeled water method.",
Animalia,Cordata,Mammalia,Carnivora,Ursidae,Ailuropoda ,Ailuropoda melanoleuca,Ailuropoda melanoleuca,44170,100100,-2.4,1,"Bi, Hou, Owens, et al. 2024","free-roaming, large enclosures , doubly labeled water method.",
Animalia,Cordata,Mammalia,Carnivora,Ursidae,Ailuropoda ,Ailuropoda melanoleuca,Ailuropoda melanoleuca,23592,95400,14.9,1,"Bi, Hou, Owens, et al. 2025","free-roaming, large enclosures , doubly labeled water method.",
Animalia,Cordata,Mammalia,Carnivora,Ursidae,Ailuropoda ,Ailuropoda melanoleuca,Ailuropoda melanoleuca,12435,93600,12.1,1,"Bi, Hou, Owens, et al. 2026","free-roaming, large enclosures , doubly labeled water method.",
Animalia,Cordata,Mammalia,Carnivora,Ursidae,Ailuropoda ,Ailuropoda melanoleuca,Ailuropoda melanoleuca,6521,77100,8.8,1,"Bi, Hou, Owens, et al. 2027","free-roaming, large enclosures , doubly labeled water method.",
